"State","Facility Name","Facility ID","Unit ID","unit_id","Associated Stacks","Year","Operating Time Count","Sum of the Operating Time","Gross Load (MWh)","Steam Load (1000 lb)","SO2 Mass (short tons)","SO2 Rate (lbs/mmBtu)","CO2 Mass (short tons)","CO2 Rate (short tons/mmBtu)","NOx Mass (short tons)","NOx Rate (lbs/mmBtu)","Heat Input (mmBtu)","Primary Fuel Type","Secondary Fuel Type","Unit Type","SO2 Controls","NOx Controls","PM Controls","Hg Controls","Program Code"
"AL","Barry",3,"1",1,"CS0AAN",2020,227,225.25,5685,,0.024,0.001,4667.875,0.0593,2.394,0.0553,78516.75,"Pipeline Natural Gas",,"Tangentially-fired",,"Low NOx Burner Technology w/ Closed-coupled OFA|Selective Non-catalytic Reduction",,,"ARP, CSNOX, CSOSG2, CSSO2G2"
"AL","Barry",3,"2",2,"CS0AAN",2020,118,114,1390.25,,0.009,0.001,1697.475,0.0588,0.994,0.0574,28565.55,"Pipeline Natural Gas",,"Tangentially-fired",,"Low NOx Burner Technology w/ Closed-coupled OFA|Selective Non-catalytic Reduction",,,"ARP, CSNOX, CSOSG2, CSSO2G2"
"AL","Barry",3,"4",4,,2020,916,910,166714.5,,952.988,1.1014,164045.75,0.1019,227.051,0.2502,1598916.5,"Coal","Pipeline Natural Gas","Tangentially-fired",,"Low NOx Burner Technology w/ Separated OFA|Selective Non-catalytic Reduction","Electrostatic Precipitator","Halogenated PAC Sorbent Injection","ARP, CSNOX, CSOSG2, CSSO2G2, MATS"
"AL","Barry",3,"5",5,,2020,6464,6457.5,3212855,,312.551,0.026,3128656.7,0.103,1180.048,0.0789,30493727.225,"Coal","Pipeline Natural Gas","Tangentially-fired","Wet Limestone","Low NOx Burner Technology w/ Separated OFA|Selective Catalytic Reduction","Electrostatic Precipitator","Catalyst (gold, palladium, or other) used to oxidize mercury","ARP, CSNOX, CSOSG2, CSSO2G2, MATS"
"AL","Barry",3,"6A",6,,2020,7748,7739.25,2064021.25,,4.298,0.001,851304.05,0.059,58.384,0.0088,14324807.775,"Pipeline Natural Gas",,"Combined cycle",,"Dry Low NOx Burners|Selective Catalytic Reduction",,,"ARP, CSNOX, CSOSG2, CSSO2G2"
"AL","Barry",3,"6B",7,,2020,8305,8296.25,2156895.75,,4.672,0.001,925540.575,0.059,62.957,0.0085,15573971.8,"Pipeline Natural Gas",,"Combined cycle",,"Dry Low NOx Burners|Selective Catalytic Reduction",,,"ARP, CSNOX, CSOSG2, CSSO2G2"
"AL","Barry",3,"7A",8,,2020,7552,7543,2024823.25,,4.454,0.001,882251.175,0.059,62.246,0.0092,14845593.6,"Pipeline Natural Gas",,"Combined cycle",,"Dry Low NOx Burners|Selective Catalytic Reduction",,,"ARP, CSNOX, CSOSG2, CSSO2G2"
"AL","Barry",3,"7B",9,,2020,7571,7563.5,2039574.25,,4.486,0.001,888562.6,0.059,62.266,0.009,14951775.6,"Pipeline Natural Gas",,"Combined cycle",,"Dry Low NOx Burners|Selective Catalytic Reduction",,,"ARP, CSNOX, CSOSG2, CSSO2G2"
"AL","Gadsden",7,"1",11,"CS0BAN",2020,2653,2652.25,,619534.75,0.266,0.001,52695.925,0.0592,56.023,0.1263,886757.55,"Pipeline Natural Gas",,"Tangentially-fired",,,,,"ARP, CSNOX, CSOSG2, CSSO2G2"
"AL","Gadsden",7,"2",12,"CS0BAN",2020,0,0,,,,,,,,,,"Pipeline Natural Gas",,"Tangentially-fired",,,,,"ARP, CSNOX, CSOSG2, CSSO2G2"
"TX","Copper Station",9,"CTG-1",90211,,2020,1334,1237.62,35364.37,,,,,,99.154,0.2962,672535.49,"Pipeline Natural Gas",,"Combustion turbine",,"Water Injection",,,"CSOSG2"
"AL","Greene County",10,"1",19,"CS0EBN",2020,4834,4823.25,540270.75,,1.572,0.001,311341.725,0.059,403.499,0.1357,5238860.65,"Pipeline Natural Gas",,"Cell burner boiler",,"Low NOx Cell Burner",,,"ARP, CSNOX, CSOSG2, CSSO2G2"
"AL","Greene County",10,"2",20,"CS0EBN",2020,5911,5901,556690,,1.705,0.001,337625.925,0.059,401.278,0.1279,5681199.7,"Pipeline Natural Gas",,"Dry bottom wall-fired boiler",,"Low NOx Burner Technology (Dry Bottom only)",,,"ARP, CSNOX, CSOSG2, CSSO2G2"
"AL","Greene County",10,"CT10",21,,2020,108,89,4720,,0.037,0.0024,4251.697,0.1295,2.567,0.0811,63731.45,"Pipeline Natural Gas","Diesel Oil","Combustion turbine",,"Water Injection",,,"ARP, CSNOX, CSOSG2, CSSO2G2"
"AL","Greene County",10,"CT2",22,,2020,144,118,6377,,0.051,0.0015,5875.8,0.1037,3.225,0.0749,87181.6,"Pipeline Natural Gas","Diesel Oil","Combustion turbine",,"Water Injection",,,"ARP, CSNOX, CSOSG2, CSSO2G2"
"AL","Greene County",10,"CT3",23,,2020,175,148,8081.5,,0.057,0.0013,7287.605,0.0897,3.799,0.0725,110423.15,"Pipeline Natural Gas","Diesel Oil","Combustion turbine",,"Water Injection",,,"ARP, CSNOX, CSOSG2, CSSO2G2"
"AL","Greene County",10,"CT4",24,,2020,143,120.75,6428.5,,0.047,0.0015,5799.405,0.1007,3.601,0.0835,87446.45,"Pipeline Natural Gas","Diesel Oil","Combustion turbine",,"Water Injection",,,"ARP, CSNOX, CSOSG2, CSSO2G2"
"AL","Greene County",10,"CT5",25,,2020,178,148.5,8086.5,,0.056,0.0012,7229.798,0.1202,3.536,0.0665,110587.6,"Pipeline Natural Gas","Diesel Oil","Combustion turbine",,"Water Injection",,,"ARP, CSNOX, CSOSG2, CSSO2G2"
"AL","Greene County",10,"CT6",26,,2020,73,58.25,2995.5,,0.036,0.0026,2866.994,0.1155,1.41,0.0706,41562.275,"Pipeline Natural Gas","Diesel Oil","Combustion turbine",,"Water Injection",,,"ARP, CSNOX, CSOSG2, CSSO2G2"
"AL","Greene County",10,"CT7",27,,2020,209,176.75,9528,,0.065,0.0013,8444.897,0.1323,6.063,0.0939,129732.15,"Pipeline Natural Gas","Diesel Oil","Combustion turbine",,"Water Injection",,,"ARP, CSNOX, CSOSG2, CSSO2G2"
"AL","Greene County",10,"CT8",28,,2020,67,52.5,2566.75,,0.033,0.0016,2457.796,0.1356,1.308,0.0776,35665.95,"Pipeline Natural Gas","Diesel Oil","Combustion turbine",,"Water Injection",,,"ARP, CSNOX, CSOSG2, CSSO2G2"
"AL","Greene County",10,"CT9",29,,2020,100,78.75,4033.25,,0.028,0.0015,3772.91,0.1272,1.891,0.0726,55358.95,"Pipeline Natural Gas","Diesel Oil","Combustion turbine",,"Water Injection",,,"ARP, CSNOX, CSOSG2, CSSO2G2"
"AL","E C Gaston",26,"1",30,"CS0CAN",2020,3188,3182.5,313835.25,,13.684,0.009,215636.829,0.059,180.195,0.0898,3637596.575,"Pipeline Natural Gas","Coal","Dry bottom wall-fired boiler",,"Low NOx Burner Technology (Dry Bottom only)","Electrostatic Precipitator",,"ARP, CSNOX, CSOSG2, CSSO2G2"
"AL","E C Gaston",26,"2",31,"CS0CAN",2020,3569,3562.5,340441.75,,15.428,0.0092,236132.248,0.059,198.873,0.0906,3983322.45,"Pipeline Natural Gas","Coal","Dry bottom wall-fired boiler",,"Low NOx Burner Technology (Dry Bottom only)","Baghouse|Electrostatic Precipitator",,"ARP, CSNOX, CSOSG2, CSSO2G2"
"AL","E C Gaston",26,"3",32,"CS0CBN",2020,3767,3760.5,392025.25,,18.477,0.0104,252615.812,0.059,231.223,0.0968,4261401.25,"Pipeline Natural Gas","Coal","Dry bottom wall-fired boiler",,"Low NOx Burner Technology (Dry Bottom only)","Baghouse|Electrostatic Precipitator",,"ARP, CSNOX, CSOSG2, CSSO2G2"
"AL","E C Gaston",26,"4",33,"CS0CBN",2020,3709,3705.25,331825.75,,15.983,0.0109,209455.813,0.059,190.773,0.0966,3533357.9,"Pipeline Natural Gas","Coal","Dry bottom wall-fired boiler",,"Low NOx Burner Technology (Dry Bottom only)","Electrostatic Precipitator",,"ARP, CSNOX, CSOSG2, CSSO2G2"
"AL","E C Gaston",26,"5",34,"MS5A, MS5B",2020,4096,4084.75,2780748.75,,696.507,0.0727,2918518,0.1014,1453.708,0.1029,28590069.525,"Coal","Pipeline Natural Gas","Tangentially-fired","Wet Limestone","Low NOx Burner Technology w/ Separated OFA|Selective Catalytic Reduction","Baghouse|Electrostatic Precipitator","Halogenated PAC Sorbent Injection|Catalyst (gold, palladium, or other) used to oxidize mercury","ARP, CSNOX, CSOSG2, CSSO2G2, MATS"
"AL","Colbert",47,"CCT1",88150,,2020,19,19,521,,0.277,0.0562,445.4,0.0617,1.53,0.4187,7137,"Pipeline Natural Gas","Diesel Oil","Combustion turbine",,,,,"CSNOX, CSOSG2, CSSO2G2"
"AL","Colbert",47,"CCT2",88151,,2020,19,19,541,,0.307,0.0798,468.5,0.0623,1.613,0.4297,7485.8,"Pipeline Natural Gas","Diesel Oil","Combustion turbine",,,,,"CSNOX, CSOSG2, CSSO2G2"
"AL","Colbert",47,"CCT3",88152,,2020,13,13,7,,0.138,0.5,44.8,0.081,0.174,0.631,553,"Pipeline Natural Gas","Diesel Oil","Combustion turbine",,,,,"CSNOX, CSOSG2, CSSO2G2"
"AL","Colbert",47,"CCT4",88153,,2020,16,16,431,,0.374,0.0943,394.9,0.0629,1.381,0.4364,6138.2,"Pipeline Natural Gas","Diesel Oil","Combustion turbine",,,,,"CSNOX, CSOSG2, CSSO2G2"
"AL","Colbert",47,"CCT5",88154,,2020,20,20,484,,0.222,0.0839,427.6,0.0623,1.461,0.4317,6916.1,"Pipeline Natural Gas","Diesel Oil","Combustion turbine",,,,,"CSNOX, CSOSG2, CSSO2G2"
"AL","Colbert",47,"CCT6",88155,,2020,18,18,500,,0.185,0.0562,425.4,0.0614,1.448,0.4189,6938.2,"Pipeline Natural Gas","Diesel Oil","Combustion turbine",,,,,"CSNOX, CSOSG2, CSSO2G2"
"AL","Colbert",47,"CCT7",88156,,2020,22,22,641,,0.069,0.0484,561.3,0.061,1.878,0.4149,9418,"Pipeline Natural Gas","Diesel Oil","Combustion turbine",,,,,"CSNOX, CSOSG2, CSSO2G2"
"AL","Colbert",47,"CCT8",88157,,2020,22,22,606,,0.171,0.1198,536.2,0.0643,1.813,0.4487,8838.7,"Pipeline Natural Gas","Diesel Oil","Combustion turbine",,,,,"CSNOX, CSOSG2, CSSO2G2"
"LA","Dolet Hills Power Station",51,"1",48,,2020,2323,2311.65,792668.73,,3107.023,0.7728,830981.316,0.109,1009.057,0.2697,7632777.63,"Coal",,"Dry bottom wall-fired boiler","Wet Limestone","Low NOx Burner Technology w/ Overfire Air|Selective Non-catalytic Reduction","Baghouse","Untreated PAC Sorbent Injection","ARP, CSOSG2, MATS"
"KY","Smith Generating Facility",54,"SCT1",50,,2020,187,156.12,14175.11,,0.099,0.0017,12397.017,0.0594,4.989,0.0699,207901.333,"Pipeline Natural Gas","Residual Oil","Combustion turbine",,"Water Injection",,,"ARP, CSNOX, CSOSG2, CSSO2G1"
"KY","Smith Generating Facility",54,"SCT10",90542,,2020,1299,1123.9,66208.7,,0.192,0.001,38120.658,0.0591,3.964,0.0148,641456.337,"Pipeline Natural Gas",,"Combustion turbine",,"Water Injection|Selective Catalytic Reduction",,,"ARP, CSNOX, CSOSG2, CSSO2G1"
"KY","Smith Generating Facility",54,"SCT2",51,,2020,174,145.74,13136.82,,0.071,0.0013,10942.688,0.0592,6.436,0.0782,183815.037,"Pipeline Natural Gas","Residual Oil","Combustion turbine",,"Water Injection",,,"ARP, CSNOX, CSOSG2, CSSO2G1"
"KY","Smith Generating Facility",54,"SCT3",52,,2020,187,154.72,13753.81,,0.078,0.0018,11227.214,0.0595,6.404,0.0775,188504.25,"Pipeline Natural Gas","Residual Oil","Combustion turbine",,"Water Injection",,,"ARP, CSNOX, CSOSG2, CSSO2G1"
"KY","Smith Generating Facility",54,"SCT4",9271,,2020,804,676.17,38475.97,,0.169,0.001,32019.749,0.0591,8.676,0.04,538652.63,"Pipeline Natural Gas","Residual Oil","Combustion turbine",,"Dry Low NOx Burners|Water Injection",,,"ARP, CSNOX, CSOSG2, CSSO2G1"
"KY","Smith Generating Facility",54,"SCT5",9272,,2020,789,665.36,37224.48,,0.154,0.0011,29857.112,0.0591,8.202,0.041,502334.077,"Pipeline Natural Gas","Residual Oil","Combustion turbine",,"Dry Low NOx Burners|Water Injection",,,"ARP, CSNOX, CSOSG2, CSSO2G1"
"KY","Smith Generating Facility",54,"SCT6",89572,,2020,720,609.6,34460.61,,0.154,0.0011,27660.916,0.0591,7.778,0.0425,465197.063,"Pipeline Natural Gas","Residual Oil","Combustion turbine",,"Dry Low NOx Burners|Water Injection",,,"ARP, CSNOX, CSOSG2, CSSO2G1"
"KY","Smith Generating Facility",54,"SCT7",89573,,2020,748,632.16,35593.87,,0.159,0.0011,28795.051,0.0591,7.182,0.0375,484271.339,"Pipeline Natural Gas","Residual Oil","Combustion turbine",,"Dry Low NOx Burners|Water Injection",,,"ARP, CSNOX, CSOSG2, CSSO2G1"
"KY","Smith Generating Facility",54,"SCT9",90541,,2020,1327,1146.13,66332.08,,0.192,0.001,38074.112,0.0592,4.144,0.0161,640675.825,"Pipeline Natural Gas",,"Combustion turbine",,"Water Injection|Selective Catalytic Reduction",,,"ARP, CSNOX, CSOSG2, CSSO2G1"
"AL","Charles R Lowman",56,"1",53,"CS004",2020,0,0,,,,,,,,,,"Coal",,"Dry bottom wall-fired boiler","Wet Limestone","Low NOx Burner Technology (Dry Bottom only)","Electrostatic Precipitator",,"ARP, CSNOX, CSOSG2, CSSO2G2, MATS"
"AL","Charles R Lowman",56,"2",54,"CS004",2020,2262,2257.01,394508.34,,264.56,0.1297,414894.287,0.103,857.321,0.4069,4043808.636,"Coal",,"Dry bottom wall-fired boiler","Wet Limestone","Selective Catalytic Reduction|Overfire Air","Electrostatic Precipitator",,"ARP, CSNOX, CSOSG2, CSSO2G2, MATS"
"AL","Charles R Lowman",56,"3",55,"MS03C, MS03D",2020,0,0,,,,,,,,,,"Coal",,"Dry bottom wall-fired boiler","Wet Limestone","Selective Catalytic Reduction|Overfire Air","Electrostatic Precipitator",,"ARP, CSNOX, CSOSG2, CSSO2G2, MATS"
"NE","Platte",59,"1",56,,2020,6034,6021.62,409889.63,,369.12,0.1515,507889.874,0.105,443.584,0.1834,4842587.007,"Coal","Diesel Oil","Tangentially-fired","Dry Lime FGD","Low NOx Burner Technology w/ Closed-coupled/Separated OFA","Baghouse|Electrostatic Precipitator","Halogenated PAC Sorbent Injection","ARP, CSNOX, CSSO2G2, MATS"
"NE","Gerald Whelan Energy Center",60,"1",57,,2020,7798,7793.16,372205.56,,1640.619,0.7827,438571.818,0.105,324.515,0.1469,4181644.532,"Coal",,"Tangentially-fired",,"Overfire Air","Electrostatic Precipitator",,"ARP, CSNOX, CSSO2G2, MATS"
"NE","Gerald Whelan Energy Center",60,"2",90669,,2020,4950,4929.46,790816.29,,374.05,0.1857,786744.995,0.1049,294.975,0.0789,7501388.203,"Coal",,"Dry bottom wall-fired boiler","Dry Lime FGD","Selective Catalytic Reduction",,,"ARP, CSNOX, CSSO2G2, MATS"
"NM","Escalante",87,"1",59,,2020,3620,3617.45,637888.15,,421.464,0.1222,668993.557,0.105,984.088,0.2974,6378643.973,"Coal","Natural Gas, Other Oil","Tangentially-fired","Wet Limestone","Other","Baghouse",,"ARP, MATS"
"KS","Holcomb",108,"SGU1",60,,2020,6292,6277.48,1590757,,1054.207,0.1385,1599375.823,0.105,1424.809,0.1837,15249576.28,"Coal",,"Dry bottom wall-fired boiler","Dry Lime FGD","Low NOx Burner Technology (Dry Bottom only)","Baghouse","Halogenated PAC Sorbent Injection","ARP, CSNOX, CSOSG2, CSSO2G2, MATS"
"AZ","Cholla",113,"1",62,,2020,6351,6334.03,447658.71,,263.804,0.0904,567416.057,0.1028,441.305,0.1563,5530380.179,"Coal",,"Tangentially-fired","Wet Lime FGD","Low NOx Burner Technology w/ Separated OFA","Baghouse",,"ARP, MATS"
"AZ","Cholla",113,"3",64,,2020,7107,7095.87,1229858,,644.744,0.0926,1481146.382,0.103,1353.046,0.1855,14436126.386,"Coal",,"Tangentially-fired","Wet Lime FGD","Low NOx Burner Technology w/ Closed-coupled/Separated OFA","Baghouse",,"ARP, MATS"
"AZ","Cholla",113,"4",65,,2020,5456,5434.01,1850098.88,,952.133,0.1223,2128058.124,0.1028,1866.271,0.1787,20741338.272,"Coal",,"Tangentially-fired","Wet Lime FGD","Low NOx Burner Technology w/ Closed-coupled/Separated OFA","Baghouse",,"ARP, MATS"
"AZ","Ocotillo Power Plant",116,"GT3",91277,,2020,2492,2124.04,163506.28,,0.461,0.001,91317.518,0.0591,6.134,0.0143,1536596.062,"Pipeline Natural Gas",,"Combustion turbine",,"Water Injection|Selective Catalytic Reduction",,,"ARP"
"AZ","Ocotillo Power Plant",116,"GT4",91278,,2020,2364,1975.43,158182.5,,0.444,0.001,88009.26,0.0591,6.027,0.0169,1480920.113,"Pipeline Natural Gas",,"Combustion turbine",,"Water Injection|Selective Catalytic Reduction",,,"ARP"
"AZ","Ocotillo Power Plant",116,"GT5",91279,,2020,1717,1457.91,108659.41,,0.305,0.001,60478.487,0.059,4.12,0.0143,1017666.945,"Pipeline Natural Gas",,"Combustion turbine",,"Water Injection|Selective Catalytic Reduction",,,"ARP"
"AZ","Ocotillo Power Plant",116,"GT6",91280,,2020,2732,2384.93,181907.33,,0.514,0.001,101734.668,0.059,6.87,0.0138,1711866.903,"Pipeline Natural Gas",,"Combustion turbine",,"Water Injection|Selective Catalytic Reduction",,,"ARP"
"AZ","Ocotillo Power Plant",116,"GT7",91281,,2020,2038,1754.71,133018.61,,0.376,0.001,74391.187,0.059,5.102,0.0144,1251832.999,"Pipeline Natural Gas",,"Combustion turbine",,"Water Injection|Selective Catalytic Reduction",,,"ARP"
"AZ","APS West Phoenix Power Plant",117,"CC4",70,,2020,4660,4630.55,426350.77,,1.017,0.001,201509.141,0.059,56.245,0.0342,3390755.297,"Pipeline Natural Gas",,"Combined cycle",,"Dry Low NOx Burners",,,"ARP"
"AZ","APS West Phoenix Power Plant",117,"CC5A",71,,2020,5328,5291.45,1030241.16,,2.268,0.001,449244.803,0.059,49.784,0.0143,7559453.659,"Pipeline Natural Gas",,"Combined cycle",,"Dry Low NOx Burners|Selective Catalytic Reduction",,,"ARP"
"AZ","APS West Phoenix Power Plant",117,"CC5B",88097,,2020,6666,6597.27,1266012.87,,2.83,0.001,560650.028,0.059,63.198,0.015,9433995.692,"Pipeline Natural Gas",,"Combined cycle",,"Dry Low NOx Burners|Selective Catalytic Reduction",,,"ARP"
"AZ","APS Saguaro Power Plant",118,"CT3",8250,,2020,1894,1589.02,85136.18,,0.348,0.001,68982.795,0.059,18.92,0.0454,1160786.078,"Pipeline Natural Gas",,"Combustion turbine",,"Dry Low NOx Burners",,,"ARP"
"AZ","Yucca Power Plant",120,"1",74,,2020,7392,7376.39,264359.59,,0.957,0.001,189616.522,0.0588,160.086,0.0917,3190693.125,"Pipeline Natural Gas","Residual Oil","Tangentially-fired",,,,,"ARP"
"AZ","Yucca Power Plant",120,"CT5",89724,,2020,2711,2272.08,79675.26,,0.263,0.001,52008.431,0.0592,4.093,0.0243,875174.406,"Pipeline Natural Gas",,"Combustion turbine",,"Selective Catalytic Reduction",,,"ARP"
"AZ","Yucca Power Plant",120,"CT6",89725,,2020,2681,2231.91,73750.49,,0.247,0.001,48987.099,0.0593,3.994,0.0247,824263.164,"Pipeline Natural Gas",,"Combustion turbine",,"Selective Catalytic Reduction",,,"ARP"
"AZ","De Moss Petrie Generating Station",124,"GT1",76,,2020,43,33.03,1696.76,,0.038,0.0035,1299.097,0.059,0.5,0.0699,21859.563,"Natural Gas",,"Combustion turbine",,"Dry Low NOx Burners",,,"ARP"
"AZ","Irvington Generating Station",126,"3",79,,2020,5935,5920.38,321007.08,,6.164,0.0036,209304.972,0.0591,357.681,0.1929,3521976.96,"Natural Gas","Residual Oil","Tangentially-fired",,,,,"ARP"
"AZ","Irvington Generating Station",126,"4",80,,2020,8005,7989.76,695190.89,,12.385,0.0036,420582.753,0.0591,537.225,0.1485,7077129.458,"Natural Gas","Other Gas","Dry bottom wall-fired boiler",,"Low NOx Burner Technology w/ Overfire Air",,,"ARP"
"TX","Oklaunion Power Station",127,"1",81,,2020,3128,3125.39,1209176.79,,748.342,0.1415,1354458.972,0.105,2089.424,0.3309,12914358.63,"Coal",,"Dry bottom wall-fired boiler","Wet Limestone","Low NOx Burner Technology (Dry Bottom only)","Electrostatic Precipitator|Wet Scrubber","Halogenated PAC Sorbent Injection","ARP, CSOSG2, MATS"
"SC","Cross",130,"1",82,,2020,3173,3161.67,1166991.65,,705.758,0.1032,1220237.158,0.1029,442.995,0.0742,11893167.553,"Coal","Residual Oil","Dry bottom wall-fired boiler","Wet Limestone","Selective Catalytic Reduction|Low NOx Burner Technology w/ Overfire Air","Electrostatic Precipitator",,"ARP, CSNOX, CSSO2G2, MATS, SIPNOX"
"SC","Cross",130,"2",83,,2020,0,0,,,,,,,,,,"Coal","Residual Oil","Tangentially-fired","Wet Limestone","Selective Catalytic Reduction|Low NOx Burner Technology w/ Closed-coupled OFA","Electrostatic Precipitator",,"ARP, CSNOX, CSSO2G2, MATS, SIPNOX"
"SC","Cross",130,"3",89490,,2020,5598,5592.19,2206462.18,,762.572,0.06,2347770.784,0.103,718.096,0.0635,22882773.977,"Coal","Diesel Oil","Tangentially-fired","Wet Limestone","Low NOx Burner Technology w/ Closed-coupled/Separated OFA|Selective Catalytic Reduction","Electrostatic Precipitator",,"ARP, CSNOX, CSSO2G2, MATS, SIPNOX"
"SC","Cross",130,"4",89491,,2020,8140,8130.69,3458210.26,,1141.487,0.0587,3721408.526,0.103,1143.056,0.0638,36271039.946,"Coal","Diesel Oil","Tangentially-fired","Wet Limestone","Low NOx Burner Technology w/ Closed-coupled/Separated OFA|Selective Catalytic Reduction","Electrostatic Precipitator",,"ARP, CSNOX, CSSO2G2, MATS, SIPNOX"
"FL","Seminole (136)",136,"1",84,,2020,6761,6747.51,3196144.63,,2205.55,0.135,3167696.366,0.103,985.361,0.0648,30874257.943,"Coal","Diesel Oil","Dry bottom wall-fired boiler","Wet Limestone","Selective Catalytic Reduction|Low NOx Burner Technology w/ Overfire Air","Electrostatic Precipitator",,"ARP, MATS"
"FL","Seminole (136)",136,"2",85,,2020,8003,7991.6,3896535.95,,2768.778,0.1416,3841421.571,0.103,1199.636,0.065,37440777.609,"Coal","Diesel Oil","Dry bottom wall-fired boiler","Wet Limestone","Selective Catalytic Reduction|Low NOx Burner Technology w/ Overfire Air","Electrostatic Precipitator",,"ARP, MATS"
"AZ","Agua Fria Generating Station",141,"1",86,,2020,1621,1516.41,96651.41,,0.304,0.001,60179.043,0.0592,163.432,0.258,1012641.536,"Pipeline Natural Gas",,"Dry bottom wall-fired boiler",,,,,"ARP"
"AZ","Agua Fria Generating Station",141,"2",87,,2020,1520,1439.99,93212.65,,0.289,0.001,57337.847,0.0595,126.969,0.219,964798.869,"Pipeline Natural Gas",,"Dry bottom wall-fired boiler",,,,,"ARP"
"AZ","Agua Fria Generating Station",141,"3",88,,2020,1632,1530.49,151957.3,,0.471,0.001,93262.566,0.0591,416.946,0.3729,1569300.459,"Pipeline Natural Gas",,"Dry bottom turbo-fired boiler",,,,,"ARP"
"AZ","Kyrene Generating Station",147,"K-7",91,,2020,7769,7741.65,1696594.75,,3.439,0.001,681150.912,0.059,48.391,0.0095,11461683.53,"Pipeline Natural Gas",,"Combined cycle",,"Dry Low NOx Burners|Selective Catalytic Reduction",,,"ARP"
"AZ","Apache Station",160,"1",92,,2020,3383,3375.28,128745.96,,0.427,0.001,84527.668,0.0592,31.733,0.0437,1422320.368,"Pipeline Natural Gas",,"Dry bottom wall-fired boiler",,,,,"ARP"
"AZ","Apache Station",160,"2",93,,2020,8064,8058.77,1190123.65,,3.616,0.001,716005.506,0.059,421.617,0.0689,12078350.566,"Pipeline Natural Gas",,"Dry bottom turbo-fired boiler","Wet Lime FGD","Overfire Air","Electrostatic Precipitator|Wet Scrubber",,"ARP, MATS"
"AZ","Apache Station",160,"3",94,,2020,7093,7087.26,953866.32,,91.099,0.0164,834369.198,0.0834,826.821,0.159,9849730.892,"Coal","Pipeline Natural Gas","Dry bottom turbo-fired boiler","Wet Lime FGD","Overfire Air","Electrostatic Precipitator|Wet Scrubber",,"ARP, MATS"
"AZ","Apache Station",160,"4",88320,,2020,2501,2224.76,78854.99,,0.247,0.001,48938.712,0.0593,9.165,0.0325,823435.911,"Pipeline Natural Gas",,"Combustion turbine",,"Water Injection|Selective Catalytic Reduction",,,"ARP"
"OK","Grand River Dam Authority",165,"1",95,,2020,0,0,,,,,,,,,,"Coal","Diesel Oil, Pipeline Natural Gas","Dry bottom wall-fired boiler",,"Overfire Air","Electrostatic Precipitator",,"ARP, CSOSG2, MATS"
"OK","Grand River Dam Authority",165,"2",96,,2020,912,884.78,81348.58,,108.88,0.3619,116433.852,0.0807,116.272,0.128,1186648.357,"Coal","Diesel Oil, Pipeline Natural Gas","Dry bottom wall-fired boiler","Dry Lime FGD","Low NOx Burner Technology w/ Overfire Air","Baghouse","Untreated PAC Sorbent Injection","ARP, CSOSG2, MATS"
"OK","Grand River Dam Authority",165,"3",91186,,2020,6969,6927.69,2531522.89,,4.965,0.001,983554.238,0.059,208.76,0.0264,16550179.373,"Pipeline Natural Gas",,"Combined cycle",,"Selective Catalytic Reduction",,,"ARP, CSOSG2, NSPS4T"
"AR","Lake Catherine",170,"4",107,,2020,2334,2294.14,499278.63,,1.574,0.001,311859.148,0.059,689.357,0.2132,5247637.251,"Pipeline Natural Gas",,"Dry bottom wall-fired boiler",,,,,"ARP, CSOSG2"
"AR","Thomas Fitzhugh",201,"2",88375,,2020,3615,3582.75,434254.39,,3.461,0.0025,223336.403,0.0591,151.545,0.0812,3751482.31,"Pipeline Natural Gas","Diesel Oil","Combined cycle",,"Dry Low NOx Burners|Water Injection",,,"ARP, CSOSG2"
"AR","Carl Bailey",202,"01",111,,2020,134,129.6,,27182.3,18.321,0.5371,3185.11,0.0668,4.383,0.1697,44763.78,"Pipeline Natural Gas","Residual Oil","Dry bottom wall-fired boiler",,,,,"ARP, CSOSG2"
"AR","McClellan",203,"01",112,,2020,1090,1075.9,,310394.66,2.759,0.0102,23141.59,0.059,52.711,0.2355,388052.698,"Pipeline Natural Gas","Residual Oil","Dry bottom wall-fired boiler",,,,,"ARP, CSOSG2"
"CA","Moss Landing Power Plant",260,"1A",149,,2020,6370,6035.71,1382714.1,,2.937,0.001,554473.35,0.0863,46.75,0.015,9790818.885,"Pipeline Natural Gas",,"Combined cycle",,"Dry Low NOx Burners|Selective Catalytic Reduction",,,"ARP"
"CA","Moss Landing Power Plant",260,"2A",152,,2020,6853,6581.33,1490981.63,,3.189,0.001,602660.174,0.0694,48.878,0.0132,10630555.934,"Pipeline Natural Gas",,"Combined cycle",,"Dry Low NOx Burners|Selective Catalytic Reduction",,,"ARP"
"CA","Moss Landing Power Plant",260,"3A",150,,2020,5855,5464.31,1233642.18,,2.663,0.001,502826.712,0.0708,39.447,0.0144,8875354.279,"Pipeline Natural Gas",,"Combined cycle",,"Dry Low NOx Burners|Selective Catalytic Reduction",,,"ARP"
"CA","Moss Landing Power Plant",260,"4A",153,,2020,6100,5766.65,1298388.83,,2.781,0.001,525357.906,0.0699,42.96,0.0152,9270434.312,"Pipeline Natural Gas",,"Combined cycle",,"Dry Low NOx Burners|Selective Catalytic Reduction",,,"ARP"
"TX","Limestone",298,"LIM1",176,,2020,6459,6447.73,3101320.09,,2365.965,0.1448,3330000.522,0.1037,2330.409,0.152,31771912.649,"Coal",,"Tangentially-fired","Wet Limestone","Overfire Air","Electrostatic Precipitator","Halogenated PAC Sorbent Injection","ARP, CSOSG2, MATS, TXSO2"
"TX","Limestone",298,"LIM2",177,,2020,5795,5778.61,3229096,,2554.734,0.1528,3372639.872,0.1036,2696.969,0.1709,32173078.342,"Coal",,"Tangentially-fired","Wet Limestone","Overfire Air","Electrostatic Precipitator","Halogenated PAC Sorbent Injection","ARP, CSOSG2, MATS, TXSO2"
"CA","Cabrillo Power I Encina Power Station",302,"10",91208,,2020,1995,1516.18,80810.25,,0.252,0.001,49951.785,0.0592,2.962,0.0133,840513.276,"Pipeline Natural Gas",,"Combustion turbine",,"Water Injection|Selective Catalytic Reduction",,,"ARP"
"CA","Cabrillo Power I Encina Power Station",302,"6",90228,,2020,2146,1652.65,80137.77,,0.26,0.001,51462.03,0.0592,3.584,0.0137,865960.267,"Pipeline Natural Gas",,"Combustion turbine",,"Water Injection|Selective Catalytic Reduction",,,"ARP"
"CA","Cabrillo Power I Encina Power Station",302,"7",90229,,2020,2242,1770.88,84290.34,,0.275,0.001,54431.669,0.0592,3.683,0.0144,915907.1,"Pipeline Natural Gas",,"Combustion turbine",,"Water Injection|Selective Catalytic Reduction",,,"ARP"
"CA","Cabrillo Power I Encina Power Station",302,"8",91206,,2020,2328,1843.79,86837.77,,0.285,0.001,56365.563,0.0592,3.75,0.0135,948455.067,"Pipeline Natural Gas",,"Combustion turbine",,"Water Injection|Selective Catalytic Reduction",,,"ARP"
"CA","Cabrillo Power I Encina Power Station",302,"9",91207,,2020,2228,1752.69,82946.25,,0.271,0.001,53685.679,0.0592,3.01,0.0109,903345.326,"Pipeline Natural Gas",,"Combustion turbine",,"Water Injection|Selective Catalytic Reduction",,,"ARP"
"CA","AES Alamitos",315,"3",201,,2020,3334,3334,201558,,0.773,0.001,153037.8,0.0592,20.825,0.0115,2575117.1,"Pipeline Natural Gas","Residual Oil","Tangentially-fired",,,,,"ARP"
"CA","AES Alamitos",315,"4",202,,2020,2560,2560,140172,,0.563,0.001,111586.5,0.0592,6.073,0.0084,1877657.1,"Pipeline Natural Gas","Residual Oil","Tangentially-fired",,,,,"ARP"
"CA","AES Alamitos",315,"5",203,,2020,1300,1300,227052,,0.8,0.001,158521.8,0.059,15.769,0.0164,2667427.3,"Pipeline Natural Gas","Residual Oil","Dry bottom wall-fired boiler",,,,,"ARP"
"CA","AES Alamitos",315,"CT1",91303,,2020,2286,2054.17,588097.02,,1.204,0.001,238448.06,0.059,13.949,0.0121,4012377.873,"Pipeline Natural Gas",,"Combined cycle",,"Dry Low NOx Burners|Selective Catalytic Reduction",,,"ARP"
"CA","AES Alamitos",315,"CT2",91304,,2020,2275,2049.88,591865.81,,1.209,0.001,239578.682,0.059,11.874,0.0106,4031333.819,"Pipeline Natural Gas",,"Combined cycle",,"Dry Low NOx Burners|Selective Catalytic Reduction",,,"ARP"
"CA","El Segundo",330,"5",90376,,2020,1142,1023.09,195255.11,,0.508,0.001,100623.688,0.059,3.702,0.0065,1693194.523,"Pipeline Natural Gas",,"Combined cycle",,"Dry Low NOx Burners|Selective Catalytic Reduction",,,"ARP"
"CA","El Segundo",330,"7",90377,,2020,1287,1163.75,219612.66,,0.554,0.001,109766.085,0.059,5.066,0.0078,1847015.253,"Pipeline Natural Gas",,"Combined cycle",,"Dry Low NOx Burners|Selective Catalytic Reduction",,,"ARP"
"CA","AES Huntington Beach",335,"2",224,,2020,2362,2362,115021,,0.406,0.001,80348.8,0.0592,5.716,0.0163,1352041.1,"Pipeline Natural Gas","Residual Oil","Dry bottom wall-fired boiler",,,,,"ARP"
"CA","AES Huntington Beach",335,"CT1",91305,,2020,2326,2073.04,587448.38,,1.219,0.001,241424.693,0.059,12.398,0.0091,4062458.458,"Pipeline Natural Gas",,"Combined cycle",,"Dry Low NOx Burners|Selective Catalytic Reduction",,,"ARP"
"CA","AES Huntington Beach",335,"CT2",91306,,2020,2313,2064.93,589259.73,,1.213,0.001,240326.505,0.059,11.88,0.0095,4043994.678,"Pipeline Natural Gas",,"Combined cycle",,"Dry Low NOx Burners|Selective Catalytic Reduction",,,"ARP"
"CA","Long Beach Generating Station",341,"1",89768,,2020,289,226.15,10092.31,,0.048,0.001,9526.134,0.0591,2.445,0.089,160288.5,"Pipeline Natural Gas",,"Combustion turbine",,"Water Injection|Selective Catalytic Reduction",,,"ARP"
"CA","Long Beach Generating Station",341,"2",89769,,2020,270,211.18,9430.97,,0.046,0.001,9162.118,0.0591,2.321,0.0878,154182.981,"Pipeline Natural Gas",,"Combustion turbine",,"Water Injection|Selective Catalytic Reduction",,,"ARP"
"CA","Long Beach Generating Station",341,"3",89770,,2020,211,165.87,7312.66,,0.038,0.001,7554.427,0.059,1.934,0.0739,127112.155,"Pipeline Natural Gas",,"Combustion turbine",,"Water Injection|Selective Catalytic Reduction",,,"ARP"
"CA","Long Beach Generating Station",341,"4",89771,,2020,211,166.22,7351.4,,0.039,0.001,7810.226,0.0591,1.962,0.0778,131422.363,"Pipeline Natural Gas",,"Combustion turbine",,"Water Injection|Selective Catalytic Reduction",,,"ARP"
"CA","Ormond Beach Power, LLC.",350,"1",229,,2020,1507,1491.09,365848.48,,1.056,0.001,209100.574,0.059,13.666,0.0088,3518503.129,"Pipeline Natural Gas",,"Dry bottom wall-fired boiler",,"Selective Catalytic Reduction",,,"ARP"
"CA","Ormond Beach Power, LLC.",350,"2",230,,2020,1754,1733.81,390824.12,,1.113,0.001,220441.058,0.059,14.003,0.007,3709368.403,"Pipeline Natural Gas",,"Dry bottom wall-fired boiler",,"Selective Catalytic Reduction",,,"ARP"
"CA","AES Redondo Beach",356,"5",238,,2020,1664,1664,34373,,0.198,0.001,39124.8,0.0592,3.087,0.0116,658322.4,"Pipeline Natural Gas","Residual Oil","Dry bottom wall-fired boiler",,,,,"ARP"
"CA","AES Redondo Beach",356,"6",239,,2020,2714,2714,70485,,0.398,0.001,78801.6,0.0591,7.293,0.0131,1326278,"Pipeline Natural Gas","Residual Oil","Dry bottom wall-fired boiler",,,,,"ARP"
"CA","AES Redondo Beach",356,"8",241,,2020,1247,1247,215703,,0.738,0.001,146241.2,0.059,9.235,0.0191,2460820.3,"Pipeline Natural Gas","Residual Oil","Dry bottom wall-fired boiler",,,,,"ARP"
"CA","Mountainview Generating Station",358,"3-1",89500,,2020,4207,4107.54,785678.61,,1.713,0.001,339261.992,0.059,19.304,0.0118,5708711.035,"Pipeline Natural Gas",,"Combined cycle",,"Dry Low NOx Burners|Ammonia Injection|Selective Catalytic Reduction",,,"ARP"
"CA","Mountainview Generating Station",358,"3-2",89501,,2020,3905,3807.3,750442.96,,1.619,0.001,320619.202,0.059,16.442,0.0099,5395020.016,"Pipeline Natural Gas",,"Combined cycle",,"Dry Low NOx Burners|Ammonia Injection|Selective Catalytic Reduction",,,"ARP"
"CA","Mountainview Generating Station",358,"4-1",89502,,2020,4001,3904.53,739589.93,,1.617,0.001,320285.164,0.059,17.36,0.0113,5389394.053,"Pipeline Natural Gas",,"Combined cycle",,"Dry Low NOx Burners|Ammonia Injection|Selective Catalytic Reduction",,,"ARP"
"CA","Mountainview Generating Station",358,"4-2",89503,,2020,3576,3490.23,676403.57,,1.468,0.001,290713.236,0.059,15.11,0.0109,4891766.602,"Pipeline Natural Gas",,"Combined cycle",,"Dry Low NOx Burners|Ammonia Injection|Selective Catalytic Reduction",,,"ARP"
"CA","Grayson Power Plant",377,"4",248,,2020,4927,4923.09,94608.44,,0.399,0.0007,73269.352,0.0594,20.373,0.0348,1232797.167,"Pipeline Natural Gas","Diesel Oil, Other Gas","Dry bottom wall-fired boiler",,"Low NOx Burner Technology (Dry Bottom only)",,,"ARP"
"CA","Grayson Power Plant",377,"5",249,,2020,7684,7679.72,1037.2,,0.003,0,14728.068,0.0591,0.996,0.0066,249334.582,"Pipeline Natural Gas","Other Gas, Residual Oil","Dry bottom wall-fired boiler",,"Other",,,"ARP"
"CA","Grayson Power Plant",377,"9",89495,,2020,658,534.94,19910.78,,0.062,0.001,11540.214,0.0593,2.359,0.0258,194186.373,"Pipeline Natural Gas",,"Combustion turbine",,"Selective Catalytic Reduction",,,"ARP"
"IL","Joliet 29",384,"71",250,"CS7172",2020,1899,1887.75,329899.75,,1.018,0.001,201102.754,0.059,148.626,0.0814,3392424.8,"Pipeline Natural Gas",,"Tangentially-fired",,"Low NOx Burner Technology w/ Closed-coupled/Separated OFA","Electrostatic Precipitator",,"ARP, CSNOX, CSOSG2, CSSO2G1"
"IL","Joliet 29",384,"72",251,"CS7172",2020,1902,1889.5,324135.25,,1.001,0.001,197685.299,0.059,146.02,0.0813,3334776.65,"Pipeline Natural Gas",,"Tangentially-fired",,"Low NOx Burner Technology w/ Closed-coupled/Separated OFA","Electrostatic Precipitator",,"ARP, CSNOX, CSOSG2, CSSO2G1"
"IL","Joliet 29",384,"81",252,"CS8182",2020,1237,1231.25,204463,,0.646,0.001,127381.402,0.059,99.164,0.0913,2148814.25,"Pipeline Natural Gas",,"Tangentially-fired",,"Low NOx Burner Technology w/ Closed-coupled/Separated OFA","Electrostatic Precipitator",,"ARP, CSNOX, CSOSG2, CSSO2G1"
"IL","Joliet 29",384,"82",253,"CS8182",2020,1240,1235.25,232474.25,,0.732,0.001,144415.975,0.059,112.361,0.0911,2436172.225,"Pipeline Natural Gas",,"Tangentially-fired",,"Low NOx Burner Technology w/ Closed-coupled/Separated OFA","Electrostatic Precipitator",,"ARP, CSNOX, CSOSG2, CSSO2G1"
"CA","El Centro",389,"2-2",255,,2020,1713,1698.69,141808.33,,0.385,0.001,76241.203,0.059,20.242,0.0345,1282917.131,"Pipeline Natural Gas","Diesel Oil","Combined cycle",,"Selective Catalytic Reduction",,,"ARP"
"CA","El Centro",389,"3-1",90785,,2020,5095,5077.24,255274.68,,0.583,0.001,115447.072,0.0592,10.919,0.0119,1942566.102,"Pipeline Natural Gas",,"Combined cycle",,"Dry Low NOx Burners|Selective Catalytic Reduction",,,"ARP"
"CA","El Centro",389,"3-2",90786,,2020,4198,4187.77,215702.99,,0.485,0.001,95998.235,0.0592,8.261,0.0112,1615377.738,"Pipeline Natural Gas",,"Combined cycle",,"Dry Low NOx Burners|Selective Catalytic Reduction",,,"ARP"
"CA","El Centro",389,"4",257,,2020,1709,1698.96,47036.74,,0.157,0.001,31052.065,0.0593,15.574,0.0645,522523.634,"Pipeline Natural Gas","Residual Oil","Dry bottom wall-fired boiler",,"Selective Catalytic Reduction",,,"ARP"
"CA","Harbor Generating Station",399,"10",262,,2020,320,259.17,10577.85,,0.033,0.001,6339.418,0.0582,1.11,0.0255,108523.621,"Pipeline Natural Gas","Diesel Oil","Combustion turbine",,"Selective Catalytic Reduction",,,"ARP"
"CA","Harbor Generating Station",399,"**10A",259,,2020,0,0,,,,,,,,,,"Pipeline Natural Gas","Diesel Oil","Combined cycle",,"Selective Catalytic Reduction",,,"ARP"
"CA","Harbor Generating Station",399,"**10B",260,,2020,376,314.56,27067.42,,0.081,0.001,15533.342,0.0582,3.237,0.0242,265694.557,"Pipeline Natural Gas","Diesel Oil","Combined cycle",,"Selective Catalytic Reduction",,,"ARP"
"CA","Harbor Generating Station",399,"11",263,,2020,257,200.33,7906.54,,0.025,0.001,4745.806,0.0583,0.829,0.0262,81210.808,"Pipeline Natural Gas","Diesel Oil","Combustion turbine",,"Selective Catalytic Reduction",,,"ARP"
"CA","Harbor Generating Station",399,"12",264,,2020,332,257.77,10325.42,,0.033,0.001,6390.331,0.0582,1.02,0.0263,109346.715,"Pipeline Natural Gas","Diesel Oil","Combustion turbine",,"Selective Catalytic Reduction",,,"ARP"
"CA","Harbor Generating Station",399,"13",265,,2020,340,266.73,10137.08,,0.032,0.001,6246.767,0.0582,1.193,0.0274,106953.739,"Pipeline Natural Gas","Diesel Oil","Combustion turbine",,"Selective Catalytic Reduction",,,"ARP"
"CA","Harbor Generating Station",399,"14",266,,2020,288,223.72,8930.28,,0.028,0.001,5464.933,0.0582,0.932,0.0234,93546.319,"Pipeline Natural Gas","Diesel Oil","Combustion turbine",,"Selective Catalytic Reduction",,,"ARP"
"CA","Haynes Generating Station",400,"1",271,,2020,1764,1738.98,115652.44,,0.392,0.001,76218.534,0.058,1.05,0.0019,1306379.81,"Pipeline Natural Gas",,"Dry bottom wall-fired boiler",,"Selective Catalytic Reduction",,,"ARP"
"CA","Haynes Generating Station",400,"10",89434,,2020,6938,6832.77,1598973.49,,3.348,0.001,651150.007,0.058,36.306,0.0075,11160680.626,"Pipeline Natural Gas",,"Combined cycle",,"Dry Low NOx Burners|Selective Catalytic Reduction",,,"ARP"
"CA","Haynes Generating Station",400,"11",90755,,2020,1050,892.37,82694.82,,0.23,0.001,44655.251,0.058,3.153,0.0088,765396.804,"Pipeline Natural Gas",,"Combustion turbine",,"Water Injection|Selective Catalytic Reduction",,,"ARP"
"CA","Haynes Generating Station",400,"12",90756,,2020,656,559.1,51692.97,,0.143,0.001,27844.268,0.058,2.035,0.01,477244.93,"Pipeline Natural Gas",,"Combustion turbine",,"Water Injection|Selective Catalytic Reduction",,,"ARP"
"CA","Haynes Generating Station",400,"13",90757,,2020,1125,970.51,90419.34,,0.248,0.001,48297.602,0.058,3.502,0.0096,827787.359,"Pipeline Natural Gas",,"Combustion turbine",,"Water Injection|Selective Catalytic Reduction",,,"ARP"
"CA","Haynes Generating Station",400,"14",90758,,2020,912,783.82,73449.05,,0.202,0.001,39278.44,0.058,2.78,0.0094,673249.74,"Pipeline Natural Gas",,"Combustion turbine",,"Water Injection|Selective Catalytic Reduction",,,"ARP"
"CA","Haynes Generating Station",400,"15",90759,,2020,864,727.93,67694.1,,0.184,0.001,35829.355,0.058,2.838,0.0106,614128.549,"Pipeline Natural Gas",,"Combustion turbine",,"Water Injection|Selective Catalytic Reduction",,,"ARP"
"CA","Haynes Generating Station",400,"16",90760,,2020,591,515.94,48286.65,,0.133,0.001,25874.755,0.058,1.895,0.0097,443477.943,"Pipeline Natural Gas",,"Combustion turbine",,"Water Injection|Selective Catalytic Reduction",,,"ARP"
"CA","Haynes Generating Station",400,"2",272,,2020,1341,1325.11,89659.44,,0.296,0.001,57576.881,0.058,1.119,0.0035,986869.634,"Pipeline Natural Gas",,"Dry bottom wall-fired boiler",,"Selective Catalytic Reduction",,,"ARP"
"CA","Haynes Generating Station",400,"9",89433,,2020,6640,6543.56,1561706.65,,3.239,0.001,629880.661,0.058,35.437,0.0076,10796220.605,"Pipeline Natural Gas",,"Combined cycle",,"Dry Low NOx Burners|Selective Catalytic Reduction",,,"ARP"
"CA","Scattergood Generating Station",404,"1",277,,2020,1164,1144.71,52451.21,,0.177,0.001,34402.31,0.058,0.555,0.0033,589072.266,"Pipeline Natural Gas","Other Gas","Dry bottom wall-fired boiler",,"Selective Catalytic Reduction",,,"ARP"
"CA","Scattergood Generating Station",404,"2",278,,2020,3392,3376.01,163446.11,,0.533,0.001,103712.889,0.058,1.73,0.0018,1775871.75,"Pipeline Natural Gas","Other Gas","Dry bottom wall-fired boiler",,"Selective Catalytic Reduction",,,"ARP"
"CA","Scattergood Generating Station",404,"4",90958,,2020,5502,5430.81,1410915.34,,2.988,0.001,581608.234,0.058,29.578,0.0062,9958994.538,"Pipeline Natural Gas",,"Combined cycle",,"Selective Catalytic Reduction",,,"ARP"
"CA","Scattergood Generating Station",404,"6",90959,,2020,919,779.76,72625.22,,0.201,0.001,39050.46,0.058,3.021,0.0108,668693.678,"Pipeline Natural Gas",,"Combustion turbine",,"Water Injection|Selective Catalytic Reduction",,,"ARP"
"CA","Scattergood Generating Station",404,"7",90960,,2020,825,685.77,65556.83,,0.181,0.001,35318.637,0.058,2.597,0.0098,604756.525,"Pipeline Natural Gas",,"Combustion turbine",,"Water Injection|Selective Catalytic Reduction",,,"ARP"
"CA","Valley Generating Station",408,"5",284,,2020,447,354.47,13734.51,,0.043,0.001,8425.259,0.0581,1.568,0.0315,144401.565,"Pipeline Natural Gas","Diesel Oil","Combustion turbine",,"Selective Catalytic Reduction",,,"ARP"
"CA","Valley Generating Station",408,"6",89304,,2020,2720,2600.26,530331.33,,1.126,0.001,219000.533,0.058,19.716,0.0153,3753645.32,"Pipeline Natural Gas",,"Combined cycle",,"Dry Low NOx Burners|Selective Catalytic Reduction",,,"ARP"
"CA","Valley Generating Station",408,"7",89305,,2020,1738,1659.18,344062.61,,0.75,0.001,145833.932,0.058,13.707,0.0163,2499590.499,"Pipeline Natural Gas",,"Combined cycle",,"Dry Low NOx Burners|Selective Catalytic Reduction",,,"ARP"
"CA","Glenarm",422,"GT3",88258,,2020,858,654.07,13044.43,,0.047,0.001,9378.18,0.0593,2.403,0.0474,157806.032,"Pipeline Natural Gas",,"Combustion turbine",,"Selective Catalytic Reduction",,,"ARP"
"CA","Glenarm",422,"GT4",88259,,2020,616,442.66,9694.69,,0.033,0.001,6622.647,0.0594,1.713,0.0468,111433.846,"Pipeline Natural Gas",,"Combustion turbine",,"Selective Catalytic Reduction",,,"ARP"
"CA","Glenarm",422,"GT5",90975,,2020,1031,878.43,31469.47,,0.083,0.0006,16910.951,0.0593,1.369,0.013,284561.681,"Pipeline Natural Gas",,"Combined cycle",,"Water Injection|Selective Catalytic Reduction",,,"ARP"
"CO","Cherokee",469,"4",298,,2020,4395,4376.69,992409.19,,4.517,0.001,894695.385,0.059,492.63,0.0654,15056815.095,"Natural Gas, Pipeline Natural Gas",,"Tangentially-fired",,"Low NOx Burner Technology w/ Closed-coupled/Separated OFA",,,"ARP"
"CO","Cherokee",469,"5",90850,,2020,7561,7545.57,1451135.92,,2.995,0.001,593149.254,0.059,65.633,0.0138,9980908.781,"Pipeline Natural Gas",,"Combined cycle",,"Selective Catalytic Reduction",,,"ARP"
"CO","Cherokee",469,"6",90851,,2020,8184,8171.62,1576435.5,,3.269,0.001,647207.479,0.059,75.951,0.0144,10890504.074,"Pipeline Natural Gas",,"Combined cycle",,"Selective Catalytic Reduction",,,"ARP"
"CO","Comanche (470)",470,"1",299,,2020,8209,8203.78,2280059.77,,855.76,0.0795,2241137.347,0.1026,1328.353,0.1207,21784304.993,"Coal","Natural Gas","Tangentially-fired","Dry Lime FGD","Low NOx Burner Technology w/ Closed-coupled/Separated OFA","Baghouse","Halogenated PAC Sorbent Injection","ARP, MATS"
"CO","Comanche (470)",470,"2",300,,2020,8116,8105.9,2178383.12,,952.935,0.0847,2457874.096,0.1032,1804.647,0.1495,23698063.975,"Coal","Natural Gas","Dry bottom wall-fired boiler","Dry Lime FGD","Low NOx Burner Technology w/ Overfire Air","Baghouse","Halogenated PAC Sorbent Injection","ARP, MATS"
"CO","Comanche (470)",470,"3",89734,,2020,373,367.43,189190.86,,75.789,0.0806,184238.943,0.098,58.438,0.0643,1787265.122,"Coal","Natural Gas","Tangentially-fired","Dry Lime FGD","Selective Catalytic Reduction","Baghouse","Halogenated PAC Sorbent Injection","ARP, MATS"
"CO","Zuni",478,"1",310,,2020,0,0,,,,,,,,,,"Pipeline Natural Gas","Residual Oil","Dry bottom wall-fired boiler",,,,,"ARP"
"CO","Zuni",478,"2",311,,2020,0,0,,,,,,,,,,"Pipeline Natural Gas","Residual Oil","Dry bottom wall-fired boiler",,,,,"ARP"
"CO","Zuni",478,"3",312,,2020,0,0,,,,,,,,,,"Pipeline Natural Gas","Residual Oil","Dry bottom vertically-fired boiler",,,,,"ARP"
"CO","Martin Drake",492,"6",314,,2020,7146,7142.59,372868.67,,64.875,0.0291,454206.116,0.1031,477.553,0.2154,4395116.824,"Coal","Pipeline Natural Gas","Dry bottom wall-fired boiler","Dual Alkali","Low NOx Burner Technology w/ Overfire Air","Baghouse","Halogenated PAC Sorbent Injection","ARP, MATS"
"CO","Martin Drake",492,"7",315,,2020,1621,1603.12,76843.36,,2.751,0.0105,50779.338,0.059,52.898,0.1164,856619.934,"Coal, Pipeline Natural Gas","Pipeline Natural Gas","Dry bottom wall-fired boiler","Dual Alkali (Retired Dec 09, 2020)","Low NOx Burner Technology w/ Overfire Air","Baghouse","Halogenated PAC Sorbent Injection (Retired Dec 09, 2020)","ARP, MATS"
"CO","Hayden",525,"H1",317,,2020,8483,8474,1125688.11,,742.365,0.1197,1277205.461,0.103,298.27,0.0482,12448422.369,"Coal","Diesel Oil, Natural Gas","Dry bottom wall-fired boiler","Dry Lime FGD","Low NOx Burner Technology w/ Overfire Air|Selective Catalytic Reduction","Baghouse",,"ARP, MATS"
"CO","Hayden",525,"H2",318,,2020,6890,6880.38,1160162.58,,741.638,0.1282,1197061.209,0.103,314.101,0.054,11667301.952,"Coal","Diesel Oil","Tangentially-fired","Dry Lime FGD","Low NOx Burner Technology w/ Closed-coupled/Separated OFA|Selective Catalytic Reduction","Baghouse",,"ARP, MATS"
"AL","McWilliams",533,"**4",320,,2020,3735,3533.08,333437.74,,1.018,0.001,204195.114,0.059,72.251,0.0444,3436034.147,"Pipeline Natural Gas","Diesel Oil","Combined cycle",,"Dry Low NOx Burners|Water Injection",,,"ARP, CSNOX, CSOSG2, CSSO2G2"
"AL","McWilliams",533,"**V1",324,,2020,7196,7189.97,1196547.11,,3.733,0.001,739524.223,0.059,69.028,0.0112,12443908.454,"Pipeline Natural Gas",,"Combined cycle",,"Dry Low NOx Burners|Selective Catalytic Reduction",,,"ARP, CSNOX, CSOSG2, CSSO2G2"
"AL","McWilliams",533,"**V2",325,,2020,8065,8058.76,1344452.87,,4.202,0.001,832443.429,0.059,78.442,0.0114,14007474.882,"Pipeline Natural Gas",,"Combined cycle",,"Dry Low NOx Burners|Selective Catalytic Reduction",,,"ARP, CSNOX, CSOSG2, CSSO2G2"
"CT","Branford",540,"10",326,,2020,17,10.3,80.33,,,,,,1.545,1.2,2575,"Other Oil",,"Combustion turbine",,,,,"SIPNOX"
"CT","Cos Cob",542,"10",327,,2020,9,5.25,81.95,,,,,,0.788,1.2,1312.5,"Other Oil",,"Combustion turbine",,"Water Injection",,,"SIPNOX"
"CT","Cos Cob",542,"11",328,,2020,7,4.15,70.47,,,,,,0.623,1.2,1037.5,"Other Oil",,"Combustion turbine",,"Water Injection",,,"SIPNOX"
"CT","Cos Cob",542,"12",329,,2020,5,2.5,45,,,,,,0.375,1.2,625,"Other Oil",,"Combustion turbine",,"Water Injection",,,"SIPNOX"
"CT","Cos Cob",542,"13",90364,,2020,3,1.75,25.85,,,,,,0.323,1.2,539,"Other Oil",,"Combustion turbine",,"Water Injection",,,"SIPNOX"
"CT","Cos Cob",542,"14",90365,,2020,5,2.75,46.9,,,,,,0.508,1.2,847,"Other Oil",,"Combustion turbine",,"Water Injection",,,"SIPNOX"
"CT","Devon",544,"10",330,,2020,33,20.57,308.55,,,,,,2.839,1.2,4731.1,"Other Oil",,"Combustion turbine",,,,,"SIPNOX"
"CT","Devon",544,"11",331,,2020,48,29.89,755.48,,0.177,0.0296,896.7,0.0749,6.362,1.0646,11956,"Pipeline Natural Gas","Diesel Oil","Combustion turbine",,"Water Injection",,,"ARP, RGGI, SIPNOX"
"CT","Devon",544,"12",332,,2020,37,23.01,608.83,,0.143,0.0329,698.4,0.0768,4.985,1.1054,9204,"Pipeline Natural Gas","Diesel Oil","Combustion turbine",,"Water Injection",,,"ARP, RGGI, SIPNOX"
"CT","Devon",544,"13",333,,2020,45,29.09,724.67,,0.158,0.0272,857.7,0.0737,6.018,1.0333,11636,"Pipeline Natural Gas","Diesel Oil","Combustion turbine",,"Water Injection",,,"ARP, RGGI, SIPNOX"
"CT","Devon",544,"14",334,,2020,40,24.3,649.6,,0.13,0.0265,714.1,0.0733,4.997,1.025,9720,"Pipeline Natural Gas","Diesel Oil","Combustion turbine",,"Water Injection",,,"ARP, RGGI, SIPNOX"
"CT","Devon",544,"15",90352,,2020,103,64.42,2325.91,,0.007,0.0008,1733.523,0.0775,0.151,0.0118,22636.601,"Diesel Oil","Pipeline Natural Gas","Combustion turbine",,"Water Injection|Selective Catalytic Reduction",,,"ARP, RGGI, SIPNOX"
"CT","Devon",544,"16",90353,,2020,98,64.63,2315.38,,0.006,0.0007,1693.483,0.0777,0.13,0.0104,22108.212,"Diesel Oil","Pipeline Natural Gas","Combustion turbine",,"Water Injection|Selective Catalytic Reduction",,,"ARP, RGGI, SIPNOX"
"CT","Devon",544,"17",90354,,2020,72,50.66,1986.44,,0.005,0.0008,1446.862,0.0758,0.145,0.014,19079.333,"Diesel Oil","Pipeline Natural Gas","Combustion turbine",,"Water Injection|Selective Catalytic Reduction",,,"ARP, RGGI, SIPNOX"
"CT","Devon",544,"18",90355,,2020,87,61.14,2307.77,,0.006,0.0007,1709.691,0.0768,0.147,0.012,22362.861,"Diesel Oil","Pipeline Natural Gas","Combustion turbine",,"Water Injection|Selective Catalytic Reduction",,,"ARP, RGGI, SIPNOX"
"CT","Montville",546,"5",343,,2020,395,372.54,16835.49,,11.002,0.1051,13698.098,0.0653,10.574,0.0842,205959.814,"Residual Oil","Pipeline Natural Gas","Tangentially-fired",,,,,"ARP, MATS, RGGI, SIPNOX"
"CT","Montville",546,"6",344,,2020,97,78.06,6498.41,,13.009,0.1786,7127.723,0.0597,10.218,0.127,88077.359,"Residual Oil",,"Tangentially-fired",,,,,"ARP, MATS, RGGI, SIPNOX"
"CT","Tunnel",557,"10",349,,2020,81,35.45,411.08,,,,,,4.547,1.201,7578.7,"Diesel Oil",,"Combustion turbine",,,,,"SIPNOX"
"CT","Franklin Drive",561,"10",350,,2020,18,9.03,100.39,,,,,,1.355,1.2,2257.5,"Other Oil",,"Combustion turbine",,,,,"SIPNOX"
"CT","Middletown",562,"10",352,,2020,14,8.58,101.85,,,,,,1.287,1.2,2145,"Other Oil",,"Combustion turbine",,,,,"SIPNOX"
"CT","Middletown",562,"12",90357,,2020,29,20.54,710.21,,0.004,0.0013,549.068,0.0772,0.027,0.0077,7163.354,"Diesel Oil","Pipeline Natural Gas","Combustion turbine",,"Selective Catalytic Reduction|Water Injection",,,"ARP, RGGI, SIPNOX"
"CT","Middletown",562,"13",90358,,2020,53,37.13,1173.49,,0.009,0.0015,1032.209,0.0794,0.064,0.0097,13036.181,"Diesel Oil","Pipeline Natural Gas","Combustion turbine",,"Selective Catalytic Reduction|Water Injection",,,"ARP, RGGI, SIPNOX"
"CT","Middletown",562,"14",90359,,2020,51,31.44,1091,,0.007,0.0014,859.908,0.0776,0.056,0.0109,11031.383,"Diesel Oil","Pipeline Natural Gas","Combustion turbine",,"Selective Catalytic Reduction|Water Injection",,,"ARP, RGGI, SIPNOX"
"CT","Middletown",562,"15",90476,,2020,44,30.05,920.76,,0.006,0.0014,753.084,0.0771,0.033,0.0068,9685.904,"Diesel Oil","Pipeline Natural Gas","Combustion turbine",,"Water Injection|Selective Catalytic Reduction",,,"ARP, RGGI, SIPNOX"
"CT","Middletown",562,"2",353,,2020,1848,1824.77,113578.46,,3.346,0.0093,67856.582,0.059,51.632,0.0808,1144696.678,"Pipeline Natural Gas","Residual Oil","Dry bottom wall-fired boiler",,"Overfire Air|Selective Non-catalytic Reduction","Electrostatic Precipitator",,"ARP, RGGI, SIPNOX"
"CT","Middletown",562,"3",354,,2020,1538,1521.44,186634.12,,5.314,0.0068,114293.116,0.059,148.586,0.1412,1927918.034,"Pipeline Natural Gas","Residual Oil","Cyclone boiler",,"Water Injection|Selective Non-catalytic Reduction","Electrostatic Precipitator",,"ARP, RGGI, SIPNOX"
"CT","Middletown",562,"4",355,,2020,131,119.17,19216.37,,44.845,0.2704,26193.771,0.081,32.512,0.1745,323620.504,"Residual Oil",,"Tangentially-fired",,,,,"ARP, MATS, RGGI, SIPNOX"
"CT","South Meadow Station",563,"11A",357,,2020,41,22.55,285.13,,,,397.5,0.0804,1.816,0.7199,4910.5,"Diesel Oil",,"Combustion turbine",,,,,"RGGI, SIPNOX"
"CT","South Meadow Station",563,"11B",358,,2020,41,22.33,284.27,,,,395.4,0.0801,1.86,0.7418,4884.5,"Diesel Oil",,"Combustion turbine",,,,,"RGGI, SIPNOX"
"CT","South Meadow Station",563,"12A",360,,2020,17,6.73,93.31,,,,127.3,0.0817,0.609,0.7421,1569.8,"Diesel Oil",,"Combustion turbine",,,,,"RGGI, SIPNOX"
"CT","South Meadow Station",563,"12B",361,,2020,17,6.73,93.31,,,,127.3,0.0817,0.591,0.7255,1569.8,"Diesel Oil",,"Combustion turbine",,,,,"RGGI, SIPNOX"
"CT","South Meadow Station",563,"13A",363,,2020,21,8.65,118.8,,,,157.9,0.0862,0.805,0.7808,1950.1,"Diesel Oil",,"Combustion turbine",,,,,"RGGI, SIPNOX"
"CT","South Meadow Station",563,"13B",364,,2020,21,8.65,118.8,,,,157.9,0.0862,0.798,0.7752,1950.1,"Diesel Oil",,"Combustion turbine",,,,,"RGGI, SIPNOX"
"CT","South Meadow Station",563,"14A",365,,2020,27,13.24,159.8,,,,226.3,0.0824,1.05,0.7414,2794,"Diesel Oil",,"Combustion turbine",,,,,"RGGI, SIPNOX"
"CT","South Meadow Station",563,"14B",366,,2020,27,13.02,158.3,,,,222.6,0.0824,1.027,0.7323,2747,"Diesel Oil",,"Combustion turbine",,,,,"RGGI, SIPNOX"
"FL","Curtis H. Stanton Energy Center",564,"1",368,,2020,6531,6517.78,1997445.96,,844.058,0.096,1845066.757,0.0961,2446.008,0.2452,18724816.61,"Coal","Pipeline Natural Gas","Dry bottom wall-fired boiler","Wet Lime FGD","Low NOx Burner Technology (Dry Bottom only)","Electrostatic Precipitator",,"ARP, MATS"
"FL","Curtis H. Stanton Energy Center",564,"2",369,,2020,7469,7457.13,2441525.75,,1395.429,0.0892,2383638.632,0.0961,1853.8,0.1498,24482518.808,"Coal","Other Gas, Pipeline Natural Gas","Dry bottom wall-fired boiler","Wet Lime FGD","Low NOx Burner Technology (Dry Bottom only)|Selective Catalytic Reduction","Electrostatic Precipitator",,"ARP, MATS"
"FL","Curtis H. Stanton Energy Center",564,"CCB",90549,,2020,7196,7187.54,1485754.29,,6.746,0.0019,689198.508,0.059,23.786,0.0047,11594804.265,"Pipeline Natural Gas","Diesel Oil","Combined cycle",,"Dry Low NOx Burners|Water Injection|Selective Catalytic Reduction",,,"ARP"
"CT","Torrington Terminal",565,"10",370,,2020,55,32.06,265.89,,,,,,4.809,1.2,8015,"Other Oil",,"Combustion turbine",,,,,"SIPNOX"
"CT","Bridgeport Harbor Station",568,"BHB3",373,,2020,63,58.59,3774.83,,4.005,0.0724,4944.928,0.105,3.749,0.0952,47149.494,"Coal","Diesel Oil","Tangentially-fired",,"Low NOx Burner Technology w/ Separated OFA","Electrostatic Precipitator",,"ARP, MATS, RGGI, SIPNOX"
"CT","Bridgeport Harbor Station",568,"BHB4",374,,2020,15,7.34,98.79,,,,,,0.404,0.7049,1148,"Other Oil",,"Combustion turbine",,,,,"SIPNOX"
"CT","Bridgeport Harbor Station",568,"BHB5",91155,,2020,8332,8325.67,3716227.85,,7.159,0.001,1418152.989,0.059,72.133,0.0061,23863125.926,"Pipeline Natural Gas","Diesel Oil","Combined cycle",,"Dry Low NOx Burners|Water Injection|Selective Catalytic Reduction",,,"ARP, RGGI, SIPNOX"
"CT","Norwich",581,"TRBINE",5083,,2020,16,11.96,171.78,,,,,,1.787,1.2001,2978,"Diesel Oil",,"Combustion turbine",,,,,"SIPNOX"
"VT","J C McNeil",589,"1",377,,2020,5204,5177.75,259501.25,,1.107,0.0009,384304.775,0.1022,123.907,0.0647,3675110.2,"Wood","Diesel Oil, Pipeline Natural Gas","Other boiler",,"Other","Cyclone|Electrostatic Precipitator",,"ARP"
"DE","Christiana Substation",591,"11",378,,2020,4,2.8,39.2,,,,79.7,0.0805,0.128,0.2588,985,"Diesel Oil",,"Combustion turbine",,"Water Injection",,,"RGGI, SIPNOX"
"DE","Christiana Substation",591,"14",379,,2020,3,1.7,18,,,,55.9,0.081,0.089,0.5353,690,"Diesel Oil",,"Combustion turbine",,"Water Injection",,,"RGGI, SIPNOX"
"DE","Delaware City",592,"10",380,,2020,3,2.7,23.7,,,,,,0.056,0.242,459,"Diesel Oil",,"Combustion turbine",,"Water Injection",,,"SIPNOX"
"DE","Edge Moor",593,"10",381,,2020,5,4.6,17.9,,,,,,0.08,0.229,696,"Diesel Oil",,"Combustion turbine",,"Water Injection",,,"SIPNOX"
"DE","Edge Moor",593,"3",382,,2020,694,657.82,29936.76,,0.11,0.0009,21215.404,0.0591,11.393,0.0582,357880.257,"Pipeline Natural Gas","Residual Oil","Tangentially-fired",,"Selective Non-catalytic Reduction","Electrostatic Precipitator",,"ARP, RGGI, SIPNOX"
"DE","Edge Moor",593,"4",383,,2020,723,703.06,65637.57,,0.199,0.001,38434.217,0.059,15.831,0.0476,648380.372,"Pipeline Natural Gas","Residual Oil","Tangentially-fired",,"Low NOx Burner Technology w/ Separated OFA","Electrostatic Precipitator",,"ARP, RGGI, SIPNOX"
"DE","Edge Moor",593,"5",384,,2020,764,729.01,96278.95,,7.724,0.0053,64296.122,0.0592,40.039,0.0624,1073135.156,"Residual Oil","Pipeline Natural Gas","Dry bottom wall-fired boiler",,"Low NOx Burner Technology w/ Overfire Air","Cyclone",,"ARP, MATS, RGGI, SIPNOX"
"DE","Indian River",594,"10",386,,2020,40,28.47,360.41,,,,,,1.277,0.2451,10420,"Diesel Oil",,"Combustion turbine",,"Water Injection",,,"SIPNOX"
"DE","Indian River",594,"4",389,,2020,838,822.76,157155.46,,275.872,0.4799,163735.061,0.1028,75.354,0.0989,1595859.735,"Coal",,"Dry bottom turbo-fired boiler","Dry Lime FGD","Low NOx Burner Technology w/ Overfire Air|Selective Non-catalytic Reduction|Selective Catalytic Reduction","Electrostatic Precipitator",,"ARP, MATS, RGGI, SIPNOX"
"DE","West Substation",597,"10",391,,2020,7,5.81,44.91,,,,,,0.139,0.2224,1243,"Diesel Oil",,"Combustion turbine",,"Water Injection",,,"SIPNOX"
"DE","McKee Run",599,"3",394,,2020,244,226.94,4992.75,,0.019,0.001,3798.229,0.0593,4.436,0.0711,63914.228,"Pipeline Natural Gas","Diesel Oil","Dry bottom wall-fired boiler",,"Low NOx Burner Technology w/ Overfire Air",,,"ARP, RGGI, SIPNOX"
"MD","Brandon Shores",602,"1",395,,2020,2076,2060.91,678634.95,,419.753,0.0904,752734.874,0.1029,312.427,0.0872,7336592.272,"Coal",,"Dry bottom wall-fired boiler","Wet Lime FGD","Low NOx Burner Technology w/ Overfire Air|Selective Catalytic Reduction","Cyclone|Baghouse",,"ARP, CSNOX, CSOSG2, CSSO2G1, MATS, RGGI"
"MD","Brandon Shores",602,"2",396,,2020,1605,1589.12,469305.71,,266.894,0.082,497663.057,0.103,190.532,0.0772,4850517.885,"Coal",,"Dry bottom wall-fired boiler","Wet Limestone","Low NOx Burner Technology w/ Overfire Air|Selective Catalytic Reduction","Cyclone|Baghouse",,"ARP, CSNOX, CSOSG2, CSSO2G1, MATS, RGGI"
"WA","Fredonia Generating Station",607,"CT3",9183,,2020,454,367.68,17773.59,,0.168,0.002,11819.25,0.0608,1.902,0.0401,193444.006,"Natural Gas","Diesel Oil","Combustion turbine",,"Water Injection|Selective Catalytic Reduction",,,"ARP"
"WA","Fredonia Generating Station",607,"CT4",9184,,2020,352,262.98,11697.56,,0.111,0.002,7813.141,0.0606,1.203,0.0379,128077.268,"Natural Gas","Diesel Oil","Combustion turbine",,"Water Injection|Selective Catalytic Reduction",,,"ARP"
"FL","Cape Canaveral",609,"CCCT3A",90801,,2020,5947,5841.42,2172978.05,,4.188,0.001,826856.699,0.0591,54.761,0.0096,13898454.717,"Pipeline Natural Gas","Diesel Oil","Combined cycle",,"Dry Low NOx Burners|Water Injection|Selective Catalytic Reduction",,,"ARP"
"FL","Cape Canaveral",609,"CCCT3B",90802,,2020,6343,6203.07,2271344.2,,4.406,0.001,871034.989,0.0591,59.085,0.0101,14646957.316,"Pipeline Natural Gas","Diesel Oil","Combined cycle",,"Dry Low NOx Burners|Water Injection|Selective Catalytic Reduction",,,"ARP"
"FL","Cape Canaveral",609,"CCCT3C",90803,,2020,5729,5542.96,2034821.12,,3.951,0.001,779406.691,0.0591,56.41,0.0114,13097719.466,"Pipeline Natural Gas","Diesel Oil","Combined cycle",,"Dry Low NOx Burners|Water Injection|Selective Catalytic Reduction",,,"ARP"
"FL","Fort Myers",612,"FMCT2A",403,,2020,7684,7654.74,1779081.29,,3.646,0.001,722198.42,0.059,152.552,0.0259,12152385.377,"Pipeline Natural Gas",,"Combined cycle",,"Dry Low NOx Burners",,,"ARP"
"FL","Fort Myers",612,"FMCT2B",404,,2020,7042,6949.25,1649669.43,,3.35,0.001,663578.393,0.059,153.944,0.0302,11166021.111,"Pipeline Natural Gas",,"Combined cycle",,"Dry Low NOx Burners",,,"ARP"
"FL","Fort Myers",612,"FMCT2C",405,,2020,7105,7041.08,1663750.09,,3.367,0.001,666929.007,0.059,161.215,0.0307,11222337.261,"Pipeline Natural Gas",,"Combined cycle",,"Dry Low NOx Burners",,,"ARP"
"FL","Fort Myers",612,"FMCT2D",406,,2020,7183,7116.78,1687049.67,,3.421,0.001,677649.638,0.059,149.806,0.0282,11402699.675,"Pipeline Natural Gas",,"Combined cycle",,"Dry Low NOx Burners",,,"ARP"
"FL","Fort Myers",612,"FMCT2E",407,,2020,6499,6406.94,1512896.6,,3.102,0.001,614554.229,0.059,147.104,0.0306,10341070.604,"Pipeline Natural Gas",,"Combined cycle",,"Dry Low NOx Burners",,,"ARP"
"FL","Fort Myers",612,"FMCT2F",408,,2020,6683,6622.45,1558645.2,,3.174,0.001,628710.108,0.059,142.674,0.0292,10579238.686,"Pipeline Natural Gas",,"Combined cycle",,"Dry Low NOx Burners",,,"ARP"
"FL","Fort Myers",612,"PFM3A",411,,2020,103,76.43,10054.92,,0.152,0.0049,6606.573,0.0608,2.328,0.0578,109386.74,"Pipeline Natural Gas","Diesel Oil","Combustion turbine",,"Dry Low NOx Burners|Water Injection",,,"ARP"
"FL","Fort Myers",612,"PFM3B",412,,2020,171,136.89,18835.44,,0.3,0.0067,11766.202,0.0617,4.765,0.0729,194394.307,"Pipeline Natural Gas","Diesel Oil","Combustion turbine",,"Dry Low NOx Burners|Water Injection",,,"ARP"
"FL","Fort Myers",612,"PFM3C",91055,,2020,287,237.34,38323.77,,0.901,0.005,24847.255,0.0608,7.469,0.0415,406529.61,"Pipeline Natural Gas","Diesel Oil","Combustion turbine",,"Dry Low NOx Burners|Water Injection",,,"ARP"
"FL","Fort Myers",612,"PFM3D",91054,,2020,281,232.3,36273.2,,0.916,0.005,24573.735,0.0608,7.259,0.0409,401677.667,"Pipeline Natural Gas","Diesel Oil","Combustion turbine",,"Dry Low NOx Burners|Water Injection",,,"ARP"
"FL","Lauderdale",613,"PFL6A",91056,,2020,347,277.22,48356.23,,0.152,0.001,29907.526,0.0593,7.809,0.0382,501819.246,"Pipeline Natural Gas","Diesel Oil","Combustion turbine",,"Dry Low NOx Burners|Water Injection",,,"ARP"
"FL","Lauderdale",613,"PFL6B",91057,,2020,353,290.41,51507.08,,0.16,0.001,31465.963,0.0594,7.918,0.0351,528115.074,"Pipeline Natural Gas","Diesel Oil","Combustion turbine",,"Dry Low NOx Burners|Water Injection",,,"ARP"
"FL","Lauderdale",613,"PFL6C",91058,,2020,412,332,56395.6,,0.178,0.001,35019.886,0.0593,8.943,0.0374,587791.846,"Pipeline Natural Gas","Diesel Oil","Combustion turbine",,"Dry Low NOx Burners|Water Injection",,,"ARP"
"FL","Lauderdale",613,"PFL6D",91059,,2020,706,578.07,93115.31,,0.319,0.001,62660.617,0.0593,16.143,0.0383,1051609.067,"Pipeline Natural Gas","Diesel Oil","Combustion turbine",,"Dry Low NOx Burners|Water Injection",,,"ARP"
"FL","Lauderdale",613,"PFL6E",91060,,2020,815,681.96,117746.74,,0.364,0.001,71665.662,0.0592,17.984,0.0351,1203208.756,"Pipeline Natural Gas","Diesel Oil","Combustion turbine",,"Dry Low NOx Burners|Water Injection",,,"ARP"
"FL","Port Everglades",617,"PECT5A",91022,,2020,6201,6127.41,2252508.41,,4.261,0.001,843127.534,0.059,50.219,0.0078,14182461.537,"Pipeline Natural Gas","Diesel Oil","Combined cycle",,"Dry Low NOx Burners|Water Injection|Selective Catalytic Reduction",,,"ARP"
"FL","Port Everglades",617,"PECT5B",91023,,2020,5979,5899.09,2113799.82,,3.984,0.001,789066.124,0.059,47.668,0.0081,13276509.918,"Pipeline Natural Gas","Diesel Oil","Combined cycle",,"Dry Low NOx Burners|Water Injection|Selective Catalytic Reduction",,,"ARP"
"FL","Port Everglades",617,"PECT5C",91021,,2020,5979,5851.33,2110047.21,,4.012,0.001,793147.703,0.0591,50.571,0.0091,13337358.335,"Pipeline Natural Gas","Diesel Oil","Combined cycle",,"Dry Low NOx Burners|Water Injection|Selective Catalytic Reduction",,,"ARP"
"FL","Riviera Beach Energy Center",619,"RBCT5A",90798,,2020,5653,5494.26,2082491.03,,3.937,0.001,777623.178,0.0591,57.373,0.0123,13072824.734,"Pipeline Natural Gas","Diesel Oil","Combined cycle",,"Dry Low NOx Burners|Water Injection|Selective Catalytic Reduction",,,"ARP"
"FL","Riviera Beach Energy Center",619,"RBCT5B",90799,,2020,5897,5709.7,2116564.41,,3.989,0.001,784852.069,0.0592,57.976,0.0119,13177709.814,"Pipeline Natural Gas","Diesel Oil","Combined cycle",,"Dry Low NOx Burners|Water Injection|Selective Catalytic Reduction",,,"ARP"
"FL","Riviera Beach Energy Center",619,"RBCT5C",90800,,2020,6689,6569.79,2459385.77,,4.61,0.001,912014.646,0.059,59.784,0.0095,15340025.46,"Pipeline Natural Gas","Diesel Oil","Combined cycle",,"Dry Low NOx Burners|Water Injection|Selective Catalytic Reduction",,,"ARP"
"FL","Sanford",620,"SNCT4A",429,,2020,5079,4947.05,1076405.33,,2.226,0.001,440961.342,0.059,104.823,0.03,7419983.044,"Pipeline Natural Gas",,"Combined cycle",,"Dry Low NOx Burners",,,"ARP"
"FL","Sanford",620,"SNCT4B",430,,2020,5168,5084.1,1112411.13,,2.299,0.001,455366.54,0.059,109.181,0.0295,7662411.231,"Pipeline Natural Gas",,"Combined cycle",,"Dry Low NOx Burners",,,"ARP"
"FL","Sanford",620,"SNCT4C",431,,2020,4977,4881.98,1069525.02,,2.2,0.001,435763.323,0.059,104.96,0.0305,7332554.935,"Pipeline Natural Gas",,"Combined cycle",,"Dry Low NOx Burners",,,"ARP"
"FL","Sanford",620,"SNCT4D",432,,2020,5969,5867.51,1250435.45,,2.602,0.001,515426.127,0.059,119.267,0.0289,8672981.628,"Pipeline Natural Gas",,"Combined cycle",,"Dry Low NOx Burners",,,"ARP"
"FL","Sanford",620,"SNCT5A",433,,2020,6437,6279.2,1354152.64,,2.802,0.001,555122.94,0.059,132.201,0.03,9340946.328,"Pipeline Natural Gas",,"Combined cycle",,"Dry Low NOx Burners",,,"ARP"
"FL","Sanford",620,"SNCT5B",434,,2020,6234,6083.38,1319797.55,,2.696,0.001,533956.431,0.059,133.169,0.0312,8984898.084,"Pipeline Natural Gas",,"Combined cycle",,"Dry Low NOx Burners",,,"ARP"
"FL","Sanford",620,"SNCT5C",435,,2020,5931,5791.42,1250472.01,,2.582,0.001,511464.322,0.059,123.272,0.0304,8606392.886,"Pipeline Natural Gas",,"Combined cycle",,"Dry Low NOx Burners",,,"ARP"
"FL","Sanford",620,"SNCT5D",436,,2020,6858,6718.31,1445550.17,,2.986,0.001,591522.482,0.059,145.873,0.0306,9953482.69,"Pipeline Natural Gas",,"Combined cycle",,"Dry Low NOx Burners",,,"ARP"
"FL","Turkey Point",621,"TPCT5A",89540,,2020,6906,6771.23,1613497.1,,3.32,0.001,641653.722,0.0591,40.936,0.009,10790558.53,"Pipeline Natural Gas","Diesel Oil","Combined cycle",,"Dry Low NOx Burners|Water Injection|Ammonia Injection|Selective Catalytic Reduction",,,"ARP"
"FL","Turkey Point",621,"TPCT5B",89541,,2020,7205,7129.87,1705042.28,,3.416,0.001,673400.695,0.059,41.53,0.0082,11329972.149,"Pipeline Natural Gas","Diesel Oil","Combined cycle",,"Dry Low NOx Burners|Water Injection|Ammonia Injection|Selective Catalytic Reduction",,,"ARP"
"FL","Turkey Point",621,"TPCT5C",89542,,2020,7010,6894.98,1634677.4,,3.275,0.001,647247.111,0.059,40.108,0.0085,10890663.588,"Pipeline Natural Gas","Diesel Oil","Combined cycle",,"Dry Low NOx Burners|Water Injection|Ammonia Injection|Selective Catalytic Reduction",,,"ARP"
"FL","Turkey Point",621,"TPCT5D",89543,,2020,6886,6750.12,1613027.89,,3.236,0.001,637712.588,0.059,40.415,0.009,10729428.873,"Pipeline Natural Gas","Diesel Oil","Combined cycle",,"Dry Low NOx Burners|Water Injection|Ammonia Injection|Selective Catalytic Reduction",,,"ARP"
"FL","Crystal River",628,"1GTA",91095,,2020,7780,7759.38,2928827.06,,5.86,0.001,1160765.108,0.059,495.653,0.0517,19532082.549,"Pipeline Natural Gas",,"Combined cycle",,"Selective Catalytic Reduction",,,"ARP, NSPS4T"
"FL","Crystal River",628,"1GTB",91096,,2020,7756,7737.37,2927116.49,,5.862,0.001,1161129.487,0.059,517.607,0.0539,19538252.561,"Pipeline Natural Gas",,"Combined cycle",,"Selective Catalytic Reduction",,,"ARP, NSPS4T"
"FL","Crystal River",628,"2GTA",91097,,2020,8097,8085.13,3048045.4,,6.078,0.001,1203926.501,0.059,535.293,0.0538,20258409.572,"Pipeline Natural Gas",,"Combined cycle",,"Selective Catalytic Reduction",,,"ARP, NSPS4T"
"FL","Crystal River",628,"2GTB",91098,,2020,7993,7977.95,3038057.18,,6.062,0.001,1200893.517,0.059,477.733,0.0484,20207407.021,"Pipeline Natural Gas",,"Combined cycle",,"Selective Catalytic Reduction",,,"ARP, NSPS4T"
"FL","Crystal River",628,"4",442,,2020,3615,3597.49,1460690.3,,1045.177,0.1395,1562870.419,0.1029,371.23,0.056,15232650.221,"Coal",,"Dry bottom wall-fired boiler","Wet Limestone","Low NOx Burner Technology (Dry Bottom only)|Selective Catalytic Reduction","Wet Scrubber|Electrostatic Precipitator",,"ARP, MATS"
"FL","Crystal River",628,"5",443,,2020,5444,5431.73,2199885.39,,1587.839,0.1965,2267613.398,0.103,567.927,0.0555,22101474.755,"Coal",,"Dry bottom wall-fired boiler","Wet Lime FGD","Low NOx Burner Technology (Dry Bottom only)|Selective Catalytic Reduction","Wet Scrubber|Electrostatic Precipitator",,"ARP, MATS"
"FL","P L Bartow",634,"4A",90418,,2020,7323,7285.9,1738868.84,,3.784,0.001,753762.111,0.059,202.624,0.0328,12683453.448,"Pipeline Natural Gas","Diesel Oil","Combined cycle",,"Dry Low NOx Burners|Water Injection|Selective Catalytic Reduction",,,"ARP"
"FL","P L Bartow",634,"4B",90416,,2020,7335,7307.23,1711369.17,,3.846,0.001,763038.891,0.059,200.452,0.0319,12839607.588,"Pipeline Natural Gas","Diesel Oil","Combined cycle",,"Dry Low NOx Burners|Water Injection|Selective Catalytic Reduction",,,"ARP"
"FL","P L Bartow",634,"4C",90417,,2020,7384,7351.52,1794320.55,,3.88,0.001,770713.915,0.059,210.999,0.0333,12968728.29,"Pipeline Natural Gas","Diesel Oil","Combined cycle",,"Dry Low NOx Burners|Water Injection|Selective Catalytic Reduction",,,"ARP"
"FL","P L Bartow",634,"4D",90419,,2020,7309,7278.65,1761667.74,,3.819,0.001,757673.296,0.059,203.093,0.0324,12749337.996,"Pipeline Natural Gas","Diesel Oil","Combined cycle",,"Dry Low NOx Burners|Water Injection|Selective Catalytic Reduction",,,"ARP"
"FL","Gulf Clean Energy Center",641,"4",459,"CS1BYP, CS1FGD",2020,570,566.53,23620,,0.49,0.0052,15822.804,0.0601,10.824,0.0806,265186.772,"Coal, Pipeline Natural Gas","Diesel Oil, Other Oil, Other Solid Fuel, Pipeline Natural Gas","Tangentially-fired","Wet Limestone","Other|Selective Non-catalytic Reduction","Electrostatic Precipitator",,"ARP, MATS"
"FL","Gulf Clean Energy Center",641,"5",460,"CS1BYP, CS1FGD",2020,22,20.57,121.89,,0.002,0.0055,325.594,0.588,0.245,0.8579,1639.592,"Coal, Pipeline Natural Gas","Diesel Oil, Other Oil, Other Solid Fuel, Pipeline Natural Gas","Tangentially-fired","Wet Limestone","Other|Selective Non-catalytic Reduction","Electrostatic Precipitator",,"ARP, MATS"
"FL","Gulf Clean Energy Center",641,"6",461,"CS1FGD, CS2BYP",2020,3052,3034.37,512370.13,,285.807,0.0721,522597.228,0.0846,1057.774,0.1478,6487884.183,"Coal, Pipeline Natural Gas","Diesel Oil, Other Oil, Pipeline Natural Gas","Dry bottom wall-fired boiler","Wet Limestone","Low NOx Burner Technology (Dry Bottom only)|Selective Catalytic Reduction","Electrostatic Precipitator",,"ARP, MATS"
"FL","Gulf Clean Energy Center",641,"7",462,"CS1FGD, CS2BYP",2020,2633,2614.94,770901.77,,389.947,0.1238,724736.336,0.0934,542.947,0.1288,7731651.557,"Coal, Pipeline Natural Gas","Diesel Oil, Other Oil, Pipeline Natural Gas","Dry bottom wall-fired boiler","Wet Limestone","Low NOx Burner Technology (Dry Bottom only)|Selective Catalytic Reduction","Electrostatic Precipitator",,"ARP, MATS"
"FL","Lansing Smith Generating Plant",643,"4",8284,,2020,8231,8224.26,2498273.66,,1.941,0.0002,1037647.82,0.059,240.443,0.0281,17460426.46,"Natural Gas, Pipeline Natural Gas",,"Combined cycle",,"Dry Low NOx Burners",,,"ARP"
"FL","Lansing Smith Generating Plant",643,"5",8286,,2020,8247,8239.45,2560722.25,,1.958,0.0002,1055919.69,0.059,241.686,0.0273,17767896.923,"Natural Gas, Pipeline Natural Gas",,"Combined cycle",,"Dry Low NOx Burners",,,"ARP"
"FL","Big Bend",645,"BB01",467,"CS0W1",2020,542,538.11,71102.78,,0.261,0.001,51743.176,0.059,40.981,0.096,870681.318,"Pipeline Natural Gas",,"Wet bottom turbo-fired boiler",,"Ammonia Injection (Retired Jun 01, 2020)|Selective Catalytic Reduction (Retired Jun 01, 2020)|Other (Retired Jun 01, 2020)",,,"ARP"
"FL","Big Bend",645,"BB02",468,"CS0W1",2020,4282,4268.76,767094.35,,2.639,0.001,522689.736,0.059,318.267,0.0695,8795255.189,"Pipeline Natural Gas",,"Wet bottom turbo-fired boiler",,"Ammonia Injection|Selective Catalytic Reduction|Other",,,"ARP"
"FL","Big Bend",645,"BB03",469,,2020,5963,5953.57,1333466.44,,58.64,0.0087,1060665.698,0.059,797.374,0.0869,17892697.083,"Pipeline Natural Gas","Coal","Wet bottom turbo-fired boiler","Wet Limestone","Other|Ammonia Injection|Selective Catalytic Reduction","Electrostatic Precipitator",,"ARP, MATS"
"FL","Big Bend",645,"BB04",470,,2020,4600,4581.03,1151527.62,,790.429,0.1201,1211616.44,0.093,469.232,0.072,12600304.58,"Coal","Pipeline Natural Gas","Tangentially-fired","Wet Limestone","Low NOx Burner Technology w/ Separated OFA|Ammonia Injection|Selective Catalytic Reduction","Electrostatic Precipitator",,"ARP, MATS"
"FL","Big Bend",645,"CT4A",90409,,2020,235,179.12,4536.86,,0.015,0.001,2946.968,0.0591,2.156,0.0994,49590.936,"Pipeline Natural Gas","Diesel Oil","Combustion turbine",,"Water Injection",,,"ARP"
"FL","Big Bend",645,"CT4B",90479,,2020,232,175.25,4524.52,,0.015,0.001,2944.36,0.0593,2.164,0.0973,49547.699,"Pipeline Natural Gas","Diesel Oil","Combustion turbine",,"Water Injection",,,"ARP"
"FL","Deerhaven",663,"B1",486,,2020,7375,7361.07,283127.57,,2.775,0.0014,192111.414,0.0592,238.845,0.1474,3231734.484,"Pipeline Natural Gas","Residual Oil","Dry bottom wall-fired boiler",,,,,"ARP"
"FL","Deerhaven",663,"B2",487,,2020,6194,6185.75,464893.35,,361.912,0.1416,428341.25,0.0852,675.937,0.2663,4994000.359,"Coal","Pipeline Natural Gas","Dry bottom wall-fired boiler","Dry Lime FGD","Selective Catalytic Reduction|Overfire Air","Electrostatic Precipitator",,"ARP, MATS"
"FL","Deerhaven",663,"CT3",488,,2020,72,49.82,2329.96,,0.01,0.001,1950.14,0.0592,0.546,0.054,32815.304,"Pipeline Natural Gas","Diesel Oil","Combustion turbine",,"Dry Low NOx Burners|Water Injection",,,"ARP"
"FL","J R Kelly",664,"CC1",489,,2020,8003,7986.07,833397.33,,2.075,0.001,410986.712,0.059,85.367,0.0251,6915963.718,"Pipeline Natural Gas","Diesel Oil","Combined cycle",,"Dry Low NOx Burners",,,"ARP"
"FL","J D Kennedy",666,"7",493,,2020,693,594.94,75981.9,,0.254,0.0011,47345.611,0.0592,14.686,0.0449,794762.022,"Pipeline Natural Gas","Diesel Oil","Combustion turbine",,"Dry Low NOx Burners|Water Injection",,,"ARP"
"FL","J D Kennedy",666,"CT8",90118,,2020,447,381.71,50987.73,,0.159,0.001,30106.013,0.0591,9.586,0.0486,505683.766,"Pipeline Natural Gas","Diesel Oil","Combustion turbine",,"Dry Low NOx Burners|Water Injection",,,"ARP"
"FL","Northside",667,"1A",497,,2020,7426,7419.66,1752480.07,,1445.961,0.15,1966413.086,0.1011,688.131,0.0684,19330705.781,"Coal","Petroleum Coke","Circulating fluidized bed boiler","Dry Lime FGD","Selective Non-catalytic Reduction","Baghouse",,"ARP, MATS"
"FL","Northside",667,"2A",499,,2020,4767,4759.72,1137501.73,,838.823,0.1445,1177099.375,0.1021,309.584,0.053,11380247.604,"Coal","Petroleum Coke","Circulating fluidized bed boiler","Dry Lime FGD","Selective Non-catalytic Reduction","Baghouse",,"ARP, MATS"
"FL","Northside",667,"3",500,,2020,7931,7907.34,2189171.27,,23.789,0.0021,1480209.061,0.059,2214.558,0.1538,24960529.068,"Pipeline Natural Gas","Other Gas, Residual Oil","Dry bottom wall-fired boiler",,"Low NOx Burner Technology (Dry Bottom only)",,,"ARP"
"FL","Tom G Smith",673,"S-3",507,,2020,24,17.34,136.68,,0,0.0004,57.174,0.0326,0.114,0.1075,966.052,"Pipeline Natural Gas","Residual Oil","Dry bottom wall-fired boiler",,,,,"ARP"
"FL","Charles Larsen Memorial Power Plant",675,"**8",509,,2020,2195,2155.79,102846.12,,0.436,0.001,86352.363,0.0591,36.219,0.0491,1452965.512,"Pipeline Natural Gas","Diesel Oil","Combined cycle",,"Water Injection",,,"ARP"
"FL","C D McIntosh Jr Power Plant",676,"2",513,,2020,0,0,,,,,,,,,,"Residual Oil","Pipeline Natural Gas","Dry bottom wall-fired boiler",,"Combustion Modification/Fuel Reburning",,,"ARP, MATS"
"FL","C D McIntosh Jr Power Plant",676,"3",514,,2020,3499,3486.92,752537.87,,579.498,0.1333,738498.674,0.0943,698.786,0.1903,7606615.223,"Coal","Pipeline Natural Gas","Dry bottom wall-fired boiler","Wet Limestone","Low NOx Burner Technology (Dry Bottom only)","Electrostatic Precipitator",,"ARP, MATS"
"FL","C D McIntosh Jr Power Plant",676,"5",515,,2020,6772,6755.63,1257107.56,,4.188,0.001,829635.926,0.059,165.067,0.0242,13960184.528,"Pipeline Natural Gas",,"Combined cycle",,"Selective Catalytic Reduction",,,"ARP"
"FL","C D McIntosh Jr Power Plant",676,"MGT2",91344,,2020,327,257.4,19713.53,,0.079,0.0009,15383.793,0.0598,18.584,0.1555,253971.916,"Pipeline Natural Gas","Diesel Oil","Combustion turbine (Started Mar 26, 2020)",,"Water Injection",,,"ARP"
"FL","Indian River (683)",683,"**C",516,,2020,250,198.34,9442.18,,0.21,0.005,8649.5,0.0592,5.312,0.0727,145434.089,"Pipeline Natural Gas","Diesel Oil","Combustion turbine",,"Water Injection",,,"ARP"
"FL","Indian River (683)",683,"**D",517,,2020,327,255.89,12117.32,,0.753,0.0065,11043.138,0.0592,5.956,0.0661,185374.523,"Pipeline Natural Gas","Diesel Oil","Combustion turbine",,"Water Injection",,,"ARP"
"FL","Arvah B Hopkins",688,"2A",89683,,2020,8016,7996.96,1349753.72,,3.144,0.001,622770.263,0.059,92.72,0.0185,10479226.894,"Pipeline Natural Gas","Diesel Oil","Combined cycle",,"Dry Low NOx Burners|Water Injection|Selective Catalytic Reduction",,,"ARP"
"FL","Arvah B Hopkins",688,"HC3",89526,,2020,938,803.02,28036.19,,0.352,0.0038,16689.755,0.0593,2.304,0.0208,280631.853,"Pipeline Natural Gas","Diesel Oil","Combustion turbine",,"Water Injection|Selective Catalytic Reduction",,,"ARP"
"FL","Arvah B Hopkins",688,"HC4",89527,,2020,936,815.27,29590.05,,0.503,0.0053,17655.261,0.0593,2.752,0.0236,296780.313,"Pipeline Natural Gas","Diesel Oil","Combustion turbine",,"Water Injection|Selective Catalytic Reduction",,,"ARP"
"FL","S O Purdom",689,"8",521,,2020,6493,6482.63,663197.29,,2.507,0.0012,395280.832,0.059,93.958,0.0289,6650960.348,"Pipeline Natural Gas","Diesel Oil","Combined cycle",,"Dry Low NOx Burners|Water Injection",,,"ARP"
"GA","Bowen",703,"1BLR",534,"MS1BYP, MS1FGD",2020,3674,3662.5,1844933.7,,1318.322,0.1415,1873754.357,0.103,822.443,0.0946,18262714.485,"Coal",,"Tangentially-fired","Wet Lime FGD","Low NOx Burner Technology w/ Separated OFA|Selective Catalytic Reduction","Electrostatic Precipitator","Additives to Enhance PAC and Existing Equipment Performance|Halogenated PAC Sorbent Injection","ARP, CSNOX, CSOSG1, CSSO2G2, MATS"
"GA","Bowen",703,"2BLR",535,"MS2BYP, MS2FGD",2020,4773,4761.85,2471838.55,,1617.093,0.1343,2421310.696,0.103,1507.066,0.131,23599508.6,"Coal",,"Tangentially-fired","Wet Lime FGD","Low NOx Burner Technology w/ Separated OFA|Selective Catalytic Reduction","Electrostatic Precipitator","Additives to Enhance PAC and Existing Equipment Performance|Halogenated PAC Sorbent Injection","ARP, CSNOX, CSOSG1, CSSO2G2, MATS"
"GA","Bowen",703,"3BLR",536,"MS3BYP, MS3FGD",2020,3009,2997.73,1938911.09,,1459.744,0.1541,1891373.788,0.103,1243.281,0.1369,18434425.168,"Coal",,"Tangentially-fired","Wet Lime FGD","Low NOx Burner Technology w/ Separated OFA|Selective Catalytic Reduction","Electrostatic Precipitator","Additives to Enhance PAC and Existing Equipment Performance","ARP, CSNOX, CSOSG1, CSSO2G2, MATS"
"GA","Bowen",703,"4BLR",537,"MS4BYP, MS4FGD",2020,3819,3808.89,2505769.35,,1702.696,0.1369,2490782.042,0.103,1245.559,0.106,24276640.188,"Coal",,"Tangentially-fired","Wet Lime FGD","Low NOx Burner Technology w/ Separated OFA|Selective Catalytic Reduction","Electrostatic Precipitator","Additives to Enhance PAC and Existing Equipment Performance|Halogenated PAC Sorbent Injection","ARP, CSNOX, CSOSG1, CSSO2G2, MATS"
"GA","Jack McDonough",710,"3AA",90360,,2020,16,16,51,,0.005,0.1013,,,0.102,0.7938,277.9,"Diesel Oil","Pipeline Natural Gas","Combustion turbine",,,,,"CSNOX, CSOSG1, CSSO2G2"
"GA","Jack McDonough",710,"3AB",90361,,2020,17,17,56,,0.028,0.0912,,,0.19,0.7864,461,"Diesel Oil","Pipeline Natural Gas","Combustion turbine",,,,,"CSNOX, CSOSG1, CSSO2G2"
"GA","Jack McDonough",710,"3BA",90363,,2020,5,5,14,,0.016,0.1667,,,0.053,0.8667,106,"Diesel Oil","Pipeline Natural Gas","Combustion turbine",,,,,"CSNOX, CSOSG1, CSSO2G2"
"GA","Jack McDonough",710,"3BB",90362,,2020,5,5,12,,0.012,0.1667,,,0.045,0.8667,94,"Diesel Oil","Pipeline Natural Gas","Combustion turbine",,,,,"CSNOX, CSOSG1, CSSO2G2"
"GA","Jack McDonough",710,"4A",90761,,2020,7756,7751.89,3096742.5,,6.139,0.001,1216110.848,0.059,81.691,0.0082,20463408.568,"Pipeline Natural Gas","Diesel Oil","Combined cycle",,"Dry Low NOx Burners|Water Injection|Selective Catalytic Reduction",,,"ARP, CSNOX, CSOSG1, CSSO2G2"
"GA","Jack McDonough",710,"4B",90762,,2020,7660,7647.44,3009332.35,,6.045,0.001,1197439.762,0.059,80.694,0.0083,20149223.858,"Pipeline Natural Gas",,"Combined cycle",,"Dry Low NOx Burners|Selective Catalytic Reduction",,,"ARP, CSNOX, CSOSG1, CSSO2G2"
"GA","Jack McDonough",710,"5A",90763,,2020,8052,8042.18,3125628.28,,6.257,0.001,1239353.869,0.059,82.912,0.0082,20854501.989,"Pipeline Natural Gas","Diesel Oil","Combined cycle",,"Dry Low NOx Burners|Water Injection|Selective Catalytic Reduction",,,"ARP, CSNOX, CSOSG1, CSSO2G2"
"GA","Jack McDonough",710,"5B",90764,,2020,8029,8018.47,3149021.5,,6.679,0.001,1323091.621,0.059,85.53,0.0079,22263488.842,"Pipeline Natural Gas",,"Combined cycle",,"Dry Low NOx Burners|Selective Catalytic Reduction",,,"ARP, CSNOX, CSOSG1, CSSO2G2"
"GA","Jack McDonough",710,"6A",90765,,2020,8570,8562.79,3307002.7,,6.636,0.001,1314428.475,0.059,79.093,0.0072,22117744.207,"Pipeline Natural Gas",,"Combined cycle",,"Dry Low NOx Burners|Selective Catalytic Reduction",,,"ARP, CSNOX, CSOSG1, CSSO2G2"
"GA","Jack McDonough",710,"6B",90766,,2020,8556,8550.62,3286777.13,,6.533,0.001,1294020.242,0.059,78.841,0.0074,21774402.988,"Pipeline Natural Gas",,"Combined cycle",,"Dry Low NOx Burners|Selective Catalytic Reduction",,,"ARP, CSNOX, CSOSG1, CSSO2G2"
"GA","McManus",715,"3A",90262,,2020,25,25,569,,2.074,0.5004,,,4.976,1.2,8293.9,"Diesel Oil",,"Combustion turbine",,,,,"CSNOX, CSOSG1, CSSO2G2"
"GA","McManus",715,"3B",90263,,2020,31,31,657,,2.102,0.5,,,5.044,1.1999,8407.1,"Diesel Oil",,"Combustion turbine",,,,,"CSNOX, CSOSG1, CSSO2G2"
"GA","McManus",715,"3C",90264,,2020,35,35,977,,3.181,0.5,,,7.632,1.1999,12720.9,"Diesel Oil",,"Combustion turbine",,,,,"CSNOX, CSOSG1, CSSO2G2"
"GA","McManus",715,"4A",90265,,2020,21,21,564,,2.025,0.5002,,,4.859,1.1998,8098,"Diesel Oil",,"Combustion turbine",,,,,"CSNOX, CSOSG1, CSSO2G2"
"GA","McManus",715,"4B",90266,,2020,24,24,713,,2.399,0.5002,,,5.756,1.2001,9594,"Diesel Oil",,"Combustion turbine",,,,,"CSNOX, CSOSG1, CSSO2G2"
"GA","McManus",715,"4C",90267,,2020,21,21,551,,1.945,0.5,,,4.667,1.1997,7778,"Diesel Oil",,"Combustion turbine",,,,,"CSNOX, CSOSG1, CSSO2G2"
"GA","McManus",715,"4D",90268,,2020,17,17,524,,1.748,0.5002,,,4.195,1.1999,6992,"Diesel Oil",,"Combustion turbine",,,,,"CSNOX, CSOSG1, CSSO2G2"
"GA","McManus",715,"4E",90270,,2020,18,18,373,,1.169,0.5007,,,2.804,1.2002,4673,"Diesel Oil",,"Combustion turbine",,,,,"CSNOX, CSOSG1, CSSO2G2"
"GA","McManus",715,"4F",90271,,2020,12,12,362,,1.036,0.5,,,2.485,1.2001,4141.9,"Diesel Oil",,"Combustion turbine",,,,,"CSNOX, CSOSG1, CSSO2G2"
"GA","Yates",728,"Y6BR",556,,2020,7696,7684.92,1184832.18,,3.734,0.001,739705.099,0.059,481.796,0.0794,12447005.699,"Pipeline Natural Gas",,"Tangentially-fired",,"Low NOx Burner Technology w/ Separated OFA|Other",,,"ARP, CSNOX, CSOSG1, CSSO2G2"
"GA","Yates",728,"Y7BR",557,,2020,7092,7082.69,1242842.55,,3.772,0.001,747248.511,0.059,443.673,0.0695,12573969.988,"Pipeline Natural Gas",,"Tangentially-fired",,"Low NOx Burner Technology w/ Separated OFA|Other",,,"ARP, CSNOX, CSOSG1, CSSO2G2"
"OK","Ponca",762,"2",565,,2020,0,0,,,,,,,,,,"Pipeline Natural Gas",,"Dry bottom wall-fired boiler",,,,,"ARP, CSOSG2"
"OK","Ponca",762,"3",566,,2020,331,311.45,11899.59,,0.032,0.001,6422.849,0.0593,4.49,0.0895,108072.31,"Pipeline Natural Gas","Diesel Oil","Combined cycle",,"Water Injection",,,"ARP, CSOSG2"
"OK","Ponca",762,"4",89334,,2020,60,49.78,1401.47,,0.005,0.001,907.059,0.0583,0.521,0.0709,15261.409,"Pipeline Natural Gas",,"Combustion turbine",,"Water Injection",,,"ARP, CSOSG2"
"IL","E D Edwards",856,"2",569,,2020,7733,7719.78,1440229.66,,2958.964,0.4142,1518248.367,0.105,1499.539,0.2098,14476089.88,"Coal",,"Dry bottom wall-fired boiler",,"Low NOx Burner Technology (Dry Bottom only)","Electrostatic Precipitator",,"ARP, CSNOX, CSOSG2, CSSO2G1, MATS"
"IL","E D Edwards",856,"3",570,,2020,7409,7384.12,1897455.62,,3573.162,0.3848,1914229.006,0.105,969.194,0.1071,18251625.643,"Coal",,"Dry bottom wall-fired boiler",,"Low NOx Burner Technology (Dry Bottom only)|Selective Catalytic Reduction|Low NOx Burner Technology w/ Overfire Air","Electrostatic Precipitator",,"ARP, CSNOX, CSOSG2, CSSO2G1, MATS"
"IL","Grand Tower Energy Center, LLC",862,"CT01",578,,2020,2399,2368.64,535317.66,,1.597,0.001,316357.358,0.059,190.533,0.0744,5323382.897,"Pipeline Natural Gas",,"Combined cycle",,"Dry Low NOx Burners",,,"ARP, CSNOX, CSOSG2, CSSO2G1"
"IL","Grand Tower Energy Center, LLC",862,"CT02",579,,2020,2779,2745.86,634250.76,,1.817,0.001,359972.174,0.059,235.728,0.081,6057489.767,"Pipeline Natural Gas",,"Combined cycle",,"Dry Low NOx Burners",,,"ARP, CSNOX, CSOSG2, CSSO2G1"
"IL","Joliet 9",874,"5",590,,2020,280,275.5,21370.5,,0.077,0.0007,15255.85,0.0591,12.228,0.0559,257356.525,"Pipeline Natural Gas",,"Cyclone boiler",,"Combustion Modification/Fuel Reburning|Overfire Air|Selective Non-catalytic Reduction","Electrostatic Precipitator",,"ARP, CSNOX, CSOSG2, CSSO2G1"
"IL","Kincaid Generating Station",876,"1",591,"CS0102",2020,2455,2437.79,857396.04,,398.762,0.0785,948288.035,0.105,211.485,0.0651,9041626.251,"Coal",,"Cyclone boiler","Dry Sorbent Injection","Overfire Air|Selective Catalytic Reduction","Electrostatic Precipitator","Additives to Enhance PAC and Existing Equipment Performance","ARP, CSNOX, CSOSG2, CSSO2G1, MATS"
"IL","Kincaid Generating Station",876,"2",592,"CS0102",2020,1954,1938.56,766872.88,,350.228,0.0847,792549.944,0.105,172.566,0.0554,7556734.627,"Coal",,"Cyclone boiler","Dry Sorbent Injection","Overfire Air|Selective Catalytic Reduction","Electrostatic Precipitator","Additives to Enhance PAC and Existing Equipment Performance","ARP, CSNOX, CSOSG2, CSSO2G1, MATS"
"IL","Powerton",879,"51",593,"CS0506",2020,1469,1453.5,364884.25,,222.012,0.1109,451384.317,0.1059,216.849,0.3039,4243852.5,"Coal",,"Cyclone boiler",,"Overfire Air|Selective Non-catalytic Reduction","Electrostatic Precipitator","Halogenated PAC Sorbent Injection","ARP, CSNOX, CSOSG2, CSSO2G1, MATS"
"IL","Powerton",879,"52",594,"CS0506",2020,1424,1408.75,366448.5,,221.778,0.1066,448448.059,0.106,207.876,0.1613,4216247.275,"Coal",,"Cyclone boiler",,"Overfire Air|Selective Non-catalytic Reduction","Electrostatic Precipitator","Halogenated PAC Sorbent Injection","ARP, CSNOX, CSOSG2, CSSO2G1, MATS"
"IL","Powerton",879,"61",595,"CS0506",2020,672,667,163303.5,,101.097,0.1069,200916.826,0.106,95.365,0.1106,1888992.4,"Coal",,"Cyclone boiler","Dry Sorbent Injection","Overfire Air|Selective Non-catalytic Reduction","Electrostatic Precipitator","Halogenated PAC Sorbent Injection","ARP, CSNOX, CSOSG2, CSSO2G1, MATS"
"IL","Powerton",879,"62",596,"CS0506",2020,685,676.5,147622.75,,93.953,0.1047,185876.178,0.106,98.408,0.1514,1747582.575,"Coal",,"Cyclone boiler","Dry Sorbent Injection","Overfire Air|Selective Non-catalytic Reduction","Electrostatic Precipitator","Halogenated PAC Sorbent Injection","ARP, CSNOX, CSOSG2, CSSO2G1, MATS"
"IL","Waukegan",883,"311",9161,,2020,5,2.2,,,0.304,0.501,98.5,0.081,0.729,1.1996,1215.8,"Diesel Oil",,"Combustion turbine",,,,,"CSNOX, CSOSG2, CSSO2G1"
"IL","Waukegan",883,"312",9162,,2020,12,7.39,,,1.021,0.5005,331,0.0809,2.45,1.1998,4083.8,"Diesel Oil",,"Combustion turbine",,,,,"CSNOX, CSOSG2, CSSO2G1"
"IL","Waukegan",883,"321",9163,,2020,6,4.01,,,0.554,0.5,179.5,0.081,1.33,1.2,2215.8,"Diesel Oil",,"Combustion turbine",,,,,"CSNOX, CSOSG2, CSSO2G1"
"IL","Waukegan",883,"322",9164,,2020,11,5.24,,,0.724,0.5007,234.7,0.0809,1.737,1.1997,2895.7,"Diesel Oil",,"Combustion turbine",,,,,"CSNOX, CSOSG2, CSSO2G1"
"IL","Waukegan",883,"7",598,,2020,2129,2115,404019.25,,198.7,0.0978,427077.525,0.1049,239.526,0.1099,4061012.775,"Coal",,"Tangentially-fired","Dry Sorbent Injection","Low NOx Burner Technology w/ Closed-coupled/Separated OFA","Electrostatic Precipitator","Halogenated PAC Sorbent Injection","ARP, CSNOX, CSOSG2, CSSO2G1, MATS"
"IL","Waukegan",883,"8",599,,2020,1742,1729.75,343157.5,,215.162,0.1027,404859.225,0.106,232.6,0.1184,3806435.025,"Coal",,"Tangentially-fired",,"Low NOx Burner Technology w/ Closed-coupled/Separated OFA","Electrostatic Precipitator","Halogenated PAC Sorbent Injection","ARP, CSNOX, CSOSG2, CSSO2G1, MATS"
"IL","Will County",884,"3",602,,2020,0,0,,,,,,,,,,"Coal",,"Tangentially-fired",,"Low NOx Burner Technology w/ Closed-coupled/Separated OFA|Selective Non-catalytic Reduction","Electrostatic Precipitator","Halogenated PAC Sorbent Injection",
"IL","Will County",884,"4",603,,2020,1354,1348.75,372554.75,,230.673,0.1052,431771.475,0.1057,206.934,0.1052,4087933.475,"Coal",,"Tangentially-fired",,"Low NOx Burner Technology w/ Closed-coupled/Separated OFA|Selective Non-catalytic Reduction","Electrostatic Precipitator","Halogenated PAC Sorbent Injection","ARP, CSNOX, CSOSG2, CSSO2G1, MATS"
"IL","Fisk",886,"311",9165,,2020,5,2.02,,,0.242,0.5004,78.5,0.0812,0.581,1.2,968.2,"Diesel Oil",,"Combustion turbine",,,,,"CSNOX, CSOSG2, CSSO2G1"
"IL","Fisk",886,"312",9166,,2020,5,1.85,,,0.222,0.5002,71.9,0.0816,0.532,1.2002,886.7,"Diesel Oil",,"Combustion turbine",,,,,"CSNOX, CSOSG2, CSSO2G1"
"IL","Fisk",886,"321",9167,,2020,6,1.99,,,0.239,0.5002,77.2,0.0805,0.572,1.1998,953.9,"Diesel Oil",,"Combustion turbine",,,,,"CSNOX, CSOSG2, CSSO2G1"
"IL","Fisk",886,"322",9168,,2020,7,4.5,,,0.539,0.5001,174.6,0.081,1.294,1.2001,2156.8,"Diesel Oil",,"Combustion turbine",,,,,"CSNOX, CSOSG2, CSSO2G1"
"IL","Fisk",886,"331",9169,,2020,10,5.11,,,0.612,0.5002,198.2,0.0809,1.47,1.2001,2449.3,"Diesel Oil",,"Combustion turbine",,,,,"CSNOX, CSOSG2, CSSO2G1"
"IL","Fisk",886,"332",9170,,2020,9,3.08,,,0.369,0.5001,119.7,0.0816,0.886,1.2002,1476.4,"Diesel Oil",,"Combustion turbine",,,,,"CSNOX, CSOSG2, CSSO2G1"
"IL","Fisk",886,"341",9171,,2020,0,0,,,,,,,,,,"Diesel Oil",,"Combustion turbine",,,,,"CSNOX, CSOSG2, CSSO2G1"
"IL","Fisk",886,"342",9172,,2020,4,1.49,,,0.179,0.5003,57.8,0.0805,0.429,1.2,714.2,"Diesel Oil",,"Combustion turbine",,,,,"CSNOX, CSOSG2, CSSO2G1"
"IL","Joppa Steam",887,"1",605,"CS1",2020,7841,7812.44,853499.82,,1410.07,0.3247,796290.312,0.0941,475.182,0.112,8370157.236,"Coal","Pipeline Natural Gas","Tangentially-fired",,"Low NOx Burner Technology w/ Closed-coupled OFA","Electrostatic Precipitator",,"ARP, CSNOX, CSOSG2, CSSO2G1, MATS"
"IL","Joppa Steam",887,"2",606,"CS1",2020,7110,7079.92,737413.51,,1269.257,0.3451,694824.522,0.0965,420.34,0.1164,7164003.839,"Coal","Pipeline Natural Gas","Tangentially-fired",,"Low NOx Burner Technology w/ Closed-coupled OFA","Electrostatic Precipitator",,"ARP, CSNOX, CSOSG2, CSSO2G1, MATS"
"IL","Joppa Steam",887,"3",607,"CS2",2020,5816,5788.13,629865.83,,1140.939,0.3452,632236.132,0.0981,343.283,0.1103,6381742.197,"Coal","Pipeline Natural Gas","Tangentially-fired",,"Low NOx Burner Technology w/ Closed-coupled OFA","Electrostatic Precipitator",,"ARP, CSNOX, CSOSG2, CSSO2G1, MATS"
"IL","Joppa Steam",887,"4",608,"CS2",2020,6791,6768.03,904920.98,,1520.135,0.3294,863981.228,0.0963,479.196,0.1088,8867666.172,"Coal","Pipeline Natural Gas","Tangentially-fired",,"Low NOx Burner Technology w/ Closed-coupled OFA","Electrostatic Precipitator",,"ARP, CSNOX, CSOSG2, CSSO2G1, MATS"
"IL","Joppa Steam",887,"5",609,"CS3",2020,6339,6301.22,748940.7,,1585.604,0.4173,800626.727,0.105,431.217,0.1171,7633771.687,"Coal",,"Tangentially-fired",,"Low NOx Burner Technology w/ Closed-coupled OFA","Electrostatic Precipitator",,"ARP, CSNOX, CSOSG2, CSSO2G1, MATS"
"IL","Joppa Steam",887,"6",610,"CS3",2020,5685,5647.58,616376.05,,1316.877,0.416,658907.179,0.105,362.412,0.1197,6282498.438,"Coal",,"Tangentially-fired",,"Low NOx Burner Technology w/ Closed-coupled OFA","Electrostatic Precipitator",,"ARP, CSNOX, CSOSG2, CSSO2G1, MATS"
"IL","Baldwin Energy Complex",889,"1",611,,2020,5743,5726.37,2639742.75,,838.749,0.0732,2583281.315,0.105,1051.681,0.0928,24630847.87,"Coal","Residual Oil","Cyclone boiler","Dry Lime FGD","Overfire Air|Selective Catalytic Reduction","Baghouse|Electrostatic Precipitator",,"ARP, CSNOX, CSOSG2, CSSO2G1, MATS"
"IL","Baldwin Energy Complex",889,"2",612,,2020,4057,4039.38,1832794.46,,636.136,0.0768,1882870.295,0.1048,733.108,0.0905,17952629.644,"Coal","Residual Oil","Cyclone boiler","Dry Lime FGD","Overfire Air|Selective Catalytic Reduction","Baghouse|Electrostatic Precipitator",,"ARP, CSNOX, CSOSG2, CSSO2G1, MATS"
"IL","Baldwin Energy Complex",889,"3",613,,2020,0,0,,,,,,,,,,"Coal","Residual Oil","Tangentially-fired","Dry Lime FGD|Dry Sorbent Injection","Low NOx Burner Technology w/ Separated OFA","Baghouse|Electrostatic Precipitator",,"ARP, CSNOX, CSOSG2, CSSO2G1, MATS"
"IL","Venice",913,"CT03",89497,,2020,237,217.11,29761.33,,0.085,0.001,16795.256,0.059,6.327,0.0524,282615.731,"Pipeline Natural Gas",,"Combustion turbine",,"Dry Low NOx Burners|Water Injection",,,"ARP, CSNOX, CSOSG2, CSSO2G1"
"IL","Venice",913,"CT04",89498,,2020,209,191.92,26074.23,,0.076,0.001,15133.234,0.0589,6.141,0.0556,254641.397,"Pipeline Natural Gas",,"Combustion turbine",,"Dry Low NOx Burners|Water Injection",,,"ARP, CSNOX, CSOSG2, CSSO2G1"
"IL","Venice",913,"CT05",89499,,2020,94,79.3,6216.33,,0.028,0.001,5504.986,0.0591,2.823,0.0818,92629.83,"Pipeline Natural Gas",,"Combustion turbine",,"Dry Low NOx Burners|Water Injection",,,"ARP, CSNOX, CSOSG2, CSSO2G1"
"IL","Venice",913,"CT2A",9044,,2020,92,72.68,1389.68,,0.004,0.0007,769.081,0.0589,0.586,0.1017,12938.765,"Pipeline Natural Gas","Diesel Oil","Combustion turbine",,"Water Injection",,,"ARP, CSNOX, CSOSG2, CSSO2G1"
"IL","Venice",913,"CT2B",9045,,2020,95,75.12,1414.07,,0.004,0.0007,787.098,0.059,0.596,0.0993,13243.173,"Pipeline Natural Gas","Diesel Oil","Combustion turbine",,"Water Injection",,,"ARP, CSNOX, CSOSG2, CSSO2G1"
"IL","Dallman",963,"31",645,"CS3132",2020,1776,1756.76,82562.06,,46.714,0.0857,107478.257,0.103,76.197,0.1336,1047543.118,"Coal",,"Cyclone boiler","Wet Limestone","Selective Catalytic Reduction","Electrostatic Precipitator",,"ARP, CSNOX, CSOSG2, CSSO2G1, MATS"
"IL","Dallman",963,"32",646,"CS3132",2020,1535,1522.41,74617.22,,31.477,0.0687,91409.693,0.103,58.698,0.129,890930.629,"Coal",,"Cyclone boiler","Wet Limestone","Selective Catalytic Reduction","Electrostatic Precipitator",,"ARP, CSNOX, CSOSG2, CSSO2G1, MATS"
"IL","Dallman",963,"33",647,,2020,575,557.39,47167.18,,49.262,0.1473,55787.83,0.1027,22.713,0.0759,543741.934,"Coal",,"Tangentially-fired","Wet Limestone","Selective Catalytic Reduction","Electrostatic Precipitator",,"ARP, CSNOX, CSOSG2, CSSO2G1, MATS"
"IL","Dallman",963,"4",89910,,2020,5812,5794.98,711014.74,,272.639,0.0747,692111.647,0.1015,223.092,0.0653,6769790.496,"Coal","Pipeline Natural Gas","Wet bottom wall-fired boiler","Wet Limestone","Selective Catalytic Reduction","Baghouse|Electrostatic Precipitator",,"ARP, CSNOX, CSOSG2, CSSO2G1, MATS"
"IL","Marion",976,"123",9173,,2020,5826,5819.69,471371.74,,859.598,0.2573,712317.035,0.1058,310.273,0.0899,6737128.878,"Coal","Refuse, Wood","Circulating fluidized bed boiler","Fluidized Bed Limestone Injection","Selective Non-catalytic Reduction","Baghouse",,"ARP, CSNOX, CSOSG2, CSSO2G1, MATS"
"IL","Marion",976,"4",655,,2020,3595,3589.33,524076.75,,2067.222,0.6721,640618.482,0.1058,768.125,0.2502,6061491.928,"Coal","Other Oil","Cyclone boiler","Wet Limestone","Selective Catalytic Reduction","Electrostatic Precipitator",,"ARP, CSNOX, CSOSG2, CSSO2G1, MATS"
"IL","Marion",976,"5",9174,,2020,66,45.86,2241.13,,0.17,0.0258,2110.6,0.0585,0.768,0.0777,35546.6,"Pipeline Natural Gas","Diesel Oil","Combustion turbine",,"Dry Low NOx Burners|Water Injection",,,"ARP, CSNOX, CSOSG2, CSSO2G1"
"IL","Marion",976,"6",9175,,2020,48,30.45,1541.83,,0.196,0.0666,1502.2,0.0601,0.721,0.1726,25180.8,"Pipeline Natural Gas","Diesel Oil","Combustion turbine",,"Dry Low NOx Burners|Water Injection",,,"ARP, CSNOX, CSOSG2, CSSO2G1"
"IN","Clifty Creek",983,"1",658,"CS013",2020,7159,7152.48,877292.49,,454.175,0.1031,912945.255,0.103,783.166,0.1907,8898126.917,"Coal",,"Wet bottom wall-fired boiler","Wet Lime FGD|Wet Limestone","Overfire Air|Selective Catalytic Reduction","Electrostatic Precipitator|Wet Scrubber",,"ARP, CSNOX, CSOSG2, CSSO2G1, MATS"
"IN","Clifty Creek",983,"2",659,"CS013",2020,7148,7130.95,870458.7,,458.133,0.1046,902305.573,0.103,856.073,0.2045,8794421.936,"Coal",,"Wet bottom wall-fired boiler","Wet Lime FGD|Wet Limestone","Overfire Air|Selective Catalytic Reduction","Electrostatic Precipitator|Wet Scrubber",,"ARP, CSNOX, CSOSG2, CSSO2G1, MATS"
"IN","Clifty Creek",983,"3",660,"CS013",2020,6606,6590.14,799303.72,,412.249,0.1031,828182.777,0.103,772.481,0.2054,8071978.678,"Coal",,"Wet bottom wall-fired boiler","Wet Lime FGD|Wet Limestone","Overfire Air|Selective Catalytic Reduction","Electrostatic Precipitator|Wet Scrubber",,"ARP, CSNOX, CSOSG2, CSSO2G1, MATS"
"IN","Clifty Creek",983,"4",661,"CS046",2020,7310,7295.86,890031.55,,449.335,0.0993,903396.326,0.103,1018.803,0.2306,8805028.834,"Coal",,"Wet bottom wall-fired boiler","Wet Lime FGD|Wet Limestone","Overfire Air|Selective Catalytic Reduction","Electrostatic Precipitator|Wet Scrubber",,"ARP, CSNOX, CSOSG2, CSSO2G1, MATS"
"IN","Clifty Creek",983,"5",662,"CS046",2020,7413,7404.49,881645.74,,446.259,0.0995,900618.885,0.103,1058.33,0.2413,8777959.995,"Coal",,"Wet bottom wall-fired boiler","Wet Lime FGD|Wet Limestone","Overfire Air|Selective Catalytic Reduction","Electrostatic Precipitator|Wet Scrubber",,"ARP, CSNOX, CSOSG2, CSSO2G1, MATS"
"IN","Clifty Creek",983,"6",663,"CS046",2020,5044,5017.65,559887.31,,316.854,0.1094,573745.956,0.103,812.06,0.2865,5592062.069,"Coal",,"Wet bottom wall-fired boiler","Wet Lime FGD|Wet Limestone","Overfire Air","Electrostatic Precipitator|Wet Scrubber",,"ARP, CSNOX, CSOSG2, CSSO2G1, MATS"
"IN","IPL - Harding Street Station (EW Stout)",990,"50",675,,2020,3463,3441.69,179651.87,,0.617,0.001,122236.546,0.0591,36.241,0.0342,2056851.656,"Pipeline Natural Gas",,"Tangentially-fired",,"Low NOx Burner Technology w/ Separated OFA|Combustion Modification/Fuel Reburning",,,"ARP, CSNOX, CSOSG2, CSSO2G1"
"IN","IPL - Harding Street Station (EW Stout)",990,"60",677,,2020,4182,4153.77,201499,,0.665,0.001,131645.897,0.0592,51.085,0.0448,2215179.608,"Pipeline Natural Gas",,"Tangentially-fired",,"Low NOx Burner Technology w/ Separated OFA|Combustion Modification/Fuel Reburning",,,"ARP, CSNOX, CSOSG2, CSSO2G1"
"IN","IPL - Harding Street Station (EW Stout)",990,"70",679,,2020,4702,4670.36,1105012.35,,3.321,0.001,657883.747,0.059,409.894,0.0753,11070147.115,"Pipeline Natural Gas",,"Tangentially-fired","Wet Limestone","Selective Catalytic Reduction|Combustion Modification/Fuel Reburning",,,"ARP, CSNOX, CSOSG2, CSSO2G1"
"IN","IPL - Harding Street Station (EW Stout)",990,"GT4",682,,2020,674,593.92,32911.9,,0.174,0.0012,25318.947,0.0592,31.212,0.1449,425078.518,"Pipeline Natural Gas","Diesel Oil","Combustion turbine",,"Water Injection",,,"ARP, CSNOX, CSOSG2, CSSO2G1"
"IN","IPL - Harding Street Station (EW Stout)",990,"GT5",683,,2020,669,583.12,31961,,0.157,0.0013,24868.217,0.0593,31.218,0.1479,417783.196,"Pipeline Natural Gas","Diesel Oil","Combustion turbine",,"Water Injection",,,"ARP, CSNOX, CSOSG2, CSSO2G1"
"IN","IPL - Harding Street Station (EW Stout)",990,"GT6",684,,2020,1300,1199.43,176185.46,,0.524,0.001,103808.729,0.059,32.852,0.0427,1746781.449,"Pipeline Natural Gas",,"Combustion turbine",,"Dry Low NOx Burners",,,"ARP, CSNOX, CSOSG2, CSSO2G1"
"IN","IPL - Eagle Valley Generating Station",991,"GT1",91143,,2020,8101,8084.17,2593125.98,,4.985,0.001,987476.451,0.059,54.434,0.0073,16616211.422,"Pipeline Natural Gas",,"Combined cycle",,"Dry Low NOx Burners|Selective Catalytic Reduction",,,"ARP, CSNOX, CSOSG2, CSSO2G1"
"IN","IPL - Eagle Valley Generating Station",991,"GT2",91144,,2020,8113,8094.53,2614767.08,,4.99,0.001,988409.157,0.059,55.298,0.0074,16631896.077,"Pipeline Natural Gas",,"Combined cycle",,"Dry Low NOx Burners|Selective Catalytic Reduction",,,"ARP, CSNOX, CSOSG2, CSSO2G1"
"IN","C. C. Perry K Steam Plant",992,"11",691,,2020,6336,6142.51,,730515.69,,,55917.181,0.0594,116.66,0.2374,940902.619,"Pipeline Natural Gas",,"Dry bottom wall-fired boiler",,,,,"SIPNOX"
"IN","C. C. Perry K Steam Plant",992,"12",9090,"CS004",2020,7553,7525.85,,966345.96,,,,,84.879,0.1123,1499690.92,"Pipeline Natural Gas",,"Dry bottom wall-fired boiler",,,,,"SIPNOX"
"IN","C. C. Perry K Steam Plant",992,"13",9091,"CS004",2020,4457,3989.33,,360001.86,,,,,49.66,0.1339,585189.212,"Pipeline Natural Gas",,"Dry bottom wall-fired boiler",,,,,"SIPNOX"
"IN","C. C. Perry K Steam Plant",992,"14",9092,,2020,2483,2298.4,,210842.13,,,,,36.386,0.188,309702.173,"Pipeline Natural Gas",,"Dry bottom wall-fired boiler",,,,,"SIPNOX"
"IN","C. C. Perry K Steam Plant",992,"16",9094,,2020,391,374.05,,28742.44,,,,,2.314,0.0916,46390.153,"Pipeline Natural Gas",,"Stoker",,,,,"SIPNOX"
"IN","IPL - Petersburg Generating Station",994,"1",692,"MS1B, MS1S",2020,3527,3513.69,665138.39,,230.238,0.0661,761005.818,0.103,779.226,0.2035,7417218.089,"Coal",,"Tangentially-fired","Wet Limestone|Sodium Based","Low NOx Burner Technology w/ Closed-coupled/Separated OFA","Electrostatic Precipitator","Additives to Enhance PAC and Existing Equipment Performance|Untreated PAC Sorbent Injection","ARP, CSNOX, CSOSG2, CSSO2G1, MATS"
"IN","IPL - Petersburg Generating Station",994,"2",693,"MS2B, MS2S",2020,5411,5391.8,1949899.67,,631.52,0.06,2171062.145,0.103,843.908,0.083,21160462.766,"Coal",,"Tangentially-fired","Wet Limestone|Sodium Based","Low NOx Burner Technology w/ Closed-coupled/Separated OFA|Selective Catalytic Reduction","Baghouse","Additives to Enhance PAC and Existing Equipment Performance|Untreated PAC Sorbent Injection","ARP, CSNOX, CSOSG2, CSSO2G1, MATS"
"IN","IPL - Petersburg Generating Station",994,"3",694,,2020,4605,4594.36,1759069.39,,1392.733,0.16,1695042.462,0.103,666.328,0.0822,16520889.037,"Coal",,"Tangentially-fired","Wet Limestone","Selective Catalytic Reduction|Low NOx Burner Technology w/ Closed-coupled OFA","Baghouse|Electrostatic Precipitator","Other (Non PAC) Sorbent Injection|Untreated PAC Sorbent Injection","ARP, CSNOX, CSOSG2, CSSO2G1, MATS"
"IN","IPL - Petersburg Generating Station",994,"4",695,,2020,6857,6850.09,2550396.99,,2093.791,0.1572,2569023.804,0.103,2341.538,0.1851,25039225.403,"Coal",,"Tangentially-fired","Wet Limestone","Low NOx Burner Technology w/ Closed-coupled/Separated OFA|Low NOx Burner Technology w/ Closed-coupled OFA","Electrostatic Precipitator","Other (Non PAC) Sorbent Injection|Untreated PAC Sorbent Injection","ARP, CSNOX, CSOSG2, CSSO2G1, MATS"
"IN","Bailly Generating Station",995,"10",10196,,2020,0,0,,,,,,,,,,"Pipeline Natural Gas",,"Combustion turbine",,,,,"CSNOX, CSOSG2, CSSO2G1"
"IN","Michigan City Generating Station",997,"12",702,,2020,4980,4965.13,1656613.24,,694.721,0.0932,1705426.85,0.105,721.093,0.0932,16260738.308,"Coal",,"Cyclone boiler","Dry Lime FGD","Overfire Air|Selective Catalytic Reduction","Electrostatic Precipitator",,"ARP, CSNOX, CSOSG2, CSSO2G1, MATS"
"IN","Cayuga",1001,"1",706,,2020,5721,5710.98,2197470.02,,740.162,0.066,2105853.781,0.103,1946.569,0.1898,20524922.265,"Coal","Diesel Oil","Tangentially-fired","Wet Limestone","Low NOx Burner Technology w/ Separated OFA|Selective Catalytic Reduction","Wet Scrubber|Electrostatic Precipitator","Catalyst (gold, palladium, or other) used to oxidize mercury","ARP, CSNOX, CSOSG2, CSSO2G1, MATS"
"IN","Cayuga",1001,"2",707,,2020,6298,6290.27,2550508.18,,1160.56,0.0925,2410091.593,0.103,2698.969,0.2337,23490195.913,"Coal","Diesel Oil","Tangentially-fired","Wet Limestone","Low NOx Burner Technology w/ Separated OFA|Selective Catalytic Reduction","Wet Scrubber|Electrostatic Precipitator","Catalyst (gold, palladium, or other) used to oxidize mercury","ARP, CSNOX, CSOSG2, CSSO2G1, MATS"
"IN","Cayuga",1001,"4",708,,2020,211,176.14,13000.39,,0.052,0.001,10248.012,0.059,4.446,0.0682,172268.255,"Pipeline Natural Gas","Diesel Oil","Combustion turbine",,"Dry Low NOx Burners",,,"ARP, CSNOX, CSOSG2, CSSO2G1"
"IN","Edwardsport Generating Station",1004,"CTG1",90673,,2020,6540,6527.65,1469813.77,,28.717,0.0048,1506429.23,0.1263,259.688,0.0477,11697562.218,"Coal","Pipeline Natural Gas","Integrated gasification combined cycle",,,,,"ARP, CSNOX, CSOSG2, CSSO2G1, MATS"
"IN","Edwardsport Generating Station",1004,"CTG2",90674,,2020,6405,6396.5,1426929.67,,30.182,0.005,1488142.222,0.1236,272.926,0.0486,11865936.326,"Coal","Pipeline Natural Gas","Integrated gasification combined cycle",,"Selective Catalytic Reduction",,,"ARP, CSNOX, CSOSG2, CSSO2G1, MATS"
"IN","Noblesville",1007,"CT3",8288,,2020,6154,6137.78,390426.76,,1.211,0.001,239961.045,0.0591,25.092,0.0129,4037507.479,"Pipeline Natural Gas",,"Combined cycle",,"Dry Low NOx Burners|Selective Catalytic Reduction",,,"ARP, CSNOX, CSOSG2, CSSO2G1"
"IN","Noblesville",1007,"CT4",8290,,2020,7450,7443.35,470390.11,,1.495,0.001,296097.856,0.059,26.668,0.0109,4982184.126,"Pipeline Natural Gas",,"Combined cycle",,"Dry Low NOx Burners|Selective Catalytic Reduction",,,"ARP, CSNOX, CSOSG2, CSSO2G1"
"IN","Noblesville",1007,"CT5",8292,,2020,5584,5572.66,337844.4,,1.075,0.001,212901.062,0.059,18.975,0.011,3582421.881,"Pipeline Natural Gas",,"Combined cycle",,"Dry Low NOx Burners|Selective Catalytic Reduction",,,"ARP, CSNOX, CSOSG2, CSSO2G1"
"IN","R Gallagher",1008,"2",717,,2020,477,471.49,31081.73,,117.868,0.6987,31768.147,0.1027,53.713,0.3063,309632.619,"Coal","Diesel Oil","Dry bottom wall-fired boiler","Dry Sorbent Injection","Low NOx Burner Technology w/ Overfire Air","Baghouse",,"ARP, CSNOX, CSOSG2, CSSO2G1, MATS"
"IN","R Gallagher",1008,"4",719,,2020,529,523.13,35388.07,,128.193,0.6264,36296.048,0.1029,61.731,0.299,353759.765,"Coal","Diesel Oil","Dry bottom wall-fired boiler","Dry Sorbent Injection","Low NOx Burner Technology w/ Overfire Air","Baghouse",,"ARP, CSNOX, CSOSG2, CSSO2G1, MATS"
"IN","F B Culley Generating Station",1012,"2",727,"CS023, MS2",2020,1785,1760.35,94728.25,,58.124,0.0939,128072.387,0.1025,130.597,0.1882,1252110.038,"Coal",,"Dry bottom wall-fired boiler","Wet Limestone","Low NOx Burner Technology (Dry Bottom only)|Selective Catalytic Reduction","Electrostatic Precipitator",,"ARP, CSNOX, CSOSG2, CSSO2G1, MATS"
"IN","F B Culley Generating Station",1012,"3",728,"CS023",2020,4880,4858.83,924683.13,,585.348,0.0889,1130569.635,0.1021,585.697,0.103,11066497.85,"Coal",,"Dry bottom wall-fired boiler","Wet Limestone","Low NOx Burner Technology (Dry Bottom only)|Selective Catalytic Reduction","Baghouse","Sodium Based","ARP, CSNOX, CSOSG2, CSSO2G1, MATS"
"NC","Butler-Warner Generation Plant",1016,"GT-1",9622,"CP1",2020,39,39,757,,0.003,0.0007,,,2.024,0.3251,12456.7,"Pipeline Natural Gas","Diesel Oil","Combined cycle",,"Water Injection",,,"CSNOX, CSSO2G1, SIPNOX"
"NC","Butler-Warner Generation Plant",1016,"GT-2",9623,"CP1",2020,14,14,161,,0.001,0.0006,,,0.482,0.3252,2966.5,"Pipeline Natural Gas","Diesel Oil","Combined cycle",,"Water Injection",,,"CSNOX, CSSO2G1, SIPNOX"
"NC","Butler-Warner Generation Plant",1016,"GT-3",9624,"CP1",2020,22,22,383,,0.002,0.0006,,,1.005,0.3251,6186.7,"Pipeline Natural Gas","Diesel Oil","Combined cycle",,"Water Injection",,,"CSNOX, CSSO2G1, SIPNOX"
"NC","Butler-Warner Generation Plant",1016,"GT-4",9625,"CP1",2020,2,2,22,,0,0.001,,,0.06,0.298,405.4,"Pipeline Natural Gas","Diesel Oil","Combustion turbine",,"Water Injection",,,"CSNOX, CSSO2G1, SIPNOX"
"NC","Butler-Warner Generation Plant",1016,"GT-5",9626,"CP1",2020,1,1,2,,0,0,,,0.006,0.298,36.9,"Pipeline Natural Gas","Diesel Oil","Combustion turbine",,"Water Injection",,,"CSNOX, CSSO2G1, SIPNOX"
"NC","Butler-Warner Generation Plant",1016,"GT-6",9627,"CP1",2020,40,40,768,,0.004,0.0008,,,2.063,0.325,12697.3,"Pipeline Natural Gas","Diesel Oil","Combined cycle",,"Water Injection",,,"CSNOX, CSSO2G1, SIPNOX"
"NC","Butler-Warner Generation Plant",1016,"GT-7",9628,"CP1",2020,20,20,377,,0.002,0.0008,,,0.987,0.325,6073.1,"Pipeline Natural Gas","Diesel Oil","Combined cycle",,"Water Injection",,,"CSNOX, CSSO2G1, SIPNOX"
"NC","Butler-Warner Generation Plant",1016,"GT-8",88321,"CP1",2020,15,15,302,,0.001,0.0007,,,0.757,0.325,4659.6,"Pipeline Natural Gas","Diesel Oil","Combined cycle",,"Water Injection",,,"CSNOX, CSSO2G1, SIPNOX"
"IN","Whitewater Valley",1040,"1",729,"CS12",2020,624,610.09,11153.61,,122.479,1.8759,13042.915,0.1024,20.366,0.3225,127130.823,"Coal","Diesel Oil","Dry bottom wall-fired boiler",,"Low NOx Burner Technology (Dry Bottom only)|Ammonia Injection|Overfire Air","Electrostatic Precipitator|Baghouse","Halogenated PAC Sorbent Injection","ARP, CSNOX, CSOSG2, CSSO2G1, MATS"
"IN","Whitewater Valley",1040,"2",730,"CS12",2020,869,855.35,29497.29,,317.323,1.7666,34273.696,0.1024,64.911,0.3659,334054.281,"Coal","Diesel Oil","Tangentially-fired",,"Low NOx Burner Technology w/ Separated OFA|Ammonia Injection|Overfire Air","Baghouse|Electrostatic Precipitator","Halogenated PAC Sorbent Injection","ARP, CSNOX, CSOSG2, CSSO2G1, MATS"
"IA","Lansing",1047,"4",739,,2020,2577,2566.65,405399.43,,111.59,0.0489,453574.457,0.1034,91.83,0.0433,4329877.575,"Coal",,"Dry bottom turbo-fired boiler","Dry Lime FGD","Low NOx Burner Technology (Dry Bottom only)|Ammonia Injection|Selective Catalytic Reduction","Electrostatic Precipitator|Baghouse","Additives to Enhance PAC and Existing Equipment Performance","ARP, CSNOX, CSOSG2, CSSO2G1, MATS"
"IA","Marshalltown CTs",1068,"1A",89836,,2020,322,270.24,5706.93,,0.021,0.001,,,8.147,0.2151,71177.566,"Pipeline Natural Gas",,"Combustion turbine",,,,,"CSNOX, CSOSG2, CSSO2G1"
"IA","Marshalltown CTs",1068,"1B",89841,,2020,322,270.14,6343.51,,0.024,0.001,,,10.329,0.2508,78909.855,"Pipeline Natural Gas",,"Combustion turbine",,,,,"CSNOX, CSOSG2, CSSO2G1"
"IA","Marshalltown CTs",1068,"2A",89842,,2020,471,394.77,9257.25,,0.033,0.001,,,14.054,0.2437,111227.131,"Pipeline Natural Gas",,"Combustion turbine",,,,,"CSNOX, CSOSG2, CSSO2G1"
"IA","Marshalltown CTs",1068,"2B",89843,,2020,469,394.44,8837.06,,0.032,0.001,,,13.718,0.2492,106024.802,"Pipeline Natural Gas",,"Combustion turbine",,,,,"CSNOX, CSOSG2, CSSO2G1"
"IA","Marshalltown CTs",1068,"3A",89844,,2020,490,412.18,9641.48,,0.035,0.001,,,16.222,0.2656,116352.641,"Pipeline Natural Gas",,"Combustion turbine",,,,,"CSNOX, CSOSG2, CSSO2G1"
"IA","Marshalltown CTs",1068,"3B",89845,,2020,492,417.09,9835.01,,0.036,0.001,,,16.768,0.2671,119195.1,"Pipeline Natural Gas",,"Combustion turbine",,,,,"CSNOX, CSOSG2, CSSO2G1"
"IA","Prairie Creek",1073,"3",746,,2020,7910,7900.16,,1580618.43,627.239,0.4899,264211.018,0.1044,389.459,0.3083,2528632.198,"Coal","Other Gas, Pipeline Natural Gas","Dry bottom wall-fired boiler",,"Overfire Air","Electrostatic Precipitator","Additives to Enhance PAC and Existing Equipment Performance","ARP, CSNOX, CSOSG2, CSSO2G1, MATS"
"IA","Prairie Creek",1073,"4",747,,2020,569,562.57,,164805.19,8.615,0.052,19680.82,0.059,33.01,0.1709,332006.014,"Natural Gas",,"Dry bottom wall-fired boiler",,"Low NOx Burner Technology w/ Overfire Air","Electrostatic Precipitator",,"ARP, CSNOX, CSOSG2, CSSO2G1"
"IA","Riverside (1081)",1081,"9",753,,2020,0,0,,,,,,,,,,"Pipeline Natural Gas",,"Tangentially-fired",,"Low NOx Burner Technology w/ Separated OFA","Electrostatic Precipitator",,"ARP, CSNOX, CSOSG2, CSSO2G1"
"IA","Walter Scott Jr. Energy Center",1082,"3",756,,2020,5351,5324.25,2795457,,5113.325,0.3593,2856770.05,0.105,2839.027,0.1859,27238458.975,"Coal","Diesel Oil","Dry bottom wall-fired boiler","Dry Lime FGD","Low NOx Burner Technology w/ Overfire Air","Baghouse","Halogenated PAC Sorbent Injection","ARP, CSNOX, CSOSG2, CSSO2G1, MATS"
"IA","Walter Scott Jr. Energy Center",1082,"4",89556,,2020,4315,4306.75,2654242,,847.062,0.0688,2621372.25,0.105,584.473,0.0427,24994030.35,"Coal",,"Dry bottom wall-fired boiler","Dry Lime FGD","Low NOx Burner Technology w/ Overfire Air|Selective Catalytic Reduction","Baghouse","Halogenated PAC Sorbent Injection","ARP, CSNOX, CSOSG2, CSSO2G1, MATS"
"IA","George Neal North",1091,"3",762,,2020,2886,2850,941355.5,,1660.296,0.3134,1019408.05,0.105,1047.276,0.2048,9719747.225,"Coal","Pipeline Natural Gas","Dry bottom wall-fired boiler","Dry Lime FGD","Low NOx Burner Technology w/ Overfire Air|Selective Non-catalytic Reduction","Baghouse|Electrostatic Precipitator",,"ARP, CSNOX, CSOSG2, CSSO2G1, MATS"
"IA","Burlington (IA)",1104,"1",764,,2020,7456,7449.22,1224304.46,,2722.015,0.4316,1305468.737,0.1044,866.822,0.1386,12458284.273,"Coal","Natural Gas","Tangentially-fired",,"Low NOx Burner Technology w/ Closed-coupled/Separated OFA|Overfire Air","Electrostatic Precipitator","Additives to Enhance PAC and Existing Equipment Performance","ARP, CSNOX, CSOSG2, CSSO2G1, MATS"
"IA","Ames",1122,"7",767,,2020,7980,7967.11,263467.06,,32.069,0.0181,210709.305,0.059,234.642,0.1316,3554398.289,"Natural Gas","Refuse","Tangentially-fired",,"Low NOx Burner Technology w/ Closed-coupled OFA","Electrostatic Precipitator",,"ARP, CSNOX, CSOSG2, CSSO2G1"
"IA","Ames",1122,"8",768,,2020,0,0,,,,,,,,,,"Natural Gas","Refuse","Dry bottom wall-fired boiler",,"Low NOx Burner Technology w/ Overfire Air","Electrostatic Precipitator",,"ARP, CSNOX, CSOSG2, CSSO2G1"
"IA","Streeter Station",1131,"7",772,,2020,380,372.37,3045.3,,0.256,0.0052,3659.517,0.0602,11.364,0.3314,60445.821,"Pipeline Natural Gas","Coal","Dry bottom wall-fired boiler",,,"Electrostatic Precipitator",,"ARP, CSNOX, CSOSG2, CSSO2G1, MATS"
"IA","Muscatine",1167,"8",787,,2020,7431,7419.51,370165.26,,1453.799,0.649,469029.551,0.105,1818.802,0.8077,4472063.611,"Coal","Natural Gas","Cyclone boiler",,"Overfire Air","Electrostatic Precipitator","Additives to Enhance PAC and Existing Equipment Performance","ARP, CSNOX, CSOSG2, CSSO2G1, MATS"
"IA","Muscatine",1167,"9",788,,2020,5632,5622.75,441678.25,,30.495,0.0108,534500.234,0.105,409.854,0.1657,5096328.336,"Coal","Diesel Oil","Tangentially-fired","Wet Limestone","Overfire Air","Electrostatic Precipitator","Additives to Enhance PAC and Existing Equipment Performance","ARP, CSNOX, CSOSG2, CSSO2G1, MATS"
"IA","Summit Lake",1206,"1G",89919,,2020,296,257.69,6466.69,,0.056,0.0018,,,36.011,0.6434,110717.864,"Pipeline Natural Gas","Diesel Oil","Combustion turbine",,,,,"CSNOX, CSOSG2, CSSO2G1"
"IA","Summit Lake",1206,"2G",90041,,2020,164,143.71,3645.97,,0.023,0.0012,,,17.682,0.5413,59737.377,"Pipeline Natural Gas","Diesel Oil","Combustion turbine",,,,,"CSNOX, CSOSG2, CSSO2G1"
"IA","Earl F Wisdom",1217,"1",806,,2020,372,356.38,3610.52,,0.015,0.001,3017.626,0.0594,2.278,0.0768,50774.817,"Pipeline Natural Gas","Diesel Oil","Dry bottom wall-fired boiler",,"Low NOx Burner Technology (Dry Bottom only)",,,"ARP, CSNOX, CSOSG2, CSSO2G1"
"IA","Earl F Wisdom",1217,"2",89384,,2020,548,438.75,20600.24,,0.096,0.0011,17149.546,0.0597,5.085,0.0548,287858.257,"Pipeline Natural Gas","Diesel Oil","Combustion turbine",,"Dry Low NOx Burners|Water Injection",,,"ARP, CSNOX, CSOSG2, CSSO2G1"
"KS","Cimarron River",1230,"1",808,,2020,27,23.57,474.72,,0.002,0.001,390.832,0.0587,0.724,0.1291,6582.435,"Pipeline Natural Gas",,"Dry bottom wall-fired boiler",,,,,"ARP, CSNOX, CSOSG2, CSSO2G2"
"KS","Fort Dodge aka Judson Large",1233,"4",810,,2020,59,57.83,3162.8,,0.01,0.001,2039.589,0.0591,2.431,0.0922,34321.45,"Pipeline Natural Gas",,"Dry bottom wall-fired boiler",,,,,"ARP, CSNOX, CSOSG2, CSSO2G2"
"KS","Great Bend Station aka Arthur Mullergren",1235,"3",811,,2020,59,57.82,1517.8,,0.005,0.001,1047.064,0.0592,1.12,0.0916,17623.414,"Pipeline Natural Gas",,"Dry bottom wall-fired boiler",,,,,"ARP, CSNOX, CSOSG2, CSSO2G2"
"KS","Riverton",1239,"12",89715,,2020,6511,6458.39,1518458.86,,3.253,0.001,644324.479,0.059,136.832,0.0275,10841966.64,"Pipeline Natural Gas",,"Combined cycle",,"Selective Catalytic Reduction",,,"ARP, CSNOX, CSOSG2, CSSO2G2"
"KS","Gordon Evans Energy Center",1240,"E1CT",816,,2020,539,462.39,31916.01,,0.136,0.0011,23504.973,0.0592,6.68,0.0425,395162.188,"Pipeline Natural Gas","Diesel Oil","Combustion turbine",,,,,"ARP, CSNOX, CSOSG2, CSSO2G2"
"KS","Gordon Evans Energy Center",1240,"E2CT",817,,2020,454,384.39,23922.15,,0.119,0.0013,18118.563,0.0595,5.009,0.0426,304309.855,"Pipeline Natural Gas","Diesel Oil","Combustion turbine",,,,,"ARP, CSNOX, CSOSG2, CSSO2G2"
"KS","Gordon Evans Energy Center",1240,"E3CT",818,,2020,619,539.69,69830.94,,0.232,0.001,46014.054,0.059,19.823,0.0623,774273.73,"Pipeline Natural Gas","Diesel Oil","Combustion turbine",,,,,"ARP, CSNOX, CSOSG2, CSSO2G2"
"KS","La Cygne",1241,"1",819,,2020,4882,4846.16,2785503.37,,412.646,0.0283,2822040.287,0.1049,1066.045,0.1021,26907559.751,"Coal",,"Cyclone boiler","Wet Limestone","Overfire Air|Selective Catalytic Reduction","Baghouse","Halogenated PAC Sorbent Injection","ARP, CSNOX, CSOSG2, CSSO2G2, MATS"
"KS","La Cygne",1241,"2",820,,2020,7897,7862.65,3860447.59,,312.43,0.0154,4090935.361,0.1045,1682.03,0.086,39018187.212,"Coal","Other Oil","Dry bottom wall-fired boiler","Wet Limestone","Low NOx Burner Technology w/ Overfire Air|Low NOx Burner Technology (Dry Bottom only)|Overfire Air|Selective Catalytic Reduction","Baghouse","Halogenated PAC Sorbent Injection","ARP, CSNOX, CSOSG2, CSSO2G2, MATS"
"KS","Hutchinson Energy Center",1248,"CT-1",90748,,2020,155,118.73,1646.16,,0.086,0.0072,,,22.275,0.7068,63448.3,"Pipeline Natural Gas","Diesel Oil","Combustion turbine",,,,,"CSNOX, CSOSG2, CSSO2G2"
"KS","Hutchinson Energy Center",1248,"CT-2",90749,,2020,145,113.54,1591.54,,0.168,0.0077,,,24.58,0.7076,69808.1,"Pipeline Natural Gas","Diesel Oil","Combustion turbine",,,,,"CSNOX, CSOSG2, CSSO2G2"
"KS","Hutchinson Energy Center",1248,"CT-3",90750,,2020,164,122.61,1635.85,,0.268,0.0073,,,23.3,0.7067,65863.1,"Pipeline Natural Gas","Diesel Oil","Combustion turbine",,,,,"CSNOX, CSOSG2, CSSO2G2"
"KS","Hutchinson Energy Center",1248,"CT-4",90751,,2020,9,1.9,0,,0.552,0.5003,,,1.325,1.2001,2207.8,"Diesel Oil",,"Combustion turbine",,,,,"CSNOX, CSOSG2, CSSO2G2"
"KS","Lawrence Energy Center",1250,"4",834,"MS4N, MS4S",2020,7314,7286.52,563744.64,,50.354,0.0149,577014.893,0.0971,371.826,0.1259,5858110.565,"Coal","Pipeline Natural Gas","Tangentially-fired","Wet Limestone","Low NOx Burner Technology w/ Closed-coupled/Separated OFA","Baghouse|Wet Scrubber",,"ARP, CSNOX, CSOSG2, CSSO2G2, MATS"
"KS","Lawrence Energy Center",1250,"5",835,,2020,6331,6303.89,1571788.04,,175.162,0.0197,1604837.265,0.105,1017.143,0.127,15301646.067,"Coal","Pipeline Natural Gas","Tangentially-fired","Wet Limestone","Low NOx Burner Technology w/ Closed-coupled/Separated OFA","Baghouse|Wet Scrubber",,"ARP, CSNOX, CSOSG2, CSSO2G2, MATS"
"KS","Chanute 2",1268,"14",2247,,2020,5907,5788.98,241640.35,,1.046,0.001,193589.122,0.059,148.712,0.0967,3269468.305,"Pipeline Natural Gas",,"Combustion turbine",,"Dry Low NOx Burners",,,"ARP, CSNOX, CSOSG2, CSSO2G2"
"KS","Coffeyville",1271,"4",841,,2020,78,55.75,258.72,,0.001,0.0007,168.146,0.0551,0.217,0.0685,2835.279,"Pipeline Natural Gas",,"Dry bottom wall-fired boiler",,,,,"ARP, CSNOX, CSOSG2, CSSO2G2"
"KS","Quindaro",1295,"CT2",90731,,2020,95,77.64,1491.49,,0.031,0.0011,,,26.227,1.2,43711.6,"Diesel Oil",,"Combustion turbine",,,,,"CSNOX, CSOSG2, CSSO2G2"
"KS","Quindaro",1295,"CT3",90732,,2020,109,90.29,2041.48,,0.036,0.0019,,,28.387,1.2,47311.9,"Diesel Oil",,"Combustion turbine",,,,,"CSNOX, CSOSG2, CSSO2G2"
"KS","McPherson 2",1305,"GT1",90704,"CP001",2020,245,206.33,5070.53,,0.028,0.0008,,,31.089,0.7,88824.4,"Pipeline Natural Gas","Diesel Oil","Combustion turbine",,,,,"CSNOX, CSOSG2, CSSO2G2"
"KS","McPherson 2",1305,"GT2",90705,,2020,152,127.06,2857.43,,0.018,0.0008,,,30.568,1.1998,50946.5,"Diesel Oil",,"Combustion turbine",,,,,"CSNOX, CSOSG2, CSSO2G2"
"KS","McPherson 2",1305,"GT3",90706,"CP001",2020,262,214.73,5044.48,,0.025,0.0006,,,30.896,0.7001,88272.8,"Pipeline Natural Gas","Diesel Oil","Combustion turbine",,,,,"CSNOX, CSOSG2, CSSO2G2"
"KS","Garden City",1336,"S-2",871,,2020,99,89.53,2945.15,,0.01,0.001,1949.35,0.0596,4.197,0.1994,32798.05,"Pipeline Natural Gas",,"Tangentially-fired",,,,,"ARP, CSNOX, CSOSG2, CSSO2G2"
"KS","Garden City",1336,"S-4",90745,,2020,187,154.58,3596.78,,0.018,0.001,,,6.684,0.2022,59446.231,"Pipeline Natural Gas",,"Combustion turbine",,,,,"CSNOX, CSOSG2, CSSO2G2"
"KS","Garden City",1336,"S-5",90746,,2020,227,184.74,4729.17,,0.022,0.001,,,7.922,0.1877,73983.938,"Pipeline Natural Gas",,"Combustion turbine",,"Water Injection",,,"CSNOX, CSOSG2, CSSO2G2"
"KY","Big Sandy",1353,"BSU1",872,,2020,4591,4576.92,947876.72,,23.363,0.005,539187.029,0.059,771.937,0.1524,9072868.604,"Natural Gas",,"Dry bottom wall-fired boiler",,"Low NOx Burner Technology (Dry Bottom only)|Overfire Air","Electrostatic Precipitator",,"ARP, CSNOX, CSOSG2, CSSO2G1"
"KY","E W Brown",1355,"10",875,,2020,222,198.49,16415.73,,3.668,0.0213,14453.808,0.0613,14.485,0.122,230265.701,"Pipeline Natural Gas","Diesel Oil","Combustion turbine","Other","Water Injection",,,"ARP, CSNOX, CSOSG2, CSSO2G1"
"KY","E W Brown",1355,"11",876,,2020,97,86.07,8111.47,,0.068,0.0022,6175.07,0.0592,6.605,0.1291,103771.743,"Pipeline Natural Gas","Diesel Oil","Combustion turbine","Other","Water Injection",,,"ARP, CSNOX, CSOSG2, CSSO2G1"
"KY","E W Brown",1355,"3",878,,2020,6594,6582.1,1245803.42,,228.098,0.0274,1372004.033,0.103,279.568,0.0424,13372354.512,"Coal",,"Tangentially-fired","Wet Limestone","Low NOx Burner Technology w/ Closed-coupled/Separated OFA|Selective Catalytic Reduction","Wet Scrubber|Baghouse","Additives to Enhance PAC and Existing Equipment Performance|Untreated PAC Sorbent Injection","ARP, CSNOX, CSOSG2, CSSO2G1, MATS"
"KY","E W Brown",1355,"5",879,,2020,324,292.19,26866,,0.104,0.001,20675.324,0.0585,12.514,0.0724,347908.929,"Pipeline Natural Gas",,"Combustion turbine",,"Water Injection",,,"ARP, CSNOX, CSOSG2, CSSO2G1"
"KY","E W Brown",1355,"6",880,,2020,566,525.73,74402.56,,0.237,0.001,46992.889,0.059,16.667,0.0408,790733.197,"Pipeline Natural Gas","Diesel Oil","Combustion turbine",,"Dry Low NOx Burners|Water Injection",,,"ARP, CSNOX, CSOSG2, CSSO2G1"
"KY","E W Brown",1355,"7",881,,2020,438,385.86,50043.83,,0.164,0.001,32520.819,0.059,19.434,0.0733,547233.058,"Pipeline Natural Gas","Diesel Oil","Combustion turbine",,"Dry Low NOx Burners|Water Injection",,,"ARP, CSNOX, CSOSG2, CSSO2G1"
"KY","E W Brown",1355,"8",882,,2020,130,118.37,10907.9,,0.111,0.0038,8249.085,0.0594,7.801,0.1126,138562.687,"Pipeline Natural Gas","Diesel Oil","Combustion turbine","Other","Water Injection",,,"ARP, CSNOX, CSOSG2, CSSO2G1"
"KY","E W Brown",1355,"9",883,,2020,267,232.57,20936.23,,0.171,0.0024,15763.591,0.0585,15.654,0.1173,264915.993,"Pipeline Natural Gas","Diesel Oil","Combustion turbine","Other","Water Injection",,,"ARP, CSNOX, CSOSG2, CSSO2G1"
"KY","Ghent",1356,"1",884,,2020,6713,6705.1,2886020.55,,1313.671,0.0967,2863216.728,0.103,816.515,0.0602,27906602.873,"Coal",,"Tangentially-fired","Wet Limestone","Low NOx Burner Technology w/ Separated OFA|Selective Catalytic Reduction","Baghouse","Additives to Enhance PAC and Existing Equipment Performance|Untreated PAC Sorbent Injection","ARP, CSNOX, CSOSG2, CSSO2G1, MATS"
"KY","Ghent",1356,"2",885,"CS023",2020,7755,7750.08,2729738.53,,3536.462,0.2682,2557457.426,0.103,2064.861,0.1593,24926481.752,"Coal",,"Tangentially-fired","Wet Limestone","Low NOx Burner Technology w/ Closed-coupled/Separated OFA","Baghouse","Untreated PAC Sorbent Injection|Additives to Enhance PAC and Existing Equipment Performance","ARP, CSNOX, CSOSG2, CSSO2G1, MATS"
"KY","Ghent",1356,"3",886,"CS023",2020,7570,7560.91,2826120.88,,2963.959,0.2205,2655403.084,0.103,1786.59,0.1363,25881117.551,"Coal",,"Dry bottom wall-fired boiler","Wet Limestone","Low NOx Burner Technology w/ Overfire Air|Selective Catalytic Reduction","Baghouse|Electrostatic Precipitator","Untreated PAC Sorbent Injection|Additives to Enhance PAC and Existing Equipment Performance","ARP, CSNOX, CSOSG2, CSSO2G1, MATS"
"KY","Ghent",1356,"4",887,,2020,6763,6757.1,2468032.52,,786.565,0.0629,2470941.604,0.103,668.959,0.0542,24083256.431,"Coal",,"Dry bottom wall-fired boiler","Wet Limestone","Low NOx Burner Technology w/ Overfire Air|Selective Catalytic Reduction","Baghouse|Electrostatic Precipitator","Additives to Enhance PAC and Existing Equipment Performance|Untreated PAC Sorbent Injection","ARP, CSNOX, CSOSG2, CSSO2G1, MATS"
"KY","Cane Run",1363,"7A",90928,,2020,7218,7196.08,2344425.06,,4.77,0.001,944974.778,0.059,208.862,0.0269,15901042.346,"Pipeline Natural Gas",,"Combined cycle",,"Dry Low NOx Burners",,,"ARP, CSNOX, CSOSG2, CSSO2G1"
"KY","Cane Run",1363,"7B",90929,,2020,7144,7122.34,2329131.72,,4.715,0.001,934013.178,0.059,203.514,0.0265,15716529.698,"Pipeline Natural Gas",,"Combined cycle",,"Dry Low NOx Burners",,,"ARP, CSNOX, CSOSG2, CSSO2G1"
"KY","Mill Creek",1364,"1",905,"CS12",2020,8466,8452.65,1902457.58,,577.053,0.0638,1722117.033,0.1028,2344.695,0.2783,16797151.773,"Coal",,"Tangentially-fired","Wet Limestone","Low NOx Burner Technology w/ Separated OFA","Baghouse|Electrostatic Precipitator","Additives to Enhance PAC and Existing Equipment Performance|Untreated PAC Sorbent Injection","ARP, CSNOX, CSOSG2, CSSO2G1, MATS"
"KY","Mill Creek",1364,"2",906,"CS12",2020,4047,4038.08,1042413.01,,382.89,0.0766,941043.272,0.1029,1343.322,0.2926,9176255.376,"Coal",,"Tangentially-fired","Wet Limestone","Low NOx Burner Technology w/ Separated OFA","Baghouse|Electrostatic Precipitator","Additives to Enhance PAC and Existing Equipment Performance|Untreated PAC Sorbent Injection","ARP, CSNOX, CSOSG2, CSSO2G1, MATS"
"KY","Mill Creek",1364,"3",907,,2020,6483,6472.24,1892646.68,,474.105,0.0513,1869143.603,0.1018,695.551,0.0744,18258881.693,"Coal",,"Dry bottom wall-fired boiler","Wet Limestone","Low NOx Burner Technology (Dry Bottom only)|Selective Catalytic Reduction","Baghouse|Electrostatic Precipitator|Wet Scrubber","Additives to Enhance PAC and Existing Equipment Performance|Untreated PAC Sorbent Injection","ARP, CSNOX, CSOSG2, CSSO2G1, MATS"
"KY","Mill Creek",1364,"4",908,,2020,7157,7145.43,2501405.62,,1455.151,0.1303,2463346.831,0.1021,869.671,0.0715,24054464.941,"Coal",,"Dry bottom wall-fired boiler","Wet Limestone","Low NOx Burner Technology (Dry Bottom only)|Selective Catalytic Reduction","Baghouse|Electrostatic Precipitator|Wet Scrubber","Additives to Enhance PAC and Existing Equipment Performance|Untreated PAC Sorbent Injection","ARP, CSNOX, CSOSG2, CSSO2G1, MATS"
"KY","Paddy's Run",1366,"12",10010,,2020,5,5,,,0.001,0.001,,,0.767,0.7,2190,"Pipeline Natural Gas",,"Combustion turbine",,,,,"CSNOX, CSOSG2, CSSO2G1"
"KY","Paddy's Run",1366,"13",909,,2020,301,266.53,36266.64,,0.111,0.001,22061.642,0.059,17.985,0.1009,371230.159,"Pipeline Natural Gas",,"Combustion turbine",,"Dry Low NOx Burners",,,"ARP, CSNOX, CSOSG2, CSSO2G1"
"KY","Elmer Smith",1374,"1",911,"CS001, CS002",2020,0,0,,,,,,,,,,"Coal",,"Cyclone boiler","Wet Limestone","Selective Catalytic Reduction","Electrostatic Precipitator",,"ARP, CSNOX, CSOSG2, CSSO2G1, MATS"
"KY","Elmer Smith",1374,"2",912,"CS001, CS002",2020,3029,3020.26,501701.9,,586.941,0.2018,504216.512,0.103,709.689,0.3019,4914382.851,"Coal",,"Tangentially-fired","Wet Limestone","Low NOx Burner Technology w/ Separated OFA|Selective Non-catalytic Reduction","Electrostatic Precipitator",,"ARP, CSNOX, CSOSG2, CSSO2G1, MATS"
"KY","Paradise",1378,"3",915,"MS3BY, MS3MN",2020,622,618.09,518160.48,,380.516,0.1448,521502.533,0.1028,846.245,0.3396,5082865.44,"Coal",,"Cyclone boiler","Wet Lime FGD","Overfire Air|Selective Catalytic Reduction","Electrostatic Precipitator",,"ARP, CSNOX, CSOSG2, CSSO2G1, MATS"
"KY","Paradise",1378,"AUX1",91048,,2020,405,400.26,,28489.86,,,1957.199,0.0628,1.458,0.0993,32901.599,"Pipeline Natural Gas",,"Other boiler",,,,,"SIPNOX"
"KY","Paradise",1378,"AUX2",91049,,2020,97,95.12,,10027.95,,,652.058,0.0665,0.43,0.0827,10962.947,"Pipeline Natural Gas",,"Other boiler",,,,,"SIPNOX"
"KY","Paradise",1378,"AUX3",91050,,2020,0,0,,,,,,,,,,"Pipeline Natural Gas",,"Other boiler",,,,,"SIPNOX"
"KY","Paradise",1378,"PCC1",91045,,2020,7795,7785.97,2342676.52,,4.687,0.001,928458.249,0.059,231.451,0.0306,15623086.86,"Pipeline Natural Gas",,"Combined cycle",,"Dry Low NOx Burners",,,"ARP, CSNOX, CSOSG2, CSSO2G1, NSPS4T"
"KY","Paradise",1378,"PCC2",91046,,2020,7762,7754.51,2342842.41,,4.66,0.001,922993.319,0.059,216.047,0.0283,15531094.022,"Pipeline Natural Gas",,"Combined cycle",,"Dry Low NOx Burners",,,"ARP, CSNOX, CSOSG2, CSSO2G1, NSPS4T"
"KY","Paradise",1378,"PCC3",91047,,2020,7903,7895.22,2380223.43,,4.75,0.001,940938.751,0.059,230.628,0.0306,15833169.27,"Pipeline Natural Gas",,"Combined cycle",,"Dry Low NOx Burners",,,"ARP, CSNOX, CSOSG2, CSSO2G1, NSPS4T"
"KY","Shawnee",1379,"1",916,"CSSH15",2020,5656,5652.67,486207.06,,856.187,0.3252,552411.887,0.105,452.958,0.1752,5267095.409,"Coal",,"Dry bottom wall-fired boiler","Dry Lime FGD","Low NOx Burner Technology (Dry Bottom only)|Selective Catalytic Reduction","Baghouse",,"ARP, CSNOX, CSOSG2, CSSO2G1, MATS"
"KY","Shawnee",1379,"2",918,"CSSH15",2020,4779,4777.08,401199.33,,724.334,0.3317,456156.329,0.105,373.594,0.1735,4349327.869,"Coal",,"Dry bottom wall-fired boiler",,"Low NOx Burner Technology (Dry Bottom only)","Baghouse",,"ARP, CSNOX, CSOSG2, CSSO2G1, MATS"
"KY","Shawnee",1379,"3",919,"CSSH15",2020,6311,6308.82,533657.97,,973.694,0.3352,607461.539,0.105,526.275,0.1841,5791984.009,"Coal",,"Dry bottom wall-fired boiler",,"Low NOx Burner Technology (Dry Bottom only)","Baghouse",,"ARP, CSNOX, CSOSG2, CSSO2G1, MATS"
"KY","Shawnee",1379,"4",920,"CSSH15",2020,4592,4588.72,404425.33,,702.852,0.3222,458602.008,0.105,361.758,0.1682,4372642.855,"Coal",,"Dry bottom wall-fired boiler","Dry Lime FGD","Low NOx Burner Technology (Dry Bottom only)|Selective Catalytic Reduction","Baghouse",,"ARP, CSNOX, CSOSG2, CSSO2G1, MATS"
"KY","Shawnee",1379,"5",921,"CSSH15",2020,5804,5801.68,499046.86,,978.46,0.3537,573236.762,0.105,542.72,0.1986,5465658.343,"Coal",,"Dry bottom wall-fired boiler",,"Low NOx Burner Technology (Dry Bottom only)","Baghouse",,"ARP, CSNOX, CSOSG2, CSSO2G1, MATS"
"KY","Shawnee",1379,"6",922,"CSSH60",2020,4711,4706.06,418628.83,,1149.669,0.4891,489977.446,0.105,563.369,0.2422,4671798.675,"Coal",,"Dry bottom wall-fired boiler",,"Low NOx Burner Technology (Dry Bottom only)","Baghouse",,"ARP, CSNOX, CSOSG2, CSSO2G1, MATS"
"KY","Shawnee",1379,"7",923,"CSSH60",2020,4425,4419.66,408505.09,,1103.673,0.4818,476465.079,0.105,545.697,0.2409,4542964.966,"Coal",,"Dry bottom wall-fired boiler",,"Low NOx Burner Technology (Dry Bottom only)","Baghouse",,"ARP, CSNOX, CSOSG2, CSSO2G1, MATS"
"KY","Shawnee",1379,"8",924,"CSSH60",2020,4631,4625.6,408392.25,,1116.61,0.4883,477885.594,0.105,546.791,0.2411,4556509.43,"Coal",,"Dry bottom wall-fired boiler",,"Low NOx Burner Technology (Dry Bottom only)","Baghouse",,"ARP, CSNOX, CSOSG2, CSSO2G1, MATS"
"KY","Shawnee",1379,"9",925,"CSSH60",2020,6342,6336.53,528784.97,,1418.958,0.479,613350.53,0.105,686.492,0.2359,5848135.2,"Coal",,"Dry bottom wall-fired boiler",,"Low NOx Burner Technology (Dry Bottom only)","Baghouse",,"ARP, CSNOX, CSOSG2, CSSO2G1, MATS"
"KY","Coleman",1381,"C1",926,"CS1, MS1",2020,0,0,,,,,,,,,,"Coal","Other Solid Fuel","Dry bottom wall-fired boiler","Wet Lime FGD","Low NOx Burner Technology (Dry Bottom only)","Electrostatic Precipitator",,"ARP, CSNOX, CSOSG2, CSSO2G1, MATS"
"KY","Coleman",1381,"C2",927,"CS1, MS2",2020,0,0,,,,,,,,,,"Coal","Other Solid Fuel","Dry bottom wall-fired boiler","Wet Lime FGD","Low NOx Burner Technology (Dry Bottom only)","Electrostatic Precipitator",,"ARP, CSNOX, CSOSG2, CSSO2G1, MATS"
"KY","Coleman",1381,"C3",928,"CS1, MS3",2020,0,0,,,,,,,,,,"Coal","Other Solid Fuel","Dry bottom wall-fired boiler","Wet Lime FGD","Low NOx Burner Technology (Dry Bottom only)","Electrostatic Precipitator",,"ARP, CSNOX, CSOSG2, CSSO2G1, MATS"
"KY","HMP and L Station 2",1382,"H1",929,"CS12, MS1",2020,0,0,,,,,,,,,,"Coal",,"Dry bottom wall-fired boiler","Wet Lime FGD","Low NOx Burner Technology (Dry Bottom only)|Selective Catalytic Reduction","Electrostatic Precipitator",,
"KY","HMP and L Station 2",1382,"H2",930,"CS12, MS2",2020,0,0,,,,,,,,,,"Coal",,"Dry bottom wall-fired boiler","Wet Lime FGD","Low NOx Burner Technology (Dry Bottom only)|Selective Catalytic Reduction","Electrostatic Precipitator",,
"KY","Robert Reid",1383,"R1",931,,2020,0,0,,,,,,,,,,"Coal",,"Dry bottom wall-fired boiler",,,"Cyclone|Electrostatic Precipitator",,"ARP, CSNOX, CSOSG2, CSSO2G1, MATS"
"KY","Robert Reid",1383,"RT",88132,,2020,130,130,3116,,1.503,0.06,,,17.53,0.7,50084.7,"Other Gas","Diesel Oil","Combustion turbine",,,,,"CSNOX, CSOSG2, CSSO2G1"
"KY","John S. Cooper",1384,"1",932,"CS1",2020,829,813.34,51433.8,,24.678,0.0796,52346.618,0.103,50.109,0.1546,510206.079,"Coal",,"Dry bottom wall-fired boiler","Dry Lime FGD","Low NOx Burner Technology (Dry Bottom only)","Electrostatic Precipitator|Baghouse",,"ARP, CSNOX, CSOSG2, CSSO2G1, MATS"
"KY","John S. Cooper",1384,"2",933,"CS1",2020,941,930.5,124477.8,,22.192,0.0495,124331.947,0.103,69.855,0.1163,1211816.584,"Coal",,"Dry bottom wall-fired boiler","Dry Lime FGD","Low NOx Burner Technology (Dry Bottom only)|Selective Catalytic Reduction","Baghouse",,"ARP, CSNOX, CSOSG2, CSSO2G1, MATS"
"LA","Louisiana 1",1391,"1A",936,,2020,8287,8273.98,796558.91,,1.893,0.0015,150744.504,0.0593,110.939,0.0898,2536622.048,"Process Gas","Diesel Oil","Tangentially-fired",,"Low NOx Burner Technology w/ Closed-coupled OFA",,,"ARP, CSOSG2"
"LA","Louisiana 1",1391,"2A",937,,2020,8015,8007.97,750134.34,,1.163,0.001,144322.198,0.0593,105.184,0.0892,2428501.584,"Process Gas","Diesel Oil","Tangentially-fired",,"Low NOx Burner Technology w/ Closed-coupled OFA",,,"ARP, CSOSG2"
"LA","Louisiana 1",1391,"3A",938,,2020,8784,8784,869762,,2.063,0.0013,178092.2,0.0593,140.191,0.0963,2996729.9,"Process Gas","Diesel Oil","Tangentially-fired",,"Low NOx Burner Technology w/ Closed-coupled OFA",,,"ARP, CSOSG2"
"LA","Louisiana 1",1391,"4A",939,,2020,8338,8328.86,807209.98,,5.511,0.001,726420.282,0.059,889.748,0.1456,12223427.116,"Process Gas",,"Combined cycle",,"Water Injection",,,"ARP, CSOSG2"
"LA","Louisiana 1",1391,"5A",940,,2020,8609,8607.36,,7784250.9,8.528,0.0011,1071697.884,0.059,362.238,0.0403,18033372.534,"Process Gas",,"Combined cycle",,"Dry Low NOx Burners",,,"ARP, CSOSG2"
"LA","R S Nelson",1393,"6",950,,2020,2782,2776.69,1017049.8,,3724.392,0.6235,1182981.035,0.105,962.173,0.1974,11279371.814,"Coal","Residual Oil","Tangentially-fired",,"Low NOx Burner Technology w/ Separated OFA","Electrostatic Precipitator","Additives to Enhance PAC and Existing Equipment Performance","ARP, CSOSG2, MATS"
"LA","Coughlin Power Station",1396,"6-1",957,,2020,5785,5753.2,1166271.91,,2.502,0.001,495595.324,0.059,178.389,0.0428,8339279.328,"Pipeline Natural Gas",,"Combined cycle",,"Dry Low NOx Burners|Selective Catalytic Reduction",,,"ARP, CSOSG2"
"LA","Coughlin Power Station",1396,"7-1",959,,2020,6797,6751.75,1328685.83,,2.87,0.001,568452.066,0.059,173.476,0.0367,9565225.061,"Pipeline Natural Gas",,"Combined cycle",,"Dry Low NOx Burners|Selective Catalytic Reduction",,,"ARP, CSOSG2"
"LA","Coughlin Power Station",1396,"7-2",960,,2020,6872,6834.94,1340779.83,,2.871,0.001,568614.652,0.059,156.357,0.0327,9568138.56,"Pipeline Natural Gas",,"Combined cycle",,"Dry Low NOx Burners|Selective Catalytic Reduction",,,"ARP, CSOSG2"
"LA","Teche Power Station",1400,"3",962,,2020,3344,3319.33,501573.87,,1.532,0.001,303384.841,0.059,625.439,0.224,5105042.348,"Pipeline Natural Gas","Diesel Oil","Dry bottom wall-fired boiler",,,,,"ARP, CSOSG2"
"LA","Teche Power Station",1400,"4",90666,,2020,50,37.91,936.2,,0.004,0.0008,697.3,0.0593,0.1,0.0167,11822.7,"Pipeline Natural Gas",,"Combustion turbine",,"Dry Low NOx Burners",,,"ARP, CSOSG2"
"LA","Little Gypsy",1402,"2",964,,2020,5389,5375.85,877878.68,,2.943,0.001,582885.017,0.059,808.741,0.1269,9808156.293,"Pipeline Natural Gas","Diesel Oil","Dry bottom wall-fired boiler",,"Combustion Modification/Fuel Reburning",,,"ARP, CSOSG2"
"LA","Little Gypsy",1402,"3",965,,2020,2852,2843.16,834530.27,,2.55,0.001,505105.937,0.059,1307.589,0.256,8499407.809,"Pipeline Natural Gas",,"Dry bottom wall-fired boiler",,"Combustion Modification/Fuel Reburning",,,"ARP, CSOSG2"
"LA","Ninemile Point",1403,"4",969,,2020,6718,6709.3,3040282.93,,8.943,0.001,1771609.666,0.059,5124.613,0.2635,29810715.348,"Pipeline Natural Gas","Diesel Oil","Tangentially-fired",,"Combustion Modification/Fuel Reburning",,,"ARP, CSOSG2"
"LA","Ninemile Point",1403,"5",970,,2020,5080,5065.98,2267254.6,,6.539,0.001,1295222.398,0.059,3782.971,0.2613,21794608.887,"Pipeline Natural Gas","Diesel Oil","Tangentially-fired",,"Combustion Modification/Fuel Reburning",,,"ARP, CSOSG2"
"LA","Ninemile Point",1403,"6A",90866,,2020,7722,7713.73,2198922.25,,4.475,0.001,884942.268,0.059,82.903,0.0122,14890551.646,"Pipeline Natural Gas","Diesel Oil","Combined cycle",,"Water Injection|Selective Catalytic Reduction",,,"ARP, CSOSG2"
"LA","Ninemile Point",1403,"6B",90867,,2020,7797,7787.36,2225694.01,,4.515,0.001,894362.923,0.059,88.442,0.0123,15048491.25,"Pipeline Natural Gas","Diesel Oil","Combined cycle",,"Water Injection|Selective Catalytic Reduction",,,"ARP, CSOSG2"
"LA","Sterlington",1404,"7AB",972,,2020,26,21.85,1020.48,,0.004,0.001,750.522,0.0592,2.841,0.45,12628.037,"Pipeline Natural Gas","Diesel Oil","Combined cycle",,,,,"ARP, CSOSG2"
"LA","Arsenal Hill Power Plant",1416,"5A",979,,2020,734,706.12,25539.99,,0.092,0.001,18315.511,0.0609,14.85,0.0754,308193.594,"Pipeline Natural Gas",,"Tangentially-fired",,,,,"ARP, CSOSG2"
"LA","Arsenal Hill Power Plant",1416,"CTG-6A",90566,,2020,7442,7428.57,1116441.52,,3.569,0.001,707016.209,0.059,62.715,0.0107,11896891.291,"Pipeline Natural Gas",,"Combined cycle",,"Dry Low NOx Burners|Selective Catalytic Reduction",,,"ARP, CSOSG2"
"LA","Arsenal Hill Power Plant",1416,"CTG-6B",90567,,2020,7473,7466.6,1124577.17,,3.587,0.001,710458.978,0.059,61.139,0.0104,11954845.097,"Pipeline Natural Gas",,"Combined cycle",,"Dry Low NOx Burners|Selective Catalytic Reduction",,,"ARP, CSOSG2"
"LA","Lieberman Power Plant",1417,"3",980,,2020,418,406.07,12102.95,,0.931,0.013,8649.56,0.0641,12.323,0.1397,145523.813,"Pipeline Natural Gas",,"Tangentially-fired",,,,,"ARP, CSOSG2"
"LA","Lieberman Power Plant",1417,"4",981,,2020,462,449.22,12713.08,,1.1,0.013,10217.32,0.0592,14.74,0.1474,171923.181,"Pipeline Natural Gas",,"Tangentially-fired",,,,,"ARP, CSOSG2"
"LA","Houma",1439,"15",982,,2020,1230,1216.37,12524.09,,0.035,0.001,6875.557,0.0594,14.232,0.2369,115708.199,"Pipeline Natural Gas",,"Dry bottom wall-fired boiler",,,,,"ARP, CSOSG2"
"LA","Houma",1439,"16",983,,2020,1623,1587.94,16082.31,,0.067,0.001,13301.397,0.0594,14.554,0.1241,223810.454,"Pipeline Natural Gas",,"Tangentially-fired",,,,,"ARP, CSOSG2"
"LA","Big Cajun 1",1464,"1B1",994,,2020,643,627.85,28522.38,,0.098,0.001,19376.644,0.0592,12.923,0.0744,326045.147,"Pipeline Natural Gas","Diesel Oil","Dry bottom wall-fired boiler",,"Low NOx Burner Technology (Dry Bottom only)|Other",,,"ARP, CSOSG2"
"LA","Big Cajun 1",1464,"1B2",995,,2020,383,371.57,14493.48,,0.053,0.001,10570.588,0.0592,7.41,0.0771,177862.247,"Pipeline Natural Gas","Diesel Oil","Dry bottom wall-fired boiler",,"Low NOx Burner Technology (Dry Bottom only)|Other",,,"ARP, CSOSG2"
"LA","Big Cajun 1",1464,"CTG1",8306,,2020,113,95.87,6797.98,,0.027,0.001,5388.952,0.059,2.999,0.0827,90678.467,"Pipeline Natural Gas",,"Combustion turbine",,"Dry Low NOx Burners",,,"ARP, CSOSG2"
"LA","Big Cajun 1",1464,"CTG2",8308,,2020,120,102.44,7308.63,,0.03,0.001,5844.239,0.0591,3.344,0.083,98342.899,"Pipeline Natural Gas",,"Combustion turbine",,"Dry Low NOx Burners",,,"ARP, CSOSG2"
"ME","William F Wyman",1507,"3",1002,,2020,114,104.71,3495.44,,8.796,0.4361,2985.074,0.1564,2.695,0.1383,34974.593,"Residual Oil",,"Tangentially-fired",,"Other","Cyclone",,"ARP, MATS, RGGI"
"ME","William F Wyman",1507,"4",1003,,2020,160,145.26,14614.36,,39.583,0.4276,13471.489,0.2423,13.348,0.1145,158759.303,"Residual Oil",,"Dry bottom wall-fired boiler",,"Combustion Modification/Fuel Reburning","Electrostatic Precipitator",,"ARP, MATS, RGGI"
"MD","Herbert A Wagner",1554,"1",1007,,2020,1638,1616.49,6334.42,,0.081,0.0011,14321.368,0.0594,10.388,0.0472,241003.321,"Other Oil","Pipeline Natural Gas","Dry bottom wall-fired boiler",,,"Electrostatic Precipitator",,"ARP, CSNOX, CSOSG2, CSSO2G1, MATS, RGGI"
"MD","Herbert A Wagner",1554,"2",1008,,2020,408,402.77,0,,0,0,1855.59,0.1027,0.382,0.0386,18050.868,"Coal, Pipeline Natural Gas",,"Dry bottom wall-fired boiler",,"Low NOx Burner Technology (Dry Bottom only)|Selective Non-catalytic Reduction","Electrostatic Precipitator","Halogenated PAC Sorbent Injection","ARP, CSNOX, CSOSG2, CSSO2G1, MATS, RGGI"
"MD","Herbert A Wagner",1554,"3",1009,,2020,673,665.82,91997.04,,602.207,1.1612,97148.82,0.103,30.839,0.0765,946862.097,"Coal",,"Dry bottom wall-fired boiler",,"Low NOx Burner Technology w/ Overfire Air|Selective Catalytic Reduction","Electrostatic Precipitator",,"ARP, CSNOX, CSOSG2, CSSO2G1, MATS, RGGI"
"MD","Herbert A Wagner",1554,"4",1010,,2020,237,232.41,7375,,13.495,0.0514,9994.326,0.0629,9.265,0.0398,135523.133,"Other Oil","Pipeline Natural Gas","Dry bottom wall-fired boiler",,,"Electrostatic Precipitator",,"ARP, CSNOX, CSOSG2, CSSO2G1, MATS, RGGI"
"MD","Perryman",1556,"**51",1019,,2020,764,663.63,89056.17,,0.41,0.0049,62332.966,0.061,30.872,0.077,1018313.403,"Pipeline Natural Gas","Diesel Oil","Combustion turbine",,"Water Injection",,,"ARP, CSNOX, CSOSG2, CSSO2G1, RGGI"
"MD","Perryman",1556,"6-1",90366,"CS6A",2020,1093,946.84,49896.87,,0.149,0.001,29541.714,0.0592,2.642,0.0216,497002.519,"Pipeline Natural Gas","Diesel Oil","Combustion turbine",,"Water Injection|Selective Catalytic Reduction",,,"ARP, CSNOX, CSOSG2, CSSO2G1, RGGI"
"MD","Perryman",1556,"6-2",90367,"CS6A",2020,1206,1047.24,56102.21,,0.167,0.001,33069.789,0.0592,2.967,0.0204,556376.423,"Pipeline Natural Gas","Diesel Oil","Combustion turbine",,"Water Injection|Selective Catalytic Reduction",,,"ARP, CSNOX, CSOSG2, CSSO2G1, RGGI"
"MD","Perryman",1556,"CT1",1023,,2020,163,130.85,4916.68,,0.041,0.0011,5999.998,0.081,24.097,0.6054,73939.603,"Diesel Oil",,"Combustion turbine",,,,,"CSNOX, CSOSG2, CSSO2G1, RGGI"
"MD","Perryman",1556,"CT3",1025,,2020,141,106.8,3934.1,,0.032,0.001,5013.491,0.081,22.815,0.6603,61781.351,"Diesel Oil",,"Combustion turbine",,,,,"CSNOX, CSOSG2, CSSO2G1, RGGI"
"MD","Perryman",1556,"CT4",1026,,2020,137,101.24,3720.52,,0.03,0.001,4705.3,0.081,20.52,0.6352,57988.819,"Diesel Oil",,"Combustion turbine",,,,,"CSNOX, CSOSG2, CSSO2G1, RGGI"
"MD","Westport",1560,"CT5",1041,,2020,46,38.41,3373.72,,0.016,0.001,3190.805,0.059,10.227,0.381,53688.115,"Pipeline Natural Gas",,"Combustion turbine",,,,,"CSNOX, CSOSG2, CSSO2G1, RGGI"
"MD","Vienna",1564,"8",1043,,2020,36,32.19,1439.1,,4.987,1.1548,1953.048,0.079,3.263,0.1687,24066.25,"Residual Oil",,"Tangentially-fired",,,,,"ARP, CSNOX, CSOSG2, CSSO2G1, MATS, RGGI"
"MD","Chalk Point",1571,"1",1050,"CSEW12",2020,883,873.18,208801.13,,191.983,0.1537,238240.297,0.0969,84.841,0.0707,2395598.087,"Coal","Pipeline Natural Gas","Dry bottom wall-fired boiler","Wet Limestone","Low NOx Burner Technology (Dry Bottom only)|Overfire Air|Selective Catalytic Reduction","Electrostatic Precipitator",,"ARP, CSNOX, CSOSG2, CSSO2G1, MATS, RGGI"
"MD","Chalk Point",1571,"2",1051,"CSEW12",2020,165,160.79,27525.53,,22.441,0.1354,32152.88,0.0972,33.941,0.1832,321020.276,"Coal","Pipeline Natural Gas","Dry bottom wall-fired boiler","Wet Limestone","Low NOx Burner Technology (Dry Bottom only)|Overfire Air|Ammonia Injection|Other","Electrostatic Precipitator",,"ARP, CSNOX, CSOSG2, CSSO2G1, MATS, RGGI"
"MD","Chalk Point",1571,"3",1052,,2020,342,335.6,88775.91,,2.95,0.0122,59849.911,0.0588,54.095,0.0762,1009620.546,"Pipeline Natural Gas","Residual Oil","Tangentially-fired",,"Overfire Air",,,"ARP, CSNOX, CSOSG2, CSSO2G1, MATS, RGGI"
"MD","Chalk Point",1571,"4",1053,,2020,519,508.34,146504.71,,2.528,0.0128,100041.988,0.0588,87.948,0.0793,1687601.159,"Pipeline Natural Gas","Residual Oil","Tangentially-fired",,"Overfire Air",,,"ARP, CSNOX, CSOSG2, CSSO2G1, MATS, RGGI"
"MD","Chalk Point",1571,"GT2",1055,,2020,14,8.85,126.05,,0.373,0.304,199.5,0.0819,1.476,1.1986,2460.2,"Diesel Oil",,"Combustion turbine",,,,,"CSNOX, CSOSG2, CSSO2G1, RGGI"
"MD","Chalk Point",1571,"**GT3",1046,,2020,45,35.76,2158.53,,1.204,0.0871,1979,0.0681,1.409,0.0982,29126.5,"Pipeline Natural Gas","Diesel Oil","Combustion turbine",,"Water Injection",,,"ARP, CSNOX, CSOSG2, CSSO2G1, RGGI"
"MD","Chalk Point",1571,"**GT4",1047,,2020,54,36.07,1975.47,,0.57,0.0441,1650.1,0.0634,1.126,0.0872,25895.9,"Pipeline Natural Gas","Diesel Oil","Combustion turbine",,"Water Injection",,,"ARP, CSNOX, CSOSG2, CSSO2G1, RGGI"
"MD","Chalk Point",1571,"**GT5",1048,,2020,49,39.01,2984.2,,0.948,0.0622,2067.7,0.0656,3.424,0.1866,31575.2,"Pipeline Natural Gas","Diesel Oil","Combustion turbine",,"Water Injection",,,"ARP, CSNOX, CSOSG2, CSSO2G1, RGGI"
"MD","Chalk Point",1571,"**GT6",1049,,2020,41,33.46,2834.29,,2.251,0.1247,2704.4,0.0725,7.146,0.3688,37550.1,"Pipeline Natural Gas","Diesel Oil","Combustion turbine",,"Water Injection",,,"ARP, CSNOX, CSOSG2, CSSO2G1, RGGI"
"MD","Chalk Point",1571,"SMECO",1056,,2020,8,6.34,298.69,,0.395,0.152,386.6,0.07,0.311,0.1135,5583.8,"Pipeline Natural Gas","Diesel Oil","Combustion turbine",,"Water Injection",,,"CSNOX, CSOSG2, CSSO2G1, RGGI"
"MD","Dickerson",1572,"1",1057,"CSDW13",2020,1145,1130.98,126518.59,,67.123,0.1084,125744.962,0.1029,124.952,0.2026,1225579.318,"Coal",,"Tangentially-fired","Wet Limestone","Low NOx Burner Technology w/ Separated OFA|Selective Non-catalytic Reduction","Baghouse|Electrostatic Precipitator",,"ARP, CSNOX, CSOSG2, CSSO2G1, MATS, RGGI"
"MD","Dickerson",1572,"2",1058,"CSDW13",2020,882,869.38,86182.97,,45.549,0.0957,87428.521,0.1027,92.487,0.2112,852123.49,"Coal",,"Tangentially-fired","Wet Limestone","Low NOx Burner Technology w/ Separated OFA|Selective Non-catalytic Reduction","Baghouse|Electrostatic Precipitator",,"ARP, CSNOX, CSOSG2, CSSO2G1, MATS, RGGI"
"MD","Dickerson",1572,"3",1059,"CSDW13",2020,222,215.01,18621.76,,15.651,0.1641,19217.804,0.103,23.22,0.2238,187309.242,"Coal",,"Tangentially-fired","Wet Limestone","Low NOx Burner Technology w/ Separated OFA|Selective Non-catalytic Reduction","Baghouse|Electrostatic Precipitator",,"ARP, CSNOX, CSOSG2, CSSO2G1, MATS, RGGI"
"MD","Dickerson",1572,"GT2",1061,,2020,303,252.76,27658.24,,0.467,0.0037,20891.264,0.0603,26.233,0.1554,345691.355,"Pipeline Natural Gas","Diesel Oil","Combustion turbine",,"Water Injection",,,"ARP, CSNOX, CSOSG2, CSSO2G1, RGGI"
"MD","Dickerson",1572,"GT3",1062,,2020,238,189.24,19647.79,,0.175,0.0019,14595.126,0.0595,10.005,0.084,243956.83,"Pipeline Natural Gas","Diesel Oil","Combustion turbine",,"Water Injection",,,"ARP, CSNOX, CSOSG2, CSSO2G1, RGGI"
"MD","Morgantown",1573,"1",1065,,2020,1740,1728.16,591487.58,,269.582,0.0734,641613.43,0.1029,145.987,0.0523,6253534.795,"Coal","Residual Oil","Tangentially-fired","Wet Limestone","Low NOx Burner Technology w/ Closed-coupled/Separated OFA|Ammonia Injection|Selective Catalytic Reduction","Electrostatic Precipitator",,"ARP, CSNOX, CSOSG2, CSSO2G1, MATS, RGGI"
"MD","Morgantown",1573,"2",1066,,2020,1859,1846.35,662174.86,,389.519,0.1085,638949.06,0.1029,157.715,0.055,6227577.736,"Coal","Residual Oil","Tangentially-fired","Wet Limestone","Low NOx Burner Technology w/ Closed-coupled/Separated OFA|Ammonia Injection|Selective Catalytic Reduction","Electrostatic Precipitator",,"ARP, CSNOX, CSOSG2, CSSO2G1, MATS, RGGI"
"MD","Morgantown",1573,"GT3",1069,,2020,30,20.21,836.3,,1.74,0.3023,930.7,0.0803,3.113,0.5422,11487.1,"Diesel Oil",,"Combustion turbine",,,,,"CSNOX, CSOSG2, CSSO2G1, RGGI"
"MD","Morgantown",1573,"GT4",1070,,2020,24,15.98,760.96,,1.504,0.303,804.1,0.0811,2.691,0.5421,9928.2,"Diesel Oil",,"Combustion turbine",,,,,"CSNOX, CSOSG2, CSSO2G1, RGGI"
"MD","Morgantown",1573,"GT5",1071,,2020,19,14.36,725.17,,1.417,0.3032,757.3,0.0808,2.534,0.5421,9351.1,"Diesel Oil",,"Combustion turbine",,,,,"CSNOX, CSOSG2, CSSO2G1, RGGI"
"MD","Morgantown",1573,"GT6",1072,,2020,63,36.17,1391.39,,2.973,0.3037,1589.2,0.0806,5.318,0.5418,19624.8,"Diesel Oil",,"Combustion turbine",,,,,"CSNOX, CSOSG2, CSSO2G1, RGGI"
"MA","Framingham Station",1586,"FJ-1",1077,,2020,42,29.99,196.69,,,,,,1.538,0.5512,5572.3,"Diesel Oil",,"Combustion turbine",,,,,"SIPNOX"
"MA","Framingham Station",1586,"FJ-2",1078,,2020,44,30.16,203.1,,,,,,1.333,0.4768,5603.7,"Diesel Oil",,"Combustion turbine",,,,,"SIPNOX"
"MA","Framingham Station",1586,"FJ-3",1079,,2020,48,30.62,224.38,,,,,,1.577,0.5556,5689.3,"Diesel Oil",,"Combustion turbine",,,,,"SIPNOX"
"MA","Mystic",1588,"7",1083,,2020,186,176.96,4482.46,,10.183,0.0301,6738.607,0.0607,4.6,0.039,97741.844,"Pipeline Natural Gas","Residual Oil","Tangentially-fired",,,"Electrostatic Precipitator",,"ARP, MATS, RGGI, SIPNOX"
"MA","Mystic",1588,"81",10011,,2020,1542,1508.77,430026.25,,0.944,0.001,187026.667,0.059,13.13,0.0133,3147073.942,"Pipeline Natural Gas",,"Combined cycle",,"Selective Catalytic Reduction",,,"ARP, RGGI, SIPNOX"
"MA","Mystic",1588,"82",10012,,2020,1648,1615.72,459318.74,,1.006,0.001,199372.285,0.059,14.329,0.0139,3354782.236,"Pipeline Natural Gas",,"Combined cycle",,"Selective Catalytic Reduction",,,"ARP, RGGI, SIPNOX"
"MA","Mystic",1588,"93",10013,,2020,1760,1703.2,476774.89,,1.056,0.001,209254.964,0.059,15.442,0.0147,3521123.387,"Pipeline Natural Gas",,"Combined cycle",,"Selective Catalytic Reduction",,,"ARP, RGGI, SIPNOX"
"MA","Mystic",1588,"94",10014,,2020,1999,1964.11,553235.18,,1.22,0.001,241723.723,0.0591,15.45,0.0114,4067459.726,"Pipeline Natural Gas",,"Combined cycle",,"Selective Catalytic Reduction",,,"ARP, RGGI, SIPNOX"
"MA","Mystic",1588,"MJ-1",1084,,2020,71,51.49,337.42,,,,,,2.301,0.4812,9566.4,"Diesel Oil",,"Combustion turbine",,,,,"SIPNOX"
"MA","Medway Station",1592,"J1T1",1088,,2020,23,13.96,209.69,,,,443.5,0.0807,1.416,0.5167,5476.5,"Diesel Oil","Pipeline Natural Gas","Combustion turbine",,,,,"RGGI, SIPNOX"
"MA","Medway Station",1592,"J1T2",1089,,2020,24,13.58,187.89,,,,431.7,0.0809,1.452,0.5452,5327.4,"Diesel Oil","Pipeline Natural Gas","Combustion turbine",,,,,"RGGI, SIPNOX"
"MA","Medway Station",1592,"J2T1",1090,,2020,29,20.14,244.4,,,,640.3,0.0809,1.876,0.475,7900.9,"Diesel Oil","Pipeline Natural Gas","Combustion turbine",,,,,"RGGI, SIPNOX"
"MA","Medway Station",1592,"J2T2",1091,,2020,29,19.19,220.94,,,,610.3,0.0811,1.939,0.5152,7528.5,"Diesel Oil","Pipeline Natural Gas","Combustion turbine",,,,,"RGGI, SIPNOX"
"MA","Medway Station",1592,"J3T1",1092,,2020,18,9.37,154.21,,,,298,0.0811,0.937,0.51,3675.9,"Diesel Oil","Pipeline Natural Gas","Combustion turbine",,,,,"RGGI, SIPNOX"
"MA","Medway Station",1592,"J3T2",1093,,2020,23,9.46,131.37,,,,300.7,0.0809,0.918,0.4918,3711.3,"Diesel Oil","Pipeline Natural Gas","Combustion turbine",,,,,"RGGI, SIPNOX"
"MA","Blackstone",1594,"11",1094,"CP2, CS2",2020,781,660.33,,28954.14,,,,,2.55,0.1176,37140.022,"Pipeline Natural Gas","Residual Oil","Dry bottom wall-fired boiler",,"Combustion Modification/Fuel Reburning",,,"SIPNOX"
"MA","Blackstone",1594,"12",1095,"CP2, CS2",2020,1334,1223.1,,66141.16,,,,,7.615,0.141,90282.849,"Pipeline Natural Gas","Residual Oil","Dry bottom wall-fired boiler",,"Combustion Modification/Fuel Reburning",,,"SIPNOX"
"MA","Kendall Green Energy LLC",1595,"2",1097,,2020,1561,995.73,,25180.63,0.017,0.001,3368.475,0.0595,3.433,0.0736,56627.346,"Pipeline Natural Gas","Residual Oil","Dry bottom wall-fired boiler",,,,,"ARP, RGGI, SIPNOX"
"MA","Kendall Green Energy LLC",1595,"3",1098,,2020,1994,1659.24,,104801.03,0.054,0.001,10738.278,0.0594,7.611,0.0634,180688.936,"Pipeline Natural Gas","Residual Oil","Dry bottom wall-fired boiler",,"Low NOx Burner Technology (Dry Bottom only)",,,"ARP, RGGI, SIPNOX"
"MA","Kendall Green Energy LLC",1595,"4",1099,,2020,7657,7643.42,2026340.63,,3.914,0.001,775282.849,0.059,42.118,0.0076,13043978.218,"Pipeline Natural Gas","Diesel Oil","Combined cycle",,"Dry Low NOx Burners|Selective Catalytic Reduction",,,"ARP, RGGI, SIPNOX"
"MA","Kendall Green Energy LLC",1595,"S6",1100,,2020,55,35.28,421.02,,,,,,5.629,1.0948,10866.4,"Diesel Oil",,"Combustion turbine",,"Water Injection",,,"SIPNOX"
"MA","Canal Station",1599,"1",1102,,2020,26,21.46,3598.21,,7.7,0.368,3392.043,0.081,1.846,0.1186,41806.627,"Residual Oil",,"Dry bottom wall-fired boiler",,"Low NOx Burner Technology w/ Overfire Air|Selective Catalytic Reduction|Combustion Modification/Fuel Reburning","Electrostatic Precipitator",,"ARP, MATS, RGGI, SIPNOX"
"MA","Canal Station",1599,"2",1103,,2020,59,55.97,10245.8,,9.012,0.0959,8612.648,0.0644,7.087,0.0673,127094.542,"Pipeline Natural Gas","Residual Oil","Dry bottom wall-fired boiler",,"Low NOx Burner Technology w/ Overfire Air|Combustion Modification/Fuel Reburning","Electrostatic Precipitator",,"ARP, MATS, RGGI, SIPNOX"
"MA","Canal Station",1599,"3",88425,,2020,1252,1215.6,303891.41,,0.904,0.001,180019.94,0.0596,15.137,0.0151,3003111.315,"Pipeline Natural Gas","Diesel Oil","Combustion turbine",,"Dry Low NOx Burners|Water Injection|Selective Catalytic Reduction",,,"ARP, RGGI, SIPNOX"
"MA","Doreen",1631,"10",1130,,2020,10,4.59,53.57,,,,,,0.672,1.2003,1119.9,"Diesel Oil",,"Combustion turbine",,,,,"SIPNOX"
"MA","West Springfield",1642,"10",1136,,2020,17,11.22,150.96,,,,,,1.683,1.2,2805,"Diesel Oil",,"Combustion turbine",,,,,"SIPNOX"
"MA","West Springfield",1642,"3",1138,,2020,47,42.47,911.28,,0.095,0.7329,774.213,0.0465,0.493,0.0358,13066.724,"Residual Oil","Pipeline Natural Gas","Tangentially-fired",,,,,"ARP, MATS, RGGI, SIPNOX"
"MA","West Springfield",1642,"CTG1",8310,,2020,35,19.44,648.01,,0.002,0.0009,397.065,0.0625,0.276,0.1492,6483.573,"Pipeline Natural Gas","Diesel Oil","Combustion turbine",,"Water Injection|Selective Catalytic Reduction",,,"ARP, RGGI, SIPNOX"
"MA","West Springfield",1642,"CTG2",8312,,2020,25,16.11,587.42,,0.002,0.001,369.521,0.0636,0.461,0.1998,5830.208,"Pipeline Natural Gas","Diesel Oil","Combustion turbine",,"Water Injection|Selective Catalytic Reduction",,,"ARP, RGGI, SIPNOX"
"MA","Woodland Road",1643,"10",1139,,2020,11,6.43,98.98,,,,,,0.941,1.2003,1568.9,"Diesel Oil",,"Combustion turbine",,,,,"SIPNOX"
"MA","Potter",1660,"3",1140,,2020,3,1.47,47.9,,,,45.912,0.059,0.155,0.2737,772.391,"Pipeline Natural Gas","Diesel Oil","Combined cycle",,"Steam Injection",,,"RGGI, SIPNOX"
"MA","Potter",1660,"4",90442,,2020,298,225.27,10289.29,,0.03,0.001,6119.277,0.0614,0.59,0.0171,99424.188,"Pipeline Natural Gas","Diesel Oil","Combustion turbine",,"Water Injection|Ammonia Injection|Selective Catalytic Reduction",,,"ARP, RGGI, SIPNOX"
"MA","Potter",1660,"5",90443,,2020,307,227.72,10526.28,,0.031,0.001,6245.028,0.0613,0.603,0.0177,102133.67,"Pipeline Natural Gas","Diesel Oil","Combustion turbine",,"Water Injection|Ammonia Injection|Selective Catalytic Reduction",,,"ARP, RGGI, SIPNOX"
"MA","Waters River",1678,"1",89524,"CP1",2020,83,58.47,817.33,,,,,,2.598,0.5168,10091.9,"Pipeline Natural Gas","Diesel Oil","Combustion turbine",,,,,"SIPNOX"
"MA","Waters River",1678,"2",1141,"CP1",2020,130,95.11,2724.71,,,,2143.5,0.0659,4.596,0.4645,33260.4,"Pipeline Natural Gas","Diesel Oil","Combustion turbine",,"Water Injection",,,"RGGI, SIPNOX"
"MA","Cleary Flood",1682,"8",1142,,2020,0,0,,,,,,,,,,"Residual Oil","Diesel Oil","Dry bottom wall-fired boiler",,"Low NOx Burner Technology (Dry Bottom only)",,,"ARP, MATS, RGGI, SIPNOX"
"MA","Cleary Flood",1682,"9",1143,,2020,952,863.12,51574.35,,0.208,0.0011,33339.974,0.0592,46.043,0.146,560039.619,"Pipeline Natural Gas","Diesel Oil","Other boiler",,"Low NOx Burner Technology w/ Overfire Air",,,"ARP, RGGI, SIPNOX"
"MI","Dan E Karn",1702,"1",1153,,2020,4906,4893.65,953818.81,,297.026,0.0595,1054705.133,0.105,309.702,0.0626,10056315.807,"Coal","Diesel Oil","Tangentially-fired","Dry Lime FGD","Selective Catalytic Reduction","Baghouse","Halogenated PAC Sorbent Injection","ARP, CSNOX, CSOSG2, CSSO2G1, MATS"
"MI","Dan E Karn",1702,"2",1154,,2020,4790,4782.17,874906.64,,264.559,0.0552,994894.905,0.105,283.791,0.0604,9486047.67,"Coal","Diesel Oil","Dry bottom wall-fired boiler","Dry Lime FGD","Low NOx Burner Technology w/ Overfire Air|Selective Catalytic Reduction","Baghouse","Halogenated PAC Sorbent Injection","ARP, CSNOX, CSOSG2, CSSO2G1, MATS"
"MI","Dan E Karn",1702,"3",1155,"CS0009",2020,317,306.37,,352301.8,58.804,0.0832,36903.975,0.0605,46.208,0.0932,578064.061,"Pipeline Natural Gas","Residual Oil","Dry bottom wall-fired boiler",,"Low NOx Burner Technology (Dry Bottom only)",,,"ARP, CSNOX, CSOSG2, CSSO2G1"
"MI","Dan E Karn",1702,"4",1156,"CS0009",2020,254,239.19,,211902.13,7.899,0.0611,20773.102,0.0599,21.514,0.0884,345721.606,"Pipeline Natural Gas","Residual Oil","Dry bottom wall-fired boiler",,"Low NOx Burner Technology (Dry Bottom only)",,,"ARP, CSNOX, CSOSG2, CSSO2G1"
"MI","Dan E Karn",1702,"A",88429,"CS0009",2020,457,440.32,,14651.22,0.466,0.9052,731.592,0.0516,0.293,0.0388,12328.221,"Pipeline Natural Gas",,"Dry bottom wall-fired boiler",,"Low NOx Burner Technology (Dry Bottom only)",,,"SIPNOX"
"MI","Dan E Karn",1702,"B",88430,"CS0009",2020,696,679.62,,28989.6,0.782,0.6962,1566.958,0.0532,0.721,0.0513,26430.908,"Pipeline Natural Gas",,"Dry bottom wall-fired boiler",,"Low NOx Burner Technology (Dry Bottom only)",,,"SIPNOX"
"MI","J H Campbell",1710,"1",1157,,2020,4210,4199.91,797797.89,,1096.112,0.2595,858378.909,0.105,735.678,0.1913,8184363.927,"Coal",,"Tangentially-fired","Dry Sorbent Injection","Low NOx Burner Technology w/ Closed-coupled/Separated OFA","Baghouse","Halogenated PAC Sorbent Injection","ARP, CSNOX, CSOSG2, CSSO2G1, MATS"
"MI","J H Campbell",1710,"2",1158,,2020,4625,4622.53,909082.98,,1282.747,0.2663,999172.706,0.105,234.4,0.0505,9526804.815,"Coal",,"Cell burner boiler","Dry Sorbent Injection","Low NOx Cell Burner|Selective Catalytic Reduction","Baghouse","Halogenated PAC Sorbent Injection","ARP, CSNOX, CSOSG2, CSSO2G1, MATS"
"MI","J H Campbell",1710,"3",1159,,2020,7882,7875.41,5583004.22,,1577.533,0.0615,5568302.254,0.105,1395.43,0.0531,53092155.835,"Coal",,"Dry bottom wall-fired boiler","Dry Lime FGD","Low NOx Burner Technology w/ Overfire Air|Selective Catalytic Reduction","Baghouse","Halogenated PAC Sorbent Injection","ARP, CSNOX, CSOSG2, CSSO2G1, MATS"
"MI","Delray",1728,"CTG111",1175,,2020,425,383.37,24709.1,,0.089,0.001,17588.411,0.059,5.78,0.039,295958.119,"Pipeline Natural Gas",,"Combustion turbine",,"Dry Low NOx Burners",,,"ARP, CSNOX, CSOSG2, CSSO2G1"
"MI","Delray",1728,"CTG121",1176,,2020,225,199.39,12061.11,,0.037,0.001,7377.589,0.0591,2.795,0.045,124120.831,"Pipeline Natural Gas",,"Combustion turbine",,"Dry Low NOx Burners",,,"ARP, CSNOX, CSOSG2, CSSO2G1"
"MI","Hancock Peakers",1730,"CTG121",88435,,2020,82,67.44,2421.61,,0.01,0.0009,2013.3,0.059,11.949,0.7,34137.4,"Pipeline Natural Gas",,"Combustion turbine",,,,,"CSNOX, CSOSG2, CSSO2G1"
"MI","Hancock Peakers",1730,"CTG122",88436,,2020,78,65.89,2348.08,,0.01,0.0009,1945.5,0.059,11.541,0.7,32974.5,"Pipeline Natural Gas",,"Combustion turbine",,,,,"CSNOX, CSOSG2, CSSO2G1"
"MI","Monroe",1733,"1",1182,,2020,6584,6573.09,3492574.9,,1055.51,0.061,3509057.421,0.105,1042.722,0.0693,33457821.641,"Coal","Diesel Oil","Cell burner boiler","Wet Limestone","Low NOx Cell Burner|Selective Catalytic Reduction","Electrostatic Precipitator",,"ARP, CSNOX, CSOSG2, CSSO2G1, MATS"
"MI","Monroe",1733,"2",1183,,2020,5538,5523.71,2901451.99,,977.789,0.0664,3000183.172,0.105,801.237,0.0594,28605884.493,"Coal","Diesel Oil","Cell burner boiler","Wet Limestone","Low NOx Cell Burner|Selective Catalytic Reduction","Electrostatic Precipitator",,"ARP, CSNOX, CSOSG2, CSSO2G1, MATS"
"MI","Monroe",1733,"3",1184,,2020,6899,6884.11,3963451.08,,819.6,0.0435,3837860.92,0.105,1091.148,0.0634,36573012.839,"Coal","Diesel Oil","Cell burner boiler","Wet Limestone","Low NOx Cell Burner|Selective Catalytic Reduction","Electrostatic Precipitator",,"ARP, CSNOX, CSOSG2, CSSO2G1, MATS"
"MI","Monroe",1733,"4",1185,,2020,6901,6889.02,3936377.84,,929.657,0.0482,3929607.102,0.105,1280.275,0.0706,37447283.403,"Coal","Diesel Oil","Cell burner boiler","Wet Limestone","Low NOx Cell Burner|Selective Catalytic Reduction","Electrostatic Precipitator",,"ARP, CSNOX, CSOSG2, CSSO2G1, MATS"
"MI","River Rouge",1740,"1",1186,,2020,0,0,,,,,,,,,,"Pipeline Natural Gas",,"Dry bottom wall-fired boiler",,"Low NOx Burner Technology (Dry Bottom only)",,,"ARP, CSNOX, CSOSG2, CSSO2G1"
"MI","River Rouge",1740,"3",1188,,2020,2760,2747.43,261457.67,,608.813,0.3391,242207.638,0.0706,351.988,0.1799,3127562.989,"Coal, Process Gas","Other Gas, Pipeline Natural Gas, Process Gas","Dry bottom wall-fired boiler",,"Low NOx Burner Technology (Dry Bottom only)","Electrostatic Precipitator","Halogenated PAC Sorbent Injection","ARP, CSNOX, CSOSG2, CSSO2G1, MATS"
"MI","St. Clair",1743,"2",1190,,2020,4269,4262.93,341631.29,,1276.379,0.6808,385512.428,0.105,658.537,0.3613,3675753.815,"Coal","Residual Oil, Pipeline Natural Gas","Dry bottom wall-fired boiler",,"Low NOx Cell Burner","Electrostatic Precipitator",,"ARP, CSNOX, CSOSG2, CSSO2G1, MATS"
"MI","St. Clair",1743,"3",1191,,2020,4953,4939.89,371634.4,,1267.595,0.5909,425969.692,0.105,798.146,0.3792,4061481.816,"Coal","Residual Oil, Pipeline Natural Gas","Dry bottom wall-fired boiler",,"Low NOx Cell Burner","Electrostatic Precipitator",,"ARP, CSNOX, CSOSG2, CSSO2G1, MATS"
"MI","St. Clair",1743,"6",1194,,2020,2513,2497.38,421247.52,,1658.679,0.7299,444796.755,0.1049,478.327,0.2292,4240990.743,"Coal","Diesel Oil, Pipeline Natural Gas","Tangentially-fired",,"Low NOx Burner Technology w/ Separated OFA","Electrostatic Precipitator","Halogenated PAC Sorbent Injection","ARP, CSNOX, CSOSG2, CSSO2G1, MATS"
"MI","St. Clair",1743,"7",1195,,2020,3550,3538.78,749563.72,,2953.997,0.7158,831213.492,0.105,652.456,0.1619,7925377.558,"Coal","Diesel Oil","Tangentially-fired",,"Low NOx Burner Technology w/ Separated OFA","Electrostatic Precipitator","Halogenated PAC Sorbent Injection","ARP, CSNOX, CSOSG2, CSSO2G1, MATS"
"MI","Trenton Channel",1745,"9A",1200,,2020,1435,1417.95,,2091978.7,885.27,0.4661,349326.939,0.1049,253.663,0.1398,3330730.781,"Coal","Diesel Oil","Tangentially-fired",,"Low NOx Burner Technology w/ Separated OFA","Electrostatic Precipitator",,"ARP, CSNOX, CSOSG2, CSSO2G1, MATS"
"MI","J B Sims",1825,"3",1213,,2020,1048,1047.45,38602.5,,33.334,0.1853,36621.025,0.1029,56.882,0.3187,356919.835,"Coal",,"Dry bottom wall-fired boiler","Wet Lime FGD","Low NOx Burner Technology (Dry Bottom only)","Electrostatic Precipitator",,"ARP, CSNOX, CSOSG2, CSSO2G1, MATS"
"MI","Eckert Station",1831,"1",1215,,2020,0,0,,,,,,,,,,"Coal",,"Dry bottom wall-fired boiler",,"Low NOx Burner Technology w/ Overfire Air","Electrostatic Precipitator",,"ARP, CSNOX, CSOSG2, CSSO2G1, MATS"
"MI","Eckert Station",1831,"3",1217,,2020,0,0,,,,,,,,,,"Coal",,"Tangentially-fired",,"Low NOx Burner Technology w/ Separated OFA|Overfire Air","Electrostatic Precipitator",,"ARP, CSNOX, CSOSG2, CSSO2G1, MATS"
"MI","Eckert Station",1831,"4",1218,,2020,194,185.99,7425.8,,25.445,0.5138,9364.775,0.105,9.77,0.213,89293.031,"Coal",,"Dry bottom wall-fired boiler",,"Low NOx Burner Technology w/ Overfire Air","Electrostatic Precipitator","Halogenated PAC Sorbent Injection","ARP, CSNOX, CSOSG2, CSSO2G1, MATS"
"MI","Eckert Station",1831,"5",1219,,2020,0,0,,,,,,,,,,"Coal",,"Dry bottom wall-fired boiler",,"Low NOx Burner Technology w/ Overfire Air","Electrostatic Precipitator","Halogenated PAC Sorbent Injection","ARP, CSNOX, CSOSG2, CSSO2G1, MATS"
"MI","Eckert Station",1831,"6",1220,,2020,0,0,,,,,,,,,,"Coal",,"Dry bottom wall-fired boiler",,"Low NOx Burner Technology w/ Overfire Air","Electrostatic Precipitator","Halogenated PAC Sorbent Injection","ARP, CSNOX, CSOSG2, CSSO2G1, MATS"
"MI","Erickson",1832,"1",1221,,2020,5723,5705.72,616261.46,,1804.246,0.4962,782601.455,0.105,577.64,0.1533,7461886.34,"Coal",,"Dry bottom wall-fired boiler",,"Low NOx Burner Technology w/ Overfire Air","Electrostatic Precipitator","Halogenated PAC Sorbent Injection","ARP, CSNOX, CSOSG2, CSSO2G1, MATS"
"MI","Wyandotte",1866,"5",1223,,2020,3734,3728.47,,26599,0.001,0,5680.471,0.0593,3.377,0.0655,95762.82,"Pipeline Natural Gas",,"Stoker",,,,,"ARP, CSNOX, CSOSG2, CSSO2G1"
"MI","Wyandotte",1866,"7",1224,,2020,1967,1965.65,,267020.44,0.163,0.0009,31945.874,0.059,49.876,0.1752,538886.586,"Pipeline Natural Gas",,"Dry bottom wall-fired boiler",,"Low NOx Burner Technology (Dry Bottom only)","Electrostatic Precipitator",,"ARP, CSNOX, CSOSG2, CSSO2G1"
"MN","Laskin Energy Center",1891,"1",1229,"CS0001",2020,442,436.23,8191.03,,0.098,0.002,6937.658,0.0593,5.692,0.0966,116723.183,"Natural Gas",,"Tangentially-fired",,"Low NOx Burner Technology w/ Separated OFA",,,"ARP, CSNOX, CSSO2G2"
"MN","Laskin Energy Center",1891,"2",1230,"CS0001",2020,438,433.08,8058.37,,0.096,0.002,6820.033,0.0594,5.622,0.0971,114743.921,"Natural Gas",,"Tangentially-fired",,"Low NOx Burner Technology w/ Separated OFA",,,"ARP, CSNOX, CSSO2G2"
"MN","Boswell Energy Center",1893,"3",1233,,2020,7723,7715.26,1713494.46,,114.087,0.0129,1855843.603,0.1045,498.699,0.0558,17706060.26,"Coal","Pipeline Natural Gas","Tangentially-fired","Wet Limestone","Low NOx Burner Technology w/ Separated OFA|Ammonia Injection|Selective Catalytic Reduction","Baghouse","Untreated PAC Sorbent Injection","ARP, CSNOX, CSSO2G2, MATS"
"MN","Boswell Energy Center",1893,"4",1234,,2020,7794,7783.76,2915588.87,,376.771,0.0271,3167511.991,0.1043,1539.952,0.0982,30262368.993,"Coal",,"Tangentially-fired","Dry Sorbent Injection","Selective Non-catalytic Reduction|Low NOx Burner Technology w/ Closed-coupled/Separated OFA","Baghouse","Halogenated PAC Sorbent Injection","ARP, CSNOX, CSSO2G2, MATS"
"MN","Hibbard Energy Center",1897,"3",1235,"CS0001",2020,3718,3704.21,,655322.38,32.983,0.0589,118660.589,0.1027,175.821,0.3072,1141343.019,"Wood","Coal","Stoker",,,"Electrostatic Precipitator",,"ARP, CSNOX, CSSO2G2"
"MN","Hibbard Energy Center",1897,"4",1236,"CS0001",2020,2840,2817.97,,457020.79,21.303,0.0534,82027.983,0.102,123.15,0.2985,788737.709,"Wood","Coal","Stoker",,,"Electrostatic Precipitator",,"ARP, CSNOX, CSSO2G2"
"MN","Black Dog",1904,"5",1241,,2020,5202,5093.73,1233241.28,,2.815,0.001,556079.89,0.059,76.406,0.0229,9357137.312,"Pipeline Natural Gas",,"Combined cycle",,"Selective Catalytic Reduction",,,"ARP, CSNOX, CSSO2G2"
"MN","Black Dog",1904,"6",91235,,2020,2227,2072.64,367716.55,,1.177,0.001,233229.805,0.059,55.834,0.0332,3924496.172,"Pipeline Natural Gas",,"Combustion turbine",,"Dry Low NOx Burners",,,"ARP, CSNOX, CSSO2G2"
"MN","High Bridge",1912,"7",89581,,2020,5107,4958.11,1267364.77,,2.818,0.001,558255.43,0.059,63.559,0.0153,9393707.237,"Pipeline Natural Gas",,"Combined cycle",,"Dry Low NOx Burners|Selective Catalytic Reduction",,,"ARP, CSNOX, CSSO2G2"
"MN","High Bridge",1912,"8",89582,,2020,5966,5840.43,1477654.83,,3.275,0.001,648727.146,0.059,75.705,0.016,10916081.918,"Pipeline Natural Gas",,"Combined cycle",,"Dry Low NOx Burners|Selective Catalytic Reduction",,,"ARP, CSNOX, CSSO2G2"
"MN","Inver Hills",1913,"1",90102,,2020,143,128.57,3896.84,,0.003,0.0001,,,4.899,0.6949,14349.7,"Pipeline Natural Gas","Diesel Oil","Combustion turbine",,,,,"CSNOX, CSSO2G2"
"MN","Inver Hills",1913,"2",90103,,2020,44,36.83,883.67,,0.167,0.137,,,2.591,0.8137,7264.2,"Pipeline Natural Gas","Diesel Oil","Combustion turbine",,,,,"CSNOX, CSSO2G2"
"MN","Inver Hills",1913,"3",90104,,2020,106,93.26,2427.83,,0.062,0.0055,,,14.316,0.6924,41189.8,"Pipeline Natural Gas","Diesel Oil","Combustion turbine",,,,,"CSNOX, CSSO2G2"
"MN","Inver Hills",1913,"4",90105,,2020,137,123.15,3478.18,,0.056,0.0045,,,19.577,0.696,56121.6,"Pipeline Natural Gas","Diesel Oil","Combustion turbine",,,,,"CSNOX, CSSO2G2"
"MN","Inver Hills",1913,"5",90106,,2020,71,59.81,1488.8,,0.057,0.0151,,,9.276,0.6955,26757,"Pipeline Natural Gas","Diesel Oil","Combustion turbine",,,,,"CSNOX, CSSO2G2"
"MN","Inver Hills",1913,"6",90107,,2020,128,109.1,3081.63,,0.057,0.0047,,,15.95,0.693,45938.6,"Pipeline Natural Gas","Diesel Oil","Combustion turbine",,,,,"CSNOX, CSSO2G2"
"MN","Allen S King",1915,"1",1248,,2020,1886,1877.06,894530.42,,490.466,0.1217,931679.661,0.1049,420.202,0.1051,8883284.94,"Coal",,"Cyclone boiler","Dry Lime FGD","Overfire Air|Selective Catalytic Reduction","Baghouse|Electrostatic Precipitator","Halogenated PAC Sorbent Injection","ARP, CSNOX, CSSO2G2, MATS"
"MN","Riverside (1927)",1927,"10",89647,,2020,5265,5138.01,1124635.27,,2.391,0.001,473705.087,0.059,73.145,0.0242,7971055.936,"Pipeline Natural Gas",,"Combined cycle",,"Dry Low NOx Burners|Selective Catalytic Reduction",,,"ARP, CSNOX, CSSO2G2"
"MN","Riverside (1927)",1927,"9",89646,,2020,5024,4900.53,1094738.03,,2.31,0.001,457517.716,0.059,73.919,0.0257,7698566.253,"Pipeline Natural Gas",,"Combined cycle",,"Dry Low NOx Burners|Selective Catalytic Reduction",,,"ARP, CSNOX, CSSO2G2"
"MN","Hoot Lake",1943,"2",1253,,2020,3076,3059.5,107868.75,,397.253,0.5888,135147.9,0.1048,204.231,0.3064,1288599.2,"Coal","Diesel Oil","Tangentially-fired",,"Low NOx Burner Technology w/ Closed-coupled/Separated OFA","Electrostatic Precipitator","Halogenated PAC Sorbent Injection","ARP, CSNOX, CSSO2G2, MATS"
"MN","Hoot Lake",1943,"3",1254,,2020,2013,1998.25,105255.75,,352.212,0.549,127259.825,0.105,111.923,0.1729,1213380.875,"Coal","Diesel Oil","Dry bottom wall-fired boiler",,"Low NOx Burner Technology w/ Overfire Air","Electrostatic Precipitator","Halogenated PAC Sorbent Injection","ARP, CSNOX, CSSO2G2, MATS"
"MN","New Ulm",2001,"7",90754,,2020,31,15.21,395.46,,0.905,0.3402,,,3.194,1.2,5323.5,"Diesel Oil",,"Combustion turbine",,"Water Injection",,,"CSNOX, CSSO2G2"
"MN","Cambridge Station",2038,"1",90190,,2020,39,26.06,336.35,,0.007,0.0012,,,5.681,1.2001,9467.6,"Diesel Oil",,"Combustion turbine",,,,,"CSNOX, CSSO2G2"
"MN","Cambridge Station",2038,"2",89651,,2020,271,213.12,20050.81,,0.073,0.001,14531.883,0.059,8.096,0.0763,244523.432,"Pipeline Natural Gas",,"Combustion turbine",,"Dry Low NOx Burners",,,"ARP, CSNOX, CSSO2G2"
"MN","Elk River",2039,"ERPS11",90432,,2020,135,113.22,12809.84,,0.051,0.001,10135.659,0.0594,2.851,0.0415,169779.476,"Pipeline Natural Gas","Diesel Oil","Combustion turbine",,"Dry Low NOx Burners",,,"ARP, CSNOX, CSSO2G2"
"MN","Maple Lake Station",2042,"1",90189,,2020,41,26.23,319.5,,0.007,0.0013,,,5.718,1.2,9529.4,"Diesel Oil",,"Combustion turbine",,,,,"CSNOX, CSSO2G2"
"MS","Chevron Cogenerating Station",2047,"5",1285,,2020,8380,8374.35,600070.57,,2.033,0.001,402605.776,0.059,180.427,0.0534,6774642.308,"Natural Gas",,"Combustion turbine",,"Dry Low NOx Burners",,,"ARP, CSOSG2"
"MS","Sweatt Electric Generating Plant",2048,"CTA",90050,,2020,392,392,3570,,,,,,28.337,0.7,80959.6,"Pipeline Natural Gas",,"Combustion turbine",,,,,"CSOSG2"
"MS","Sweatt Electric Generating Plant",2048,"CTB",90314,,2020,401,401,3616,,,,,,28.503,0.7,81431.8,"Pipeline Natural Gas",,"Combustion turbine",,,,,"CSOSG2"
"MS","Watson Electric Generating Plant",2049,"4",1291,,2020,7542,7532.86,686752.4,,2.12,0.001,419965.341,0.059,496.385,0.1282,7066720.35,"Pipeline Natural Gas",,"Dry bottom wall-fired boiler",,"Low NOx Burner Technology (Dry Bottom only)","Electrostatic Precipitator",,"ARP, CSOSG2"
"MS","Watson Electric Generating Plant",2049,"5",1292,,2020,7371,7356.75,1700387.29,,5.032,0.001,996804.233,0.059,2413.634,0.2749,16773140.669,"Pipeline Natural Gas",,"Dry bottom wall-fired boiler",,"Low NOx Burner Technology (Dry Bottom only)","Electrostatic Precipitator",,"ARP, CSOSG2"
"MS","Watson Electric Generating Plant",2049,"CTA",90051,,2020,178,178,1969,,,,,,8.362,0.7,23890.7,"Pipeline Natural Gas",,"Combustion turbine",,,,,"CSOSG2"
"MS","Watson Electric Generating Plant",2049,"CTB",90315,,2020,180,180,2303,,,,,,9.519,0.7001,27194,"Pipeline Natural Gas",,"Combustion turbine",,,,,"CSOSG2"
"MS","Baxter Wilson",2050,"1",1293,,2020,4158,4130.78,1576363.1,,6.131,0.0019,923362.417,0.0591,2094.632,0.2614,15533548.14,"Pipeline Natural Gas","Residual Oil","Tangentially-fired",,,,,"ARP, CSOSG2"
"MS","Moselle Generation Complex",2070,"3",1309,,2020,764,709.96,13846.92,,0.049,0.001,9625.631,0.0593,25.024,0.218,161989.243,"Pipeline Natural Gas","Diesel Oil","Dry bottom wall-fired boiler",,,,,"ARP, CSOSG2"
"MS","Moselle Generation Complex",2070,"**4",1303,,2020,530,462.63,30210.59,,0.108,0.001,21349.012,0.059,7.996,0.054,359255.952,"Pipeline Natural Gas","Diesel Oil","Combustion turbine",,"Dry Low NOx Burners",,,"ARP, CSOSG2"
"MS","Moselle Generation Complex",2070,"5",1304,,2020,542,476.99,31312.06,,0.112,0.001,22230.336,0.059,4.627,0.032,374071.353,"Pipeline Natural Gas",,"Combustion turbine",,"Dry Low NOx Burners",,,"ARP, CSOSG2"
"MS","Moselle Generation Complex",2070,"6",90671,,2020,7121,7095.94,937357.66,,2.335,0.001,462370.809,0.059,20.467,0.0058,7781129.186,"Pipeline Natural Gas",,"Combined cycle",,"Dry Low NOx Burners|Selective Catalytic Reduction",,,"ARP, CSOSG2"
"MS","Moselle Generation Complex",2070,"7",90672,,2020,6658,6643.75,864658.68,,2.155,0.001,426919.336,0.059,20.723,0.0064,7183492.936,"Pipeline Natural Gas",,"Combined cycle",,"Dry Low NOx Burners|Selective Catalytic Reduction",,,"ARP, CSOSG2"
"MO","Asbury",2076,"1",1311,,2020,0,0,,,,,,,,,,"Coal",,"Cyclone boiler","Dry Lime FGD","Overfire Air|Selective Catalytic Reduction","Baghouse","Untreated PAC Sorbent Injection","ARP, CSNOX, CSSO2G1, MATS"
"MO","Hawthorn",2079,"5A",1315,,2020,5454,5427.92,2139361.33,,928.674,0.0909,2116615.006,0.1022,661.995,0.0656,20236266.395,"Coal",,"Dry bottom wall-fired boiler","Dry Lime FGD","Low NOx Burner Technology w/ Overfire Air|Selective Catalytic Reduction","Baghouse","Halogenated PAC Sorbent Injection","ARP, CSNOX, CSOSG2, CSSO2G1, MATS"
"MO","Hawthorn",2079,"6",1316,,2020,0,0,,,,,,,,,,"Pipeline Natural Gas",,"Combustion turbine",,"Other",,,"ARP, CSNOX, CSOSG2, CSSO2G1"
"MO","Hawthorn",2079,"7",1317,,2020,940,855.26,45755,,0.173,0.001,34272.929,0.059,7.649,0.0305,576721.543,"Pipeline Natural Gas",,"Combustion turbine",,"Other",,,"ARP, CSNOX, CSOSG2, CSSO2G1"
"MO","Hawthorn",2079,"8",1318,,2020,1034,938.31,51663.36,,0.203,0.001,40211.775,0.059,9.192,0.0307,676628.1,"Pipeline Natural Gas",,"Combustion turbine",,"Other",,,"ARP, CSNOX, CSOSG2, CSSO2G1"
"MO","Hawthorn",2079,"9",1319,,2020,1211,1115.09,136753.55,,0.367,0.001,72743.796,0.0591,8.59,0.0169,1224048.002,"Pipeline Natural Gas",,"Combined cycle",,"Selective Catalytic Reduction",,,"ARP, CSNOX, CSOSG2, CSSO2G1"
"MO","Northeast Generating Station",2081,"11",90053,,2020,110,102.8,1320.3,,0.501,0.0299,,,20.03,1.1998,33383,"Diesel Oil",,"Combustion turbine",,,,,"CSNOX, CSOSG2, CSSO2G1"
"MO","Northeast Generating Station",2081,"12",90054,,2020,61,57.8,791.8,,0.263,0.0301,,,10.543,1.2003,17570.5,"Diesel Oil",,"Combustion turbine",,,,,"CSNOX, CSOSG2, CSSO2G1"
"MO","Northeast Generating Station",2081,"13",90055,,2020,22,19.5,304,,0.084,0.0301,,,3.343,1.1999,5572.1,"Diesel Oil",,"Combustion turbine",,,,,"CSNOX, CSOSG2, CSSO2G1"
"MO","Northeast Generating Station",2081,"14",90056,,2020,95,90.8,1218.8,,0.386,0.03,,,15.421,1.2,25702.7,"Diesel Oil",,"Combustion turbine",,,,,"CSNOX, CSOSG2, CSSO2G1"
"MO","Northeast Generating Station",2081,"15",90057,,2020,107,100.3,1241.8,,0.409,0.0301,,,16.377,1.2002,27295.3,"Diesel Oil",,"Combustion turbine",,,,,"CSNOX, CSOSG2, CSSO2G1"
"MO","Northeast Generating Station",2081,"16",90058,,2020,80,75.8,803.8,,0.292,0.0299,,,11.654,1.2,19422.8,"Diesel Oil",,"Combustion turbine",,,,,"CSNOX, CSOSG2, CSSO2G1"
"MO","Northeast Generating Station",2081,"17",90059,,2020,120,114.8,1194.3,,0.465,0.0299,,,18.576,1.1999,30960.5,"Diesel Oil",,"Combustion turbine",,,,,"CSNOX, CSOSG2, CSSO2G1"
"MO","Northeast Generating Station",2081,"18",90060,,2020,108,101.8,1247.3,,0.418,0.0301,,,16.726,1.2001,27876.3,"Diesel Oil",,"Combustion turbine",,,,,"CSNOX, CSOSG2, CSSO2G1"
"MO","Fairgrounds",2082,"CT01",90097,,2020,14,12.84,534.55,,2.86,0.5,,,6.864,1.2,11440.4,"Diesel Oil",,"Combustion turbine",,,,,"CSNOX, CSOSG2, CSSO2G1"
"MO","Ralph Green Station",2092,"3",90004,,2020,663,570.4,10455.31,,0.068,0.001,,,21.895,0.1708,226676.018,"Pipeline Natural Gas",,"Combustion turbine",,"Water Injection",,,"CSNOX, CSOSG2, CSSO2G1"
"MO","Lake Road",2098,"6",1327,,2020,212,174.65,4452.88,,0.015,0.001,3032.157,0.0593,4.809,0.1851,51024.093,"Pipeline Natural Gas",,"Cyclone boiler",,"Overfire Air",,,"ARP, CSNOX, CSOSG2, CSSO2G1"
"MO","Lake Road",2098,"GT5",89948,,2020,411,352.72,4047.58,,0.058,0.0009,,,65.927,0.7001,188354.2,"Pipeline Natural Gas","Diesel Oil","Combustion turbine",,,,,"CSNOX, CSOSG2, CSSO2G1"
"MO","Labadie",2103,"1",1328,,2020,8576,8575.43,4528900.18,,10202.265,0.4781,4472569.768,0.105,1987.846,0.0918,42644611.086,"Coal",,"Tangentially-fired",,"Low NOx Burner Technology w/ Closed-coupled/Separated OFA","Electrostatic Precipitator","Halogenated PAC Sorbent Injection","ARP, CSNOX, CSOSG2, CSSO2G1, MATS"
"MO","Labadie",2103,"2",1329,,2020,8579,8574.25,4567379.55,,10214.596,0.4774,4475583.196,0.105,1961.669,0.092,42673368.732,"Coal",,"Tangentially-fired",,"Low NOx Burner Technology w/ Closed-coupled/Separated OFA","Electrostatic Precipitator","Halogenated PAC Sorbent Injection","ARP, CSNOX, CSOSG2, CSSO2G1, MATS"
"MO","Labadie",2103,"3",1330,,2020,8306,8300.27,4293828.95,,9770.531,0.4806,4252815.197,0.105,1965.705,0.0962,40549368.535,"Coal",,"Tangentially-fired",,"Low NOx Burner Technology w/ Closed-coupled/Separated OFA","Electrostatic Precipitator","Halogenated PAC Sorbent Injection","ARP, CSNOX, CSOSG2, CSSO2G1, MATS"
"MO","Labadie",2103,"4",1331,,2020,7837,7830.09,3967072.11,,9204.505,0.4835,3981121.507,0.105,1734.138,0.0908,37958820.562,"Coal",,"Tangentially-fired",,"Low NOx Burner Technology w/ Closed-coupled/Separated OFA","Electrostatic Precipitator","Halogenated PAC Sorbent Injection","ARP, CSNOX, CSOSG2, CSSO2G1, MATS"
"MO","Meramec",2104,"1",1332,,2020,547,537.22,13254.56,,0.05,0.0008,9832.946,0.059,5.065,0.0525,165878.273,"Pipeline Natural Gas",,"Tangentially-fired",,"Low NOx Burner Technology w/ Separated OFA","Electrostatic Precipitator",,"ARP, CSNOX, CSOSG2, CSSO2G1"
"MO","Meramec",2104,"2",1333,,2020,522,515.62,12277.4,,0.053,0.0007,11288.127,0.0589,6.442,0.0592,190432.805,"Pipeline Natural Gas",,"Tangentially-fired",,"Low NOx Burner Technology w/ Separated OFA","Electrostatic Precipitator",,"ARP, CSNOX, CSOSG2, CSSO2G1"
"MO","Meramec",2104,"3",1334,,2020,220,215.17,18897.74,,48.563,0.3468,22885.159,0.105,23.092,0.1955,218203.913,"Coal",,"Dry bottom wall-fired boiler",,"Low NOx Burner Technology w/ Overfire Air","Electrostatic Precipitator","Halogenated PAC Sorbent Injection","ARP, CSNOX, CSOSG2, CSSO2G1, MATS"
"MO","Meramec",2104,"4",1335,,2020,692,683.05,90391.5,,234.979,0.418,102217.123,0.105,71.634,0.1371,974617.866,"Coal",,"Dry bottom wall-fired boiler",,"Low NOx Burner Technology w/ Overfire Air","Electrostatic Precipitator","Halogenated PAC Sorbent Injection","ARP, CSNOX, CSOSG2, CSSO2G1, MATS"
"MO","Meramec",2104,"CT01",89684,,2020,0,0,,,,,,,,,,"Diesel Oil",,"Combustion turbine",,,,,"CSNOX, CSOSG2, CSSO2G1"
"MO","Meramec",2104,"CT2A",89685,,2020,0,0,,,,,,,,,,"Pipeline Natural Gas","Diesel Oil","Combustion turbine",,"Water Injection",,,"CSNOX, CSOSG2, CSSO2G1"
"MO","Meramec",2104,"CT2B",89686,,2020,0,0,,,,,,,,,,"Pipeline Natural Gas","Diesel Oil","Combustion turbine",,"Water Injection",,,"CSNOX, CSOSG2, CSSO2G1"
"MO","Sioux",2107,"1",1336,,2020,3916,3899.3,1324953.03,,463.39,0.0624,1426871.152,0.105,1601.008,0.2487,13604785.466,"Coal",,"Cyclone boiler","Wet Limestone","Overfire Air","Wet Scrubber|Electrostatic Precipitator",,"ARP, CSNOX, CSOSG2, CSSO2G1, MATS"
"MO","Sioux",2107,"2",1337,,2020,4877,4866.27,1688787.54,,736.119,0.0826,1738540.013,0.105,1915.982,0.2336,16576472.347,"Coal",,"Cyclone boiler","Wet Limestone","Overfire Air","Wet Scrubber|Electrostatic Precipitator",,"ARP, CSNOX, CSOSG2, CSSO2G1, MATS"
"MO","Chillicothe",2122,"GT1A",90005,"CP0",2020,4,4,4,,0.009,0.25,,,0.036,0.952,75.2,"Pipeline Natural Gas","Diesel Oil","Combustion turbine",,,,,"CSNOX, CSOSG2, CSSO2G1"
"MO","Chillicothe",2122,"GT1B",90226,"CP0",2020,4,4,9,,0.005,0.1253,,,0.064,0.8265,169.5,"Pipeline Natural Gas","Diesel Oil","Combustion turbine",,,,,"CSNOX, CSOSG2, CSSO2G1"
"MO","Chillicothe",2122,"GT2A",90006,"CP0",2020,45,45,429,,0.002,0.0002,,,2.418,0.7001,6909.6,"Pipeline Natural Gas","Diesel Oil","Combustion turbine",,,,,"CSNOX, CSOSG2, CSSO2G1"
"MO","Chillicothe",2122,"GT2B",90227,"CP0",2020,45,45,427,,0.002,0.0002,,,2.406,0.7,6874.8,"Pipeline Natural Gas","Diesel Oil","Combustion turbine",,,,,"CSNOX, CSOSG2, CSSO2G1"
"MO","Columbia",2123,"6",1339,"CS5",2020,0,0,,,,,,,,,,"Coal",,"Stoker",,,"Baghouse",,"ARP, CSNOX, CSOSG2, CSSO2G1, MATS"
"MO","Columbia",2123,"7",1340,"CS5",2020,0,0,,,,,,,,,,"Coal",,"Stoker",,,"Baghouse",,"ARP, CSNOX, CSOSG2, CSSO2G1, MATS"
"MO","Columbia",2123,"8",1341,,2020,1829,1814.1,,193893.71,0.092,0.001,18156.461,0.0594,2.839,0.0195,305484.413,"Pipeline Natural Gas",,"Dry bottom wall-fired boiler",,,,,"ARP, CSNOX, CSOSG2, CSSO2G1"
"MO","Higginsville Municipal Power Plant",2131,"4A",88446,,2020,177,140.75,2652.05,,0.014,0.0008,,,13.94,0.7003,39836.9,"Pipeline Natural Gas","Diesel Oil","Combustion turbine",,"Water Injection",,,"CSNOX, CSOSG2, CSSO2G1"
"MO","Higginsville Municipal Power Plant",2131,"4B",88447,,2020,177,141.19,2666.12,,0.014,0.0009,,,13.984,0.7002,39961.5,"Pipeline Natural Gas","Diesel Oil","Combustion turbine",,"Water Injection",,,"CSNOX, CSOSG2, CSSO2G1"
"MO","Blue Valley",2132,"3",1342,,2020,170,157.6,1948.49,,0.007,0.001,1365.626,0.0593,1.608,0.1215,22981.032,"Pipeline Natural Gas",,"Tangentially-fired",,"Low NOx Burner Technology w/ Closed-coupled OFA","Electrostatic Precipitator",,"ARP, CSNOX, CSOSG2, CSSO2G1"
"MO","James River",2161,"4",1352,,2020,0,0,,,,,,,,,,"Pipeline Natural Gas",,"Dry bottom wall-fired boiler",,"Low NOx Burner Technology w/ Overfire Air","Electrostatic Precipitator",,"ARP, CSNOX, CSOSG2, CSSO2G1"
"MO","James River",2161,"5",1353,,2020,0,0,,,,,,,,,,"Pipeline Natural Gas",,"Dry bottom wall-fired boiler",,"Low NOx Burner Technology w/ Overfire Air","Electrostatic Precipitator",,"ARP, CSNOX, CSOSG2, CSSO2G1"
"MO","James River",2161,"**GT1",89860,,2020,1404,1264.01,61944.94,,0.257,0.001,49812.193,0.0595,61.713,0.1448,832841.902,"Natural Gas, Pipeline Natural Gas","Diesel Oil","Combustion turbine",,"Water Injection",,,"CSNOX, CSOSG2, CSSO2G1"
"MO","James River",2161,"**GT2",1350,,2020,1387,1241.83,60975.94,,0.256,0.001,49638.636,0.0596,61.549,0.1455,827642.207,"Natural Gas, Pipeline Natural Gas","Diesel Oil","Combustion turbine",,"Water Injection",,,"ARP, CSNOX, CSOSG2, CSSO2G1"
"MO","New Madrid Power Plant",2167,"1",1357,,2020,7714,7702.06,3384849.89,,6178.431,0.3969,3242193.004,0.1049,10941.069,0.7004,30913567.703,"Coal","Diesel Oil","Cyclone boiler",,"Selective Catalytic Reduction|Overfire Air","Electrostatic Precipitator","Additives to Enhance PAC and Existing Equipment Performance","ARP, CSNOX, CSOSG2, CSSO2G1, MATS"
"MO","New Madrid Power Plant",2167,"2",1358,,2020,7525,7509.15,3138082.29,,5854.3,0.4189,2954880.606,0.1049,7285.673,0.5238,28174023.581,"Coal","Diesel Oil","Cyclone boiler",,"Selective Catalytic Reduction|Overfire Air","Electrostatic Precipitator","Additives to Enhance PAC and Existing Equipment Performance","ARP, CSNOX, CSOSG2, CSSO2G1, MATS"
"MO","Thomas Hill Energy Center",2168,"MB1",1359,,2020,7744,7725.54,1171708.88,,2401.712,0.3758,1327378.869,0.1049,3426.257,0.5338,12656652.436,"Coal","Diesel Oil","Cyclone boiler",,"Overfire Air|Selective Catalytic Reduction","Electrostatic Precipitator","Additives to Enhance PAC and Existing Equipment Performance","ARP, CSNOX, CSOSG2, CSSO2G1, MATS"
"MO","Thomas Hill Energy Center",2168,"MB2",1360,,2020,7895,7877.81,1982358.36,,3687.507,0.3702,2079221.335,0.105,5612.479,0.5524,19824778.407,"Coal","Diesel Oil","Cyclone boiler",,"Overfire Air|Selective Catalytic Reduction","Electrostatic Precipitator","Additives to Enhance PAC and Existing Equipment Performance","ARP, CSNOX, CSOSG2, CSSO2G1, MATS"
"MO","Thomas Hill Energy Center",2168,"MB3",1361,,2020,6219,6190.34,4110426.08,,7613.049,0.3972,3971329.267,0.1048,3869.239,0.201,37868691.03,"Coal","Diesel Oil","Dry bottom wall-fired boiler",,"Overfire Air|Low NOx Burner Technology (Dry Bottom only)|Selective Catalytic Reduction","Electrostatic Precipitator","Additives to Enhance PAC and Existing Equipment Performance","ARP, CSNOX, CSOSG2, CSSO2G1, MATS"
"MT","Glendive Generating Station",2176,"GT-2",1363,,2020,73,53.43,765.09,,0.03,0.005,663.716,0.0631,0.7,0.1304,10167.688,"Pipeline Natural Gas","Diesel Oil","Combustion turbine",,"Dry Low NOx Burners",,,"ARP"
"NE","Canaday",2226,"1",1367,,2020,57,55.25,969.28,,0.004,0.0005,782.6,0.059,1.66,0.25,13273.6,"Pipeline Natural Gas",,"Tangentially-fired",,,,,"ARP, CSNOX, CSSO2G2"
"NE","Lon D Wright Power Plant",2240,"50T",9176,,2020,63,44.73,1509.53,,0.007,0.0009,1525.1,0.059,9.053,0.7,25867.6,"Pipeline Natural Gas","Diesel Oil","Combustion turbine",,"Dry Low NOx Burners|Water Injection",,,"ARP, CSNOX, CSSO2G2"
"NE","Lon D Wright Power Plant",2240,"8",1371,,2020,6775,6769.26,325587.75,,587.915,0.3483,338859.807,0.103,339.892,0.2053,3279938.529,"Coal","Pipeline Natural Gas","Dry bottom wall-fired boiler","Wet Limestone","Low NOx Burner Technology (Dry Bottom only)","Baghouse|Electrostatic Precipitator","Halogenated PAC Sorbent Injection","ARP, CSNOX, CSSO2G2, MATS"
"NE","C W Burdick",2241,"GT-2",88133,,2020,107,58.73,1150.81,,0.006,0.0009,1083.68,0.0595,0.248,0.0271,18179.171,"Pipeline Natural Gas","Diesel Oil","Combustion turbine",,"Dry Low NOx Burners|Water Injection",,,"ARP, CSNOX, CSSO2G2"
"NE","C W Burdick",2241,"GT-3",88134,,2020,114,76.98,1540.67,,0.01,0.0011,1435.538,0.0597,0.417,0.0357,24049.515,"Pipeline Natural Gas","Diesel Oil","Combustion turbine",,"Dry Low NOx Burners|Water Injection",,,"ARP, CSNOX, CSSO2G2"
"NE","J Street",2250,"1",90730,,2020,49,35.27,450.01,,0.121,0.0373,,,8.728,0.7909,24134,"Pipeline Natural Gas","Diesel Oil","Combustion turbine",,"Water Injection",,,"CSNOX, CSSO2G2"
"NE","Hallam Peaking",2265,"1A",90723,,2020,58,38.08,532.09,,1.542,0.3716,,,4.017,1.0706,7072.5,"Pipeline Natural Gas","Diesel Oil","Combustion turbine",,,,,"CSNOX, CSSO2G2"
"NE","Hallam Peaking",2265,"1B",90724,,2020,60,38.27,538.21,,1.87,0.3755,,,4.87,1.0745,8573.6,"Pipeline Natural Gas","Diesel Oil","Combustion turbine",,,,,"CSNOX, CSSO2G2"
"NE","Hebron Peaking",2266,"1A",90725,,2020,52,35.36,493.95,,1.903,0.5011,,,4.565,1.1999,7608.7,"Diesel Oil",,"Combustion turbine",,,,,"CSNOX, CSSO2G2"
"NE","Hebron Peaking",2266,"1B",90726,,2020,52,35.36,492.95,,1.831,0.5019,,,4.393,1.1996,7322.6,"Diesel Oil",,"Combustion turbine",,,,,"CSNOX, CSSO2G2"
"NE","McCook Peaking",2271,"1A",90727,,2020,32,22.92,300.08,,1.139,0.5009,,,2.734,1.2003,4555.8,"Diesel Oil",,"Combustion turbine",,,,,"CSNOX, CSSO2G2"
"NE","McCook Peaking",2271,"1B",90728,,2020,33,23.17,302.14,,1.233,0.5006,,,2.959,1.1999,4931.1,"Diesel Oil",,"Combustion turbine",,,,,"CSNOX, CSSO2G2"
"NE","Sheldon",2277,"1",1379,,2020,4402,4391.14,356041.03,,915.422,0.4989,376710.689,0.105,957.391,0.5347,3591830.701,"Coal","Pipeline Natural Gas","Cyclone boiler",,"Overfire Air","Baghouse",,"ARP, CSNOX, CSSO2G2, MATS"
"NE","Sheldon",2277,"2",1380,,2020,2530,2515.07,206444.22,,544.306,0.4749,230162.989,0.105,373.321,0.3272,2194527.865,"Coal","Pipeline Natural Gas","Cyclone boiler",,"Overfire Air","Baghouse",,"ARP, CSNOX, CSSO2G2, MATS"
"NE","Jones Street",2290,"1",90740,,2020,53,39.53,807.5,,0.793,0.0502,,,18.856,1.2,31427.3,"Diesel Oil",,"Combustion turbine",,,,,"CSNOX, CSSO2G2"
"NE","Jones Street",2290,"2",90741,,2020,74,58.49,1234.77,,1.173,0.0503,,,27.9,1.2,46500.2,"Diesel Oil",,"Combustion turbine",,,,,"CSNOX, CSSO2G2"
"NE","North Omaha Station",2291,"1",1381,"CS000A",2020,95,90.94,792.66,,0.004,0.0009,837.739,0.0591,0.49,0.0497,14132.568,"Pipeline Natural Gas",,"Tangentially-fired",,,"Electrostatic Precipitator",,"ARP, CSNOX, CSSO2G2"
"NE","North Omaha Station",2291,"2",1382,"CS000A",2020,83,78.27,1406.16,,0.007,0.0009,1364.736,0.0584,0.743,0.0462,23025.726,"Pipeline Natural Gas",,"Tangentially-fired",,"Low NOx Burner Technology w/ Closed-coupled OFA","Electrostatic Precipitator",,"ARP, CSNOX, CSSO2G2"
"NE","North Omaha Station",2291,"3",1383,"CS000A",2020,810,777.79,18603.62,,0.076,0.0006,15584.37,0.0585,6.568,0.0369,262900.405,"Pipeline Natural Gas",,"Tangentially-fired",,"Low NOx Burner Technology w/ Closed-coupled OFA","Electrostatic Precipitator",,"ARP, CSNOX, CSSO2G2"
"NE","North Omaha Station",2291,"4",1384,,2020,7931,7920.56,728748.79,,2169.153,0.5343,838720.411,0.1041,1269.901,0.3122,8008255.614,"Coal","Natural Gas","Tangentially-fired",,,"Electrostatic Precipitator","Halogenated PAC Sorbent Injection","ARP, CSNOX, CSSO2G2, MATS"
"NE","North Omaha Station",2291,"5",1385,,2020,8266,8254.98,1197553.88,,3277.385,0.5432,1249092.458,0.1042,1898.57,0.3219,11919442.978,"Coal","Natural Gas","Dry bottom wall-fired boiler",,"Low NOx Burner Technology (Dry Bottom only)","Electrostatic Precipitator","Halogenated PAC Sorbent Injection","ARP, CSNOX, CSSO2G2, MATS"
"NE","Sarpy County Station",2292,"1",90742,,2020,279,203.68,4977.97,,0.127,0.0026,,,20.069,0.4279,84932.455,"Diesel Oil","Pipeline Natural Gas","Combustion turbine",,,,,"CSNOX, CSSO2G2"
"NE","Sarpy County Station",2292,"2",90743,,2020,507,418.12,11824.51,,0.07,0.0013,,,23.654,0.2483,183965.383,"Pipeline Natural Gas","Diesel Oil","Combustion turbine",,,,,"CSNOX, CSSO2G2"
"NE","Sarpy County Station",2292,"CT3",1387,,2020,519,435.95,29536.76,,0.138,0.0011,23015.822,0.0603,10.663,0.0567,379954.525,"Pipeline Natural Gas","Diesel Oil","Combustion turbine",,"Dry Low NOx Burners|Water Injection",,,"ARP, CSNOX, CSSO2G2"
"NE","Sarpy County Station",2292,"CT4A",1388,,2020,311,248.14,4923.42,,0.022,0.0012,3282.777,0.0597,2.156,0.08,54905.626,"Pipeline Natural Gas","Diesel Oil","Combustion turbine",,"Water Injection",,,"ARP, CSNOX, CSSO2G2"
"NE","Sarpy County Station",2292,"CT4B",1389,,2020,244,195.85,3573.25,,0.012,0.001,2378.953,0.0593,1.55,0.0781,40033.334,"Pipeline Natural Gas","Diesel Oil","Combustion turbine",,"Water Injection",,,"ARP, CSNOX, CSSO2G2"
"NE","Sarpy County Station",2292,"CT5A",1390,,2020,452,358.04,6941.31,,0.03,0.0011,4625.823,0.0598,2.869,0.0751,77388.22,"Pipeline Natural Gas","Diesel Oil","Combustion turbine",,"Water Injection",,,"ARP, CSNOX, CSSO2G2"
"NE","Sarpy County Station",2292,"CT5B",1391,,2020,444,354.63,6693.58,,0.023,0.001,4458.496,0.0596,2.95,0.0801,74911.769,"Pipeline Natural Gas","Diesel Oil","Combustion turbine",,"Water Injection",,,"ARP, CSNOX, CSSO2G2"
"NV","Clark",2322,"11A",89799,"CS11",2020,587,401.7,9148.52,,0.029,0.001,5678.095,0.0597,1.504,0.074,95559.146,"Pipeline Natural Gas",,"Combustion turbine",,"Selective Catalytic Reduction",,,"ARP"
"NV","Clark",2322,"11B",89800,"CS11",2020,590,408.71,9255.38,,0.031,0.001,6097.551,0.0594,1.667,0.0736,102614.67,"Pipeline Natural Gas",,"Combustion turbine",,"Selective Catalytic Reduction",,,"ARP"
"NV","Clark",2322,"12A",89801,"CS12",2020,913,649.99,15306.53,,0.048,0.001,9437.828,0.0594,1.809,0.0505,158820.169,"Pipeline Natural Gas",,"Combustion turbine",,"Selective Catalytic Reduction",,,"ARP"
"NV","Clark",2322,"12B",89802,"CS12",2020,912,652.59,15346.26,,0.05,0.001,9857.382,0.0594,1.913,0.0501,165857.662,"Pipeline Natural Gas",,"Combustion turbine",,"Selective Catalytic Reduction",,,"ARP"
"NV","Clark",2322,"13A",89803,"CS13",2020,605,408.31,9493.1,,0.03,0.001,5922.319,0.0594,1.244,0.0558,99655.527,"Pipeline Natural Gas",,"Combustion turbine",,"Selective Catalytic Reduction",,,"ARP"
"NV","Clark",2322,"13B",89804,"CS13",2020,601,408.81,9496.52,,0.031,0.001,6085.078,0.0594,1.296,0.0556,102393.84,"Pipeline Natural Gas",,"Combustion turbine",,"Selective Catalytic Reduction",,,"ARP"
"NV","Clark",2322,"14A",89805,"CS14",2020,758,547.51,12962.69,,0.041,0.001,8117.713,0.0594,1.5,0.0525,136603.415,"Pipeline Natural Gas",,"Combustion turbine",,"Selective Catalytic Reduction",,,"ARP"
"NV","Clark",2322,"14B",89806,"CS14",2020,757,552.33,13033.29,,0.043,0.001,8440.291,0.0593,1.609,0.0524,142024.961,"Pipeline Natural Gas",,"Combustion turbine",,"Selective Catalytic Reduction",,,"ARP"
"NV","Clark",2322,"15A",89807,"CS15",2020,687,481.32,11283.92,,0.036,0.001,7188.88,0.0595,1.304,0.0473,120967.209,"Pipeline Natural Gas",,"Combustion turbine",,"Selective Catalytic Reduction",,,"ARP"
"NV","Clark",2322,"15B",89808,"CS15",2020,689,489.49,11414.55,,0.037,0.001,7238.769,0.0594,1.374,0.0484,121814.194,"Pipeline Natural Gas",,"Combustion turbine",,"Selective Catalytic Reduction",,,"ARP"
"NV","Clark",2322,"16A",89809,"CS16",2020,583,405.28,9151.68,,0.029,0.001,5804.794,0.0594,1.395,0.0657,97670.202,"Pipeline Natural Gas",,"Combustion turbine",,"Selective Catalytic Reduction",,,"ARP"
"NV","Clark",2322,"16B",89810,"CS16",2020,587,405.73,9146.21,,0.029,0.001,5750.23,0.0599,1.32,0.0662,96755.799,"Pipeline Natural Gas",,"Combustion turbine",,"Selective Catalytic Reduction",,,"ARP"
"NV","Clark",2322,"17A",89811,"CS17",2020,843,593.86,13599.9,,0.045,0.001,8880.795,0.0594,1.749,0.0504,149423.091,"Pipeline Natural Gas",,"Combustion turbine",,"Selective Catalytic Reduction",,,"ARP"
"NV","Clark",2322,"17B",89812,"CS17",2020,833,584.38,13477.67,,0.042,0.001,8394.955,0.0594,1.578,0.05,141243.964,"Pipeline Natural Gas",,"Combustion turbine",,"Selective Catalytic Reduction",,,"ARP"
"NV","Clark",2322,"18A",89813,"CS18",2020,521,379.35,8389.21,,0.027,0.001,5434.705,0.0595,1.003,0.0445,91447.088,"Pipeline Natural Gas",,"Combustion turbine",,"Selective Catalytic Reduction",,,"ARP"
"NV","Clark",2322,"18B",89814,"CS18",2020,518,372.29,8284.44,,0.027,0.001,5276.6,0.0597,0.914,0.0436,88774.141,"Pipeline Natural Gas",,"Combustion turbine",,"Selective Catalytic Reduction",,,"ARP"
"NV","Clark",2322,"19A",89815,"CS19",2020,803,579.06,13410.98,,0.043,0.001,8461.931,0.0595,1.804,0.0557,142394.057,"Pipeline Natural Gas",,"Combustion turbine",,"Selective Catalytic Reduction",,,"ARP"
"NV","Clark",2322,"19B",89816,"CS19",2020,799,572.1,13326.17,,0.043,0.001,8603.462,0.0595,1.741,0.056,144766.989,"Pipeline Natural Gas",,"Combustion turbine",,"Selective Catalytic Reduction",,,"ARP"
"NV","Clark",2322,"20A",89817,"CS20",2020,738,533.56,12519.92,,0.04,0.001,7823.044,0.0594,1.434,0.0466,131645.954,"Pipeline Natural Gas",,"Combustion turbine",,"Selective Catalytic Reduction",,,"ARP"
"NV","Clark",2322,"20B",89818,"CS20",2020,741,536.59,12525.14,,0.04,0.001,7934.848,0.0594,1.434,0.0464,133535.281,"Pipeline Natural Gas",,"Combustion turbine",,"Selective Catalytic Reduction",,,"ARP"
"NV","Clark",2322,"21A",89820,"CS21",2020,321,222.07,5132.1,,0.016,0.001,3260.884,0.0593,0.671,0.0488,54868.768,"Pipeline Natural Gas",,"Combustion turbine",,"Selective Catalytic Reduction",,,"ARP"
"NV","Clark",2322,"21B",89819,"CS21",2020,333,230.2,5234.09,,0.017,0.001,3402.3,0.0596,0.757,0.0516,57253.765,"Pipeline Natural Gas",,"Combustion turbine",,"Selective Catalytic Reduction",,,"ARP"
"NV","Clark",2322,"22A",89821,"CS22",2020,530,376.9,8787.01,,0.028,0.001,5578.27,0.0595,1.155,0.055,93869.755,"Pipeline Natural Gas",,"Combustion turbine",,"Selective Catalytic Reduction",,,"ARP"
"NV","Clark",2322,"22B",89822,"CS22",2020,528,373.8,8745.59,,0.028,0.001,5518.59,0.0595,1.129,0.054,92856.311,"Pipeline Natural Gas",,"Combustion turbine",,"Selective Catalytic Reduction",,,"ARP"
"NV","Fort Churchill",2330,"1",1406,,2020,5945,5755.6,284620.38,,0.948,0.001,187826.662,0.0592,202.608,0.13,3160544.673,"Pipeline Natural Gas",,"Dry bottom wall-fired boiler",,"Low NOx Burner Technology w/ Overfire Air",,,"ARP"
"NV","Fort Churchill",2330,"2",1407,,2020,8119,8108.27,374023.45,,1.228,0.001,243304.513,0.0592,260.906,0.1305,4094051.123,"Pipeline Natural Gas",,"Dry bottom wall-fired boiler",,,,,"ARP"
"NV","Tracy",2336,"3",1410,,2020,6614,6530.57,278110.6,,0.968,0.001,191682.338,0.0592,210.063,0.1305,3225441.016,"Pipeline Natural Gas",,"Dry bottom wall-fired boiler",,,,,"ARP"
"NV","Tracy",2336,"4",1411,,2020,2102,1957.1,94968.91,,0.363,0.001,71876.812,0.0591,16.378,0.0358,1209467.505,"Pipeline Natural Gas","Diesel Oil","Combustion turbine",,"Dry Low NOx Burners",,,"ARP"
"NV","Tracy",2336,"5",1412,,2020,2349,2187.86,106936.59,,0.417,0.001,82597.958,0.059,22.979,0.0419,1389859.735,"Pipeline Natural Gas","Diesel Oil","Combustion turbine",,"Dry Low NOx Burners",,,"ARP"
"NV","Tracy",2336,"6",1413,,2020,6490,6415.43,484163.24,,1.151,0.001,227980.768,0.0591,293.201,0.1527,3836178.318,"Pipeline Natural Gas",,"Combined cycle",,"Other",,,"ARP"
"NV","Tracy",2336,"8",90238,,2020,8708,8703.57,1920801.72,,4.21,0.001,833900.484,0.059,36.671,0.0053,14032008.416,"Pipeline Natural Gas",,"Combined cycle",,"Dry Low NOx Burners|Selective Catalytic Reduction",,,"ARP"
"NV","Tracy",2336,"9",90239,,2020,8357,8351.7,1859083.43,,4.104,0.001,812894.147,0.059,36.753,0.0056,13678502.622,"Pipeline Natural Gas",,"Combined cycle",,"Dry Low NOx Burners|Selective Catalytic Reduction",,,"ARP"
"NH","Lost Nation",2362,"CT1",1416,,2020,53,53,407,,,,,,4.203,0.61,13780,"Diesel Oil",,"Combustion turbine",,,,,"NHNOX"
"NH","Merrimack",2364,"1",1417,"CS001",2020,547,507.83,41883.95,,24.31,0.1085,42109.543,0.1029,52.202,0.3348,410432.475,"Coal",,"Cyclone boiler","Wet Lime FGD","Selective Catalytic Reduction","Electrostatic Precipitator",,"ARP, MATS, NHNOX, RGGI"
"NH","Merrimack",2364,"2",1418,"CS001",2020,463,454.4,100813.97,,71.77,0.1182,102564.811,0.103,112.181,0.2989,999660.455,"Coal",,"Cyclone boiler","Wet Lime FGD","Selective Catalytic Reduction","Electrostatic Precipitator",,"ARP, MATS, NHNOX, RGGI"
"NH","Merrimack",2364,"CT1",1419,,2020,56,56,420,,,,,,5.317,0.793,13412,"Other Oil",,"Combustion turbine",,,,,"NHNOX"
"NH","Merrimack",2364,"CT2",1420,,2020,39,39,285,,,,,,4.011,0.863,9293.7,"Other Oil",,"Combustion turbine",,,,,"NHNOX"
"NH","Schiller",2367,"4",1421,,2020,35,32.09,666.57,,3.241,0.5174,1000.371,0.0912,0.805,0.1464,10118.271,"Coal","Residual Oil","Dry bottom wall-fired boiler",,"Selective Non-catalytic Reduction|Low NOx Burner Technology w/ Overfire Air","Electrostatic Precipitator","Halogenated PAC Sorbent Injection|Sodium Based","ARP, MATS, NHNOX, RGGI"
"NH","Schiller",2367,"5",1422,,2020,700,687.71,23925.34,,0.114,0.0094,43700.576,0.1001,14.073,0.0661,420388.523,"Wood","Coal, Pipeline Natural Gas","Circulating fluidized bed boiler","Fluidized Bed Limestone Injection","Selective Non-catalytic Reduction","Baghouse",,"ARP, NHNOX, RGGI"
"NH","Schiller",2367,"6",1423,,2020,1547,1399.02,1463.94,,18.617,0.5055,6242.997,0.0835,5.558,0.1444,71514.207,"Coal","Residual Oil","Dry bottom wall-fired boiler",,"Selective Non-catalytic Reduction|Low NOx Burner Technology w/ Overfire Air","Electrostatic Precipitator","Halogenated PAC Sorbent Injection|Sodium Based","ARP, MATS, NHNOX, RGGI"
"NH","Schiller",2367,"CT1",1424,,2020,51,51,423,,,,,,5.261,0.73,14412.6,"Other Oil",,"Combustion turbine",,,,,"NHNOX"
"NH","White Lake",2369,"CT1",1425,,2020,60,60,472,,,,,,5.853,0.81,14454,"Other Oil",,"Combustion turbine",,,,,"NHNOX"
"NJ","Carlls Corner Energy Center",2379,"002001",1429,,2020,195,195,4549,,0.187,0.0033,7397.4,0.0614,45.342,0.7538,119429.7,"Pipeline Natural Gas","Diesel Oil","Combustion turbine",,"Water Injection",,,"CSNOX, CSOSG2, CSSO2G1, RGGI"
"NJ","Carlls Corner Energy Center",2379,"003001",1430,,2020,179,179,4387,,0.179,0.0033,7201.6,0.0615,44.043,0.7559,116184.2,"Pipeline Natural Gas","Diesel Oil","Combustion turbine",,"Water Injection",,,"CSNOX, CSOSG2, CSSO2G1, RGGI"
"NJ","Sayreville",2390,"012001",1460,,2020,25,11.37,246.95,,0.351,0.1684,324.9,0.0773,0.316,0.1498,4211,"Pipeline Natural Gas","Diesel Oil","Combustion turbine",,"Water Injection|Selective Catalytic Reduction",,,"CSNOX, CSOSG2, CSSO2G1, RGGI"
"NJ","Sayreville",2390,"014001",1461,,2020,6,1.97,0.57,,0.009,0.1353,22.4,0.0733,0.026,0.15,347,"Pipeline Natural Gas","Diesel Oil","Combustion turbine",,"Water Injection|Selective Catalytic Reduction",,,"CSNOX, CSOSG2, CSSO2G1, RGGI"
"NJ","Sayreville",2390,"015001",1462,,2020,27,11.08,250.62,,0.068,0.0343,418.5,0.0661,0.514,0.1543,6849.1,"Pipeline Natural Gas","Diesel Oil","Combustion turbine",,"Water Injection|Selective Catalytic Reduction",,,"CSNOX, CSOSG2, CSSO2G1, RGGI"
"NJ","Sayreville",2390,"016001",1463,,2020,29,18.59,533.55,,0.988,0.202,792.3,0.0811,0.734,0.15,9783.7,"Pipeline Natural Gas","Diesel Oil","Combustion turbine",,"Water Injection|Selective Catalytic Reduction",,,"CSNOX, CSOSG2, CSSO2G1, RGGI"
"NJ","Gilbert Generating Station",2393,"04",1477,,2020,63,53.8,2330.07,,0.01,0.001,1884.518,0.0591,0.591,0.0511,31710.327,"Pipeline Natural Gas",,"Combined cycle",,"Dry Low NOx Burners",,,"ARP, CSNOX, CSOSG2, CSSO2G1, RGGI"
"NJ","Gilbert Generating Station",2393,"05",1478,,2020,63,53.17,2414.15,,0.01,0.001,1894.964,0.0591,0.518,0.0434,31888.122,"Pipeline Natural Gas",,"Combined cycle",,"Dry Low NOx Burners",,,"ARP, CSNOX, CSOSG2, CSSO2G1, RGGI"
"NJ","Gilbert Generating Station",2393,"06",1479,,2020,72,65.29,3105.9,,0.012,0.001,2421.754,0.0591,0.472,0.0346,40752.561,"Pipeline Natural Gas",,"Combined cycle",,"Dry Low NOx Burners",,,"ARP, CSNOX, CSOSG2, CSSO2G1, RGGI"
"NJ","Gilbert Generating Station",2393,"07",1480,,2020,66,58.28,2731.47,,0.011,0.001,2117.027,0.059,0.646,0.0478,35621.514,"Pipeline Natural Gas",,"Combined cycle",,"Dry Low NOx Burners",,,"ARP, CSNOX, CSOSG2, CSSO2G1, RGGI"
"NJ","Gilbert Generating Station",2393,"9",1481,,2020,93,72.69,8701.25,,0.379,0.007,6450.045,0.0656,6.065,0.3111,95786.204,"Pipeline Natural Gas","Diesel Oil","Combustion turbine",,"Dry Low NOx Burners|Water Injection",,,"ARP, CSNOX, CSOSG2, CSSO2G1, RGGI"
"NJ","Bergen Generating Station",2398,"1101",1485,,2020,1551,1481.92,105733.7,,0.409,0.001,81114.386,0.059,25.572,0.0394,1364669.533,"Pipeline Natural Gas","Diesel Oil","Combined cycle",,"Dry Low NOx Burners|Water Injection",,,"ARP, CSNOX, CSOSG2, CSSO2G1, RGGI"
"NJ","Bergen Generating Station",2398,"1201",1486,,2020,1357,1272.32,101691.07,,0.374,0.001,74096.717,0.059,24.392,0.0425,1246625.067,"Pipeline Natural Gas","Diesel Oil","Combined cycle",,"Dry Low NOx Burners|Water Injection",,,"ARP, CSNOX, CSOSG2, CSSO2G1, RGGI"
"NJ","Bergen Generating Station",2398,"1301",1487,,2020,1367,1275.38,94261.92,,0.344,0.001,68211.178,0.059,21.956,0.0385,1147649.68,"Pipeline Natural Gas","Diesel Oil","Combined cycle",,"Dry Low NOx Burners|Water Injection",,,"ARP, CSNOX, CSOSG2, CSSO2G1, RGGI"
"NJ","Bergen Generating Station",2398,"1401",1488,,2020,1664,1590.4,144105.62,,0.505,0.001,99948.017,0.059,28.334,0.0345,1681754.586,"Pipeline Natural Gas","Diesel Oil","Combined cycle",,"Dry Low NOx Burners|Water Injection",,,"ARP, CSNOX, CSOSG2, CSSO2G1, RGGI"
"NJ","Bergen Generating Station",2398,"2101",1490,,2020,2547,2400.32,307315.88,,1.081,0.001,214203.649,0.059,18.952,0.0193,3604398.74,"Pipeline Natural Gas","Diesel Oil","Combined cycle",,"Dry Low NOx Burners|Water Injection|Selective Catalytic Reduction",,,"ARP, CSNOX, CSOSG2, CSSO2G1, RGGI"
"NJ","Bergen Generating Station",2398,"2201",1491,,2020,2863,2779.04,364852.08,,1.262,0.001,249986.305,0.059,15.776,0.0134,4206482.051,"Pipeline Natural Gas","Diesel Oil","Combined cycle",,"Dry Low NOx Burners|Water Injection|Selective Catalytic Reduction",,,"ARP, CSNOX, CSOSG2, CSSO2G1, RGGI"
"NJ","Burlington Generating Station",2399,"121",1498,,2020,256,113.56,3943.23,,0.012,0.001,2257.73,0.0595,1.789,0.1561,37929.716,"Pipeline Natural Gas","Diesel Oil","Combustion turbine",,"Water Injection",,,"ARP, CSNOX, CSOSG2, CSSO2G1, RGGI"
"NJ","Burlington Generating Station",2399,"122",1499,,2020,231,102.49,3649.12,,0.011,0.001,2081.554,0.0596,1.634,0.1643,34978.504,"Pipeline Natural Gas","Diesel Oil","Combustion turbine",,"Water Injection",,,"ARP, CSNOX, CSOSG2, CSSO2G1, RGGI"
"NJ","Burlington Generating Station",2399,"123",1500,,2020,227,100.26,3529.44,,0.01,0.001,1995.752,0.0595,1.65,0.1696,33546.578,"Pipeline Natural Gas","Diesel Oil","Combustion turbine",,"Water Injection",,,"ARP, CSNOX, CSOSG2, CSSO2G1, RGGI"
"NJ","Burlington Generating Station",2399,"124",1501,,2020,214,89.51,3130.46,,0.01,0.001,1917.493,0.0596,1.588,0.1724,32218.989,"Pipeline Natural Gas","Diesel Oil","Combustion turbine",,"Water Injection",,,"ARP, CSNOX, CSOSG2, CSSO2G1, RGGI"
"NJ","Essex",2401,"35001",1534,,2020,69,24.05,1007.11,,0.008,0.0015,910.647,0.0599,0.833,0.1245,15184.006,"Pipeline Natural Gas","Diesel Oil","Combustion turbine",,"Water Injection|Other",,,"CSNOX, CSOSG2, CSSO2G1, RGGI"
"NJ","Kearny Generating Station",2404,"121",1540,,2020,685,278.78,9160.98,,0.03,0.001,5914.326,0.0594,4.929,0.1785,99449.965,"Pipeline Natural Gas","Diesel Oil","Combustion turbine",,"Water Injection",,,"ARP, CSNOX, CSOSG2, CSSO2G1, RGGI"
"NJ","Kearny Generating Station",2404,"122",1541,,2020,682,269.29,8983.71,,0.029,0.001,5729.129,0.0593,4.705,0.1899,96349.162,"Pipeline Natural Gas","Diesel Oil","Combustion turbine",,"Water Injection",,,"ARP, CSNOX, CSOSG2, CSSO2G1, RGGI"
"NJ","Kearny Generating Station",2404,"123",1542,,2020,635,258.2,8498.42,,0.027,0.001,5414.222,0.0594,4.277,0.1683,90974.554,"Pipeline Natural Gas","Diesel Oil","Combustion turbine",,"Water Injection",,,"ARP, CSNOX, CSOSG2, CSSO2G1, RGGI"
"NJ","Kearny Generating Station",2404,"124",1543,,2020,605,238.97,7857.18,,0.027,0.001,5262.732,0.0595,4.118,0.1904,88417.261,"Pipeline Natural Gas","Diesel Oil","Combustion turbine",,"Water Injection",,,"ARP, CSNOX, CSOSG2, CSSO2G1, RGGI"
"NJ","Kearny Generating Station",2404,"131",90777,,2020,778,320.04,8660.88,,0.03,0.001,5942.336,0.0593,0.514,0.0314,99994.403,"Pipeline Natural Gas",,"Combustion turbine",,"Water Injection|Selective Catalytic Reduction",,,"ARP, CSNOX, CSOSG2, CSSO2G1, RGGI"
"NJ","Kearny Generating Station",2404,"132",90778,,2020,786,331.44,8868.78,,0.031,0.001,6051.545,0.0593,0.491,0.0221,101833.612,"Pipeline Natural Gas",,"Combustion turbine",,"Water Injection|Selective Catalytic Reduction",,,"ARP, CSNOX, CSOSG2, CSSO2G1, RGGI"
"NJ","Kearny Generating Station",2404,"133",90779,,2020,686,306.32,8129.36,,0.027,0.001,5436.395,0.0593,0.35,0.0186,91477.512,"Pipeline Natural Gas",,"Combustion turbine",,"Water Injection|Selective Catalytic Reduction",,,"ARP, CSNOX, CSOSG2, CSSO2G1, RGGI"
"NJ","Kearny Generating Station",2404,"134",90780,,2020,684,304.69,8073.85,,0.027,0.001,5356.628,0.0593,0.399,0.0262,90151.121,"Pipeline Natural Gas",,"Combustion turbine",,"Water Injection|Selective Catalytic Reduction",,,"ARP, CSNOX, CSOSG2, CSSO2G1, RGGI"
"NJ","Kearny Generating Station",2404,"141",90781,,2020,773,535.85,17075.12,,0.055,0.001,10922.071,0.0593,0.69,0.0106,183777.907,"Pipeline Natural Gas",,"Combustion turbine",,"Water Injection|Selective Catalytic Reduction",,,"ARP, CSNOX, CSOSG2, CSSO2G1, RGGI"
"NJ","Kearny Generating Station",2404,"142",90782,,2020,819,582.11,18757.54,,0.06,0.001,11856.138,0.0593,0.723,0.0107,199484.427,"Pipeline Natural Gas",,"Combustion turbine",,"Water Injection|Selective Catalytic Reduction",,,"ARP, CSNOX, CSOSG2, CSSO2G1, RGGI"
"NJ","Linden Generating Station",2406,"1101",1552,,2020,4304,4164.55,917946.17,,2.024,0.001,400995.788,0.059,28.442,0.0164,6747505.876,"Pipeline Natural Gas","Diesel Oil","Combined cycle",,"Dry Low NOx Burners|Water Injection|Selective Catalytic Reduction",,,"ARP, CSNOX, CSOSG2, CSSO2G1, RGGI"
"NJ","Linden Generating Station",2406,"1201",1553,,2020,3750,3551.85,784960.54,,1.737,0.001,344025.662,0.0591,31.394,0.0225,5788736.877,"Pipeline Natural Gas","Diesel Oil","Combined cycle",,"Dry Low NOx Burners|Water Injection|Selective Catalytic Reduction",,,"ARP, CSNOX, CSOSG2, CSSO2G1, RGGI"
"NJ","Linden Generating Station",2406,"2101",1558,,2020,3557,3412.25,799729.32,,1.742,0.001,345038.645,0.059,25.81,0.0179,5805679.103,"Pipeline Natural Gas","Diesel Oil","Combined cycle",,"Dry Low NOx Burners|Water Injection|Selective Catalytic Reduction",,,"ARP, CSNOX, CSOSG2, CSSO2G1, RGGI"
"NJ","Linden Generating Station",2406,"2201",1559,,2020,3797,3667.87,856428.64,,1.861,0.001,368565.287,0.059,25.813,0.0163,6201777.587,"Pipeline Natural Gas","Diesel Oil","Combined cycle",,"Dry Low NOx Burners|Water Injection|Selective Catalytic Reduction",,,"ARP, CSNOX, CSOSG2, CSSO2G1, RGGI"
"NJ","Linden Generating Station",2406,"5",1561,,2020,108,50.51,2483.47,,0.01,0.001,1836.659,0.0601,0.77,0.0805,30287.616,"Pipeline Natural Gas","Diesel Oil","Combustion turbine",,"Dry Low NOx Burners|Water Injection",,,"ARP, CSNOX, CSOSG2, CSSO2G1, RGGI"
"NJ","Linden Generating Station",2406,"6",1562,,2020,108,44.8,2542.97,,0.009,0.001,1835.376,0.06,0.785,0.0875,30715.597,"Pipeline Natural Gas","Diesel Oil","Combustion turbine",,"Dry Low NOx Burners|Water Injection",,,"ARP, CSNOX, CSOSG2, CSSO2G1, RGGI"
"NJ","Linden Generating Station",2406,"7",1563,,2020,118,55.55,2960.35,,0.012,0.001,2294.13,0.0595,1.124,0.0886,38413.729,"Pipeline Natural Gas","Diesel Oil","Combustion turbine",,"Dry Low NOx Burners|Water Injection",,,"ARP, CSNOX, CSOSG2, CSSO2G1, RGGI"
"NJ","Linden Generating Station",2406,"8",1565,,2020,91,36.22,1540.8,,0.007,0.001,1304.662,0.0597,0.643,0.0858,21767.153,"Pipeline Natural Gas","Diesel Oil","Combustion turbine",,"Dry Low NOx Burners|Water Injection",,,"ARP, CSNOX, CSOSG2, CSSO2G1, RGGI"
"NJ","Salem Generating Station",2410,"2001",1572,,2020,3,3,13,,0.058,0.303,31,0.0807,0.23,1.2007,383.1,"Diesel Oil",,"Combustion turbine",,,,,"CSNOX, CSOSG2, CSSO2G1"
"NJ","Sewaren Generating Station",2411,"7",91149,,2020,8146,8139.09,3786335.13,,7.501,0.001,1485966.328,0.0591,77.132,0.0062,24978556.542,"Pipeline Natural Gas","Diesel Oil","Combined cycle",,"Dry Low NOx Burners|Selective Catalytic Reduction",,,"ARP, CSNOX, CSOSG2, CSSO2G1, RGGI"
"NJ","Howard M Down",2434,"U11",90625,,2020,1366,1171.07,67313.33,,0.194,0.001,38415.63,0.0591,4.589,0.0258,646348.793,"Natural Gas","Diesel Oil","Combustion turbine",,"Water Injection|Selective Catalytic Reduction",,,"ARP, CSNOX, CSOSG2, CSSO2G1, RGGI"
"SC","New-Indy Catawba, LLC",2440,"001",88260,,2020,0,0,,,,,,,,,,"Residual Oil","Pipeline Natural Gas","Tangentially-fired",,,,,"SIPNOX"
"NM","Four Corners Steam Elec Station",2442,"4",1584,,2020,6713,6686.34,4388114.07,,684.948,0.0819,4266493.456,0.1028,1121.325,0.065,41583790.445,"Coal",,"Cell burner boiler","Wet Lime FGD","Low NOx Cell Burner|Selective Catalytic Reduction","Baghouse",,"ARP, MATS"
"NM","Four Corners Steam Elec Station",2442,"5",1585,,2020,5748,5716.93,3853262.43,,654.863,0.0626,3959718.662,0.1027,1045.76,0.0633,38593777.595,"Coal",,"Cell burner boiler","Wet Lime FGD","Low NOx Cell Burner|Selective Catalytic Reduction","Baghouse",,"ARP, MATS"
"NM","Rio Grande",2444,"6",1586,,2020,0,0,,,,,,,,,,"Pipeline Natural Gas","Diesel Oil","Dry bottom wall-fired boiler",,,,,"ARP"
"NM","Rio Grande",2444,"7",1587,,2020,4497,4476.25,103006.96,,0.375,0.001,74268.147,0.0593,76.681,0.1163,1249718.606,"Pipeline Natural Gas","Diesel Oil","Dry bottom wall-fired boiler",,,,,"ARP"
"NM","Rio Grande",2444,"8",1588,,2020,6503,6468.69,542691.75,,1.768,0.001,350236.521,0.059,614.066,0.2026,5893412.789,"Pipeline Natural Gas","Diesel Oil","Dry bottom wall-fired boiler",,,,,"ARP"
"NM","Rio Grande",2444,"9",90701,,2020,4522,4509.53,282743.08,,0.842,0.001,166805.655,0.0591,14.09,0.0101,2806846.661,"Pipeline Natural Gas",,"Combustion turbine",,"Dry Low NOx Burners|Selective Catalytic Reduction",,,"ARP"
"NM","Maddox",2446,"051B",1590,,2020,6996,6981.52,524383.39,,1.633,0.0009,323309.838,0.0591,493.877,0.1627,5440333.754,"Pipeline Natural Gas",,"Tangentially-fired",,"Overfire Air",,,"ARP"
"NM","Reeves Generating Station",2450,"1",1593,,2020,1407,1271.12,30989.69,,0.118,0.001,23289.295,0.0593,49.32,0.2123,391917.295,"Pipeline Natural Gas",,"Dry bottom wall-fired boiler",,,,,"ARP"
"NM","Reeves Generating Station",2450,"2",1594,,2020,1125,1008.02,22975.95,,0.087,0.001,17140.228,0.0593,32.088,0.1868,288414.931,"Pipeline Natural Gas",,"Dry bottom wall-fired boiler",,,,,"ARP"
"NM","Reeves Generating Station",2450,"3",1595,,2020,1821,1655.87,67286.98,,0.233,0.001,46049.705,0.0592,89.249,0.2058,774864.058,"Pipeline Natural Gas",,"Dry bottom wall-fired boiler",,,,,"ARP"
"NM","San Juan",2451,"1",1596,,2020,7392,7357.45,2267309.5,,453.811,0.0365,2615773.478,0.1041,2808.235,0.2205,24956694.002,"Coal",,"Dry bottom wall-fired boiler","Wet Limestone","Selective Non-catalytic Reduction|Low NOx Burner Technology w/ Overfire Air","Wet Scrubber|Baghouse",,"ARP, MATS"
"NM","San Juan",2451,"4",1599,,2020,7255,7221.47,3080390.41,,901.443,0.0516,3633839.899,0.1039,3964.207,0.2217,34666009.409,"Coal",,"Dry bottom wall-fired boiler","Wet Limestone","Low NOx Burner Technology w/ Overfire Air","Wet Scrubber|Baghouse|Electrostatic Precipitator",,"ARP, MATS"
"NM","Cunningham",2454,"121B",1600,,2020,6305,6295.14,277050.27,,0.926,0.001,176376.886,0.0592,241.304,0.1598,2967888.716,"Pipeline Natural Gas",,"Tangentially-fired",,"Overfire Air",,,"ARP"
"NM","Cunningham",2454,"122B",1601,,2020,4643,4621.22,481521.23,,1.454,0.001,288053.885,0.059,395.726,0.1524,4847196.575,"Pipeline Natural Gas","Other Oil","Tangentially-fired",,"Overfire Air",,,"ARP"
"NM","Cunningham",2454,"123T",1602,,2020,3426,3359.86,321067.42,,1.001,0.001,201826.407,0.059,102.476,0.0606,3395680.742,"Pipeline Natural Gas",,"Combustion turbine",,"Dry Low NOx Burners",,,"ARP"
"NM","Cunningham",2454,"124T",1603,,2020,3030,2963,264303.73,,0.93,0.001,184709.7,0.059,87.045,0.0572,3108103.334,"Pipeline Natural Gas",,"Combustion turbine",,"Dry Low NOx Burners",,,"ARP"
"NY","Danskammer Generating Station",2480,"1",1606,,2020,46,42.26,1202.78,,0.005,0.0009,1031.047,0.0591,0.905,0.0708,17395.154,"Pipeline Natural Gas","Residual Oil","Tangentially-fired",,,,,"ARP, CSNOX, CSOSG2, CSSO2G1, RGGI"
"NY","Danskammer Generating Station",2480,"2",1607,,2020,46,43.29,1248,,0.007,0.001,1241.308,0.0591,1.011,0.074,20936.764,"Pipeline Natural Gas","Residual Oil","Tangentially-fired",,,,,"ARP, CSNOX, CSOSG2, CSSO2G1, RGGI"
"NY","Danskammer Generating Station",2480,"3",1608,,2020,49,46.98,2727.68,,0.009,0.0009,1763.568,0.0591,1.116,0.0597,29748.256,"Pipeline Natural Gas",,"Tangentially-fired",,"Low NOx Burner Technology w/ Separated OFA","Electrostatic Precipitator",,"ARP, CSNOX, CSOSG2, CSSO2G1, RGGI"
"NY","Danskammer Generating Station",2480,"4",1609,,2020,98,95.38,7469.58,,0.023,0.0009,4450.872,0.0591,3.334,0.0681,75081.717,"Pipeline Natural Gas",,"Tangentially-fired",,"Low NOx Burner Technology w/ Separated OFA","Electrostatic Precipitator",,"ARP, CSNOX, CSOSG2, CSSO2G1, RGGI"
"NY","Arthur Kill",2490,"20",1610,"CS0002",2020,4315,4300.8,542989.99,,1.724,0.001,341469.422,0.059,174.52,0.0533,5745830.747,"Pipeline Natural Gas",,"Dry bottom wall-fired boiler",,,,,"ARP, CSNOX, CSOSG2, CSSO2G1, RGGI"
"NY","Arthur Kill",2490,"30",1611,"CS0002",2020,2466,2443.94,393890.22,,1.314,0.001,260376.588,0.059,149.282,0.0622,4381367.34,"Pipeline Natural Gas",,"Tangentially-fired",,,,,"ARP, CSNOX, CSOSG2, CSSO2G1, RGGI"
"NY","Arthur Kill",2490,"CT0001",1612,,2020,12,9.58,143.7,,,,,,0.364,0.323,2251.5,"Pipeline Natural Gas",,"Combustion turbine",,,,,"SIPNOX"
"NY","East River",2493,"1",1614,,2020,8103,8095.5,1304060.5,,4.114,0.001,814922.9,0.059,49.817,0.0073,13712686.175,"Pipeline Natural Gas",,"Combined cycle",,"Ammonia Injection|Selective Catalytic Reduction",,,"ARP, CSNOX, CSOSG2, CSSO2G1, RGGI"
"NY","East River",2493,"2",1615,,2020,7922,7913.5,1288479,,4.006,0.001,793481.15,0.059,48.544,0.0073,13351399.925,"Pipeline Natural Gas",,"Combined cycle",,"Ammonia Injection|Selective Catalytic Reduction",,,"ARP, CSNOX, CSOSG2, CSSO2G1, RGGI"
"NY","East River",2493,"60",1617,,2020,7922,7906,,5315455.75,5.534,0.0017,485116.025,0.0591,542.672,0.1291,8155466.05,"Pipeline Natural Gas","Residual Oil","Dry bottom wall-fired boiler",,,,,"ARP, CSNOX, CSOSG2, CSSO2G1, MATS, RGGI"
"NY","East River",2493,"70",1618,,2020,1572,1560.5,,916401.75,3.193,0.0043,80348.1,0.0593,69.684,0.0997,1345190.175,"Pipeline Natural Gas","Residual Oil","Dry bottom wall-fired boiler",,,,,"ARP, CSNOX, CSOSG2, CSSO2G1, MATS, RGGI"
"NY","Gowanus Generating Station",2494,"CT01-1",1619,"CP0001",2020,9,5.8,92.8,,,,,,0.439,0.5722,1535.2,"Diesel Oil",,"Combustion turbine",,,,,"SIPNOX"
"NY","Gowanus Generating Station",2494,"CT01-2",1620,"CP0001",2020,3,2,32,,,,,,0.151,0.5723,529.4,"Diesel Oil",,"Combustion turbine",,,,,"SIPNOX"
"NY","Gowanus Generating Station",2494,"CT01-3",1621,"CP0001",2020,9,4.9,78.4,,,,,,0.371,0.5727,1297,"Diesel Oil",,"Combustion turbine",,,,,"SIPNOX"
"NY","Gowanus Generating Station",2494,"CT01-4",1622,"CP0001",2020,3,2,32,,,,,,0.151,0.572,529.4,"Diesel Oil",,"Combustion turbine",,,,,"SIPNOX"
"NY","Gowanus Generating Station",2494,"CT01-5",1623,"CP0001",2020,3,1.9,30.4,,,,,,0.144,0.572,502.9,"Diesel Oil",,"Combustion turbine",,,,,"SIPNOX"
"NY","Gowanus Generating Station",2494,"CT01-6",1624,"CP0001",2020,3,1.9,30.4,,,,,,0.144,0.5723,502.9,"Diesel Oil",,"Combustion turbine",,,,,"SIPNOX"
"NY","Gowanus Generating Station",2494,"CT01-7",1625,"CP0001",2020,3,2.1,33.6,,,,,,0.159,0.5723,555.8,"Diesel Oil",,"Combustion turbine",,,,,"SIPNOX"
"NY","Gowanus Generating Station",2494,"CT01-8",1626,"CP0001",2020,3,2,32,,,,,,0.151,0.5723,529.4,"Diesel Oil",,"Combustion turbine",,,,,"SIPNOX"
"NY","Gowanus Generating Station",2494,"CT02-1",1627,"CP0001",2020,85,61.9,990.4,,,,,,2.627,0.321,16359.7,"Diesel Oil","Pipeline Natural Gas","Combustion turbine",,,,,"SIPNOX"
"NY","Gowanus Generating Station",2494,"CT02-2",1628,"CP0001",2020,64,43.8,700.8,,,,,,1.86,0.321,11584.6,"Diesel Oil","Pipeline Natural Gas","Combustion turbine",,,,,"SIPNOX"
"NY","Gowanus Generating Station",2494,"CT02-3",1629,"CP0001",2020,109,79.6,1273.6,,,,,,3.382,0.321,21060.8,"Diesel Oil","Pipeline Natural Gas","Combustion turbine",,,,,"SIPNOX"
"NY","Gowanus Generating Station",2494,"CT02-4",1630,"CP0001",2020,71,51,816,,,,,,2.166,0.321,13490.3,"Diesel Oil","Pipeline Natural Gas","Combustion turbine",,,,,"SIPNOX"
"NY","Gowanus Generating Station",2494,"CT02-5",1631,"CP0001",2020,95,67.7,1083.2,,,,,,2.872,0.321,17889,"Diesel Oil","Pipeline Natural Gas","Combustion turbine",,,,,"SIPNOX"
"NY","Gowanus Generating Station",2494,"CT02-6",1632,"CP0001",2020,77,56.8,908.8,,,,,,2.413,0.321,15026.2,"Diesel Oil","Pipeline Natural Gas","Combustion turbine",,,,,"SIPNOX"
"NY","Gowanus Generating Station",2494,"CT02-7",1633,"CP0001",2020,114,85.3,1364.8,,,,,,3.624,0.321,22569.9,"Diesel Oil","Pipeline Natural Gas","Combustion turbine",,,,,"SIPNOX"
"NY","Gowanus Generating Station",2494,"CT02-8",1634,"CP0001",2020,65,43.6,697.6,,,,,,1.852,0.321,11532,"Diesel Oil","Pipeline Natural Gas","Combustion turbine",,,,,"SIPNOX"
"NY","Gowanus Generating Station",2494,"CT03-1",1635,"CP0001",2020,73,53.2,798,,,,,,2.115,0.3211,13176.9,"Diesel Oil","Pipeline Natural Gas","Combustion turbine",,,,,"SIPNOX"
"NY","Gowanus Generating Station",2494,"CT03-2",1636,"CP0001",2020,95,66.9,1003.5,,,,,,2.666,0.3212,16602.1,"Diesel Oil","Pipeline Natural Gas","Combustion turbine",,,,,"SIPNOX"
"NY","Gowanus Generating Station",2494,"CT03-3",1637,"CP0001",2020,77,54.1,811.5,,,,,,2.15,0.3212,13390.7,"Diesel Oil","Pipeline Natural Gas","Combustion turbine",,,,,"SIPNOX"
"NY","Gowanus Generating Station",2494,"CT03-4",1638,"CP0001",2020,63,41.2,618,,,,,,1.64,0.3212,10217.1,"Diesel Oil","Pipeline Natural Gas","Combustion turbine",,,,,"SIPNOX"
"NY","Gowanus Generating Station",2494,"CT03-5",1639,"CP0001",2020,47,30,450,,,,,,1.193,0.3211,7431.6,"Diesel Oil","Pipeline Natural Gas","Combustion turbine",,,,,"SIPNOX"
"NY","Gowanus Generating Station",2494,"CT03-6",1640,"CP0001",2020,53,36.9,553.5,,,,,,1.469,0.3213,9146.4,"Diesel Oil","Pipeline Natural Gas","Combustion turbine",,,,,"SIPNOX"
"NY","Gowanus Generating Station",2494,"CT03-7",1641,"CP0001",2020,73,52.8,792,,,,,,2.099,0.3212,13075.4,"Diesel Oil","Pipeline Natural Gas","Combustion turbine",,,,,"SIPNOX"
"NY","Gowanus Generating Station",2494,"CT03-8",1642,"CP0001",2020,78,53.5,802.5,,,,,,2.126,0.3211,13242.2,"Diesel Oil","Pipeline Natural Gas","Combustion turbine",,,,,"SIPNOX"
"NY","Gowanus Generating Station",2494,"CT04-1",1643,"CP0001",2020,6,3.1,46.5,,,,,,0.265,0.69,769.2,"Diesel Oil",,"Combustion turbine",,,,,"SIPNOX"
"NY","Gowanus Generating Station",2494,"CT04-2",1644,"CP0001",2020,5,3.3,49.5,,,,,,0.283,0.69,818.8,"Diesel Oil",,"Combustion turbine",,,,,"SIPNOX"
"NY","Gowanus Generating Station",2494,"CT04-3",1645,"CP0001",2020,6,3.2,48,,,,,,0.274,0.69,794.1,"Diesel Oil",,"Combustion turbine",,,,,"SIPNOX"
"NY","Gowanus Generating Station",2494,"CT04-4",1646,"CP0001",2020,5,2.9,43.5,,,,,,0.248,0.69,719.6,"Diesel Oil",,"Combustion turbine",,,,,"SIPNOX"
"NY","Gowanus Generating Station",2494,"CT04-5",1647,"CP0001",2020,5,2.7,40.5,,,,,,0.231,0.69,670,"Diesel Oil",,"Combustion turbine",,,,,"SIPNOX"
"NY","Gowanus Generating Station",2494,"CT04-6",1648,"CP0001",2020,5,3.6,54,,,,,,0.308,0.69,893.4,"Diesel Oil",,"Combustion turbine",,,,,"SIPNOX"
"NY","Gowanus Generating Station",2494,"CT04-7",1649,"CP0001",2020,11,6.4,96,,,,,,0.548,0.69,1588.2,"Diesel Oil",,"Combustion turbine",,,,,"SIPNOX"
"NY","Gowanus Generating Station",2494,"CT04-8",1650,"CP0001",2020,10,5.9,88.5,,,,,,0.505,0.69,1464.1,"Diesel Oil",,"Combustion turbine",,,,,"SIPNOX"
"NY","Hudson Avenue",2496,"CT0003",1655,,2020,15,15,210,,,,,,2.644,1.5,3525,"Other Oil",,"Combustion turbine",,,,,"SIPNOX"
"NY","Hudson Avenue",2496,"CT0004",1656,,2020,0,0,,,,,,,,,,"Other Oil",,"Combustion turbine",,,,,
"NY","Hudson Avenue",2496,"CT0005",1657,,2020,7,7,98,,,,,,1.234,1.5,1645,"Other Oil",,"Combustion turbine",,,,,"SIPNOX"
"NY","Narrows Generating Station",2499,"CT01-1",1659,"CP0001",2020,218,176.6,3002.2,,,,,,7.798,0.3349,46558,"Pipeline Natural Gas","Diesel Oil","Combustion turbine",,,,,"SIPNOX"
"NY","Narrows Generating Station",2499,"CT01-2",1660,"CP0001",2020,282,243.3,4136.1,,,,,,10.76,0.335,64239.6,"Pipeline Natural Gas","Diesel Oil","Combustion turbine",,,,,"SIPNOX"
"NY","Narrows Generating Station",2499,"CT01-3",1661,"CP0001",2020,329,283.2,4814.4,,,,,,12.525,0.335,74776.2,"Pipeline Natural Gas","Diesel Oil","Combustion turbine",,,,,"SIPNOX"
"NY","Narrows Generating Station",2499,"CT01-4",1662,"CP0001",2020,215,181.9,3092.3,,,,,,8.042,0.335,48014.6,"Pipeline Natural Gas","Diesel Oil","Combustion turbine",,,,,"SIPNOX"
"NY","Narrows Generating Station",2499,"CT01-5",1663,"CP0001",2020,87,71.1,1208.7,,,,,,3.281,0.3489,18661,"Pipeline Natural Gas","Diesel Oil","Combustion turbine",,,,,"SIPNOX"
"NY","Narrows Generating Station",2499,"CT01-6",1664,"CP0001",2020,186,153.2,2604.4,,,,,,6.909,0.3415,40433.7,"Pipeline Natural Gas","Diesel Oil","Combustion turbine",,,,,"SIPNOX"
"NY","Narrows Generating Station",2499,"CT01-7",1665,"CP0001",2020,251,216.1,3673.7,,,,,,9.548,0.335,57004.4,"Pipeline Natural Gas","Diesel Oil","Combustion turbine",,,,,"SIPNOX"
"NY","Narrows Generating Station",2499,"CT01-8",1666,"CP0001",2020,169,139.3,2368.1,,,,,,6.158,0.3349,36763.9,"Pipeline Natural Gas","Diesel Oil","Combustion turbine",,,,,"SIPNOX"
"NY","Narrows Generating Station",2499,"CT02-1",1667,"CP0001",2020,280,244.1,4149.7,,,,,,10.786,0.335,64393.3,"Pipeline Natural Gas","Diesel Oil","Combustion turbine",,,,,"SIPNOX"
"NY","Narrows Generating Station",2499,"CT02-2",1668,"CP0001",2020,231,196.7,3343.9,,,,,,8.825,0.3394,51888.8,"Pipeline Natural Gas","Diesel Oil","Combustion turbine",,,,,"SIPNOX"
"NY","Narrows Generating Station",2499,"CT02-3",1669,"CP0001",2020,243,208.2,3539.4,,,,,,9.333,0.34,54890.7,"Pipeline Natural Gas","Diesel Oil","Combustion turbine",,,,,"SIPNOX"
"NY","Narrows Generating Station",2499,"CT02-4",1670,"CP0001",2020,70,56.1,953.7,,,,,,2.61,0.3494,14815.1,"Pipeline Natural Gas","Diesel Oil","Combustion turbine",,,,,"SIPNOX"
"NY","Narrows Generating Station",2499,"CT02-5",1671,"CP0001",2020,282,238.2,4049.4,,,,,,10.584,0.3364,62888.3,"Pipeline Natural Gas","Diesel Oil","Combustion turbine",,,,,"SIPNOX"
"NY","Narrows Generating Station",2499,"CT02-6",1672,"CP0001",2020,184,151.7,2578.9,,,,,,6.698,0.335,39988.3,"Pipeline Natural Gas","Diesel Oil","Combustion turbine",,,,,"SIPNOX"
"NY","Narrows Generating Station",2499,"CT02-7",1673,"CP0001",2020,368,318,5406,,,,,,14.052,0.335,83894.9,"Pipeline Natural Gas","Diesel Oil","Combustion turbine",,,,,"SIPNOX"
"NY","Narrows Generating Station",2499,"CT02-8",1674,"CP0001",2020,211,176.9,3007.3,,,,,,7.813,0.335,46645.5,"Pipeline Natural Gas","Diesel Oil","Combustion turbine",,,,,"SIPNOX"
"NY","Ravenswood Generating Station",2500,"10",1675,,2020,2392,2382.17,322076.3,,1.037,0.001,205397,0.059,114.397,0.07,3456223.043,"Pipeline Natural Gas","Residual Oil","Tangentially-fired",,"Overfire Air",,,"ARP, CSNOX, CSOSG2, CSSO2G1, RGGI"
"NY","Ravenswood Generating Station",2500,"20",1676,,2020,1853,1836.83,216892.24,,0.728,0.001,144220.789,0.059,81.42,0.0698,2426788.407,"Residual Oil","Pipeline Natural Gas","Tangentially-fired",,"Overfire Air",,,"ARP, CSNOX, CSOSG2, CSSO2G1, MATS, RGGI"
"NY","Ravenswood Generating Station",2500,"30",1677,,2020,499,491.15,156100.5,,0.506,0.001,100171.424,0.0591,69.188,0.0642,1685590.154,"Pipeline Natural Gas","Residual Oil","Tangentially-fired",,,,,"ARP, CSNOX, CSOSG2, CSSO2G1, MATS, RGGI"
"NY","Ravenswood Generating Station",2500,"CT0001",1682,,2020,23,23,107,,,,,,4.409,0.7,12596.8,"Pipeline Natural Gas",,"Combustion turbine",,,,,"SIPNOX"
"NY","Ravenswood Generating Station",2500,"CT0004",1683,,2020,0,0,,,,,,,,,,"Pipeline Natural Gas","Diesel Oil","Combustion turbine",,,,,"SIPNOX"
"NY","Ravenswood Generating Station",2500,"CT0005",1684,,2020,0,0,,,,,,,,,,"Pipeline Natural Gas","Diesel Oil","Combustion turbine",,,,,"SIPNOX"
"NY","Ravenswood Generating Station",2500,"CT0006",1685,,2020,0,0,,,,,,,,,,"Pipeline Natural Gas","Diesel Oil","Combustion turbine",,,,,"SIPNOX"
"NY","Ravenswood Generating Station",2500,"CT0007",1686,,2020,0,0,,,,,,,,,,"Pipeline Natural Gas","Diesel Oil","Combustion turbine",,,,,"SIPNOX"
"NY","Ravenswood Generating Station",2500,"CT0008",1687,,2020,0,0,,,,,,,,,,"Pipeline Natural Gas","Diesel Oil","Combustion turbine",,,,,"SIPNOX"
"NY","Ravenswood Generating Station",2500,"CT0009",1688,,2020,0,0,,,,,,,,,,"Pipeline Natural Gas","Diesel Oil","Combustion turbine",,,,,"SIPNOX"
"NY","Ravenswood Generating Station",2500,"CT0010",1689,,2020,87,87,883,,,,,,2.945,0.4297,13700.6,"Pipeline Natural Gas","Diesel Oil","Combustion turbine",,,,,"SIPNOX"
"NY","Ravenswood Generating Station",2500,"CT0011",1690,,2020,92,92,960,,,,,,2.966,0.4302,13794,"Pipeline Natural Gas","Diesel Oil","Combustion turbine",,,,,"SIPNOX"
"NY","Ravenswood Generating Station",2500,"CT02-1",1691,,2020,0,0,,,,,,,,,,"Pipeline Natural Gas","Diesel Oil","Combustion turbine",,,,,"CSNOX, CSOSG2, CSSO2G1, RGGI"
"NY","Ravenswood Generating Station",2500,"CT02-2",1692,,2020,0,0,,,,,,,,,,"Pipeline Natural Gas","Diesel Oil","Combustion turbine",,,,,"CSNOX, CSOSG2, CSSO2G1, RGGI"
"NY","Ravenswood Generating Station",2500,"CT02-3",1693,,2020,0,0,,,,,,,,,,"Pipeline Natural Gas","Diesel Oil","Combustion turbine",,,,,"CSNOX, CSOSG2, CSSO2G1, RGGI"
"NY","Ravenswood Generating Station",2500,"CT02-4",1694,,2020,0,0,,,,,,,,,,"Pipeline Natural Gas","Diesel Oil","Combustion turbine",,,,,"CSNOX, CSOSG2, CSSO2G1, RGGI"
"NY","Ravenswood Generating Station",2500,"CT03-1",1695,,2020,0,0,,,,,,,,,,"Pipeline Natural Gas","Diesel Oil","Combustion turbine",,,,,"CSNOX, CSOSG2, CSSO2G1, RGGI"
"NY","Ravenswood Generating Station",2500,"CT03-2",1696,,2020,0,0,,,,,,,,,,"Pipeline Natural Gas","Diesel Oil","Combustion turbine",,,,,"CSNOX, CSOSG2, CSSO2G1, RGGI"
"NY","Ravenswood Generating Station",2500,"CT03-3",1697,,2020,0,0,,,,,,,,,,"Pipeline Natural Gas","Diesel Oil","Combustion turbine",,,,,"CSNOX, CSOSG2, CSSO2G1, RGGI"
"NY","Ravenswood Generating Station",2500,"CT03-4",1698,,2020,0,0,,,,,,,,,,"Pipeline Natural Gas","Diesel Oil","Combustion turbine",,,,,"CSNOX, CSOSG2, CSSO2G1, RGGI"
"NY","Ravenswood Generating Station",2500,"UCC001",89141,,2020,6374,6356.45,1487220.17,,3.228,0.001,639406.371,0.059,34.86,0.0078,10759272.068,"Pipeline Natural Gas","Diesel Oil","Combined cycle",,"Dry Low NOx Burners|Ammonia Injection",,,"ARP, CSNOX, CSOSG2, CSSO2G1, RGGI"
"NY","59th Street",2503,"BLR114",1708,"CS0001",2020,3223,3220,,959137.75,,,,,75.637,0.0985,1390302.7,"Pipeline Natural Gas","Residual Oil","Tangentially-fired",,"Combustion Modification/Fuel Reburning",,,"SIPNOX"
"NY","59th Street",2503,"BLR115",1709,"CS0001",2020,2428,2422.5,,735592.75,,,,,57.867,0.1013,1044191.5,"Pipeline Natural Gas","Residual Oil","Tangentially-fired",,"Combustion Modification/Fuel Reburning",,,"SIPNOX"
"NY","59th Street",2503,"BLR116",1710,"CS0001",2020,1545,1470,,108654,,,,,5.463,0.0766,138054.15,"Residual Oil","Pipeline Natural Gas","Dry bottom wall-fired boiler",,"Combustion Modification/Fuel Reburning",,,"SIPNOX"
"NY","59th Street",2503,"BLR117",1711,"CS0001",2020,1504,1419.25,,106832.25,,,,,4.908,0.0788,121795.4,"Residual Oil","Pipeline Natural Gas","Dry bottom wall-fired boiler",,"Combustion Modification/Fuel Reburning",,,"SIPNOX"
"NY","59th Street",2503,"BLR118",1712,"CS0001",2020,1423,1349.75,,106194,,,,,5.149,0.08,124790.6,"Residual Oil","Pipeline Natural Gas","Dry bottom wall-fired boiler",,"Combustion Modification/Fuel Reburning",,,"SIPNOX"
"NY","59th Street",2503,"CT0001",1713,,2020,6,6,84,,,,,,0.99,1.5,1320,"Other Oil",,"Combustion turbine",,,,,"SIPNOX"
"NY","74th Street",2504,"120",1714,"CS0002",2020,1410,1404.25,,339997.5,4.249,0.0181,32395.25,0.0605,24.469,0.0867,535353.075,"Pipeline Natural Gas","Residual Oil","Tangentially-fired",,,,,"ARP, SIPNOX"
"NY","74th Street",2504,"121",1715,"CS0002",2020,2643,2636,,813201,0.657,0.0017,63807.55,0.0592,51.971,0.0917,1072985.625,"Pipeline Natural Gas","Residual Oil","Tangentially-fired",,,,,"ARP, SIPNOX"
"NY","74th Street",2504,"122",1716,"CS0002",2020,2386,2380.5,,693551.5,0.801,0.0021,51351.975,0.0593,39.045,0.0837,862755.225,"Pipeline Natural Gas","Residual Oil","Tangentially-fired",,,,,"ARP, SIPNOX"
"NY","74th Street",2504,"CT0001",1717,,2020,9,9,126,,,,,,1.505,1.5,2007,"Other Oil",,"Combustion turbine",,,,,"SIPNOX"
"NY","74th Street",2504,"CT0002",1718,,2020,11,11,154,,,,,,1.84,1.5,2453,"Other Oil",,"Combustion turbine",,,,,"SIPNOX"
"NY","E F Barrett",2511,"10",1719,,2020,6071,6065,738291.75,,8.034,0.0021,460588.2,0.0591,316.622,0.0802,7739178.4,"Pipeline Natural Gas","Residual Oil","Tangentially-fired",,,,,"ARP, CSNOX, CSOSG2, CSSO2G1, RGGI"
"NY","E F Barrett",2511,"20",1720,,2020,4941,4928.63,633151.34,,15.301,0.0061,384608.339,0.0593,169.747,0.0518,6445721.039,"Pipeline Natural Gas","Residual Oil","Tangentially-fired",,"Overfire Air",,,"ARP, CSNOX, CSOSG2, CSSO2G1, RGGI"
"NY","E F Barrett",2511,"U00004",1721,"CP001",2020,743,743,7410,,,,7404.6,0.059,20.168,0.3186,125463.4,"Pipeline Natural Gas","Diesel Oil","Combustion turbine",,,,,"SIPNOX"
"NY","E F Barrett",2511,"U00005",1722,"CP001",2020,911,911,8958,,,,8958.2,0.059,24.024,0.3149,151779.7,"Pipeline Natural Gas","Diesel Oil","Combustion turbine",,,,,"SIPNOX"
"NY","E F Barrett",2511,"U00006",1723,"CP001",2020,488,488,4484,,,,4452.4,0.0591,11.772,0.3089,75483.5,"Pipeline Natural Gas","Diesel Oil","Combustion turbine",,,,,"SIPNOX"
"NY","E F Barrett",2511,"U00007",1724,"CP001",2020,498,498,4686,,,,4584.3,0.0591,12.288,0.3133,77702,"Pipeline Natural Gas","Diesel Oil","Combustion turbine",,,,,"SIPNOX"
"NY","E F Barrett",2511,"U00008",1725,"CP001",2020,153,153,1336,,,,1300.8,0.0595,3.251,0.2971,21957.2,"Pipeline Natural Gas","Diesel Oil","Combustion turbine",,,,,"SIPNOX"
"NY","E F Barrett",2511,"U00009",1726,"CP001",2020,638,638,5944,,,,5989.7,0.0598,16.236,0.3219,100622.5,"Pipeline Natural Gas","Diesel Oil","Combustion turbine",,,,,"SIPNOX"
"NY","E F Barrett",2511,"U00010",1727,"CP001",2020,0,0,,,,,,,,,,"Pipeline Natural Gas","Diesel Oil","Combustion turbine",,,,,"SIPNOX"
"NY","E F Barrett",2511,"U00011",1728,"CP001",2020,493,493,4040,,,,4050.1,0.0595,10.922,0.3178,68383.8,"Pipeline Natural Gas","Diesel Oil","Combustion turbine",,,,,"SIPNOX"
"NY","E F Barrett",2511,"U00012",1729,"CP001",2020,540,540,6610,,0.035,0.0007,6439.3,0.0594,22.696,0.4192,108720.6,"Pipeline Natural Gas","Diesel Oil","Combustion turbine",,,,,"CSNOX, CSOSG2, CSSO2G1, RGGI"
"NY","E F Barrett",2511,"U00013",1730,"CP001",2020,540,540,6610,,0.035,0.0007,6439.3,0.0594,22.696,0.4192,108720.6,"Pipeline Natural Gas","Diesel Oil","Combustion turbine",,,,,"CSNOX, CSOSG2, CSSO2G1, RGGI"
"NY","E F Barrett",2511,"U00014",1731,"CP001",2020,477,477,5896,,0.032,0.0007,5848.1,0.0594,20.652,0.4192,98657.4,"Pipeline Natural Gas","Diesel Oil","Combustion turbine",,,,,"CSNOX, CSOSG2, CSSO2G1, RGGI"
"NY","E F Barrett",2511,"U00015",1732,"CP001",2020,477,477,5896,,0.032,0.0007,5848.1,0.0594,20.652,0.4192,98657.4,"Pipeline Natural Gas","Diesel Oil","Combustion turbine",,,,,"CSNOX, CSOSG2, CSSO2G1, RGGI"
"NY","E F Barrett",2511,"U00016",1733,"CP001",2020,910,910,10971,,0.059,0.0007,10749.2,0.0593,37.937,0.4179,181365.9,"Pipeline Natural Gas","Diesel Oil","Combustion turbine",,,,,"CSNOX, CSOSG2, CSSO2G1, RGGI"
"NY","E F Barrett",2511,"U00017",1734,"CP001",2020,910,910,10971,,0.059,0.0007,10749.2,0.0593,37.937,0.4179,181365.9,"Pipeline Natural Gas","Diesel Oil","Combustion turbine",,,,,"CSNOX, CSOSG2, CSSO2G1, RGGI"
"NY","E F Barrett",2511,"U00018",1735,"CP001",2020,614,614,6913,,0.037,0.0007,6762.7,0.0592,23.711,0.4141,114526.5,"Pipeline Natural Gas","Diesel Oil","Combustion turbine",,,,,"CSNOX, CSOSG2, CSSO2G1, RGGI"
"NY","E F Barrett",2511,"U00019",1736,"CP001",2020,614,614,6913,,0.037,0.0007,6762.7,0.0592,23.711,0.4141,114526.5,"Pipeline Natural Gas","Diesel Oil","Combustion turbine",,,,,"CSNOX, CSOSG2, CSSO2G1, RGGI"
"NY","East Hampton Facility",2512,"UGT001",1737,,2020,927,807.34,12199.4,,,,14660.503,0.0811,45.244,0.4663,180730.972,"Diesel Oil",,"Combustion turbine",,,,,"SIPNOX"
"NY","Glenwood",2514,"U00020",1741,"CP001",2020,30,30,1021,,0.006,0.001,1148.1,0.081,4.089,0.577,14174.7,"Diesel Oil",,"Combustion turbine",,,,,"CSNOX, CSOSG2, CSSO2G1, RGGI"
"NY","Glenwood",2514,"U00021",1742,"CP001",2020,23,23,744,,0.004,0.0009,834.3,0.081,2.972,0.577,10303,"Diesel Oil",,"Combustion turbine",,,,,"CSNOX, CSOSG2, CSSO2G1, RGGI"
"NY","Northport",2516,"1",1743,,2020,3156,3149.5,728459.5,,30.87,0.008,442068.55,0.0593,211.418,0.0505,7397292.2,"Pipeline Natural Gas","Residual Oil","Tangentially-fired",,"Overfire Air|Low NOx Burner Technology w/ Separated OFA","Electrostatic Precipitator",,"ARP, CSNOX, CSOSG2, CSSO2G1, MATS, RGGI"
"NY","Northport",2516,"2",1744,,2020,1373,1367.75,298260.5,,0.957,0.001,188737.225,0.059,87.609,0.0483,3175874.95,"Pipeline Natural Gas","Residual Oil","Tangentially-fired",,"Overfire Air|Low NOx Burner Technology w/ Separated OFA","Electrostatic Precipitator",,"ARP, CSNOX, CSOSG2, CSSO2G1, MATS, RGGI"
"NY","Northport",2516,"3",1745,,2020,3501,3490.28,842169.46,,19.023,0.0044,501943.456,0.0592,246.886,0.0546,8423434.297,"Pipeline Natural Gas","Residual Oil","Tangentially-fired",,"Overfire Air|Low NOx Burner Technology w/ Separated OFA","Electrostatic Precipitator",,"ARP, CSNOX, CSOSG2, CSSO2G1, MATS, RGGI"
"NY","Northport",2516,"4",1746,,2020,5510,5498.47,1266006.48,,5.905,0.0013,759701.238,0.059,317.672,0.0422,12780434.521,"Pipeline Natural Gas","Residual Oil","Tangentially-fired",,"Overfire Air|Low NOx Burner Technology w/ Separated OFA","Electrostatic Precipitator",,"ARP, CSNOX, CSOSG2, CSSO2G1, MATS, RGGI"
"NY","Northport",2516,"UGT001",1747,,2020,17,17,113,,,,216.1,0.0812,1.599,1.1999,2665,"Diesel Oil",,"Combustion turbine",,,,,"SIPNOX"
"NY","Port Jefferson Energy Center",2517,"3",1750,,2020,3112,3093.92,304291.64,,45.352,0.0329,186158.625,0.0604,103.836,0.0608,3071286.241,"Pipeline Natural Gas","Residual Oil","Tangentially-fired",,"Overfire Air|Low NOx Burner Technology w/ Separated OFA","Electrostatic Precipitator",,"ARP, CSNOX, CSOSG2, CSSO2G1, MATS, RGGI"
"NY","Port Jefferson Energy Center",2517,"4",1751,,2020,1850,1837.5,203595.11,,14.363,0.0107,133509.98,0.0595,60.967,0.0486,2227676.258,"Pipeline Natural Gas","Residual Oil","Tangentially-fired",,"Overfire Air|Low NOx Burner Technology w/ Separated OFA","Electrostatic Precipitator",,"ARP, CSNOX, CSOSG2, CSSO2G1, MATS, RGGI"
"NY","Port Jefferson Energy Center",2517,"UGT001",1752,,2020,21,21,178,,,,291.6,0.081,2.161,1.2001,3602,"Diesel Oil",,"Combustion turbine",,,,,"SIPNOX"
"NY","Port Jefferson Energy Center",2517,"UGT002",10016,,2020,1222,1031,42157.25,,0.123,0.0007,24112.3,0.0597,2.509,0.0335,403962.6,"Pipeline Natural Gas","Diesel Oil","Combustion turbine",,"Water Injection|Selective Catalytic Reduction",,,"ARP, CSNOX, CSOSG2, CSSO2G1, RGGI"
"NY","Port Jefferson Energy Center",2517,"UGT003",10017,,2020,1242,1080,44369.75,,0.137,0.0008,25798.15,0.0594,2.676,0.0301,433618.125,"Pipeline Natural Gas","Diesel Oil","Combustion turbine",,"Water Injection|Selective Catalytic Reduction",,,"ARP, CSNOX, CSOSG2, CSSO2G1, RGGI"
"NY","West Babylon Facility",2521,"UGT001",1753,,2020,62,62,1925,,0.015,0.0009,2203,0.0811,7.958,0.585,27204.4,"Diesel Oil",,"Combustion turbine",,,,,"CSNOX, CSOSG2, CSSO2G1, RGGI"
"NY","Greenidge Generation LLC",2527,"6",1759,,2020,7916,7893.03,392647.58,,1.174,0.001,228303.061,0.0591,49.58,0.025,3849053.684,"Pipeline Natural Gas","Wood","Tangentially-fired","Dry Lime FGD","Low NOx Burner Technology w/ Closed-coupled OFA|Selective Catalytic Reduction","Electrostatic Precipitator|Baghouse",,"ARP, CSNOX, CSOSG2, CSSO2G1, RGGI"
"NY","Cayuga Operating Company, LLC",2535,"1",1768,"CSM001, CSM002, CSM003",2020,0,0,,,,,,,,,,"Coal","Residual Oil","Tangentially-fired","Wet Limestone","Low NOx Burner Technology w/ Closed-coupled/Separated OFA|Selective Catalytic Reduction","Electrostatic Precipitator",,"ARP, CSNOX, CSOSG2, CSSO2G1, MATS, RGGI"
"NY","Cayuga Operating Company, LLC",2535,"2",1769,"CSM001, CSM002, CSM003",2020,0,0,,,,,,,,,,"Coal","Residual Oil","Tangentially-fired","Wet Limestone","Low NOx Burner Technology w/ Closed-coupled/Separated OFA","Electrostatic Precipitator",,"ARP, CSNOX, CSOSG2, CSSO2G1, MATS, RGGI"
"NY","Bethlehem Energy Center (Albany)",2539,"10001",1771,,2020,7066,6847.92,1113155.11,,3.406,0.001,674699.281,0.059,40.004,0.0138,11353077.268,"Pipeline Natural Gas","Diesel Oil","Combined cycle",,"Dry Low NOx Burners|Water Injection|Selective Catalytic Reduction",,,"ARP, CSNOX, CSOSG2, CSSO2G1, RGGI"
"NY","Bethlehem Energy Center (Albany)",2539,"10002",1772,,2020,6287,6057.01,990272.03,,3.06,0.001,606098.167,0.059,42.458,0.0178,10198730.647,"Pipeline Natural Gas","Diesel Oil","Combined cycle",,"Dry Low NOx Burners|Water Injection|Selective Catalytic Reduction",,,"ARP, CSNOX, CSOSG2, CSSO2G1, RGGI"
"NY","Bethlehem Energy Center (Albany)",2539,"10003",1773,,2020,7525,7475.15,1227467.72,,3.786,0.001,750044.054,0.059,41.157,0.0081,12620911.132,"Pipeline Natural Gas","Diesel Oil","Combined cycle",,"Dry Low NOx Burners|Water Injection|Selective Catalytic Reduction",,,"ARP, CSNOX, CSOSG2, CSSO2G1, RGGI"
"NY","NRG Dunkirk Power",2554,"1",1783,,2020,0,0,,,,,,,,,,"Coal",,"Tangentially-fired",,"Low NOx Burner Technology w/ Closed-coupled OFA","Baghouse",,"ARP, CSNOX, CSOSG2, CSSO2G1, MATS, RGGI"
"NY","NRG Dunkirk Power",2554,"2",1784,,2020,0,0,,,,,,,,,,"Coal",,"Tangentially-fired",,"Low NOx Burner Technology w/ Closed-coupled OFA|Selective Non-catalytic Reduction","Baghouse","Halogenated PAC Sorbent Injection","ARP, CSNOX, CSOSG2, CSSO2G1, MATS, RGGI"
"NY","NRG Dunkirk Power",2554,"3",1785,"CS0003",2020,0,0,,,,,,,,,,"Coal",,"Tangentially-fired",,"Low NOx Burner Technology w/ Separated OFA","Baghouse",,"ARP, CSNOX, CSOSG2, CSSO2G1, MATS, RGGI"
"NY","NRG Dunkirk Power",2554,"4",1786,"CS0003",2020,0,0,,,,,,,,,,"Coal",,"Tangentially-fired",,"Low NOx Burner Technology w/ Separated OFA","Baghouse",,"ARP, CSNOX, CSOSG2, CSSO2G1, MATS, RGGI"
"NY","Oswego Harbor Power",2594,"5",1791,,2020,259,249.35,26736.02,,69.236,0.1704,26759.94,0.0677,33.611,0.0766,342353.565,"Residual Oil","Pipeline Natural Gas","Dry bottom wall-fired boiler",,"Overfire Air",,,"ARP, CSNOX, CSOSG2, CSSO2G1, MATS, RGGI"
"NY","Oswego Harbor Power",2594,"6",1792,,2020,133,125.34,23906.47,,62.236,0.227,21024.158,0.0677,24.607,0.0861,264104.89,"Residual Oil","Pipeline Natural Gas","Dry bottom wall-fired boiler",,,,,"ARP, CSNOX, CSOSG2, CSSO2G1, MATS, RGGI"
"NY","Bowline Generating Station",2625,"1",1793,,2020,1372,1352.24,450098.7,,19.994,0.0194,261503.253,0.059,251.021,0.0914,4410846.817,"Pipeline Natural Gas","Residual Oil","Tangentially-fired",,"Low NOx Burner Technology w/ Closed-coupled OFA",,,"ARP, CSNOX, CSOSG2, CSSO2G1, MATS, RGGI"
"NY","Bowline Generating Station",2625,"2",1794,,2020,846,827.26,243891.96,,7.238,0.0138,156369.67,0.059,152.324,0.0877,2637817.774,"Pipeline Natural Gas","Residual Oil","Dry bottom wall-fired boiler",,"Overfire Air",,,"ARP, CSNOX, CSOSG2, CSSO2G1, MATS, RGGI"
"NY","Hillburn",2628,"001",1795,,2020,33,9.25,198.02,,0.001,0.0009,227.969,0.0595,0.893,0.3005,3835.247,"Pipeline Natural Gas","Diesel Oil","Combustion turbine",,,,,"CSNOX, CSOSG2, CSSO2G1, RGGI"
"NY","Shoemaker",2632,"1",1799,,2020,29,6.81,90.2,,0.001,0.0009,123.372,0.0594,0.433,0.2653,2075.403,"Pipeline Natural Gas","Diesel Oil","Combustion turbine",,,,,"CSNOX, CSOSG2, CSSO2G1, RGGI"
"NY","Freeport Power Plant No. 2",2679,"5",88098,,2020,339,283.5,10387,,0.028,0.001,6297.15,0.0593,0.759,0.0519,105952.35,"Pipeline Natural Gas","Diesel Oil","Combustion turbine",,"Water Injection|Selective Catalytic Reduction",,,"ARP, CSNOX, CSOSG2, CSSO2G1, RGGI"
"NY","S A Carlson",2682,"10",1811,,2020,197,197,,,0.005,0.0004,1053.1,0.0591,0.453,0.051,17842.4,"Pipeline Natural Gas",,"Dry bottom wall-fired boiler",,"Low NOx Burner Technology (Dry Bottom only)",,,"ARP, CSNOX, CSOSG2, CSSO2G1"
"NY","S A Carlson",2682,"20",1814,,2020,1945,1927.75,68792.25,,0.184,0.001,36419.7,0.0593,39.77,0.1305,612809.225,"Pipeline Natural Gas",,"Combined cycle",,"Water Injection",,,"ARP, CSNOX, CSOSG2, CSSO2G1, RGGI"
"NY","S A Carlson",2682,"9",1815,,2020,137,137,,,0.003,0.0004,758.8,0.059,0.362,0.0565,12862,"Pipeline Natural Gas","Diesel Oil","Dry bottom wall-fired boiler",,"Low NOx Burner Technology (Dry Bottom only)",,,"ARP, CSNOX, CSOSG2, CSSO2G1"
"NC","Asheville",2706,"1",1816,,2020,240,239.13,21537.34,,6.944,0.0569,21564.396,0.103,8.491,0.0804,210180.152,"Coal","Diesel Oil","Dry bottom wall-fired boiler","Wet Lime FGD","Low NOx Burner Technology (Dry Bottom only)","Electrostatic Precipitator|Wet Scrubber",,"ARP, CSNOX, CSSO2G1, MATS"
"NC","Asheville",2706,"2",1817,,2020,0,0,,,,,,,,,,"Coal","Diesel Oil","Dry bottom wall-fired boiler","Wet Lime FGD","Low NOx Burner Technology (Dry Bottom only)|Overfire Air|Selective Catalytic Reduction","Electrostatic Precipitator|Wet Scrubber",,"ARP, CSNOX, CSSO2G1, MATS"
"NC","Asheville",2706,"3",1818,,2020,841,762.66,84124.63,,0.297,0.001,58824.851,0.0592,55.786,0.1091,987772.932,"Pipeline Natural Gas","Diesel Oil","Combustion turbine",,"Water Injection",,,"ARP, CSNOX, CSSO2G1, SIPNOX"
"NC","Asheville",2706,"4",1819,,2020,1084,1009.81,99439.27,,0.37,0.001,73404.49,0.0592,54.247,0.0879,1231535.558,"Pipeline Natural Gas","Diesel Oil","Combustion turbine",,"Water Injection",,,"ARP, CSNOX, CSSO2G1, SIPNOX"
"NC","Asheville",2706,"CT5",91313,,2020,6000,5980.4,1479270.73,,3.016,0.001,597480.733,0.059,159.78,0.0343,10053791.243,"Pipeline Natural Gas","Diesel Oil","Combined cycle",,"Dry Low NOx Burners|Water Injection|Selective Catalytic Reduction",,,"ARP, CSNOX, CSSO2G1"
"NC","Asheville",2706,"CT7",91314,,2020,5928,5892.67,1364966.32,,2.868,0.001,568217.676,0.0591,153.28,0.0359,9556035.758,"Pipeline Natural Gas","Diesel Oil","Combined cycle",,"Dry Low NOx Burners|Water Injection|Selective Catalytic Reduction",,,"ARP, CSNOX, CSSO2G1"
"NC","Blewett",2707,"1",90042,,2020,19,9,0,,0.624,0.5011,201.7,0.0803,1.496,1.2001,2493.2,"Diesel Oil",,"Combustion turbine",,,,,"CSNOX, CSSO2G1, SIPNOX"
"NC","Blewett",2707,"2",90043,,2020,13,6.05,0,,0.419,0.5,135.7,0.0812,1.006,1.1997,1676.1,"Diesel Oil",,"Combustion turbine",,,,,"CSNOX, CSSO2G1, SIPNOX"
"NC","Blewett",2707,"3",90044,,2020,18,8.74,0,,0.605,0.5007,195.9,0.0806,1.453,1.1998,2421.1,"Diesel Oil",,"Combustion turbine",,,,,"CSNOX, CSSO2G1, SIPNOX"
"NC","Blewett",2707,"4",90045,,2020,20,9.33,0,,0.646,0.5007,209.2,0.0807,1.551,1.1998,2584.6,"Diesel Oil",,"Combustion turbine",,,,,"CSNOX, CSSO2G1, SIPNOX"
"NC","H F Lee Steam Electric Plant",2709,"01A",90644,,2020,7276,7264.28,1798669.86,,3.797,0.001,752053.565,0.059,281.036,0.0524,12654746.548,"Natural Gas","Diesel Oil","Combined cycle",,"Dry Low NOx Burners|Water Injection|Selective Catalytic Reduction",,,"ARP, CSNOX, CSSO2G1, SIPNOX"
"NC","H F Lee Steam Electric Plant",2709,"01B",90645,,2020,7949,7939.63,2009779.81,,4.261,0.001,843746.09,0.059,348.155,0.0573,14197641.681,"Natural Gas","Diesel Oil","Combined cycle",,"Dry Low NOx Burners|Water Injection|Selective Catalytic Reduction",,,"ARP, CSNOX, CSSO2G1, SIPNOX"
"NC","H F Lee Steam Electric Plant",2709,"01C",90646,,2020,7820,7812.22,1963643.66,,4.146,0.001,820198.922,0.059,349.735,0.059,13801339.5,"Natural Gas","Diesel Oil","Combined cycle",,"Dry Low NOx Burners|Water Injection|Selective Catalytic Reduction",,,"ARP, CSNOX, CSSO2G1, SIPNOX"
"NC","H F Lee Steam Electric Plant",2709,"10",1825,,2020,187,152.51,19559.6,,0.069,0.001,13818.883,0.0609,7.23,0.0659,226259.025,"Diesel Oil","Natural Gas","Combustion turbine",,"Water Injection",,,"ARP, CSNOX, CSSO2G1, SIPNOX"
"NC","H F Lee Steam Electric Plant",2709,"11",1826,,2020,181,155.78,20906.36,,0.074,0.001,15025.799,0.0627,9.796,0.0819,238700.666,"Diesel Oil","Natural Gas","Combustion turbine",,"Water Injection",,,"ARP, CSNOX, CSSO2G1, SIPNOX"
"NC","H F Lee Steam Electric Plant",2709,"12",1827,,2020,270,232.49,30740.95,,0.099,0.001,19689.585,0.0597,7.478,0.0583,328093.988,"Natural Gas","Diesel Oil","Combustion turbine",,"Dry Low NOx Burners|Water Injection",,,"ARP, CSNOX, CSSO2G1, SIPNOX"
"NC","H F Lee Steam Electric Plant",2709,"13",1828,,2020,427,366.1,47863.23,,0.155,0.001,30897.173,0.0592,10.54,0.0493,519795.706,"Natural Gas","Diesel Oil","Combustion turbine",,"Dry Low NOx Burners|Water Injection",,,"ARP, CSNOX, CSSO2G1, SIPNOX"
"NC","H F Lee Steam Electric Plant",2709,"14",89702,,2020,580,496.73,66244.57,,0.218,0.001,43059.439,0.0588,11.186,0.0362,723967.876,"Natural Gas","Diesel Oil","Combustion turbine",,"Dry Low NOx Burners|Water Injection",,,"ARP, CSNOX, CSSO2G1, SIPNOX"
"NC","Roxboro",2712,"1",1831,,2020,2391,2384.39,589191.31,,202.7,0.0654,608330.327,0.1018,316.648,0.107,5934617.983,"Coal","Residual Oil","Dry bottom wall-fired boiler","Wet Lime FGD","Overfire Air|Low NOx Burner Technology (Dry Bottom only)|Selective Catalytic Reduction","Electrostatic Precipitator|Wet Scrubber",,"ARP, CSNOX, CSSO2G1, MATS, SIPNOX"
"NC","Roxboro",2712,"2",1832,,2020,3768,3759.97,1720241.51,,740.276,0.0807,1556344.488,0.1022,997.573,0.1808,15176379.37,"Coal","Residual Oil","Tangentially-fired","Wet Lime FGD","Low NOx Burner Technology w/ Separated OFA|Overfire Air|Selective Catalytic Reduction","Electrostatic Precipitator|Wet Scrubber",,"ARP, CSNOX, CSSO2G1, MATS, SIPNOX"
"NC","Roxboro",2712,"3A",1833,"CS003A",2020,4791,4784.18,,7576880.66,503.041,0.0823,991795.899,0.1024,698.856,0.1563,9670947.804,"Coal","Diesel Oil","Dry bottom wall-fired boiler","Wet Limestone","Low NOx Burner Technology (Dry Bottom only)|Overfire Air|Selective Catalytic Reduction","Wet Scrubber|Electrostatic Precipitator",,"ARP, CSNOX, CSSO2G1, MATS, SIPNOX"
"NC","Roxboro",2712,"3B",1834,"CS003A",2020,4626,4619.33,,7633994.17,508.208,0.0838,997002.653,0.1024,694.196,0.1533,9723036.04,"Coal","Diesel Oil","Dry bottom wall-fired boiler","Wet Limestone","Low NOx Burner Technology (Dry Bottom only)|Overfire Air|Selective Catalytic Reduction","Wet Scrubber|Electrostatic Precipitator",,"ARP, CSNOX, CSSO2G1, MATS, SIPNOX"
"NC","Roxboro",2712,"4A",1835,"CS004A",2020,2998,2988.59,,5140160.48,376.175,0.0837,857171.588,0.1016,499.215,0.1215,8362210.488,"Coal","Diesel Oil","Dry bottom wall-fired boiler","Wet Limestone","Low NOx Burner Technology (Dry Bottom only)|Overfire Air|Selective Catalytic Reduction","Wet Scrubber|Electrostatic Precipitator",,"ARP, CSNOX, CSSO2G1, MATS, SIPNOX"
"NC","Roxboro",2712,"4B",1836,"CS004A",2020,2768,2753.42,,4066979.34,307.014,0.1008,670968.939,0.1014,394.457,0.1213,6551633.817,"Coal","Diesel Oil","Dry bottom wall-fired boiler","Wet Limestone","Low NOx Burner Technology (Dry Bottom only)|Overfire Air|Selective Catalytic Reduction","Wet Scrubber|Electrostatic Precipitator",,"ARP, CSNOX, CSSO2G1, MATS, SIPNOX"
"NC","L V Sutton",2713,"01A",90667,,2020,7709,7701.61,2033835.23,,4.26,0.001,843442.324,0.059,279.953,0.0432,14192534.247,"Natural Gas","Diesel Oil","Combined cycle",,"Dry Low NOx Burners|Water Injection|Selective Catalytic Reduction",,,"ARP, CSNOX, CSSO2G1, SIPNOX"
"NC","L V Sutton",2713,"01B",90668,,2020,7757,7751.24,2055411.39,,4.259,0.001,843334.346,0.059,289.896,0.0446,14190766.828,"Natural Gas","Diesel Oil","Combined cycle",,"Dry Low NOx Burners|Water Injection|Selective Catalytic Reduction",,,"ARP, CSNOX, CSSO2G1, SIPNOX"
"NC","L V Sutton",2713,"4",91147,,2020,898,812.02,32794.71,,0.099,0.0011,19242.134,0.0594,14.065,0.0948,323699.006,"Natural Gas","Diesel Oil","Combustion turbine",,"Water Injection",,,"ARP, CSNOX, CSSO2G1, SIPNOX"
"NC","L V Sutton",2713,"5",91148,,2020,911,816.54,32855.71,,0.104,0.0012,19627.409,0.0598,14.55,0.1002,329887.799,"Natural Gas","Diesel Oil","Combustion turbine",,"Water Injection",,,"ARP, CSNOX, CSSO2G1, SIPNOX"
"NC","W H Weatherspoon",2716,"4",88324,,2020,19,9.43,0,,1.351,0.5003,437.7,0.0808,3.242,1.2001,5403.6,"Diesel Oil",,"Combustion turbine",,,,,"CSNOX, CSSO2G1, SIPNOX"
"NC","W H Weatherspoon",2716,"5",88325,,2020,20,11.04,0,,1.582,0.5003,512.3,0.0808,3.796,1.2,6326.1,"Diesel Oil",,"Combustion turbine",,,,,"CSNOX, CSSO2G1, SIPNOX"
"NC","W H Weatherspoon",2716,"6",88326,,2020,18,9.83,0,,1.408,0.5003,456.2,0.0808,3.38,1.2001,5632.7,"Diesel Oil",,"Combustion turbine",,,,,"CSNOX, CSSO2G1, SIPNOX"
"NC","W H Weatherspoon",2716,"7",88327,,2020,18,8.9,0,,1.275,0.5006,413,0.0806,3.06,1.2001,5099.9,"Diesel Oil",,"Combustion turbine",,,,,"CSNOX, CSSO2G1, SIPNOX"
"NC","G G Allen",2718,"1",1843,"CS125",2020,211,208.61,18679.26,,4.365,0.0429,18538.766,0.103,21.03,0.2507,180692.615,"Coal","Diesel Oil","Tangentially-fired","Wet Limestone","Low NOx Burner Technology w/ Closed-coupled/Separated OFA|Selective Non-catalytic Reduction","Electrostatic Precipitator|Wet Scrubber",,"ARP, CSNOX, CSSO2G1, MATS, SIPNOX"
"NC","G G Allen",2718,"2",1844,"CS125",2020,217,212.92,19861.81,,4.731,0.0443,19596.718,0.103,22.036,0.2502,191004.57,"Coal","Diesel Oil","Tangentially-fired","Wet Limestone","Low NOx Burner Technology w/ Closed-coupled/Separated OFA|Selective Non-catalytic Reduction","Electrostatic Precipitator|Wet Scrubber",,"ARP, CSNOX, CSSO2G1, MATS, SIPNOX"
"NC","G G Allen",2718,"3",1845,"CS34",2020,453,445.6,73857.71,,15.678,0.0417,68594.891,0.103,110.296,0.3218,668571.411,"Coal","Diesel Oil","Tangentially-fired","Wet Limestone","Low NOx Burner Technology w/ Closed-coupled/Separated OFA|Selective Non-catalytic Reduction","Electrostatic Precipitator|Wet Scrubber",,"ARP, CSNOX, CSSO2G1, MATS, SIPNOX"
"NC","G G Allen",2718,"4",1846,"CS34",2020,1672,1661.76,283670.2,,37.651,0.0255,246909.523,0.1029,418.54,0.3359,2406530.065,"Coal","Diesel Oil","Tangentially-fired","Wet Limestone","Low NOx Burner Technology w/ Closed-coupled/Separated OFA|Selective Non-catalytic Reduction","Electrostatic Precipitator|Wet Scrubber",,"ARP, CSNOX, CSSO2G1, MATS, SIPNOX"
"NC","G G Allen",2718,"5",1847,"CS125",2020,1372,1364.88,240730.05,,28.69,0.0226,231739.59,0.1028,333.55,0.2986,2258678.712,"Coal","Diesel Oil","Tangentially-fired","Wet Limestone","Low NOx Burner Technology w/ Closed-coupled/Separated OFA|Selective Non-catalytic Reduction","Electrostatic Precipitator|Wet Scrubber",,"ARP, CSNOX, CSSO2G1, MATS, SIPNOX"
"NC","Buck",2720,"11C",90410,,2020,6765,6754.47,1989861.6,,4.107,0.001,813474.076,0.059,57.404,0.0091,13688337.707,"Pipeline Natural Gas",,"Combined cycle",,"Dry Low NOx Burners|Selective Catalytic Reduction",,,"ARP, CSNOX, CSSO2G1, SIPNOX"
"NC","Buck",2720,"12C",90411,,2020,6773,6765.51,1988391.35,,4.01,0.001,794329.851,0.059,55.676,0.0091,13366186.409,"Pipeline Natural Gas",,"Combined cycle",,"Dry Low NOx Burners|Selective Catalytic Reduction",,,"ARP, CSNOX, CSSO2G1, SIPNOX"
"NC","Cliffside",2721,"5",1857,,2020,3706,3680.85,1193599.27,,320.419,0.0543,1144344.226,0.0955,961.739,0.1968,11564413.481,"Coal","Diesel Oil, Pipeline Natural Gas","Tangentially-fired","Wet Lime FGD","Low NOx Burner Technology w/ Closed-coupled/Separated OFA|Selective Catalytic Reduction","Electrostatic Precipitator|Wet Scrubber",,"ARP, CSNOX, CSSO2G1, MATS, SIPNOX"
"NC","Cliffside",2721,"6",90414,,2020,6892,6883.63,4594378.5,,498.456,0.0273,3453255.707,0.0879,1109.979,0.0572,38753416.713,"Coal","Diesel Oil, Pipeline Natural Gas","Dry bottom wall-fired boiler","Wet Lime FGD","Low NOx Burner Technology w/ Overfire Air|Selective Catalytic Reduction","Baghouse|Wet Scrubber",,"ARP, CSNOX, CSSO2G1, MATS, SIPNOX"
"NC","Dan River",2723,"8C",90412,,2020,7911,7900.26,2316004.22,,4.849,0.001,960620.204,0.059,127.458,0.016,16164372.327,"Natural Gas",,"Combined cycle",,"Dry Low NOx Burners|Selective Catalytic Reduction",,,"ARP, CSNOX, CSSO2G1, SIPNOX"
"NC","Dan River",2723,"9C",90413,,2020,7780,7768.84,2283068.29,,4.791,0.001,948970.665,0.059,137.135,0.018,15968375.148,"Natural Gas",,"Combined cycle",,"Dry Low NOx Burners|Selective Catalytic Reduction",,,"ARP, CSNOX, CSSO2G1, SIPNOX"
"NC","Marshall",2727,"1",1861,"CS001",2020,3523,3507.15,927443.91,,571.017,0.1211,865240.191,0.103,1060.441,0.2385,8433158.689,"Coal","Diesel Oil","Tangentially-fired","Wet Lime FGD","Low NOx Burner Technology w/ Closed-coupled/Separated OFA|Selective Non-catalytic Reduction","Electrostatic Precipitator|Wet Scrubber",,"ARP, CSNOX, CSSO2G1, MATS, SIPNOX"
"NC","Marshall",2727,"2",1862,"CS001",2020,3820,3809.57,1040363.45,,632.657,0.1226,969661.317,0.103,1225.236,0.2467,9450891.453,"Coal","Diesel Oil","Tangentially-fired","Wet Lime FGD","Low NOx Burner Technology w/ Closed-coupled/Separated OFA|Selective Non-catalytic Reduction","Electrostatic Precipitator|Wet Scrubber",,"ARP, CSNOX, CSSO2G1, MATS, SIPNOX"
"NC","Marshall",2727,"3",1863,,2020,4534,4516.11,2225846.22,,1181.098,0.0985,2072445.768,0.1008,1177.834,0.1165,20408456.951,"Coal","Diesel Oil, Other Oil, Pipeline Natural Gas","Tangentially-fired","Wet Lime FGD","Low NOx Burner Technology w/ Closed-coupled/Separated OFA|Selective Catalytic Reduction","Electrostatic Precipitator|Wet Scrubber",,"ARP, CSNOX, CSSO2G1, MATS, SIPNOX"
"NC","Marshall",2727,"4",1864,,2020,5336,5328.9,2350013.95,,700.638,0.053,2197529.203,0.103,2521.759,0.2194,21418426.242,"Coal","Diesel Oil, Pipeline Natural Gas","Tangentially-fired","Wet Lime FGD","Low NOx Burner Technology w/ Closed-coupled/Separated OFA|Selective Non-catalytic Reduction","Electrostatic Precipitator|Wet Scrubber",,"ARP, CSNOX, CSSO2G1, MATS, SIPNOX"
"ND","R M Heskett",2790,"B2",1875,,2020,7898,7892.99,458152,,1384.157,0.5352,560684.23,0.109,1031.667,0.3993,5150015.054,"Coal",,"Bubbling fluidized bed boiler","Fluidized Bed Limestone Injection",,"Electrostatic Precipitator",,"ARP, MATS"
"ND","R M Heskett",2790,"CT6",90931,,2020,53,41.75,1361.65,,0.007,0.001,1312.592,0.0592,0.956,0.1193,22089.673,"Pipeline Natural Gas",,"Combustion turbine",,"Dry Low NOx Burners",,,"ARP"
"ND","Leland Olds",2817,"1",1876,,2020,5968,5946.25,935051.12,,483.892,0.0936,1027381.353,0.1083,659.907,0.1369,9436802.281,"Coal",,"Dry bottom wall-fired boiler","Wet Lime FGD","Low NOx Burner Technology (Dry Bottom only)|Overfire Air|Selective Non-catalytic Reduction","Electrostatic Precipitator","Additives to Enhance PAC and Existing Equipment Performance|Untreated PAC Sorbent Injection","ARP, MATS"
"ND","Leland Olds",2817,"2",1877,,2020,7230,7207.47,2450936.92,,1235.875,0.0882,2757101.718,0.1081,3759.61,0.285,25324776.478,"Coal",,"Cyclone boiler","Wet Lime FGD","Overfire Air|Selective Non-catalytic Reduction","Electrostatic Precipitator","Additives to Enhance PAC and Existing Equipment Performance|Untreated PAC Sorbent Injection","ARP, MATS"
"ND","Milton R Young",2823,"B1",1878,,2020,8267,8260.42,1940710.55,,504.16,0.0515,2060441.551,0.109,3165.866,0.334,18925712.522,"Coal",,"Cyclone boiler","Wet Lime FGD|Wet Limestone","Overfire Air|Selective Non-catalytic Reduction","Electrostatic Precipitator",,"ARP, MATS"
"ND","Milton R Young",2823,"B2",1879,,2020,8167,8162.08,3231474.13,,2172.67,0.1321,3518988.489,0.109,5395.825,0.3338,32322819.991,"Coal",,"Cyclone boiler","Dual Alkali|Wet Lime FGD","Overfire Air|Selective Non-catalytic Reduction","Electrostatic Precipitator",,"ARP, MATS"
"OH","Cardinal",2828,"1",1883,,2020,6832,6828.52,3290105.12,,2702.147,0.1638,3453391.152,0.103,1396.882,0.0827,33658820.578,"Coal",,"Cell burner boiler","Wet Limestone","Low NOx Cell Burner|Selective Catalytic Reduction","Electrostatic Precipitator",,"ARP, CSNOX, CSOSG2, CSSO2G1, MATS"
"OH","Cardinal",2828,"2",1884,,2020,5791,5778.94,3125114.61,,3737.618,0.2203,3379048.12,0.103,1378.721,0.0861,32934229.167,"Coal",,"Cell burner boiler","Wet Limestone","Low NOx Cell Burner|Selective Catalytic Reduction","Electrostatic Precipitator",,"ARP, CSNOX, CSOSG2, CSSO2G1, MATS"
"OH","Cardinal",2828,"3",1885,,2020,6087,6073.79,3341534.74,,3451.487,0.2265,3256452.879,0.103,1392.981,0.0903,31739359.984,"Coal",,"Dry bottom wall-fired boiler","Wet Limestone","Low NOx Burner Technology (Dry Bottom only)|Selective Catalytic Reduction","Electrostatic Precipitator|Wet Scrubber",,"ARP, CSNOX, CSOSG2, CSSO2G1, MATS"
"OH","Cardinal",2828,"B008",9274,,2020,210,200.57,,,,,,,7.541,0.151,99883.9,"Diesel Oil",,"Other boiler",,,,,"SIPNOX"
"OH","Cardinal",2828,"B010",89735,,2020,91,81.11,,11397.14,,,,,0.019,0.1217,299.5,"Diesel Oil",,"Other boiler",,,,,"SIPNOX"
"OH","Dicks Creek Power Company LLC",2831,"1",9185,,2020,106,83.76,2655.56,,0.05,0.001,,,58.046,0.7,165844.8,"Pipeline Natural Gas",,"Combustion turbine",,,,,"CSNOX, CSOSG2, CSSO2G1"
"OH","Miami Fort Power Station",2832,"6",1894,,2020,0,0,,,,,,,,,,"Coal",,"Tangentially-fired",,,"Electrostatic Precipitator",,"ARP, CSNOX, CSOSG2, CSSO2G1, MATS"
"OH","Miami Fort Power Station",2832,"7",1895,,2020,8210,8198.02,3740519,,10592.894,0.5393,3748293.076,0.103,5369.698,0.2967,36533020.445,"Coal",,"Cell burner boiler","Wet Limestone","Low NOx Cell Burner|Selective Catalytic Reduction","Wet Scrubber|Electrostatic Precipitator",,"ARP, CSNOX, CSOSG2, CSSO2G1, MATS"
"OH","Miami Fort Power Station",2832,"8",1896,,2020,7768,7750.16,3569303.28,,6136.612,0.3541,3240189.255,0.103,4242.796,0.2669,31580773.845,"Coal",,"Dry bottom wall-fired boiler","Wet Limestone","Selective Catalytic Reduction|Low NOx Burner Technology (Dry Bottom only)|Low NOx Cell Burner","Wet Scrubber|Electrostatic Precipitator",,"ARP, CSNOX, CSOSG2, CSSO2G1, MATS"
"OH","Avon Lake Power Plant",2836,"12",1906,,2020,850,826.29,272568.24,,852.861,0.5838,260085.369,0.1029,308.002,0.206,2534933.807,"Coal",,"Cell burner boiler",,"Low NOx Cell Burner|Overfire Air|Selective Non-catalytic Reduction","Electrostatic Precipitator",,"ARP, CSNOX, CSOSG2, CSSO2G1, MATS"
"OH","Avon Lake Power Plant",2836,"CT10",10208,,2020,6,4.47,79.89,,0.408,0.502,,,0.98,1.1985,1633,"Diesel Oil",,"Combustion turbine",,,,,"CSNOX, CSOSG2, CSSO2G1"
"OH","Eastlake",2837,"6",10209,,2020,0,0,,,,,,,,,,"Diesel Oil",,"Combustion turbine",,,,,"CSNOX, CSSO2G1"
"OH","Conesville",2840,"4",1921,,2020,2510,2503.61,1176305.31,,1100.941,0.1753,1210498.292,0.103,459.074,0.0812,11798239.826,"Coal",,"Tangentially-fired","Wet Limestone","Selective Catalytic Reduction","Electrostatic Precipitator",,"ARP, CSNOX, CSOSG2, CSSO2G1, MATS"
"OH","Conesville",2840,"6",1923,,2020,116,112.48,,26398.46,0.187,0.01,2972.1,0.081,1.44,0.0755,36631.285,"Diesel Oil",,"Tangentially-fired",,,,,"ARP, CSNOX, CSOSG2, CSSO2G1, MATS"
"OH","Frank M Tait Station",2847,"1",1928,,2020,819,715.89,47995.85,,0.186,0.0009,36620.5,0.0589,45.792,0.2472,620699.5,"Pipeline Natural Gas","Diesel Oil","Combustion turbine",,"Water Injection",,,"ARP, CSNOX, CSOSG2, CSSO2G1"
"OH","Frank M Tait Station",2847,"2",1929,,2020,816,709.57,46677.2,,0.176,0.0009,34847.9,0.0591,47.017,0.2602,590686.7,"Pipeline Natural Gas","Diesel Oil","Combustion turbine",,"Water Injection",,,"ARP, CSNOX, CSOSG2, CSSO2G1"
"OH","Frank M Tait Station",2847,"3",1930,,2020,2704,2391.65,162610.48,,0.629,0.0009,123312.9,0.0589,89.825,0.1821,2090078.6,"Pipeline Natural Gas","Diesel Oil","Combustion turbine",,"Dry Low NOx Burners|Water Injection",,,"ARP, CSNOX, CSOSG2, CSSO2G1"
"OH","O H Hutchings",2848,"H-7",88237,,2020,1,1,25,,0,0.001,,,0.195,0.7,558,"Pipeline Natural Gas","Diesel Oil","Combustion turbine",,,,,"CSNOX, CSOSG2, CSSO2G1"
"OH","Niles",2861,"CTA",9278,,2020,23,19.98,256.66,,1.36,0.5001,,,3.263,1.2,5438.8,"Diesel Oil",,"Combustion turbine",,,,,"CSNOX, CSOSG2, CSSO2G1"
"OH","W H Sammis",2866,"1",1956,"CSC",2020,0,0,,,,,,,,,,"Coal",,"Dry bottom wall-fired boiler","Wet Lime FGD","Low NOx Burner Technology (Dry Bottom only)|Low NOx Burner Technology w/ Overfire Air","Baghouse",,"ARP, CSNOX, CSOSG2, CSSO2G1, MATS"
"OH","W H Sammis",2866,"2",1957,"CSC",2020,0,0,,,,,,,,,,"Coal",,"Dry bottom wall-fired boiler","Wet Lime FGD",,,,"ARP, CSNOX, CSOSG2, CSSO2G1, MATS"
"OH","W H Sammis",2866,"3",1958,"CSC",2020,0,0,,,,,,,,,,"Coal",,"Dry bottom wall-fired boiler","Wet Lime FGD",,"Baghouse",,"ARP, CSNOX, CSOSG2, CSSO2G1, MATS"
"OH","W H Sammis",2866,"4",1959,"CSC",2020,0,0,,,,,,,,,,"Coal",,"Dry bottom wall-fired boiler","Wet Lime FGD","Low NOx Burner Technology w/ Overfire Air","Baghouse",,"ARP, CSNOX, CSOSG2, CSSO2G1, MATS"
"OH","W H Sammis",2866,"5",1960,"CSA, CSB",2020,874,855.75,110563.04,,42.512,0.068,133054.174,0.1043,109.511,0.1399,1268632.556,"Coal",,"Dry bottom wall-fired boiler","Wet Lime FGD","Low NOx Burner Technology (Dry Bottom only)|Selective Non-catalytic Reduction","Electrostatic Precipitator",,"ARP, CSNOX, CSOSG2, CSSO2G1, MATS"
"OH","W H Sammis",2866,"6",1961,"CSA, CSB",2020,5589,5564.28,2880688.57,,904.085,0.0619,2968187.689,0.105,1141.998,0.0842,28300797.705,"Coal",,"Dry bottom wall-fired boiler","Wet Lime FGD","Low NOx Burner Technology w/ Overfire Air|Selective Catalytic Reduction","Electrostatic Precipitator",,"ARP, CSNOX, CSOSG2, CSSO2G1, MATS"
"OH","W H Sammis",2866,"7",1962,"CSA, CSB",2020,5070,5036.08,2483636.79,,756.297,0.0606,2548819.584,0.105,941.471,0.08,24302253.202,"Coal",,"Cell burner boiler","Wet Lime FGD","Low NOx Cell Burner|Selective Catalytic Reduction","Electrostatic Precipitator",,"ARP, CSNOX, CSOSG2, CSSO2G1, MATS"
"OH","West Lorain",2869,"1A",9279,,2020,27,19.58,587.55,,1.028,0.1,,,5.88,0.5719,20559,"Diesel Oil",,"Combustion turbine",,,,,"CSNOX, CSOSG2, CSSO2G1"
"OH","West Lorain",2869,"1B",9280,,2020,17,14.81,571.09,,0.778,0.1,,,4.447,0.572,15550.5,"Diesel Oil",,"Combustion turbine",,,,,"CSNOX, CSOSG2, CSSO2G1"
"OH","West Lorain",2869,"2",8316,,2020,157,131.71,9035.19,,0.035,0.0011,6418.771,0.061,1.852,0.0453,106070.943,"Diesel Oil","Pipeline Natural Gas","Combustion turbine",,"Dry Low NOx Burners|Water Injection",,,"ARP, CSNOX, CSOSG2, CSSO2G1"
"OH","West Lorain",2869,"3",8318,,2020,212,177.6,12300.95,,0.045,0.001,8824.706,0.0602,2.068,0.0368,147694.728,"Diesel Oil","Pipeline Natural Gas","Combustion turbine",,"Dry Low NOx Burners|Water Injection",,,"ARP, CSNOX, CSOSG2, CSSO2G1"
"OH","West Lorain",2869,"4",8320,,2020,230,193.16,13076.51,,0.057,0.001,10575.615,0.0605,3.323,0.0449,175119.191,"Diesel Oil","Pipeline Natural Gas","Combustion turbine",,"Dry Low NOx Burners|Water Injection",,,"ARP, CSNOX, CSOSG2, CSSO2G1"
"OH","West Lorain",2869,"5",8322,,2020,264,236.73,16118.86,,0.061,0.001,11567.859,0.0603,3.063,0.0375,192197.989,"Diesel Oil","Pipeline Natural Gas","Combustion turbine",,"Dry Low NOx Burners|Water Injection",,,"ARP, CSNOX, CSOSG2, CSSO2G1"
"OH","West Lorain",2869,"6",8324,,2020,321,279.3,19433.68,,0.07,0.001,13764.343,0.06,3.021,0.0284,230826.624,"Diesel Oil","Pipeline Natural Gas","Combustion turbine",,"Dry Low NOx Burners|Water Injection",,,"ARP, CSNOX, CSOSG2, CSSO2G1"
"OH","Kyger Creek",2876,"1",1971,"CS12",2020,7630,7615.31,1116699.79,,709.747,0.1266,1108210.716,0.103,1026.634,0.2112,10801310.909,"Coal",,"Wet bottom wall-fired boiler","Wet Lime FGD|Wet Limestone","Overfire Air|Selective Catalytic Reduction","Electrostatic Precipitator|Wet Scrubber",,"ARP, CSNOX, CSOSG2, CSSO2G1, MATS"
"OH","Kyger Creek",2876,"2",1972,"CS12",2020,7826,7807.84,1104562.78,,698.113,0.1272,1101361.223,0.103,971.043,0.2019,10734552.796,"Coal",,"Wet bottom wall-fired boiler","Wet Lime FGD|Wet Limestone","Overfire Air|Selective Catalytic Reduction","Electrostatic Precipitator|Wet Scrubber",,"ARP, CSNOX, CSOSG2, CSSO2G1, MATS"
"OH","Kyger Creek",2876,"3",1973,"CS35",2020,6352,6331.95,941115.82,,589.4,0.1231,949075.031,0.103,662.442,0.1522,9250260.992,"Coal",,"Wet bottom wall-fired boiler","Wet Lime FGD|Wet Limestone","Overfire Air|Selective Catalytic Reduction","Electrostatic Precipitator|Wet Scrubber",,"ARP, CSNOX, CSOSG2, CSSO2G1, MATS"
"OH","Kyger Creek",2876,"4",1974,"CS35",2020,7082,7064.43,1020929.59,,646.75,0.1202,1030648.635,0.103,991.841,0.2246,10045330.771,"Coal",,"Wet bottom wall-fired boiler","Wet Lime FGD|Wet Limestone","Overfire Air|Selective Catalytic Reduction","Electrostatic Precipitator|Wet Scrubber",,"ARP, CSNOX, CSOSG2, CSSO2G1, MATS"
"OH","Kyger Creek",2876,"5",1975,"CS35",2020,7451,7444.58,1084842.34,,676.185,0.1184,1098695.259,0.103,1028.04,0.2153,10708554.067,"Coal",,"Wet bottom wall-fired boiler","Wet Lime FGD|Wet Limestone","Overfire Air|Selective Catalytic Reduction","Electrostatic Precipitator|Wet Scrubber",,"ARP, CSNOX, CSOSG2, CSSO2G1, MATS"
"OH","Bay Shore",2878,"1",1984,,2020,8347,8344.82,,10901513.29,2528.566,0.3287,1607242.218,0.105,558.682,0.0725,15241717.192,"Petroleum Coke","Coal","Circulating fluidized bed boiler","Dry Lime FGD","Overfire Air","Baghouse","Halogenated PAC Sorbent Injection","ARP, CSNOX, CSOSG2, CSSO2G1, MATS"
"OH","Richland Peaking Station",2880,"CTG4",1988,,2020,945,820.92,86899.1,,0.326,0.001,64508.697,0.0591,46.693,0.0882,1085470.365,"Pipeline Natural Gas",,"Combustion turbine",,"Water Injection",,,"ARP, CSNOX, CSOSG2, CSSO2G1"
"OH","Richland Peaking Station",2880,"CTG5",1989,,2020,949,863.61,92249.91,,0.356,0.001,70426.636,0.059,50.578,0.087,1185079.283,"Pipeline Natural Gas",,"Combustion turbine",,"Water Injection",,,"ARP, CSNOX, CSOSG2, CSSO2G1"
"OH","Richland Peaking Station",2880,"CTG6",1990,,2020,753,653.08,68641.18,,0.263,0.001,52024.928,0.059,38.348,0.09,875439.067,"Pipeline Natural Gas",,"Combustion turbine",,"Water Injection",,,"ARP, CSNOX, CSOSG2, CSSO2G1"
"OH","Hamilton Municipal Power Plant",2917,"9",1994,,2020,0,0,,,,,,,,,,"Pipeline Natural Gas","Coal","Tangentially-fired","Dry Lime FGD","Low NOx Burner Technology w/ Closed-coupled OFA","Baghouse",,"ARP, CSNOX, CSOSG2, CSSO2G1, MATS"
"OK","Horseshoe Lake",2951,"10",1999,,2020,2541,2248.56,96414.73,,0.286,0.001,56709.613,0.0592,45.116,0.1021,954234.489,"Pipeline Natural Gas",,"Combustion turbine",,"Water Injection",,,"ARP, CSOSG2"
"OK","Horseshoe Lake",2951,"6",2000,,2020,2319,2297.13,207637.97,,0.757,0.001,149887.524,0.059,362.703,0.2611,2522178.626,"Pipeline Natural Gas","Residual Oil","Dry bottom wall-fired boiler",,,,,"ARP, CSOSG2"
"OK","Horseshoe Lake",2951,"7",2001,,2020,2496,2477.7,311545.07,,0.956,0.001,189410.99,0.0591,299.281,0.1775,3187210.914,"Pipeline Natural Gas","Residual Oil","Combined cycle",,,,,"ARP, CSOSG2"
"OK","Horseshoe Lake",2951,"8",2002,,2020,2352,2325.37,371230.3,,1.273,0.001,252078.136,0.0592,443.906,0.1497,4241712.614,"Pipeline Natural Gas",,"Tangentially-fired",,,,,"ARP, CSOSG2"
"OK","Horseshoe Lake",2951,"9",2003,,2020,2585,2285.12,101527.71,,0.304,0.001,60207.789,0.0592,48.873,0.1045,1013104.597,"Pipeline Natural Gas",,"Combustion turbine",,"Water Injection",,,"ARP, CSOSG2"
"OK","Muskogee",2952,"4",2005,,2020,2774,2742.91,700941.07,,2.318,0.001,459074.874,0.059,433.249,0.1019,7724811.784,"Pipeline Natural Gas",,"Tangentially-fired",,"Low NOx Burner Technology w/ Closed-coupled/Separated OFA|Overfire Air","Electrostatic Precipitator",,"ARP, CSOSG2"
"OK","Muskogee",2952,"5",2006,,2020,2603,2569.03,673290.15,,2.239,0.001,443613.691,0.059,384.765,0.0952,7464603.993,"Pipeline Natural Gas",,"Tangentially-fired",,"Low NOx Burner Technology w/ Closed-coupled/Separated OFA|Overfire Air","Electrostatic Precipitator",,"ARP, CSOSG2"
"OK","Muskogee",2952,"6",2007,,2020,4101,4078.59,1509857.58,,3575.878,0.3981,1720356.642,0.1012,2595.004,0.2925,16450359.37,"Coal","Pipeline Natural Gas","Tangentially-fired",,"Overfire Air","Electrostatic Precipitator","Halogenated PAC Sorbent Injection","ARP, CSOSG2, MATS"
"OK","Mustang",2953,"5A-1",90979,,2020,85,68.72,1088.13,,,,,,7.071,0.7001,20203.6,"Pipeline Natural Gas","Residual Oil","Combustion turbine",,,,,"CSOSG2"
"OK","Mustang",2953,"5A-2",90980,,2020,84,67.63,1090.72,,,,,,6.959,0.7,19883.1,"Pipeline Natural Gas","Residual Oil","Combustion turbine",,,,,"CSOSG2"
"OK","Mustang",2953,"5B-1",90981,,2020,76,60.34,945.48,,,,,,6.209,0.7001,17739.7,"Pipeline Natural Gas","Residual Oil","Combustion turbine",,,,,"CSOSG2"
"OK","Mustang",2953,"5B-2",90982,,2020,76,59.15,948.45,,,,,,6.086,0.7001,17390,"Pipeline Natural Gas","Residual Oil","Combustion turbine",,,,,"CSOSG2"
"OK","Mustang",2953,"T10",91175,,2020,4022,3475.64,159154.67,,0.463,0.001,91684.842,0.0592,58.462,0.0928,1542810.08,"Pipeline Natural Gas",,"Combustion turbine",,"Water Injection",,,"ARP, CSOSG2"
"OK","Mustang",2953,"T11",91176,,2020,3949,3389,154706.67,,0.45,0.001,89074.856,0.0592,60.717,0.0973,1498840.016,"Pipeline Natural Gas",,"Combustion turbine",,"Water Injection",,,"ARP, CSOSG2"
"OK","Mustang",2953,"T12",91177,,2020,3642,3166.26,145025.46,,0.425,0.001,84219.323,0.0592,57.492,0.0974,1417141.771,"Pipeline Natural Gas",,"Combustion turbine",,"Water Injection",,,"ARP, CSOSG2"
"OK","Mustang",2953,"T6",91171,,2020,4072,3506.25,161615.24,,0.475,0.001,94059.531,0.0592,60.336,0.0928,1582790.092,"Pipeline Natural Gas",,"Combustion turbine",,"Water Injection",,,"ARP, CSOSG2"
"OK","Mustang",2953,"T7",91172,,2020,3553,3037.79,138166.05,,0.405,0.001,80169.405,0.0592,57.043,0.1018,1349060.581,"Pipeline Natural Gas",,"Combustion turbine",,"Water Injection",,,"ARP, CSOSG2"
"OK","Mustang",2953,"T8",91173,,2020,4072,3509.27,161779.02,,0.474,0.001,93881.331,0.0592,60.926,0.0934,1579716.549,"Pipeline Natural Gas",,"Combustion turbine",,"Water Injection",,,"ARP, CSOSG2"
"OK","Mustang",2953,"T9",91174,,2020,4143,3597.38,165819.69,,0.486,0.001,96236.439,0.0592,65.823,0.0973,1619395.382,"Pipeline Natural Gas",,"Combustion turbine",,"Water Injection",,,"ARP, CSOSG2"
"OK","Seminole (2956)",2956,"1",2012,,2020,2172,2155.66,495076.66,,1.593,0.001,315464.167,0.059,338.572,0.1208,5308279.243,"Pipeline Natural Gas",,"Dry bottom wall-fired boiler",,"Low NOx Burner Technology (Dry Bottom only)",,,"ARP, CSOSG2"
"OK","Seminole (2956)",2956,"2",2013,,2020,4836,4814.47,1219363.64,,3.826,0.001,757850.725,0.059,760.332,0.101,12752274.705,"Pipeline Natural Gas",,"Dry bottom wall-fired boiler",,"Low NOx Burner Technology (Dry Bottom only)",,,"ARP, CSOSG2"
"OK","Seminole (2956)",2956,"3",2014,,2020,4042,4013.47,951777.88,,3.05,0.001,604259.823,0.059,584.031,0.1078,10167803.441,"Pipeline Natural Gas",,"Dry bottom wall-fired boiler",,"Low NOx Burner Technology (Dry Bottom only)","Cyclone",,"ARP, CSOSG2"
"OK","Northeastern",2963,"3301A",2016,,2020,6404,6388.18,737342.62,,2.721,0.001,538913.478,0.059,154.66,0.0353,9068252.172,"Pipeline Natural Gas",,"Combined cycle",,"Dry Low NOx Burners",,,"ARP, CSOSG2"
"OK","Northeastern",2963,"3301B",2017,,2020,6835,6816.9,780104.42,,2.818,0.001,558183.543,0.059,177.548,0.0388,9392502.561,"Pipeline Natural Gas",,"Combined cycle",,"Dry Low NOx Burners",,,"ARP, CSOSG2"
"OK","Northeastern",2963,"3302",2018,,2020,1317,1308.61,309153.06,,0.946,0.001,187341.615,0.059,334.371,0.1996,3152387.785,"Pipeline Natural Gas",,"Cell burner boiler",,"Low NOx Cell Burner",,,"ARP, CSOSG2"
"OK","Northeastern",2963,"3313",2019,,2020,3666,3652.15,1225228.55,,2280.14,0.3195,1403807.369,0.1048,796.203,0.1182,13384886.491,"Coal",,"Tangentially-fired","Dry Sorbent Injection","Overfire Air|Low NOx Burner Technology w/ Closed-coupled OFA","Baghouse|Electrostatic Precipitator","Halogenated PAC Sorbent Injection","ARP, CSOSG2, MATS"
"OK","Southwestern",2964,"8002",2021,"CP001",2020,1406,1387.42,29828.97,,0.115,0.001,22858.754,0.0591,59.108,0.2745,384644.786,"Pipeline Natural Gas",,"Dry bottom wall-fired boiler",,,,,"ARP, CSOSG2"
"OK","Southwestern",2964,"8003",2022,"CP001",2020,4409,4357.15,352454.17,,1.247,0.001,247069.241,0.0591,551.448,0.1896,4157420.887,"Pipeline Natural Gas",,"Cell burner boiler",,"Low NOx Cell Burner|Overfire Air",,,"ARP, CSOSG2"
"OK","Southwestern",2964,"8004",91253,,2020,813,702.45,49327.05,,0.19,0.0009,37280.7,0.0591,35.266,0.2267,631898.5,"Pipeline Natural Gas",,"Combustion turbine",,"Combustion Modification/Fuel Reburning",,,"ARP, CSOSG2"
"OK","Southwestern",2964,"8005",91254,,2020,880,767.24,54377.28,,0.202,0.001,40416,0.0591,49.752,0.2436,684994.5,"Pipeline Natural Gas",,"Combustion turbine",,"Combustion Modification/Fuel Reburning",,,"ARP, CSOSG2"
"OK","Southwestern",2964,"801N",2023,"CP001",2020,490,478.82,5836.15,,0.023,0.001,4491.557,0.059,5.1,0.1242,75578.39,"Pipeline Natural Gas",,"Dry bottom wall-fired boiler",,,,,"ARP, CSOSG2"
"OK","Southwestern",2964,"801S",2024,"CP001",2020,500,487.85,5847.44,,0.023,0.001,4525.124,0.059,8.066,0.191,76143.2,"Pipeline Natural Gas",,"Dry bottom wall-fired boiler",,,,,"ARP, CSOSG2"
"OK","Tulsa",2965,"1402",2025,"CP001",2020,5070,5053.43,167071.33,,0.56,0.001,110878.247,0.0592,253.527,0.2076,1865782.371,"Pipeline Natural Gas",,"Dry bottom wall-fired boiler",,,,,"ARP, CSOSG2"
"OK","Tulsa",2965,"1404",2027,"CP001",2020,4605,4581.01,119457.99,,0.442,0.001,87624.932,0.0592,167.53,0.2036,1474401.034,"Pipeline Natural Gas",,"Dry bottom wall-fired boiler",,,,,"ARP, CSOSG2"
"OK","Weleetka",2966,"4",90969,,2020,0,0,,,,,,,,,,"Pipeline Natural Gas",,"Combustion turbine",,,,,"CSOSG2"
"OK","Weleetka",2966,"5",90970,,2020,0,0,,,,,,,,,,"Pipeline Natural Gas",,"Combustion turbine",,,,,"CSOSG2"
"OK","Anadarko",3006,"10",90430,,2020,1766,1576.88,43717.66,,0.146,0.001,29004.096,0.0594,21.542,0.0961,488036.571,"Pipeline Natural Gas",,"Combustion turbine",,"Water Injection",,,"ARP, CSOSG2"
"OK","Anadarko",3006,"11",90431,,2020,1942,1757.7,56985.74,,0.181,0.001,35816.69,0.0593,27.4,0.0976,602700.799,"Pipeline Natural Gas",,"Combustion turbine",,"Water Injection",,,"ARP, CSOSG2"
"OK","Anadarko",3006,"3",2028,,2020,91,78.49,69.6,,0,0.0008,60.441,0.0946,0.044,0.0832,969.662,"Pipeline Natural Gas",,"Dry bottom wall-fired boiler",,,,,"ARP, CSOSG2"
"OK","Anadarko",3006,"4",90966,,2020,490,456.16,36299.16,,,,,,4.617,0.0362,334678.68,"Pipeline Natural Gas",,"Combined cycle",,"Dry Low NOx Burners",,,"CSOSG2"
"OK","Anadarko",3006,"5",90967,,2020,2266,2156.93,182637.24,,,,,,16.256,0.0312,1586875.501,"Pipeline Natural Gas",,"Combined cycle",,"Dry Low NOx Burners",,,"CSOSG2"
"OK","Anadarko",3006,"6",90968,,2020,769,720.26,57932.72,,,,,,6.49,0.0414,534930.298,"Pipeline Natural Gas",,"Combined cycle",,"Dry Low NOx Burners",,,"CSOSG2"
"OK","Anadarko",3006,"7",8326,,2020,2464,2218.32,70308.59,,0.222,0.001,43976.698,0.0594,34.245,0.0948,740019.435,"Pipeline Natural Gas",,"Combustion turbine",,"Water Injection",,,"ARP, CSOSG2"
"OK","Anadarko",3006,"8",8328,,2020,1857,1668.92,53876.06,,0.171,0.001,33814.092,0.0593,24.919,0.092,569013.241,"Pipeline Natural Gas",,"Combustion turbine",,"Water Injection",,,"ARP, CSOSG2"
"OK","Anadarko",3006,"9",90429,,2020,1995,1797.84,48866.84,,0.166,0.001,32875.146,0.0593,24.461,0.0975,553177.173,"Pipeline Natural Gas",,"Combustion turbine",,"Water Injection",,,"ARP, CSOSG2"
"OK","Mooreland",3008,"1",2029,,2020,31,24.06,280.52,,0.001,0.0008,188.382,0.0753,0.769,0.3181,3161.832,"Pipeline Natural Gas",,"Dry bottom wall-fired boiler",,,,,"ARP, CSOSG2"
"OK","Mooreland",3008,"2",2030,,2020,773,708.11,15897.02,,0.052,0.0009,10226.656,0.0641,11.005,0.0812,172053.879,"Pipeline Natural Gas",,"Dry bottom wall-fired boiler",,,,,"ARP, CSOSG2"
"OK","Mooreland",3008,"3",2031,,2020,941,880.96,25458.04,,0.082,0.0009,16283.248,0.0682,17.574,0.0843,273846.087,"Pipeline Natural Gas",,"Dry bottom wall-fired boiler",,"Other|Overfire Air",,,"ARP, CSOSG2"
"PA","Brunot Island Power Station",3096,"2A",2032,,2020,836,776.33,31900.09,,0.144,0.001,28558.104,0.0591,8.045,0.0493,480538.766,"Pipeline Natural Gas",,"Combined cycle",,"Selective Catalytic Reduction|Water Injection",,,"ARP, CSNOX, CSOSG2, CSSO2G1"
"PA","Brunot Island Power Station",3096,"2B",2033,,2020,798,735.11,30809.92,,0.132,0.001,26215.078,0.0591,7.053,0.0469,441127.837,"Pipeline Natural Gas",,"Combined cycle",,"Selective Catalytic Reduction|Water Injection",,,"ARP, CSNOX, CSOSG2, CSSO2G1"
"PA","Brunot Island Power Station",3096,"3",2034,,2020,837,763.5,31824.48,,0.127,0.001,25131.694,0.0591,6.562,0.0454,422929.723,"Pipeline Natural Gas",,"Combined cycle",,"Selective Catalytic Reduction|Water Injection",,,"ARP, CSNOX, CSOSG2, CSSO2G1"
"PA","Mountain",3111,"031",2049,,2020,137,107.04,1750.87,,1.654,0.101,,,11.317,0.6914,32756.1,"Diesel Oil","Pipeline Natural Gas","Combustion turbine",,,,,"CSNOX, CSOSG2, CSSO2G1"
"PA","Mountain",3111,"032",2050,,2020,144,119.95,2045.99,,1.879,0.1012,,,12.851,0.6909,37193.2,"Diesel Oil","Pipeline Natural Gas","Combustion turbine",,,,,"CSNOX, CSOSG2, CSSO2G1"
"PA","Portland",3113,"5",2056,,2020,24,14.41,1497.62,,0.174,0.0184,1447.923,0.081,6.712,1.2014,17844.539,"Pipeline Natural Gas","Diesel Oil","Combustion turbine",,"Dry Low NOx Burners|Water Injection",,,"ARP, CSNOX, CSOSG2, CSSO2G1"
"PA","Tolna",3116,"031",2063,,2020,78,66.29,1215.44,,1.022,0.1006,,,6.992,0.6908,20237.3,"Diesel Oil",,"Combustion turbine",,,,,"CSNOX, CSOSG2, CSSO2G1"
"PA","Tolna",3116,"032",2064,,2020,58,50.68,905.46,,1.022,0.101,,,6.995,0.691,20246.3,"Diesel Oil",,"Combustion turbine",,,,,"CSNOX, CSOSG2, CSSO2G1"
"PA","Conemaugh",3118,"1",2065,,2020,6170,6160.93,3863338.88,,1341.799,0.067,3765378.818,0.1023,3090.553,0.19,36729631.381,"Coal","Pipeline Natural Gas","Tangentially-fired","Wet Limestone","Low NOx Burner Technology w/ Closed-coupled/Separated OFA|Selective Catalytic Reduction","Electrostatic Precipitator",,"ARP, CSNOX, CSOSG2, CSSO2G1, MATS"
"PA","Conemaugh",3118,"2",2066,,2020,7028,7018.43,4318376.68,,1416.184,0.0638,4085077.315,0.1025,3521.872,0.1982,39838690.783,"Coal","Pipeline Natural Gas","Tangentially-fired","Wet Limestone","Low NOx Burner Technology w/ Closed-coupled/Separated OFA|Selective Catalytic Reduction","Electrostatic Precipitator",,"ARP, CSNOX, CSOSG2, CSSO2G1, MATS"
"PA","Homer City",3122,"1",2072,,2020,2684,2674.8,903159.74,,870.006,0.2271,917808.742,0.103,578.042,0.1314,8945493.643,"Coal",,"Dry bottom wall-fired boiler","Dry Lime FGD","Low NOx Burner Technology w/ Overfire Air|Selective Catalytic Reduction","Electrostatic Precipitator|Baghouse","Untreated PAC Sorbent Injection","ARP, CSNOX, CSOSG2, CSSO2G1, MATS"
"PA","Homer City",3122,"2",2073,,2020,3570,3565.02,1300160.37,,1284.786,0.2257,1369946.717,0.103,714.521,0.1089,13352329.607,"Coal",,"Dry bottom wall-fired boiler","Dry Lime FGD","Low NOx Burner Technology w/ Overfire Air|Selective Catalytic Reduction","Electrostatic Precipitator|Baghouse","Untreated PAC Sorbent Injection","ARP, CSNOX, CSOSG2, CSSO2G1, MATS"
"PA","Homer City",3122,"3",2074,,2020,3160,3155.73,1209463.14,,1525.725,0.234,1200443.535,0.103,582.562,0.0969,11700231.365,"Coal",,"Dry bottom wall-fired boiler","Wet Limestone","Low NOx Burner Technology w/ Overfire Air|Selective Catalytic Reduction","Electrostatic Precipitator",,"ARP, CSNOX, CSOSG2, CSSO2G1, MATS"
"PA","Seward",3130,"1",88264,"CS1",2020,5435,5417.12,,8457491.57,3043.067,0.4948,1311157.259,0.105,786.013,0.1233,12471347.019,"Coal Refuse",,"Circulating fluidized bed boiler","Fluidized Bed Limestone Injection","Selective Non-catalytic Reduction","Baghouse",,"ARP, CSNOX, CSOSG2, CSSO2G1, MATS"
"PA","Seward",3130,"2",88265,"CS1",2020,5983,5965.84,,9008990.05,3270.418,0.5019,1399460.568,0.1049,824.151,0.1207,13294065.957,"Coal Refuse",,"Circulating fluidized bed boiler","Fluidized Bed Limestone Injection","Selective Non-catalytic Reduction","Baghouse",,"ARP, CSNOX, CSOSG2, CSSO2G1, MATS"
"PA","Shawville",3131,"1",2078,,2020,2579,2530.21,238271.19,,0.744,0.001,147396.514,0.059,94.877,0.0718,2480206.509,"Pipeline Natural Gas",,"Dry bottom wall-fired boiler",,"Low NOx Burner Technology (Dry Bottom only)",,,"ARP, CSNOX, CSOSG2, CSSO2G1"
"PA","Shawville",3131,"2",2079,,2020,2305,2250.22,209689.21,,0.68,0.001,134635.171,0.0589,89.432,0.0747,2265496.287,"Pipeline Natural Gas",,"Dry bottom wall-fired boiler",,"Low NOx Burner Technology (Dry Bottom only)",,,"ARP, CSNOX, CSOSG2, CSSO2G1"
"PA","Shawville",3131,"3",2080,"CS1",2020,3934,3880.12,535672.24,,1.63,0.001,322856.028,0.0589,157.27,0.0549,5432681.209,"Pipeline Natural Gas",,"Tangentially-fired",,"Low NOx Burner Technology w/ Closed-coupled/Separated OFA",,,"ARP, CSNOX, CSOSG2, CSSO2G1"
"PA","Shawville",3131,"4",2081,"CS1",2020,3642,3595.41,494222.31,,1.494,0.001,295876.498,0.059,141.795,0.0549,4978659.109,"Pipeline Natural Gas",,"Tangentially-fired",,"Low NOx Burner Technology w/ Closed-coupled/Separated OFA",,,"ARP, CSNOX, CSOSG2, CSSO2G1"
"PA","Warren",3132,"005",2082,,2020,57,46.86,1818.39,,0.036,0.0027,,,7.303,0.4545,29123.316,"Pipeline Natural Gas","Diesel Oil","Combustion turbine",,,,,"CSNOX, CSOSG2, CSSO2G1"
"PA","Keystone",3136,"1",2089,,2020,6054,6047.77,3879895.34,,6871.543,0.3234,3962574.561,0.103,3106.861,0.1822,38621585.367,"Coal","Pipeline Natural Gas","Tangentially-fired","Wet Lime FGD","Low NOx Burner Technology w/ Closed-coupled/Separated OFA|Selective Catalytic Reduction","Electrostatic Precipitator",,"ARP, CSNOX, CSOSG2, CSSO2G1, MATS"
"PA","Keystone",3136,"2",2090,,2020,6786,6779.84,4051561.36,,6139.736,0.2741,3974999.992,0.103,3497.261,0.2036,38742714.382,"Coal","Pipeline Natural Gas","Tangentially-fired","Wet Lime FGD","Low NOx Burner Technology w/ Closed-coupled/Separated OFA|Selective Catalytic Reduction","Electrostatic Precipitator",,"ARP, CSNOX, CSOSG2, CSSO2G1, MATS"
"PA","New Castle",3138,"3",2093,,2020,2819,2720.4,154127.92,,0.49,0.001,97072.192,0.0591,60.665,0.0675,1633426.522,"Pipeline Natural Gas",,"Dry bottom wall-fired boiler",,"Low NOx Burner Technology w/ Overfire Air|Selective Non-catalytic Reduction","Electrostatic Precipitator",,"ARP, CSNOX, CSOSG2, CSSO2G1"
"PA","New Castle",3138,"4",2094,,2020,3379,3266.15,196867.83,,0.646,0.001,127957.02,0.0591,82.367,0.0663,2153129.193,"Pipeline Natural Gas",,"Dry bottom wall-fired boiler",,"Low NOx Burner Technology w/ Overfire Air|Selective Non-catalytic Reduction","Electrostatic Precipitator",,"ARP, CSNOX, CSOSG2, CSSO2G1"
"PA","New Castle",3138,"5",2095,,2020,3047,2950.16,239807.77,,0.766,0.001,151639.746,0.0591,90.595,0.0584,2551580.45,"Pipeline Natural Gas",,"Dry bottom wall-fired boiler",,"Low NOx Burner Technology w/ Overfire Air|Selective Non-catalytic Reduction","Electrostatic Precipitator",,"ARP, CSNOX, CSOSG2, CSSO2G1"
"PA","Brunner Island, LLC",3140,"1",2100,"CS102F",2020,2197,2179.65,442082.94,,192.483,0.0911,320601.847,0.0714,292.676,0.129,4488427.93,"Coal","Other Oil, Pipeline Natural Gas","Tangentially-fired","Wet Lime FGD","Low NOx Burner Technology w/ Closed-coupled/Separated OFA","Baghouse",,"ARP, CSNOX, CSOSG2, CSSO2G1, MATS"
"PA","Brunner Island, LLC",3140,"2",2101,"CS102F",2020,2798,2767.91,645250.29,,217.831,0.0874,441297.944,0.068,353.432,0.1075,6538722.181,"Coal","Other Oil, Pipeline Natural Gas","Tangentially-fired","Wet Lime FGD","Low NOx Burner Technology w/ Closed-coupled/Separated OFA","Electrostatic Precipitator",,"ARP, CSNOX, CSOSG2, CSSO2G1, MATS"
"PA","Brunner Island, LLC",3140,"3",2102,,2020,2129,2113.51,971851.96,,235.471,0.0927,580883.447,0.0655,492.471,0.1098,8891645.774,"Coal","Other Oil, Pipeline Natural Gas","Tangentially-fired","Wet Lime FGD","Low NOx Burner Technology w/ Closed-coupled/Separated OFA","Electrostatic Precipitator",,"ARP, CSNOX, CSOSG2, CSSO2G1, MATS"
"PA","Martins Creek, LLC",3148,"3",2117,,2020,762,721.4,200088.82,,10.879,0.0118,137070.534,0.059,96.248,0.0629,2299771.765,"Residual Oil","Pipeline Natural Gas","Tangentially-fired",,,,,"ARP, CSNOX, CSOSG2, CSSO2G1, MATS"
"PA","Martins Creek, LLC",3148,"4",2118,,2020,764,729.26,226409.13,,11.64,0.0112,149111.201,0.0589,99.344,0.0617,2499401.085,"Residual Oil","Pipeline Natural Gas","Tangentially-fired",,,,,"ARP, CSNOX, CSOSG2, CSSO2G1, MATS"
"PA","Montour, LLC",3149,"1",2124,,2020,233,231.35,103997.46,,173.394,0.2981,101494.07,0.103,73.424,0.1674,989211.006,"Coal","Other Oil","Tangentially-fired","Wet Lime FGD","Low NOx Burner Technology w/ Closed-coupled/Separated OFA|Selective Catalytic Reduction","Electrostatic Precipitator",,"ARP, CSNOX, CSOSG2, CSSO2G1, MATS"
"PA","Montour, LLC",3149,"2",2125,,2020,249,245.16,101832.58,,162.294,0.2637,101046.625,0.1026,72.723,0.1667,984857.625,"Coal","Other Oil","Tangentially-fired","Wet Lime FGD","Low NOx Burner Technology w/ Closed-coupled/Separated OFA|Selective Catalytic Reduction","Electrostatic Precipitator",,"ARP, CSNOX, CSOSG2, CSSO2G1, MATS"
"PA","Eddystone Generating Station",3161,"3",2152,"CS034",2020,109,101.7,8356.44,,0.04,0.001,7154.164,0.0596,3.924,0.0437,116073.444,"Pipeline Natural Gas","Diesel Oil","Tangentially-fired",,"Other",,,"ARP, CSNOX, CSOSG2, CSSO2G1, MATS"
"PA","Eddystone Generating Station",3161,"4",2154,"CS034",2020,72,65.23,4727.96,,0.024,0.001,4012.035,0.0604,2.035,0.0451,64203.779,"Pipeline Natural Gas","Diesel Oil","Tangentially-fired",,"Other",,,"ARP, CSNOX, CSOSG2, CSSO2G1, MATS"
"PA","Richmond",3168,"91",2164,,2020,9,4.87,117.03,,0.247,0.202,,,0.722,0.59,2446.9,"Diesel Oil",,"Combustion turbine",,,,,"CSNOX, CSOSG2, CSSO2G1"
"PA","Richmond",3168,"92",2165,,2020,9,3.21,93.08,,0.148,0.2019,,,0.432,0.5896,1466,"Diesel Oil",,"Combustion turbine",,,,,"CSNOX, CSOSG2, CSSO2G1"
"PA","Hunlock Creek Generating LLC",3176,"CT5",90563,,2020,2504,2353.07,138809.4,,0.327,0.001,64726.073,0.0592,5.996,0.0153,1089167.459,"Pipeline Natural Gas","Diesel Oil","Combined cycle",,"Water Injection|Selective Catalytic Reduction",,,"ARP, CSNOX, CSOSG2, CSSO2G1"
"PA","Hunlock Creek Generating LLC",3176,"CT6",90564,,2020,2246,2120.24,124180.79,,0.296,0.001,58635.682,0.0592,5.273,0.0147,986625.26,"Pipeline Natural Gas","Diesel Oil","Combined cycle",,"Water Injection|Selective Catalytic Reduction",,,"ARP, CSNOX, CSOSG2, CSSO2G1"
"RI","Manchester Street Station",3236,"10",2191,,2020,4093,3933.5,376670.75,,1.463,0.0011,275888.25,0.0591,70.207,0.0399,4651267.75,"Pipeline Natural Gas","Diesel Oil","Combined cycle",,"Dry Low NOx Burners|Selective Catalytic Reduction|Steam Injection",,,"ARP, RGGI, SIPNOX"
"RI","Manchester Street Station",3236,"11",2192,,2020,4116,3946.25,378255.25,,1.447,0.001,281549.275,0.0587,70.807,0.0394,4748334.85,"Pipeline Natural Gas","Diesel Oil","Combined cycle",,"Dry Low NOx Burners|Selective Catalytic Reduction|Steam Injection",,,"ARP, RGGI, SIPNOX"
"RI","Manchester Street Station",3236,"9",2196,,2020,3766,3601.5,347853.5,,1.376,0.0012,247216.9,0.0592,64.167,0.0424,4165517.575,"Pipeline Natural Gas","Diesel Oil","Combined cycle",,"Dry Low NOx Burners|Selective Catalytic Reduction|Steam Injection",,,"ARP, RGGI, SIPNOX"
"SC","Darlington County",3250,"1",88099,,2020,4,2.45,89.45,,0.141,0.201,112.6,0.0598,0.835,1.2,1391,"Pipeline Natural Gas","Diesel Oil","Combustion turbine",,,,,"CSNOX, CSSO2G2"
"SC","Darlington County",3250,"10",88100,,2020,3,2,85.76,,0.128,0.2,102.8,0.0837,0.761,1.1987,1268,"Diesel Oil",,"Combustion turbine",,,,,"CSNOX, CSSO2G2"
"SC","Darlington County",3250,"12",2199,,2020,50,35.05,2266.02,,0.011,0.001,2098.167,0.0697,2.058,0.1362,30383.076,"Pipeline Natural Gas","Diesel Oil","Combustion turbine",,"Water Injection",,,"ARP, CSNOX, CSSO2G2, SIPNOX"
"SC","Darlington County",3250,"13",2200,,2020,29,22.67,1561.11,,0.008,0.001,1489.166,0.0695,1.561,0.1352,20682.242,"Pipeline Natural Gas","Diesel Oil","Combustion turbine",,"Water Injection",,,"ARP, CSNOX, CSSO2G2, SIPNOX"
"SC","Darlington County",3250,"2",88102,,2020,3,2.2,98.15,,0.147,0.202,117.5,0.081,0.871,1.2,1451,"Diesel Oil",,"Combustion turbine",,,,,"CSNOX, CSSO2G2"
"SC","Darlington County",3250,"3",88103,,2020,3,2.31,95.83,,0.147,0.202,118.2,0.081,0.876,1.2,1460,"Pipeline Natural Gas","Diesel Oil","Combustion turbine",,,,,"CSNOX, CSSO2G2"
"SC","Darlington County",3250,"4",88104,,2020,3,2.24,101.31,,0.144,0.202,115.8,0.081,0.858,1.2,1430,"Diesel Oil",,"Combustion turbine",,,,,"CSNOX, CSSO2G2"
"SC","Darlington County",3250,"6",88106,,2020,3,1.93,89.85,,0.13,0.1823,104.6,0.1017,0.775,1.181,1290.9,"Diesel Oil",,"Combustion turbine",,,,,"CSNOX, CSSO2G2"
"SC","Darlington County",3250,"7",88107,,2020,3,2.28,80.22,,0.131,0.202,105.2,0.081,0.779,1.2,1298,"Pipeline Natural Gas","Diesel Oil","Combustion turbine",,,,,"CSNOX, CSSO2G2"
"SC","Darlington County",3250,"8",88108,,2020,3,2.03,91.85,,0.136,0.202,109.4,0.081,0.811,1.2,1351,"Diesel Oil",,"Combustion turbine",,,,,"CSNOX, CSSO2G2"
"SC","W S Lee",3264,"11",91015,,2020,7881,7871.97,3010916.06,,6.273,0.001,1242717.063,0.059,96.084,0.0095,20910170.655,"Pipeline Natural Gas",,"Combined cycle",,"Dry Low NOx Burners|Selective Catalytic Reduction",,,"ARP, CSNOX, CSSO2G2, SIPNOX"
"SC","W S Lee",3264,"12",91016,,2020,8298,8287.23,3173950.45,,6.62,0.001,1311303.27,0.059,100.823,0.0094,22064471.611,"Pipeline Natural Gas",,"Combined cycle",,"Dry Low NOx Burners|Selective Catalytic Reduction",,,"ARP, CSNOX, CSSO2G2, SIPNOX"
"SC","W S Lee",3264,"3",2218,,2020,0,0,,,,,,,,,,"Pipeline Natural Gas",,"Tangentially-fired",,"Low NOx Burner Technology w/ Closed-coupled/Separated OFA",,,"ARP, CSNOX, CSSO2G2, SIPNOX"
"SC","W S Lee",3264,"7C",89636,,2020,735,707.64,1459.41,,0.029,0.001,5607.371,0.0654,4.313,0.1007,86084.08,"Pipeline Natural Gas","Diesel Oil","Combustion turbine",,"Water Injection",,,"ARP, CSNOX, CSSO2G2, SIPNOX"
"SC","W S Lee",3264,"8C",89637,,2020,108,91.68,1417.69,,0.007,0.0009,1265.118,0.0726,1.078,0.1301,18355.106,"Pipeline Natural Gas","Diesel Oil","Combustion turbine",,"Water Injection",,,"ARP, CSNOX, CSSO2G2, SIPNOX"
"SC","Hagood",3285,"HAG4",2225,,2020,311,254.11,17342.68,,0.081,0.0011,16567.102,0.0973,21.532,0.1725,242570.411,"Pipeline Natural Gas","Diesel Oil","Combustion turbine",,"Water Injection",,,"ARP, CSNOX, CSSO2G2, SIPNOX"
"SC","McMeekin",3287,"MCM1",2226,,2020,6274,6270.13,538984.53,,1.398,0.001,276765.573,0.059,175.158,0.085,4668732.814,"Pipeline Natural Gas",,"Tangentially-fired",,"Low NOx Burner Technology w/ Separated OFA","Baghouse",,"ARP, CSNOX, CSSO2G2, SIPNOX"
"SC","McMeekin",3287,"MCM2",2227,,2020,6466,6462,565975.18,,1.419,0.001,281425.116,0.059,170.171,0.0842,4747355.692,"Pipeline Natural Gas",,"Tangentially-fired",,"Low NOx Burner Technology w/ Separated OFA","Baghouse",,"ARP, CSNOX, CSSO2G2, SIPNOX"
"SC","Urquhart",3295,"URQ3",2230,,2020,1077,1063.01,52258.47,,0.164,0.0007,33495.918,0.06,20.798,0.0775,559728.513,"Pipeline Natural Gas",,"Tangentially-fired",,"Low NOx Burner Technology w/ Separated OFA",,,"ARP, CSNOX, CSSO2G2, SIPNOX"
"SC","Urquhart",3295,"URQ4",2231,,2020,674,562.5,22027.3,,0.079,0.001,17330.65,0.0755,14.582,0.11,258526.297,"Pipeline Natural Gas","Diesel Oil","Combustion turbine",,"Water Injection",,,"ARP, CSNOX, CSSO2G2, SIPNOX"
"SC","Urquhart",3295,"URQ5",8330,,2020,5679,5662.26,700811.77,,2.315,0.001,458449.41,0.059,92.866,0.0261,7712979.571,"Pipeline Natural Gas","Diesel Oil","Combined cycle",,"Dry Low NOx Burners|Water Injection",,,"ARP, CSNOX, CSSO2G2, SIPNOX"
"SC","Urquhart",3295,"URQ6",8332,,2020,4939,4915.59,585276.94,,1.971,0.001,390379.876,0.059,94.394,0.0321,6567979.847,"Pipeline Natural Gas","Diesel Oil","Combined cycle",,"Dry Low NOx Burners|Water Injection",,,"ARP, CSNOX, CSSO2G2, SIPNOX"
"SC","Wateree",3297,"WAT1",2232,"CS001, MS1",2020,3748,3738.76,887036.98,,78.013,0.0175,859124.931,0.1029,488.176,0.114,8373526.887,"Coal","Residual Oil","Dry bottom wall-fired boiler","Wet Limestone","Low NOx Burner Technology (Dry Bottom only)|Selective Catalytic Reduction","Baghouse|Electrostatic Precipitator",,"ARP, CSNOX, CSSO2G2, MATS, SIPNOX"
"SC","Wateree",3297,"WAT2",2233,"CS001, MS2",2020,124,122.27,27733.6,,6.086,0.0369,27281.56,0.1013,17.991,0.141,265904.45,"Coal","Residual Oil","Dry bottom wall-fired boiler","Wet Limestone","Low NOx Burner Technology (Dry Bottom only)|Selective Catalytic Reduction","Baghouse",,"ARP, CSNOX, CSSO2G2, MATS, SIPNOX"
"SC","Williams",3298,"WIL1",2234,,2020,7022,7012.89,2923094.37,,721.192,0.0525,2704237.285,0.103,2132.842,0.1631,26357079.203,"Coal","Residual Oil","Tangentially-fired","Wet Limestone","Low NOx Burner Technology w/ Closed-coupled OFA|Selective Catalytic Reduction","Electrostatic Precipitator",,"ARP, CSNOX, CSSO2G2, MATS, SIPNOX"
"SC","Williams",3298,"WIL4",88279,,2020,0,0,,,,,,,,,,"Diesel Oil","Pipeline Natural Gas","Combustion turbine",,,,,"CSNOX, CSSO2G2, SIPNOX"
"SC","Williams",3298,"WIL5",88280,,2020,27,12.62,106.97,,0.334,0.1857,,,1.931,0.8853,4566,"Diesel Oil","Pipeline Natural Gas","Combustion turbine",,,,,"CSNOX, CSSO2G2, SIPNOX"
"SC","Hilton Head Gas Turbine Site",3318,"CT1",88281,"CP1",2020,2,0.67,0,,0,,,,0,,0,"Diesel Oil",,"Combustion turbine",,,,,"CSNOX, CSSO2G2, SIPNOX"
"SC","Hilton Head Gas Turbine Site",3318,"CT2",88282,"CP1",2020,0,0,,,,,,,,,,"Diesel Oil",,"Combustion turbine",,,,,"CSNOX, CSSO2G2, SIPNOX"
"SC","Hilton Head Gas Turbine Site",3318,"CT3",88283,"CP1",2020,31,18.79,424.57,,2.289,0.5003,,,5.492,1.2001,9153.2,"Diesel Oil",,"Combustion turbine",,"Water Injection",,,"CSNOX, CSSO2G2, SIPNOX"
"SC","Myrtle Beach Gas Turbine Site",3320,"CT3",88284,"CP1",2020,6,4.56,71.92,,0.416,0.5002,,,0.997,1.2,1661.6,"Diesel Oil",,"Combustion turbine",,,,,"CSNOX, CSSO2G2, SIPNOX"
"SC","Myrtle Beach Gas Turbine Site",3320,"CT4",88285,"CP1",2020,0,0,,,,,,,,,,"Diesel Oil",,"Combustion turbine",,,,,"CSNOX, CSSO2G2, SIPNOX"
"SC","Myrtle Beach Gas Turbine Site",3320,"CT5",88286,"CP1",2020,9,3.98,41.84,,0.238,0.5004,,,0.57,1.1998,950.5,"Diesel Oil",,"Combustion turbine",,,,,"CSNOX, CSSO2G2, SIPNOX"
"SD","Aberdeen Generating Station",3338,"2A",90796,,2020,595,480.69,12960.25,,0.049,0.0009,9187.5,0.0591,12.064,0.1643,155265.8,"Pipeline Natural Gas","Diesel Oil","Combustion turbine",,"Water Injection",,,"ARP"
"SD","Aberdeen Generating Station",3338,"2B",90797,,2020,655,531.57,14327.92,,0.054,0.0009,10158.8,0.0591,55.886,0.5861,171700.4,"Pipeline Natural Gas","Diesel Oil","Combustion turbine",,"Water Injection",,,"ARP"
"SD","Huron",3344,"**2A",2244,,2020,0,0,,,,,,,,,,"Pipeline Natural Gas","Diesel Oil","Combustion turbine",,"Water Injection",,,
"SD","Huron",3344,"**2B",2245,,2020,0,0,,,,,,,,,,"Pipeline Natural Gas","Diesel Oil","Combustion turbine",,"Water Injection",,,
"TN","Allen",3393,"ACC1",91027,,2020,2633,2598.21,1037485.69,,1.992,0.001,394622.179,0.059,67.635,0.0278,6640311.149,"Pipeline Natural Gas",,"Combined cycle",,"Dry Low NOx Burners|Selective Catalytic Reduction",,,"ARP, CSNOX, CSOSG2, CSSO2G1, NSPS4T"
"TN","Allen",3393,"ACC2",91028,,2020,6838,6810.24,2772423.67,,5.4,0.001,1069599.124,0.059,163.607,0.022,17998026.45,"Pipeline Natural Gas",,"Combined cycle",,"Dry Low NOx Burners|Selective Catalytic Reduction",,,"ARP, CSNOX, CSOSG2, CSSO2G1, NSPS4T"
"TN","Allen",3393,"ACT17",88158,,2020,0,0,,,,,,,,,,"Pipeline Natural Gas","Diesel Oil","Combustion turbine",,,,,"CSNOX, CSOSG2, CSSO2G1"
"TN","Allen",3393,"ACT18",88159,,2020,0,0,,,,,,,,,,"Pipeline Natural Gas","Diesel Oil","Combustion turbine",,,,,"CSNOX, CSOSG2, CSSO2G1"
"TN","Allen",3393,"ACT19",88160,,2020,0,0,,,,,,,,,,"Pipeline Natural Gas","Diesel Oil","Combustion turbine",,,,,"CSNOX, CSOSG2, CSSO2G1"
"TN","Allen",3393,"ACT20",88161,,2020,1,1,1,,0.005,0.5,1.5,0.079,0.005,0.516,19,"Pipeline Natural Gas","Diesel Oil","Combustion turbine",,,,,"CSNOX, CSOSG2, CSSO2G1"
"TN","Bull Run",3396,"1",2251,,2020,1442,1427.16,738714.37,,228.6,0.0595,745998.767,0.1028,425.753,0.1452,7270929.042,"Coal",,"Tangentially-fired","Wet Limestone","Selective Catalytic Reduction","Electrostatic Precipitator",,"ARP, CSNOX, CSOSG2, CSSO2G1, MATS"
"TN","Cumberland",3399,"1",2252,,2020,6611,6600.9,6350415.02,,4168.252,0.1212,6498622.438,0.103,2438.841,0.0781,63339399.181,"Coal",,"Cell burner boiler","Wet Limestone","Low NOx Cell Burner|Selective Catalytic Reduction","Electrostatic Precipitator",,"ARP, CSNOX, CSOSG2, CSSO2G1, MATS"
"TN","Cumberland",3399,"2",2253,,2020,4055,4049.22,3835551.42,,3009.343,0.1483,3883979.051,0.103,1478.45,0.0794,37855558.364,"Coal",,"Cell burner boiler","Wet Limestone","Low NOx Cell Burner|Selective Catalytic Reduction","Electrostatic Precipitator",,"ARP, CSNOX, CSOSG2, CSSO2G1, MATS"
"TN","Cumberland",3399,"A1",89848,,2020,214,188.28,,,,,,,1.713,0.0521,65747.5,"Diesel Oil",,"Dry bottom wall-fired boiler",,,,,"SIPNOX"
"TN","Cumberland",3399,"B1",89849,,2020,221,193.95,,,,,,,2.133,0.063,67727.7,"Diesel Oil",,"Dry bottom wall-fired boiler",,,,,"SIPNOX"
"TN","Gallatin",3403,"1",2254,,2020,5176,5169.27,771122.44,,277.962,0.0719,806675.485,0.105,287.236,0.0808,7691423.182,"Coal",,"Tangentially-fired","Dry Lime FGD","Low NOx Burner Technology w/ Separated OFA|Selective Catalytic Reduction","Baghouse",,"ARP, CSNOX, CSOSG2, CSSO2G1, MATS"
"TN","Gallatin",3403,"2",2255,,2020,2623,2612.7,435106.58,,180.897,0.0835,459230.75,0.105,157.548,0.0811,4378636.534,"Coal",,"Tangentially-fired","Dry Lime FGD","Low NOx Burner Technology w/ Separated OFA|Selective Catalytic Reduction","Baghouse",,"ARP, CSNOX, CSOSG2, CSSO2G1, MATS"
"TN","Gallatin",3403,"3",2256,,2020,4690,4680.54,869827.97,,353.271,0.0835,914100.716,0.105,241.356,0.0599,8715695.815,"Coal",,"Tangentially-fired","Dry Lime FGD","Low NOx Burner Technology w/ Separated OFA|Selective Catalytic Reduction","Baghouse",,"ARP, CSNOX, CSOSG2, CSSO2G1, MATS"
"TN","Gallatin",3403,"4",2257,,2020,2869,2865.96,538269.6,,225.646,0.0828,565956.441,0.105,195.946,0.0836,5396225.509,"Coal",,"Tangentially-fired","Dry Lime FGD","Low NOx Burner Technology w/ Separated OFA|Selective Catalytic Reduction","Baghouse",,"ARP, CSNOX, CSOSG2, CSSO2G1, MATS"
"TN","Gallatin",3403,"GCT1",88162,,2020,0,0,,,,,,,,,,"Pipeline Natural Gas","Diesel Oil","Combustion turbine",,,,,"CSNOX, CSOSG2, CSSO2G1"
"TN","Gallatin",3403,"GCT2",88163,,2020,113,113,5100,,0.021,0.0009,4372.6,0.0591,14.41,0.3892,74090.5,"Pipeline Natural Gas","Diesel Oil","Combustion turbine",,,,,"CSNOX, CSOSG2, CSSO2G1"
"TN","Gallatin",3403,"GCT3",88164,,2020,76,76,2912,,8.164,0.4866,2671.4,0.0805,9.946,0.5979,33089.6,"Pipeline Natural Gas","Diesel Oil","Combustion turbine",,,,,"CSNOX, CSOSG2, CSSO2G1"
"TN","Gallatin",3403,"GCT4",88165,,2020,78,78,2820,,0.188,0.0136,2457.2,0.0599,8.123,0.3941,41371.9,"Pipeline Natural Gas","Diesel Oil","Combustion turbine",,,,,"CSNOX, CSOSG2, CSSO2G1"
"TN","Gallatin",3403,"GCT5",2258,,2020,529,483.26,35465.23,,0.144,0.0011,25541.776,0.0591,6.56,0.0328,429559.357,"Diesel Oil","Pipeline Natural Gas","Combustion turbine",,"Dry Low NOx Burners|Water Injection",,,"ARP, CSNOX, CSOSG2, CSSO2G1"
"TN","Gallatin",3403,"GCT6",2259,,2020,496,449.76,32172.62,,0.134,0.0011,24029.811,0.0591,6.645,0.0361,404150.086,"Diesel Oil","Pipeline Natural Gas","Combustion turbine",,"Dry Low NOx Burners|Water Injection",,,"ARP, CSNOX, CSOSG2, CSSO2G1"
"TN","Gallatin",3403,"GCT7",2260,,2020,530,484.97,36760.99,,0.15,0.0012,26431.964,0.0591,7.575,0.0367,444513.502,"Diesel Oil","Pipeline Natural Gas","Combustion turbine",,"Dry Low NOx Burners|Water Injection",,,"ARP, CSNOX, CSOSG2, CSSO2G1"
"TN","Gallatin",3403,"GCT8",2261,,2020,455,414.08,30946.98,,0.115,0.0011,22256.41,0.0591,5.505,0.0361,374469.275,"Diesel Oil","Pipeline Natural Gas","Combustion turbine",,"Dry Low NOx Burners|Water Injection",,,"ARP, CSNOX, CSOSG2, CSSO2G1"
"TN","John Sevier",3405,"JCC1",90657,,2020,7222,7186.39,1666126.05,,3.456,0.001,684441.796,0.059,58.506,0.0117,11516970.207,"Pipeline Natural Gas","Diesel Oil","Combined cycle",,"Dry Low NOx Burners|Water Injection|Selective Catalytic Reduction",,,"ARP, CSNOX, CSOSG2, CSSO2G1"
"TN","John Sevier",3405,"JCC2",90658,,2020,7594,7567.71,1739643.71,,3.653,0.001,723493.271,0.059,56.053,0.0103,12174099.455,"Pipeline Natural Gas","Diesel Oil","Combined cycle",,"Dry Low NOx Burners|Water Injection|Selective Catalytic Reduction",,,"ARP, CSNOX, CSOSG2, CSSO2G1"
"TN","John Sevier",3405,"JCC3",90659,,2020,7637,7609.07,1768777.08,,3.655,0.001,723666.921,0.059,52.897,0.0098,12176759.695,"Pipeline Natural Gas","Diesel Oil","Combined cycle",,"Dry Low NOx Burners|Water Injection|Selective Catalytic Reduction",,,"ARP, CSNOX, CSOSG2, CSSO2G1"
"TN","Johnsonville",3406,"AUX1",91222,,2020,1096,1076.07,,117050.33,,,,,0.551,0.0092,151897.257,"Pipeline Natural Gas",,"Dry bottom wall-fired boiler",,"Low NOx Burner Technology (Dry Bottom only)|Selective Catalytic Reduction",,,"SIPNOX"
"TN","Johnsonville",3406,"AUX2",91223,,2020,483,464.2,,81217.71,,,,,0.261,0.0062,100065.382,"Pipeline Natural Gas",,"Dry bottom wall-fired boiler",,"Low NOx Burner Technology (Dry Bottom only)|Selective Catalytic Reduction",,,"SIPNOX"
"TN","Johnsonville",3406,"JCT1",88166,,2020,55,55,2265,,4.151,0.3399,1901.9,0.0739,5.875,0.4591,26058.8,"Pipeline Natural Gas","Diesel Oil","Combustion turbine",,,,,"CSNOX, CSOSG2, CSSO2G1"
"TN","Johnsonville",3406,"JCT10",88167,,2020,39,39,1474,,2.737,0.4343,958,0.0781,3.05,0.4956,12155.4,"Pipeline Natural Gas","Diesel Oil","Combustion turbine",,,,,"CSNOX, CSOSG2, CSSO2G1"
"TN","Johnsonville",3406,"JCT11",88168,,2020,12,12,271,,0.114,0.0914,176.4,0.0634,0.506,0.3633,2818,"Pipeline Natural Gas","Diesel Oil","Combustion turbine",,,,,"CSNOX, CSOSG2, CSSO2G1"
"TN","Johnsonville",3406,"JCT12",88169,,2020,37,37,1314,,0.554,0.0841,1040,0.0627,2.969,0.3602,16810.8,"Pipeline Natural Gas","Diesel Oil","Combustion turbine",,,,,"CSNOX, CSOSG2, CSSO2G1"
"TN","Johnsonville",3406,"JCT13",88170,,2020,18,18,746,,0.119,0.0564,527.7,0.0615,1.483,0.3495,8766.9,"Pipeline Natural Gas","Diesel Oil","Combustion turbine",,,,,"CSNOX, CSOSG2, CSSO2G1"
"TN","Johnsonville",3406,"JCT14",88171,,2020,27,27,1071,,0.57,0.1119,781.9,0.0638,2.253,0.371,12403.2,"Pipeline Natural Gas","Diesel Oil","Combustion turbine",,,,,"CSNOX, CSOSG2, CSSO2G1"
"TN","Johnsonville",3406,"JCT15",88172,,2020,29,29,1145,,0.499,0.1042,822.7,0.0636,2.356,0.3679,13198.9,"Pipeline Natural Gas","Diesel Oil","Combustion turbine",,,,,"CSNOX, CSOSG2, CSSO2G1"
"TN","Johnsonville",3406,"JCT16",88173,,2020,22,22,897,,0.668,0.1597,638.4,0.066,1.869,0.3894,9827.1,"Pipeline Natural Gas","Diesel Oil","Combustion turbine",,,,,"CSNOX, CSOSG2, CSSO2G1"
"TN","Johnsonville",3406,"JCT17",2276,,2020,808,732.93,50777.63,,0.207,0.0011,35155.03,0.0591,9.101,0.0327,591112.168,"Diesel Oil","Pipeline Natural Gas","Combustion turbine",,"Dry Low NOx Burners|Water Injection",,,"ARP, CSNOX, CSOSG2, CSSO2G1"
"TN","Johnsonville",3406,"JCT18",2277,,2020,809,737.06,50100.93,,0.198,0.0011,35384.181,0.0591,6.907,0.0256,595107.69,"Pipeline Natural Gas","Diesel Oil","Combustion turbine",,"Dry Low NOx Burners|Water Injection",,,"ARP, CSNOX, CSOSG2, CSSO2G1"
"TN","Johnsonville",3406,"JCT19",2278,,2020,757,688.32,46703.76,,0.175,0.001,33127.955,0.0591,8.977,0.0344,557319.584,"Pipeline Natural Gas","Diesel Oil","Combustion turbine",,"Dry Low NOx Burners|Water Injection",,,"ARP, CSNOX, CSOSG2, CSSO2G1"
"TN","Johnsonville",3406,"JCT2",88174,,2020,60,60,2512,,0.622,0.0508,1701.2,0.0612,4.817,0.3473,27923.5,"Pipeline Natural Gas","Diesel Oil","Combustion turbine",,,,,"CSNOX, CSOSG2, CSSO2G1"
"TN","Johnsonville",3406,"JCT20",2279,,2020,8191,8184.36,873548.13,,1.918,0.001,378517.885,0.059,18.726,0.0061,6369162.5,"Pipeline Natural Gas","Diesel Oil","Combustion turbine",,"Selective Catalytic Reduction",,,"ARP, CSNOX, CSOSG2, CSSO2G1"
"TN","Johnsonville",3406,"JCT3",88175,,2020,57,57,2319,,0.558,0.0446,1606.1,0.0609,4.542,0.3449,26401.7,"Pipeline Natural Gas","Diesel Oil","Combustion turbine",,,,,"CSNOX, CSOSG2, CSSO2G1"
"TN","Johnsonville",3406,"JCT4",88176,,2020,42,42,1707,,0.512,0.0722,1152.5,0.0621,3.275,0.3556,18776.3,"Pipeline Natural Gas","Diesel Oil","Combustion turbine",,,,,"CSNOX, CSOSG2, CSSO2G1"
"TN","Johnsonville",3406,"JCT5",88177,,2020,35,35,1431,,0.387,0.0596,944.5,0.0615,2.679,0.3506,15433,"Pipeline Natural Gas","Diesel Oil","Combustion turbine",,,,,"CSNOX, CSOSG2, CSSO2G1"
"TN","Johnsonville",3406,"JCT6",88178,,2020,47,47,1673,,0.577,0.103,891.3,0.0635,2.559,0.3675,14254.1,"Pipeline Natural Gas","Diesel Oil","Combustion turbine",,,,,"CSNOX, CSOSG2, CSSO2G1"
"TN","Johnsonville",3406,"JCT7",88179,,2020,40,40,1451,,1.182,0.1717,1037,0.0665,3.048,0.394,15807.4,"Pipeline Natural Gas","Diesel Oil","Combustion turbine",,,,,"CSNOX, CSOSG2, CSSO2G1"
"TN","Johnsonville",3406,"JCT8",88180,,2020,43,43,1644,,0.745,0.0983,1128.8,0.0633,3.242,0.3657,18028.3,"Pipeline Natural Gas","Diesel Oil","Combustion turbine",,,,,"CSNOX, CSOSG2, CSSO2G1"
"TN","Johnsonville",3406,"JCT9",88181,,2020,50,50,1722,,0.65,0.1073,1221.9,0.0635,3.489,0.3691,19761.5,"Pipeline Natural Gas","Diesel Oil","Combustion turbine",,,,,"CSNOX, CSOSG2, CSSO2G1"
"TN","Kingston",3407,"1",2280,"CSN19, CSS19",2020,710,703.72,41274.93,,26.189,0.1962,46765.435,0.104,16.47,0.0886,450791.914,"Coal",,"Tangentially-fired","Wet Lime FGD","Selective Catalytic Reduction","Electrostatic Precipitator",,"ARP, CSNOX, CSOSG2, CSSO2G1, MATS"
"TN","Kingston",3407,"2",2281,"CSN19, CSS19",2020,3289,3279.26,265930.89,,139.019,0.1134,298774.988,0.104,107.603,0.0784,2880034.573,"Coal",,"Tangentially-fired","Wet Lime FGD","Selective Catalytic Reduction","Electrostatic Precipitator",,"ARP, CSNOX, CSOSG2, CSSO2G1, MATS"
"TN","Kingston",3407,"3",2282,"CSN19, CSS19",2020,4492,4484.55,329892.09,,148.024,0.081,369688.173,0.104,138.003,0.0801,3563600.015,"Coal",,"Tangentially-fired","Wet Lime FGD","Selective Catalytic Reduction","Electrostatic Precipitator",,"ARP, CSNOX, CSOSG2, CSSO2G1, MATS"
"TN","Kingston",3407,"4",2283,"CSN19, CSS19",2020,1050,1048.85,81892.57,,45.622,0.0974,92639.114,0.104,31.011,0.074,892995.23,"Coal",,"Tangentially-fired","Wet Lime FGD","Selective Catalytic Reduction","Electrostatic Precipitator",,"ARP, CSNOX, CSOSG2, CSSO2G1, MATS"
"TN","Kingston",3407,"5",2284,"CSN19, CSS19",2020,1206,1200.5,131393.45,,73.808,0.097,147695.918,0.104,48.665,0.0709,1423713.665,"Coal",,"Tangentially-fired","Wet Lime FGD","Low NOx Burner Technology w/ Separated OFA|Selective Catalytic Reduction","Electrostatic Precipitator",,"ARP, CSNOX, CSOSG2, CSSO2G1, MATS"
"TN","Kingston",3407,"6",2285,"CSN19, CSS19",2020,2698,2694.48,270635.24,,141.498,0.0926,303717.596,0.104,107.986,0.0758,2927676.758,"Coal",,"Tangentially-fired","Wet Lime FGD","Low NOx Burner Technology w/ Separated OFA|Selective Catalytic Reduction","Electrostatic Precipitator",,"ARP, CSNOX, CSOSG2, CSSO2G1, MATS"
"TN","Kingston",3407,"7",2286,"CSN19, CSS19",2020,2058,2053.05,228520.7,,106.467,0.0862,254227.943,0.104,94.052,0.0792,2450627.285,"Coal",,"Tangentially-fired","Wet Lime FGD","Low NOx Burner Technology w/ Separated OFA|Selective Catalytic Reduction","Electrostatic Precipitator",,"ARP, CSNOX, CSOSG2, CSSO2G1, MATS"
"TN","Kingston",3407,"8",2287,"CSN19, CSS19",2020,1555,1546.76,168028.87,,86.765,0.1272,189530.904,0.104,64.633,0.0792,1826978.408,"Coal",,"Tangentially-fired","Wet Lime FGD","Low NOx Burner Technology w/ Separated OFA|Selective Catalytic Reduction","Electrostatic Precipitator",,"ARP, CSNOX, CSOSG2, CSSO2G1, MATS"
"TN","Kingston",3407,"9",2288,"CSN19, CSS19",2020,2174,2164.41,227815.47,,105.393,0.08,255436.169,0.104,88.009,0.0765,2462273.028,"Coal",,"Tangentially-fired","Wet Lime FGD","Selective Catalytic Reduction","Electrostatic Precipitator",,"ARP, CSNOX, CSOSG2, CSSO2G1, MATS"
"TX","Laredo",3439,"4",90196,,2020,645,518.17,42614.84,,0.118,0.001,23281.351,0.0591,2.228,0.0157,391784.639,"Pipeline Natural Gas",,"Combustion turbine",,"Water Injection|Selective Catalytic Reduction",,,"ARP, CSOSG2"
"TX","Laredo",3439,"5",90197,,2020,541,427.5,32971.9,,0.093,0.001,18357.136,0.059,1.832,0.0153,308893.271,"Pipeline Natural Gas",,"Combustion turbine",,"Water Injection|Selective Catalytic Reduction",,,"ARP, CSOSG2"
"TX","Nueces Bay",3441,"8",90242,,2020,3188,3087.41,649615.55,,1.429,0.001,283115.269,0.059,42.259,0.0265,4763931.892,"Pipeline Natural Gas",,"Combined cycle",,"Selective Catalytic Reduction",,,"ARP, CSOSG2"
"TX","Nueces Bay",3441,"9",90243,,2020,2912,2788.07,588951.66,,1.304,0.001,258390.448,0.059,37.377,0.0266,4347920.656,"Pipeline Natural Gas",,"Combined cycle",,"Selective Catalytic Reduction",,,"ARP, CSOSG2"
"TX","Victoria Power Station",3443,"9",90094,,2020,4692,4652.95,963583.77,,2.249,0.001,445582.317,0.059,68.531,0.021,7497727.98,"Pipeline Natural Gas",,"Combined cycle",,"Dry Low NOx Burners|Selective Catalytic Reduction",,,"ARP, CSOSG2"
"TX","Lake Hubbard",3452,"1",2313,,2020,893,815.23,91304.14,,0.34,0.001,67441.456,0.059,70.809,0.117,1134879.479,"Pipeline Natural Gas","Diesel Oil","Dry bottom wall-fired boiler",,"Combustion Modification/Fuel Reburning",,,"ARP, CSOSG2"
"TX","Lake Hubbard",3452,"2",2314,,2020,1937,1776.12,375855.19,,1.23,0.001,243585.969,0.0591,62.872,0.0435,4098818.077,"Pipeline Natural Gas","Diesel Oil","Dry bottom wall-fired boiler",,"Selective Catalytic Reduction|Low NOx Burner Technology w/ Overfire Air",,,"ARP, CSOSG2"
"TX","Mountain Creek Generating Station",3453,"6",2318,,2020,1621,1602.78,67748.19,,0.248,0.001,49160.846,0.0593,43.603,0.0722,827188.284,"Pipeline Natural Gas",,"Dry bottom wall-fired boiler",,"Low NOx Burner Technology (Dry Bottom only)|Combustion Modification/Fuel Reburning",,,"ARP, CSOSG2"
"TX","Mountain Creek Generating Station",3453,"7",2319,,2020,1619,1600.6,68490.28,,0.246,0.001,48709.62,0.0593,87.746,0.1566,819595.108,"Pipeline Natural Gas",,"Dry bottom wall-fired boiler",,"Low NOx Burner Technology (Dry Bottom only)|Combustion Modification/Fuel Reburning",,,"ARP, CSOSG2"
"TX","Mountain Creek Generating Station",3453,"8",2320,,2020,1210,1189.53,284807.19,,0.933,0.001,184722.853,0.059,39.999,0.0225,3108307.367,"Pipeline Natural Gas",,"Tangentially-fired",,"Selective Catalytic Reduction",,,"ARP, CSOSG2"
"TX","Newman Power Station",3456,"1",2329,,2020,5441,5378.78,231624.13,,0.84,0.001,166381.243,0.0591,292.648,0.1973,2799649.296,"Pipeline Natural Gas","Diesel Oil","Dry bottom wall-fired boiler",,,,,"ARP, CSOSG2"
"TX","Newman Power Station",3456,"2",2330,,2020,7672,7664.04,362317.52,,1.259,0.001,249328.296,0.0592,375.556,0.1749,4194546.632,"Pipeline Natural Gas","Diesel Oil","Dry bottom wall-fired boiler",,,,,"ARP, CSOSG2, TXSO2"
"TX","Newman Power Station",3456,"3",2331,,2020,6562,6495.95,315421.8,,1.04,0.001,205947.152,0.0591,247.303,0.1404,3465419.448,"Pipeline Natural Gas","Diesel Oil","Dry bottom wall-fired boiler",,,,,"ARP, CSOSG2, TXSO2"
"TX","Newman Power Station",3456,"**4",2327,,2020,4305,4276,311039.24,,0.936,0.001,185445.682,0.059,278.835,0.185,3120471.607,"Pipeline Natural Gas",,"Combined cycle",,"Water Injection",,,"ARP, CSOSG2, TXSO2"
"TX","Newman Power Station",3456,"**5",2328,,2020,3928,3902.74,279329.56,,0.85,0.001,168277.795,0.059,203.93,0.1483,2831653.807,"Pipeline Natural Gas",,"Combined cycle",,"Water Injection",,,"ARP, CSOSG2, TXSO2"
"TX","Newman Power Station",3456,"GT-6A",91266,,2020,8040,8030.65,800947.52,,1.949,0.001,386053.448,0.059,27.812,0.0086,6496092.221,"Pipeline Natural Gas",,"Combined cycle",,"Dry Low NOx Burners",,,"ARP, CSOSG2"
"TX","Newman Power Station",3456,"GT-6B",91267,,2020,8122,8115.11,817242.79,,1.998,0.001,395662.669,0.059,26.372,0.0079,6657760.563,"Pipeline Natural Gas",,"Combined cycle",,"Dry Low NOx Burners",,,"ARP, CSOSG2"
"TX","Lewis Creek",3457,"1",2332,,2020,7249,7240.44,1246446.42,,3.697,0.001,732400.434,0.059,154.011,0.0246,12324113.092,"Pipeline Natural Gas",,"Dry bottom wall-fired boiler",,"Selective Catalytic Reduction",,,"ARP, CSOSG2"
"TX","Lewis Creek",3457,"2",2333,,2020,6736,6721.76,1116133.06,,3.211,0.001,636101.526,0.059,133.285,0.0244,10703602.96,"Pipeline Natural Gas",,"Dry bottom wall-fired boiler",,"Selective Catalytic Reduction",,,"ARP, CSOSG2"
"TX","Sabine",3459,"1",2338,,2020,5886,5869.26,708382.1,,2.18,0.001,431867.559,0.059,565.702,0.1519,7266975.535,"Pipeline Natural Gas",,"Tangentially-fired",,,,,"ARP, CSOSG2"
"TX","Sabine",3459,"3",2340,,2020,5377,5359.18,901450.03,,2.718,0.001,538451.687,0.059,339.293,0.0737,9060678.139,"Pipeline Natural Gas",,"Tangentially-fired",,"Low NOx Burner Technology w/ Separated OFA",,,"ARP, CSOSG2"
"TX","Sabine",3459,"4",2341,,2020,4657,4648.79,1512245.04,,4.476,0.001,886573.959,0.059,1107.738,0.134,14918261.838,"Pipeline Natural Gas",,"Dry bottom wall-fired boiler",,"Combustion Modification/Fuel Reburning",,,"ARP, CSOSG2"
"TX","Sabine",3459,"5",2342,,2020,7156,7148.49,1833406.28,,5.744,0.001,1137865.221,0.059,873.567,0.0834,19146754.285,"Pipeline Natural Gas",,"Tangentially-fired",,"Low NOx Burner Technology w/ Closed-coupled OFA",,,"ARP, CSOSG2"
"TX","Cedar Bayou",3460,"CBY1",2343,,2020,3384,3363.66,1214264.15,,3.727,0.001,738371.11,0.059,366.091,0.045,12424489.281,"Pipeline Natural Gas",,"Dry bottom wall-fired boiler",,"Selective Catalytic Reduction",,,"ARP, CSOSG2"
"TX","Cedar Bayou",3460,"CBY2",2344,,2020,2501,2488.24,792403.39,,2.387,0.001,472918.411,0.059,282.446,0.0534,7957724.351,"Pipeline Natural Gas",,"Dry bottom wall-fired boiler",,"Selective Catalytic Reduction",,,"ARP, CSOSG2"
"TX","Greens Bayou",3464,"GBY73",89952,,2020,478,402.09,16810.64,,,,,,26.261,0.3001,252091.4,"Pipeline Natural Gas","Diesel Oil","Combustion turbine",,"Water Injection",,,"CSOSG2"
"TX","Greens Bayou",3464,"GBY74",89953,,2020,451,376.41,16013.8,,,,,,23.147,0.3019,225530.2,"Pipeline Natural Gas","Diesel Oil","Combustion turbine",,"Water Injection",,,"CSOSG2"
"TX","Greens Bayou",3464,"GBY81",89954,,2020,499,416.71,18286.54,,,,,,28.528,0.3062,274385.3,"Pipeline Natural Gas","Diesel Oil","Combustion turbine",,"Water Injection",,,"CSOSG2"
"TX","Greens Bayou",3464,"GBY82",89955,,2020,521,441.74,17601.05,,,,,,28.413,0.2965,275907.1,"Pipeline Natural Gas","Diesel Oil","Combustion turbine",,"Water Injection",,,"CSOSG2"
"TX","Greens Bayou",3464,"GBY83",89956,,2020,586,496.47,23104.49,,,,,,34.5,0.2988,338311,"Pipeline Natural Gas","Diesel Oil","Combustion turbine",,"Water Injection",,,"CSOSG2"
"TX","Greens Bayou",3464,"GBY84",89957,,2020,558,476.7,21286.49,,,,,,32.472,0.2974,314854.6,"Pipeline Natural Gas","Diesel Oil","Combustion turbine",,"Water Injection",,,"CSOSG2"
"TX","T H Wharton",3469,"THW31",89958,,2020,1283,1137.85,59247.04,,,,49344.462,0.0592,6.684,0.0225,830298.74,"Pipeline Natural Gas",,"Combined cycle",,"Combustion Modification/Fuel Reburning",,,"CSOSG2"
"TX","T H Wharton",3469,"THW32",89959,,2020,1399,1247.03,67589.85,,,,,,7.419,0.0218,910641.675,"Pipeline Natural Gas",,"Combined cycle",,"Combustion Modification/Fuel Reburning",,,"CSOSG2"
"TX","T H Wharton",3469,"THW33",89960,,2020,1266,1121.48,61364.07,,,,49920.131,0.0591,6.951,0.0231,840008.011,"Pipeline Natural Gas",,"Combined cycle",,,,,"CSOSG2"
"TX","T H Wharton",3469,"THW34",89961,,2020,1321,1174.17,62268.04,,,,51169.915,0.0591,6.831,0.0219,861042.254,"Pipeline Natural Gas",,"Combined cycle",,,,,"CSOSG2"
"TX","T H Wharton",3469,"THW41",89962,,2020,1343,1195.88,61969.45,,,,52124.126,0.0592,7.422,0.0223,877124.845,"Pipeline Natural Gas",,"Combined cycle",,,,,"CSOSG2"
"TX","T H Wharton",3469,"THW42",89963,,2020,1408,1249.1,64690.75,,,,53399.521,0.0591,6,0.0134,898524.585,"Pipeline Natural Gas",,"Combined cycle",,,,,"CSOSG2"
"TX","T H Wharton",3469,"THW43",89964,,2020,1357,1197.79,63585.12,,,,51555.493,0.0592,6.65,0.0208,867523.605,"Pipeline Natural Gas",,"Combined cycle",,,,,"CSOSG2"
"TX","T H Wharton",3469,"THW44",89965,,2020,1337,1181.51,63659.79,,,,,,7.017,0.0223,866720.389,"Pipeline Natural Gas",,"Combined cycle",,"Combustion Modification/Fuel Reburning",,,"CSOSG2"
"TX","T H Wharton",3469,"THW51",89966,,2020,515,427.12,23662.05,,,,,,47.609,0.237,464194.9,"Pipeline Natural Gas",,"Combustion turbine",,"Water Injection",,,"CSOSG2"
"TX","T H Wharton",3469,"THW52",89967,,2020,526,444.62,23609.32,,,,,,50.125,0.2391,483213.3,"Pipeline Natural Gas",,"Combustion turbine",,"Water Injection",,,"CSOSG2"
"TX","T H Wharton",3469,"THW53",89968,,2020,575,480.36,25792.18,,,,,,53.287,0.2372,522055,"Pipeline Natural Gas",,"Combustion turbine",,"Water Injection",,,"CSOSG2"
"TX","T H Wharton",3469,"THW54",89969,,2020,577,479.24,25150.17,,,,,,53.29,0.2423,520837.9,"Pipeline Natural Gas",,"Combustion turbine",,"Water Injection",,,"CSOSG2"
"TX","T H Wharton",3469,"THW55",89970,,2020,395,319.9,16799.68,,,,,,36.017,0.2505,347667.5,"Pipeline Natural Gas",,"Combustion turbine",,"Water Injection",,,"CSOSG2"
"TX","T H Wharton",3469,"THW56",89971,,2020,481,396.98,21352.24,,,,,,44.173,0.2441,431438.2,"Pipeline Natural Gas",,"Combustion turbine",,"Water Injection",,,"CSOSG2"
"TX","W A Parish",3470,"WAP1",2374,,2020,1483,1411.86,97481.73,,0.322,0.001,63774.709,0.0592,112.085,0.1678,1073101.288,"Pipeline Natural Gas",,"Dry bottom wall-fired boiler",,"Overfire Air",,,"ARP, CSOSG2"
"TX","W A Parish",3470,"WAP2",2375,,2020,1960,1879.26,140571.32,,0.494,0.001,97776.344,0.0592,105.61,0.1033,1645190.903,"Pipeline Natural Gas",,"Dry bottom wall-fired boiler",,"Overfire Air",,,"ARP, CSOSG2"
"TX","W A Parish",3470,"WAP3",2376,,2020,2093,2025.97,268856.12,,0.836,0.001,165628.555,0.0591,453.141,0.2102,2787067.94,"Pipeline Natural Gas",,"Dry bottom wall-fired boiler",,"Overfire Air",,,"ARP, CSOSG2"
"TX","W A Parish",3470,"WAP4",2377,,2020,1428,1369.05,392838.16,,1.268,0.001,251130.488,0.059,352.779,0.1328,4225778.058,"Pipeline Natural Gas",,"Tangentially-fired",,"Overfire Air",,,"ARP, CSOSG2, TXSO2"
"TX","W A Parish",3470,"WAP5",2378,,2020,7758,7749.69,3160407.51,,8523.248,0.5606,3097807.752,0.1046,817.208,0.0568,29580857.547,"Coal","Pipeline Natural Gas","Dry bottom wall-fired boiler",,"Selective Catalytic Reduction","Baghouse","Halogenated PAC Sorbent Injection","ARP, CSOSG2, MATS, TXSO2"
"TX","W A Parish",3470,"WAP6",2379,,2020,5404,5389.22,2060042.39,,6513.702,0.537,2419944.382,0.1044,953.764,0.0797,23129058.862,"Coal","Pipeline Natural Gas","Dry bottom wall-fired boiler",,"Selective Catalytic Reduction","Baghouse","Halogenated PAC Sorbent Injection","ARP, CSOSG2, MATS, TXSO2"
"TX","W A Parish",3470,"WAP7",2380,,2020,7576,7571.48,3018209.39,,7561.423,0.547,2846928.229,0.1039,576.965,0.0436,27297933.703,"Coal","Pipeline Natural Gas","Tangentially-fired",,"Selective Catalytic Reduction","Baghouse","Halogenated PAC Sorbent Injection","ARP, CSOSG2, MATS, TXSO2"
"TX","W A Parish",3470,"WAP8",2381,"MS1, MS2",2020,6459,6439.43,2583904.22,,1263.928,0.092,2430994.556,0.0908,598.243,0.0468,26600106.617,"Coal","Pipeline Natural Gas","Tangentially-fired","Sodium Based|Wet Lime FGD","Low NOx Burner Technology w/ Closed-coupled/Separated OFA|Selective Catalytic Reduction|Ammonia Injection","Baghouse","Halogenated PAC Sorbent Injection","ARP, CSOSG2, MATS"
"TX","Knox Lee Power Plant",3476,"2",2385,,2020,0,0,,,,,,,,,,"Pipeline Natural Gas",,"Dry bottom wall-fired boiler",,,,,"ARP"
"TX","Knox Lee Power Plant",3476,"3",2386,,2020,0,0,,,,,,,,,,"Pipeline Natural Gas",,"Dry bottom wall-fired boiler",,,,,"ARP"
"TX","Knox Lee Power Plant",3476,"5",2388,,2020,1600,1566.69,141423.6,,1.705,0.002,101321.453,0.0591,102.832,0.1031,1704954.682,"Pipeline Natural Gas","Residual Oil","Tangentially-fired",,,,,"ARP, CSOSG2"
"TX","Lone Star Power Plant",3477,"1",2389,,2020,0,0,,,,,,,,,,"Pipeline Natural Gas",,"Dry bottom wall-fired boiler",,,,,"ARP"
"TX","Wilkes Power Plant",3478,"1",2390,,2020,6756,6742.91,298797.82,,1.007,0.001,199416.219,0.0592,248.829,0.1452,3355571.343,"Pipeline Natural Gas","Other Oil","Tangentially-fired",,"Combustion Modification/Fuel Reburning",,,"ARP, CSOSG2, TXSO2"
"TX","Wilkes Power Plant",3478,"2",2391,,2020,2477,2457.23,210573.88,,0.663,0.001,131272.083,0.0609,152.286,0.115,2208813.524,"Pipeline Natural Gas",,"Dry bottom wall-fired boiler",,"Low NOx Burner Technology (Dry Bottom only)",,,"ARP, CSOSG2, TXSO2"
"TX","Wilkes Power Plant",3478,"3",2392,,2020,2413,2392.58,241712.43,,0.689,0.001,136478.974,0.0601,119.338,0.082,2296206.305,"Pipeline Natural Gas",,"Dry bottom wall-fired boiler",,"Low NOx Burner Technology (Dry Bottom only)",,,"ARP, CSOSG2, TXSO2"
"TX","Jones Station",3482,"151B",2394,,2020,7593,7530.2,1144279.02,,3.456,0.001,684519.205,0.059,803.164,0.1236,11518425.525,"Pipeline Natural Gas","Diesel Oil","Tangentially-fired",,"Overfire Air",,,"ARP, CSOSG2"
"TX","Jones Station",3482,"152B",2395,,2020,6979,6913.8,992957.4,,3.074,0.001,608425.7,0.059,535.63,0.1007,10237824.182,"Pipeline Natural Gas","Diesel Oil, Other Oil","Tangentially-fired",,"Low NOx Burner Technology w/ Separated OFA",,,"ARP, CSOSG2"
"TX","Jones Station",3482,"153T",90700,,2020,2125,2046.06,334159.61,,1.051,0.001,208254.014,0.059,51.341,0.0312,3504273.098,"Pipeline Natural Gas",,"Combustion turbine",,"Dry Low NOx Burners",,,"ARP, CSOSG2"
"TX","Jones Station",3482,"154T",90833,,2020,2116,2008.91,339610.17,,1.051,0.001,208145.932,0.059,51.715,0.0322,3502484.977,"Pipeline Natural Gas",,"Combustion turbine",,"Dry Low NOx Burners",,,"ARP, CSOSG2"
"TX","Nichols Station",3484,"141B",2398,,2020,5624,5595.19,269047.27,,0.839,0.0009,161181.146,0.0592,137.005,0.0907,2712086.279,"Pipeline Natural Gas",,"Tangentially-fired",,"Overfire Air",,,"ARP, CSOSG2"
"TX","Nichols Station",3484,"142B",2399,,2020,7468,7431.63,398147.25,,2.075,0.0012,253246.039,0.0591,251.127,0.1111,4261329.063,"Pipeline Natural Gas",,"Tangentially-fired",,"Overfire Air",,,"ARP, CSOSG2"
"TX","Nichols Station",3484,"143B",2400,,2020,7104,7055.21,683541.46,,3.64,0.0012,433318.152,0.0591,599.923,0.1389,7291445.106,"Pipeline Natural Gas",,"Tangentially-fired",,"Overfire Air",,,"ARP, CSOSG2"
"TX","Plant X",3485,"111B",2401,,2020,1938,1911.64,64783.73,,0.246,0.0009,48373.267,0.0592,232.218,0.5164,813952.79,"Pipeline Natural Gas","Diesel Oil","Dry bottom wall-fired boiler",,,,,"ARP, CSOSG2"
"TX","Plant X",3485,"112B",2402,,2020,3808,3786.73,206913.61,,0.686,0.0009,135499.979,0.0591,85.72,0.0681,2279964.666,"Pipeline Natural Gas","Diesel Oil","Tangentially-fired",,,,,"ARP, CSOSG2"
"TX","Plant X",3485,"113B",2403,,2020,0,0,,,,,,,,,,"Pipeline Natural Gas","Diesel Oil","Tangentially-fired",,,,,"ARP, CSOSG2"
"TX","Plant X",3485,"114B",2404,,2020,6238,6211.69,704314.43,,2.198,0.0009,436308.138,0.0589,545.848,0.1223,7341640.539,"Pipeline Natural Gas","Diesel Oil, Other Oil","Tangentially-fired",,"Overfire Air",,,"ARP, CSOSG2"
"TX","Graham",3490,"1",2408,,2020,733,657.13,72581.75,,0.235,0.001,46463.904,0.0591,112.688,0.2052,781840.785,"Pipeline Natural Gas","Residual Oil","Dry bottom wall-fired boiler",,"Combustion Modification/Fuel Reburning",,,"ARP, CSOSG2"
"TX","Graham",3490,"2",2409,,2020,1063,934.25,144626.5,,0.476,0.001,94350.805,0.0592,186.988,0.1638,1587622.684,"Pipeline Natural Gas","Residual Oil","Dry bottom wall-fired boiler",,"Combustion Modification/Fuel Reburning|Overfire Air",,,"ARP, CSOSG2, TXSO2"
"TX","Handley Generating Station",3491,"3",2413,,2020,2061,2030.82,258291.64,,0.896,0.001,177424.317,0.059,46.803,0.0252,2985460.704,"Pipeline Natural Gas","Diesel Oil","Dry bottom wall-fired boiler",,"Combustion Modification/Fuel Reburning|Selective Catalytic Reduction",,,"ARP, CSOSG2"
"TX","Handley Generating Station",3491,"4",2414,,2020,1305,1184.01,181110.58,,0.659,0.001,130439.996,0.0591,21.065,0.0261,2194907.299,"Pipeline Natural Gas","Diesel Oil","Dry bottom wall-fired boiler",,"Selective Catalytic Reduction",,,"ARP, CSOSG2"
"TX","Handley Generating Station",3491,"5",2415,,2020,1306,1157.47,155588.4,,0.606,0.001,120052.915,0.0591,18.946,0.0277,2020143.397,"Pipeline Natural Gas","Diesel Oil","Dry bottom wall-fired boiler",,"Selective Catalytic Reduction",,,"ARP, CSOSG2"
"TX","Morgan Creek",3492,"CT1",90017,,2020,51,33.19,1298.29,,,,,,6.718,0.7626,19170.2,"Pipeline Natural Gas","Diesel Oil","Combustion turbine",,"Water Injection",,,"CSOSG2"
"TX","Morgan Creek",3492,"CT2",90018,,2020,117,82.39,2858.32,,,,,,13.661,0.7327,38868.3,"Pipeline Natural Gas","Diesel Oil","Combustion turbine",,"Water Injection",,,"CSOSG2"
"TX","Morgan Creek",3492,"CT3",90019,,2020,45,21.03,546.39,,,,,,3.936,0.7963,11151,"Pipeline Natural Gas","Diesel Oil","Combustion turbine",,"Water Injection",,,"CSOSG2"
"TX","Morgan Creek",3492,"CT4",90020,,2020,95,61.97,2062.85,,,,,,11.232,0.7356,32077.2,"Pipeline Natural Gas","Diesel Oil","Combustion turbine",,"Water Injection",,,"CSOSG2"
"TX","Morgan Creek",3492,"CT5",90021,,2020,64,43.03,1640.72,,,,,,8.749,0.7315,24987,"Pipeline Natural Gas","Diesel Oil","Combustion turbine",,"Water Injection",,,"CSOSG2"
"TX","Morgan Creek",3492,"CT6",90022,,2020,42,27.69,1061.32,,,,,,6.487,0.8835,15923.9,"Pipeline Natural Gas","Diesel Oil","Combustion turbine",,"Water Injection",,,"CSOSG2"
"TX","Permian Basin",3494,"CT1",90023,,2020,843,758.77,41431.19,,,,32308.1,0.0588,70.646,0.2673,547282.6,"Pipeline Natural Gas","Diesel Oil","Combustion turbine",,"Water Injection",,,"CSOSG2"
"TX","Permian Basin",3494,"CT2",90024,,2020,1087,873.63,47699.47,,,,36331.4,0.0576,88.884,0.2976,615744.8,"Pipeline Natural Gas","Diesel Oil","Combustion turbine",,"Water Injection",,,"CSOSG2"
"TX","Permian Basin",3494,"CT3",90025,,2020,2034,1844.84,102558.49,,,,78219.6,0.0589,202.696,0.3094,1325222.7,"Pipeline Natural Gas","Diesel Oil","Combustion turbine",,"Water Injection",,,"CSOSG2"
"TX","Permian Basin",3494,"CT4",90026,,2020,2303,2093.4,114383.76,,,,91262.8,0.059,228.926,0.3017,1545518.4,"Pipeline Natural Gas","Diesel Oil","Combustion turbine",,"Water Injection",,,"CSOSG2"
"TX","Permian Basin",3494,"CT5",90027,,2020,853,723.16,39215.4,,,,30489,0.0587,69.584,0.2764,516777.7,"Pipeline Natural Gas","Diesel Oil","Combustion turbine",,"Water Injection",,,"CSOSG2"
"TX","Stryker Creek",3504,"1",2429,,2020,433,380.18,20885.68,,0.074,0.0011,14706.83,0.0595,25.95,0.1201,247456.619,"Pipeline Natural Gas","Residual Oil","Dry bottom wall-fired boiler",,"Low NOx Burner Technology (Dry Bottom only)",,,"ARP, CSOSG2"
"TX","Stryker Creek",3504,"2",2430,,2020,1219,1104.89,201494.62,,0.663,0.001,131285.636,0.0591,91.168,0.0643,2209143.577,"Pipeline Natural Gas","Residual Oil","Tangentially-fired",,"Low NOx Burner Technology w/ Separated OFA",,,"ARP, CSOSG2, TXSO2"
"TX","Trinidad",3507,"9",2435,,2020,588,534.01,46693,,0.191,0.001,37882.898,0.0591,59.488,0.1395,637461.958,"Pipeline Natural Gas","Residual Oil","Tangentially-fired",,,,,"ARP, CSOSG2"
"TX","Decker Creek",3548,"1",2454,,2020,2533,2516.99,257686.78,,0.883,0.001,174902.174,0.059,228.481,0.1429,2943016.533,"Pipeline Natural Gas",,"Tangentially-fired",,,,,"ARP, CSOSG2"
"TX","Decker Creek",3548,"2",2455,,2020,4294,4271.42,430914.71,,2.513,0.0017,311724.289,0.059,259.477,0.1034,5245353.645,"Pipeline Natural Gas",,"Dry bottom wall-fired boiler",,,,,"ARP, CSOSG2"
"TX","Decker Creek",3548,"GT-1A",89911,,2020,292,217.32,4821.49,,,,,,26.623,0.7002,76062,"Pipeline Natural Gas","Other Oil","Combustion turbine",,"Water Injection",,,"CSOSG2"
"TX","Decker Creek",3548,"GT-1B",89912,,2020,292,217.7,5137.97,,,,,,26.67,0.7001,76195,"Pipeline Natural Gas","Other Oil","Combustion turbine",,"Water Injection",,,"CSOSG2"
"TX","Decker Creek",3548,"GT-2A",89913,,2020,268,191.62,4472.79,,,,,,23.475,0.7002,67067,"Pipeline Natural Gas","Other Oil","Combustion turbine",,"Water Injection",,,"CSOSG2"
"TX","Decker Creek",3548,"GT-2B",89914,,2020,260,183.01,4173.72,,,,,,22.42,0.7002,64053.5,"Pipeline Natural Gas","Other Oil","Combustion turbine",,"Water Injection",,,"CSOSG2"
"TX","Decker Creek",3548,"GT-3A",89915,,2020,91,67.07,1509.05,,,,,,8.217,0.7001,23474.5,"Pipeline Natural Gas","Other Oil","Combustion turbine",,"Water Injection",,,"CSOSG2"
"TX","Decker Creek",3548,"GT-3B",89916,,2020,91,67.87,1639.29,,,,,,8.315,0.7001,23754.5,"Pipeline Natural Gas","Other Oil","Combustion turbine",,"Water Injection",,,"CSOSG2"
"TX","Decker Creek",3548,"GT-4A",89917,,2020,132,97.26,1976.98,,,,,,11.915,0.7002,34041,"Pipeline Natural Gas","Other Oil","Combustion turbine",,"Water Injection",,,"CSOSG2"
"TX","Decker Creek",3548,"GT-4B",89918,,2020,134,97.94,2047.73,,,,,,11.998,0.7002,34279,"Pipeline Natural Gas","Other Oil","Combustion turbine",,"Water Injection",,,"CSOSG2"
"TX","Silas Ray",3559,"10",89523,,2020,2017,1720.82,48891.57,,0.152,0.0009,30069.586,0.0635,2.863,0.0221,506096.691,"Pipeline Natural Gas",,"Combustion turbine",,"Selective Catalytic Reduction",,,"ARP, CSOSG2"
"TX","Silas Ray",3559,"9",2461,,2020,2158,1910.46,64114.51,,0.29,0.001,57340.694,0.0592,29.632,0.0729,964824.846,"Pipeline Natural Gas","Diesel Oil","Combined cycle",,"Dry Low NOx Burners",,,"ARP, CSOSG2"
"TX","Ray Olinger",3576,"BW2",2464,,2020,751,657.5,6670.25,,0.026,0.001,5242.7,0.0595,2.087,0.0284,88190.325,"Pipeline Natural Gas",,"Dry bottom wall-fired boiler",,"Overfire Air",,,"ARP, CSOSG2"
"TX","Ray Olinger",3576,"BW3",2465,,2020,872,765.25,8888.5,,0.031,0.001,6172.95,0.0608,2.659,0.0315,103753.475,"Pipeline Natural Gas",,"Dry bottom wall-fired boiler",,"Low NOx Burner Technology w/ Overfire Air",,,"ARP, CSOSG2"
"TX","Ray Olinger",3576,"CE1",2466,,2020,141,115.25,838.5,,0.004,0.001,719.675,0.0599,0.28,0.0221,12099.325,"Pipeline Natural Gas",,"Tangentially-fired",,"Low NOx Burner Technology w/ Separated OFA",,,"ARP, CSOSG2"
"TX","Ray Olinger",3576,"GE4",2467,,2020,90,72.75,3728.5,,0.014,0.001,2718.15,0.059,0.691,0.0495,45734.4,"Pipeline Natural Gas",,"Combustion turbine",,"Dry Low NOx Burners",,,"ARP, CSOSG2"
"TX","Sim Gideon",3601,"1",2468,,2020,1366,1331.64,85081.87,,0.259,0.001,51246.853,0.0591,64.931,0.1127,862345.977,"Pipeline Natural Gas","Diesel Oil","Dry bottom wall-fired boiler",,"Overfire Air|Other",,,"ARP, CSOSG2"
"TX","Sim Gideon",3601,"2",2469,,2020,1924,1876.49,141133.68,,0.398,0.001,78782.862,0.0591,116.738,0.1335,1325621.503,"Pipeline Natural Gas","Diesel Oil","Dry bottom wall-fired boiler",,"Overfire Air|Other",,,"ARP, CSOSG2"
"TX","Sim Gideon",3601,"3",2470,,2020,2768,2680.96,451839.35,,1.401,0.001,277460.503,0.0591,318.997,0.1101,4668775.049,"Pipeline Natural Gas","Diesel Oil","Tangentially-fired",,"Combustion Modification/Fuel Reburning|Overfire Air",,,"ARP, CSOSG2"
"TX","J Robert Massengale Generating Station",3604,"GT1",2474,,2020,1367,1284.06,53299.65,,0.137,0.001,27060.001,0.0592,8.965,0.0468,455395.248,"Pipeline Natural Gas",,"Combined cycle",,"Selective Catalytic Reduction",,,"ARP, CSOSG2"
"TX","Leon Creek",3609,"CGT1",89297,,2020,717,584.31,22860.5,,0.069,0.001,13569.717,0.0592,2.079,0.0361,228345.125,"Pipeline Natural Gas",,"Combustion turbine",,"Selective Catalytic Reduction",,,"ARP, CSOSG2"
"TX","Leon Creek",3609,"CGT2",89298,,2020,979,798.59,30484.1,,0.093,0.001,18457.318,0.0593,2.612,0.0451,310578.194,"Pipeline Natural Gas",,"Combustion turbine",,"Selective Catalytic Reduction",,,"ARP, CSOSG2"
"TX","Leon Creek",3609,"CGT3",89299,,2020,1093,907.62,36687.5,,0.108,0.001,21422.032,0.0592,3.069,0.0317,360485.449,"Pipeline Natural Gas",,"Combustion turbine",,"Selective Catalytic Reduction",,,"ARP, CSOSG2"
"TX","Leon Creek",3609,"CGT4",89300,,2020,1219,1017.13,39380.14,,0.111,0.001,21960.724,0.0593,3.158,0.0367,369554.958,"Pipeline Natural Gas",,"Combustion turbine",,"Selective Catalytic Reduction",,,"ARP, CSOSG2"
"TX","O W Sommers",3611,"1",2479,,2020,3343,3316.69,496157.42,,1.603,0.001,317533.848,0.0586,418.833,0.1444,5343125.877,"Pipeline Natural Gas","Diesel Oil","Tangentially-fired",,,,,"ARP, CSOSG2, TXSO2"
"TX","O W Sommers",3611,"2",2480,,2020,3454,3419.08,482058.78,,1.626,0.001,322070.251,0.0591,331.796,0.1173,5419459.334,"Pipeline Natural Gas","Diesel Oil","Tangentially-fired",,,,,"ARP, CSOSG2, TXSO2"
"TX","V H Braunig",3612,"1",2481,,2020,1171,1155.26,94005.27,,0.316,0.001,62504.073,0.0592,102.337,0.1592,1051731.476,"Pipeline Natural Gas","Diesel Oil","Tangentially-fired",,,,,"ARP, CSOSG2"
"TX","V H Braunig",3612,"2",2482,,2020,503,486.8,33844.88,,0.115,0.001,22825.679,0.0591,29.004,0.1224,384038.776,"Pipeline Natural Gas","Diesel Oil","Tangentially-fired",,,,,"ARP, CSOSG2"
"TX","V H Braunig",3612,"3",2483,,2020,4572,4555.25,639828.08,,2.048,0.001,405626.142,0.059,487.704,0.123,6825410.781,"Pipeline Natural Gas","Diesel Oil","Tangentially-fired",,,,,"ARP, CSOSG2"
"TX","V H Braunig",3612,"CGT5",89837,,2020,1047,873.27,36904.58,,0.116,0.0009,21327.742,0.0593,2.895,0.0307,358708.353,"Pipeline Natural Gas","Diesel Oil","Combustion turbine",,"Selective Catalytic Reduction",,,"ARP, CSOSG2"
"TX","V H Braunig",3612,"CGT6",89838,,2020,1058,885.35,37757.15,,0.119,0.0009,21971.649,0.0593,2.751,0.0278,369550.952,"Pipeline Natural Gas","Diesel Oil","Combustion turbine",,"Selective Catalytic Reduction",,,"ARP, CSOSG2"
"TX","V H Braunig",3612,"CGT7",89839,,2020,1016,862.45,36269.3,,0.114,0.0009,21330.799,0.0593,2.676,0.026,358769.981,"Pipeline Natural Gas","Diesel Oil","Combustion turbine",,"Selective Catalytic Reduction",,,"ARP, CSOSG2"
"TX","V H Braunig",3612,"CGT8",89840,,2020,1009,848.25,34316.63,,0.109,0.0009,20119.949,0.0593,2.555,0.0255,338395.677,"Pipeline Natural Gas","Diesel Oil","Combustion turbine",,"Selective Catalytic Reduction",,,"ARP, CSOSG2"
"TX","V H Braunig",3612,"CT01",2484,"CP01",2020,7107,7094.08,1547495.53,,3.24,0.001,641716.253,0.059,105.699,0.0197,10798157.032,"Pipeline Natural Gas",,"Combined cycle",,"Dry Low NOx Burners|Selective Catalytic Reduction",,,"ARP, CSOSG2"
"TX","V H Braunig",3612,"CT02",2485,"CP01",2020,7621,7607.67,1665963.22,,3.493,0.001,691936.352,0.059,120.121,0.0208,11643201.598,"Pipeline Natural Gas",,"Combined cycle",,"Dry Low NOx Burners|Selective Catalytic Reduction",,,"ARP, CSOSG2"
"TX","R W Miller",3628,"1",2493,,2020,390,353.42,5780.01,,0.023,0.001,4563.94,0.0594,5.037,0.0922,76788.27,"Pipeline Natural Gas",,"Dry bottom wall-fired boiler",,,,,"ARP, CSOSG2"
"TX","R W Miller",3628,"2",2494,,2020,647,599.36,22172.6,,0.092,0.0011,15534.146,0.0591,37.396,0.1848,261344.663,"Pipeline Natural Gas","Diesel Oil","Dry bottom wall-fired boiler",,,,,"ARP, CSOSG2"
"TX","R W Miller",3628,"3",2495,,2020,2491,2326.11,127813.69,,0.4,0.001,77951.878,0.0592,83.018,0.1115,1311614.016,"Pipeline Natural Gas","Diesel Oil","Dry bottom wall-fired boiler",,"Combustion Modification/Fuel Reburning",,,"ARP, CSOSG2"
"TX","R W Miller",3628,"**4",2491,,2020,416,360.79,20586.49,,0.094,0.0011,16683.747,0.0591,12.399,0.0988,280461.906,"Pipeline Natural Gas","Diesel Oil","Combustion turbine",,"Water Injection",,,"ARP, CSOSG2"
"TX","R W Miller",3628,"**5",2492,,2020,403,343.35,18969.08,,0.084,0.001,15641.281,0.0592,10.246,0.0912,263056.715,"Pipeline Natural Gas","Diesel Oil","Combustion turbine",,"Water Injection",,,"ARP, CSOSG2"
"TX","Sam Rayburn Plant",3631,"CT7",8334,,2020,1108,990.19,22764.44,,0.078,0.001,15945.75,0.061,2.796,0.0329,261294.936,"Pipeline Natural Gas","Diesel Oil","Combined cycle",,"Dry Low NOx Burners|Selective Catalytic Reduction",,,"ARP, CSOSG2"
"TX","Sam Rayburn Plant",3631,"CT8",8336,,2020,1433,1282.11,29687.48,,0.098,0.001,19998.473,0.061,3.814,0.0352,327692.295,"Pipeline Natural Gas","Diesel Oil","Combined cycle",,"Dry Low NOx Burners|Selective Catalytic Reduction",,,"ARP, CSOSG2"
"TX","Sam Rayburn Plant",3631,"CT9",8338,,2020,1642,1443.51,35110.02,,0.115,0.001,23421.67,0.061,4.28,0.0375,383804.965,"Pipeline Natural Gas","Diesel Oil","Combined cycle",,"Dry Low NOx Burners|Selective Catalytic Reduction",,,"ARP, CSOSG2"
"UT","Gadsby",3648,"1",2498,,2020,932,853.4,19742.34,,0.104,0.001,20668.349,0.0593,27.179,0.1175,347810.927,"Pipeline Natural Gas",,"Dry bottom wall-fired boiler",,"Low NOx Burner Technology (Dry Bottom only)",,,"ARP"
"UT","Gadsby",3648,"2",2499,,2020,1023,927.04,25195.73,,0.112,0.001,22206.319,0.0592,23.142,0.0954,373665.178,"Pipeline Natural Gas",,"Dry bottom wall-fired boiler",,"Low NOx Burner Technology (Dry Bottom only)",,,"ARP"
"UT","Gadsby",3648,"3",2500,,2020,1712,1546.14,64656.69,,0.222,0.001,43978.677,0.0595,32.458,0.0986,740021.238,"Pipeline Natural Gas",,"Tangentially-fired",,,,,"ARP"
"UT","Gadsby",3648,"4",9559,,2020,577,457.36,13230.94,,0.04,0.001,7842.035,0.0593,1.207,0.0269,131961.558,"Pipeline Natural Gas",,"Combustion turbine",,"Water Injection|Selective Catalytic Reduction",,,"ARP"
"UT","Gadsby",3648,"5",9560,,2020,667,526.19,15934.57,,0.049,0.001,9646.356,0.0593,1.548,0.0318,162310.251,"Pipeline Natural Gas",,"Combustion turbine",,"Water Injection|Selective Catalytic Reduction",,,"ARP"
"UT","Gadsby",3648,"6",9561,,2020,778,623.01,19007.62,,0.057,0.001,11243.823,0.0593,1.745,0.0268,189203.776,"Pipeline Natural Gas",,"Combustion turbine",,"Water Injection|Selective Catalytic Reduction",,,"ARP"
"VT","Berlin 5",3734,"A",90480,,2020,16,10.1,,,,,210.6,0.0809,,,2599.2,"Diesel Oil",,"Combustion turbine",,,,,"RGGI"
"VT","Berlin 5",3734,"B",90516,,2020,16,10.1,,,,,133.8,0.0809,,,1652.8,"Diesel Oil",,"Combustion turbine",,,,,"RGGI"
"VT","Penny Lane Gas Turbine",3754,"CT1",90491,,2020,59,41.9,,,,,370.3,0.0811,,,4566,"Diesel Oil",,"Combustion turbine",,,,,"RGGI"
"VT","Penny Lane Gas Turbine",3754,"CT2",90515,,2020,59,41.9,,,,,369.9,0.0813,,,4559.8,"Diesel Oil",,"Combustion turbine",,,,,"RGGI"
"VA","Clinch River",3775,"1",2502,"CS012",2020,886,872.11,93090.63,,27.489,0.0516,63439.275,0.059,71.326,0.1227,1067523.795,"Natural Gas",,"Dry bottom vertically-fired boiler",,"Low NOx Burner Technology (Dry Bottom only)|Selective Non-catalytic Reduction",,,"ARP, CSNOX, CSOSG2, CSSO2G1"
"VA","Clinch River",3775,"2",2503,"CS012",2020,1469,1445.61,194616.61,,52.256,0.0516,120600.479,0.059,142.398,0.1285,2029365.496,"Natural Gas",,"Dry bottom vertically-fired boiler",,"Low NOx Burner Technology (Dry Bottom only)|Selective Non-catalytic Reduction",,,"ARP, CSNOX, CSOSG2, CSSO2G1"
"VA","Tasley Energy Center",3785,"TA10",89335,,2020,26,26,459,,0.131,0.021,,,7.404,1.2,12339.6,"Diesel Oil",,"Combustion turbine",,,,,"CSNOX, CSOSG2, CSSO2G1"
"VA","Chesterfield Power Station",3797,"5",2519,,2020,2746,2738.12,669027.76,,170.835,0.0707,651561.853,0.103,144.937,0.0472,6350508.375,"Coal",,"Tangentially-fired","Wet Lime FGD","Low NOx Burner Technology w/ Separated OFA|Selective Catalytic Reduction","Electrostatic Precipitator",,"ARP, CSNOX, CSOSG2, CSSO2G1, MATS"
"VA","Chesterfield Power Station",3797,"6",2520,,2020,2369,2358.36,1095458.56,,392.503,0.0678,1074762.261,0.103,297.309,0.0589,10475249.421,"Coal",,"Tangentially-fired","Wet Limestone","Low NOx Burner Technology w/ Closed-coupled/Separated OFA|Selective Catalytic Reduction","Baghouse|Wet Scrubber",,"ARP, CSNOX, CSOSG2, CSSO2G1, MATS"
"VA","Chesterfield Power Station",3797,"7",89200,,2020,5876,5862.91,1190276.7,,2.627,0.001,,,563.436,0.1298,8684305.541,"Pipeline Natural Gas","Diesel Oil","Combined cycle",,"Steam Injection",,,"CSNOX, CSOSG2, CSSO2G1"
"VA","Chesterfield Power Station",3797,"**8A",2515,,2020,3206,3196.9,690532.99,,1.516,0.001,294443.889,0.059,327.138,0.1326,4954299.948,"Pipeline Natural Gas","Diesel Oil","Combined cycle",,"Steam Injection",,,"ARP, CSNOX, CSOSG2, CSSO2G1"
"VA","Possum Point Power Station",3804,"5",2529,,2020,194,187.79,19571.92,,66.341,0.1647,19842.346,0.081,23.238,0.0741,245137.589,"Residual Oil",,"Tangentially-fired",,"Overfire Air (Retired Dec 30, 2020)|Other (Retired Dec 30, 2020)","Other (Retired Dec 30, 2020)",,"ARP, CSNOX, CSOSG2, CSSO2G1, MATS"
"VA","Possum Point Power Station",3804,"6A",8340,,2020,7803,7791.26,1958693.57,,4.136,0.001,811090.815,0.059,70.209,0.0107,13647460.456,"Pipeline Natural Gas","Diesel Oil","Combined cycle",,"Dry Low NOx Burners|Water Injection|Selective Catalytic Reduction",,,"ARP, CSNOX, CSOSG2, CSSO2G1"
"VA","Possum Point Power Station",3804,"6B",8342,,2020,7626,7616.8,1883186.53,,3.997,0.001,773204.15,0.059,65.712,0.0105,13008946.073,"Pipeline Natural Gas","Diesel Oil","Combined cycle",,"Dry Low NOx Burners|Water Injection|Selective Catalytic Reduction",,,"ARP, CSNOX, CSOSG2, CSSO2G1"
"VA","Yorktown Power Station",3809,"3",2532,,2020,627,620.01,65699.75,,151.76,0.326,62395.709,0.0763,53.075,0.0577,770931.991,"Residual Oil","Diesel Oil, Pipeline Natural Gas","Tangentially-fired",,"Other","Other",,"ARP, CSNOX, CSOSG2, CSSO2G1, MATS"
"WA","Centralia",3845,"BW21",2533,,2020,5701,5693.43,2919746.51,,1045.692,0.0631,3498901.48,0.105,3217.031,0.1897,33360982.708,"Coal",,"Tangentially-fired","Wet Limestone","Low NOx Burner Technology w/ Closed-coupled/Separated OFA","Wet Scrubber|Electrostatic Precipitator",,"ARP, MATS"
"WA","Centralia",3845,"BW22",2534,,2020,4678,4672.22,2549917.82,,503.882,0.0368,2891380.146,0.105,2280.124,0.1641,27568496.549,"Coal",,"Tangentially-fired","Wet Limestone","Low NOx Burner Technology w/ Closed-coupled/Separated OFA","Wet Scrubber|Electrostatic Precipitator",,"ARP, MATS"
"WV","John E Amos",3935,"1",2538,,2020,4757,4747.78,2396404.99,,522.487,0.0377,2376558.72,0.103,951.019,0.0846,23163342.372,"Coal",,"Dry bottom wall-fired boiler","Wet Limestone","Low NOx Burner Technology (Dry Bottom only)|Selective Catalytic Reduction","Electrostatic Precipitator",,"ARP, CSNOX, CSOSG2, CSSO2G1, MATS"
"WV","John E Amos",3935,"2",2539,,2020,6567,6559.24,3200495.13,,1304.06,0.0728,3233696.902,0.103,1245.138,0.0825,31517489.425,"Coal",,"Dry bottom wall-fired boiler","Wet Limestone","Low NOx Burner Technology (Dry Bottom only)|Selective Catalytic Reduction","Electrostatic Precipitator",,"ARP, CSNOX, CSOSG2, CSSO2G1, MATS"
"WV","John E Amos",3935,"3",2540,,2020,5920,5914.96,5795969.61,,2413.252,0.0836,5571481.377,0.103,2663.365,0.0987,54302958.718,"Coal",,"Cell burner boiler","Wet Limestone","Low NOx Cell Burner|Selective Catalytic Reduction","Electrostatic Precipitator",,"ARP, CSNOX, CSOSG2, CSSO2G1, MATS"
"WV","John E Amos",3935,"AUX1",10024,,2020,74,64.22,,,,,,,2.742,0.133,41229.2,"Diesel Oil",,"Other boiler",,,,,"SIPNOX"
"WV","John E Amos",3935,"AUX3",10025,,2020,12,5.03,,,,,,,0.161,0.107,3007.9,"Diesel Oil",,"Other boiler",,,,,"SIPNOX"
"WV","Fort Martin Power Station",3943,"1",2551,,2020,6322,6306.9,2604656.24,,1309.279,0.1114,2389477.738,0.103,3116.07,0.2601,23289235.665,"Coal",,"Tangentially-fired","Wet Lime FGD","Low NOx Burner Technology w/ Closed-coupled OFA","Electrostatic Precipitator","Catalyst (gold, palladium, or other) used to oxidize mercury","ARP, CSNOX, CSOSG2, CSSO2G1, MATS"
"WV","Fort Martin Power Station",3943,"2",2552,,2020,7461,7447.5,2963583.37,,1909.444,0.1394,2786045.343,0.1021,3670.079,0.259,27154494.283,"Coal",,"Cell burner boiler","Wet Lime FGD","Low NOx Cell Burner","Electrostatic Precipitator","Catalyst (gold, palladium, or other) used to oxidize mercury","ARP, CSNOX, CSOSG2, CSSO2G1, MATS"
"WV","Harrison Power Station",3944,"1",2553,,2020,7544,7531.52,4351188.47,,3454.226,0.1932,3916728.251,0.103,1455.023,0.0787,38174753.737,"Coal",,"Dry bottom wall-fired boiler","Wet Lime FGD","Low NOx Burner Technology (Dry Bottom only)|Selective Catalytic Reduction","Electrostatic Precipitator",,"ARP, CSNOX, CSOSG2, CSSO2G1, MATS"
"WV","Harrison Power Station",3944,"2",2554,,2020,6895,6879.27,3927847.58,,2981.788,0.2658,3491610.817,0.103,1229.542,0.0745,34031297.717,"Coal",,"Dry bottom wall-fired boiler","Wet Lime FGD","Low NOx Burner Technology (Dry Bottom only)|Selective Catalytic Reduction","Electrostatic Precipitator",,"ARP, CSNOX, CSOSG2, CSSO2G1, MATS"
"WV","Harrison Power Station",3944,"3",2555,,2020,6057,6045.53,3496427.87,,2838.942,0.1948,3329218.61,0.1029,1195.28,0.0766,32448550.88,"Coal",,"Dry bottom wall-fired boiler","Wet Lime FGD","Low NOx Burner Technology (Dry Bottom only)|Selective Catalytic Reduction","Electrostatic Precipitator",,"ARP, CSNOX, CSOSG2, CSSO2G1, MATS"
"WV","Mitchell (WV)",3948,"1",2563,,2020,4016,4010.24,1681282.15,,356.016,0.0337,1777847.017,0.103,720.35,0.0883,17327955.583,"Coal",,"Dry bottom wall-fired boiler","Wet Limestone","Low NOx Burner Technology (Dry Bottom only)|Selective Catalytic Reduction","Electrostatic Precipitator",,"ARP, CSNOX, CSOSG2, CSSO2G1, MATS"
"WV","Mitchell (WV)",3948,"2",2564,,2020,4594,4590.59,2273628.04,,457.859,0.0415,2222783.379,0.103,787.929,0.0757,21664535.04,"Coal",,"Dry bottom wall-fired boiler","Wet Limestone","Low NOx Burner Technology (Dry Bottom only)|Selective Catalytic Reduction","Electrostatic Precipitator",,"ARP, CSNOX, CSOSG2, CSSO2G1, MATS"
"WV","Mitchell (WV)",3948,"AUX1",10026,,2020,109,90.61,,,,,,,3.126,0.104,60074.7,"Diesel Oil",,"Other boiler",,,,,"SIPNOX"
"WV","Mount Storm Power Station",3954,"1",2565,"CS0",2020,5950,5919.51,2412578.85,,949.56,0.0706,2481293.578,0.103,941.319,0.0826,24184177.725,"Coal",,"Tangentially-fired","Wet Limestone","Low NOx Burner Technology w/ Closed-coupled OFA|Selective Catalytic Reduction","Electrostatic Precipitator|Wet Scrubber",,"ARP, CSNOX, CSOSG2, CSSO2G1, MATS"
"WV","Mount Storm Power Station",3954,"2",2566,"CS0",2020,3848,3821.41,1493285.87,,523.519,0.063,1504970.622,0.103,629.444,0.0899,14668341.441,"Coal",,"Tangentially-fired","Wet Limestone","Low NOx Burner Technology w/ Closed-coupled OFA|Selective Catalytic Reduction","Electrostatic Precipitator|Wet Scrubber",,"ARP, CSNOX, CSOSG2, CSSO2G1, MATS"
"WV","Mount Storm Power Station",3954,"3",2567,,2020,3080,3059.33,1160668.11,,535.224,0.4757,1154231.482,0.103,354.676,0.0662,11249848.949,"Coal",,"Tangentially-fired","Wet Limestone","Low NOx Burner Technology w/ Closed-coupled OFA|Selective Catalytic Reduction","Wet Scrubber|Electrostatic Precipitator",,"ARP, CSNOX, CSOSG2, CSSO2G1, MATS"
"WI","Bay Front",3982,"1",2568,,2020,7018,7010.66,85273.43,,64.353,0.0962,137194.265,0.1033,148.418,0.2227,1321036.988,"Wood","Coal, Pipeline Natural Gas","Stoker",,"Other|Overfire Air|Selective Non-catalytic Reduction","Baghouse",,"ARP, CSNOX, CSOSG2, CSSO2G1"
"WI","Bay Front",3982,"2",2569,,2020,7440,7435.3,92738.33,,64.49,0.0819,163692.228,0.1039,170.355,0.2164,1570632.776,"Wood","Coal, Pipeline Natural Gas","Stoker",,"Other|Overfire Air|Selective Non-catalytic Reduction","Baghouse","Halogenated PAC Sorbent Injection","ARP, CSNOX, CSOSG2, CSSO2G1"
"WI","Bay Front",3982,"5",2572,,2020,0,0,,,,,,,,,,"Natural Gas",,"Cyclone boiler",,,"Other",,"ARP, CSNOX, CSOSG2, CSSO2G1"
"WI","Fitchburg Generating Station",3991,"1",90092,,2020,2,1.63,19.59,,0,0.001,,,0.209,0.7,596.4,"Pipeline Natural Gas",,"Combustion turbine",,,,,"CSNOX, CSOSG2, CSSO2G1"
"WI","Fitchburg Generating Station",3991,"2",90093,,2020,2,1.58,18.18,,0,0.001,,,0.202,0.7,578.1,"Pipeline Natural Gas",,"Combustion turbine",,,,,"CSNOX, CSOSG2, CSSO2G1"
"WI","Blount Street",3992,"8",2578,,2020,988,934.96,16697.23,,0.043,0.0002,12927.642,0.0593,22.165,0.2064,217539.374,"Natural Gas",,"Dry bottom wall-fired boiler",,,,,"ARP, CSNOX, CSOSG2, CSSO2G1"
"WI","Blount Street",3992,"9",2579,,2020,1164,1103.86,16195.66,,0.048,0.0002,13649.983,0.0594,38.354,0.3227,229687.875,"Natural Gas",,"Dry bottom wall-fired boiler",,"Other",,,"ARP, CSNOX, CSOSG2, CSSO2G1"
"WI","French Island",4005,"3",90016,,2020,7,4.99,208.76,,0.869,0.5003,,,2.086,1.2,3477,"Diesel Oil",,"Combustion turbine",,,,,"CSNOX, CSOSG2, CSSO2G1"
"WI","French Island",4005,"4",90032,,2020,15,10.11,328.86,,1.346,0.5001,,,3.229,1.2,5381.4,"Diesel Oil",,"Combustion turbine",,,,,"CSNOX, CSOSG2, CSSO2G1"
"WI","Wheaton Generating Plant",4014,"1",89998,,2020,269,231.19,7895.27,,0.185,0.0083,,,16.648,0.3084,111003.5,"Pipeline Natural Gas","Diesel Oil","Combustion turbine",,,,,"CSNOX, CSOSG2, CSSO2G1"
"WI","Wheaton Generating Plant",4014,"2",89999,,2020,305,259.24,9201.41,,0.039,0.0008,,,22.385,0.3421,130907.8,"Pipeline Natural Gas","Diesel Oil","Combustion turbine",,,,,"CSNOX, CSOSG2, CSSO2G1"
"WI","Wheaton Generating Plant",4014,"3",90000,,2020,293,255.27,8430.02,,0.067,0.0042,,,18.126,0.3009,122510.6,"Pipeline Natural Gas","Diesel Oil","Combustion turbine",,,,,"CSNOX, CSOSG2, CSSO2G1"
"WI","Wheaton Generating Plant",4014,"4",90001,,2020,358,312.47,10719.05,,0.056,0.0036,,,22.113,0.2998,149790.2,"Pipeline Natural Gas","Diesel Oil","Combustion turbine",,,,,"CSNOX, CSOSG2, CSSO2G1"
"WI","Wheaton Generating Plant",4014,"5",90002,,2020,0,0,,,,,,,,,,"Diesel Oil",,"Combustion turbine",,,,,"CSNOX, CSOSG2, CSSO2G1"
"WI","Wheaton Generating Plant",4014,"6",90003,,2020,17,11.75,290.57,,1.267,0.5,,,3.041,1.2002,5068.9,"Diesel Oil",,"Combustion turbine",,,,,"CSNOX, CSOSG2, CSSO2G1"
"WI","Port Washington Generating Station",4040,"11",89429,,2020,7843,7803.08,2132780.65,,4.368,0.001,865289.802,0.059,71.884,0.0109,14560106.248,"Pipeline Natural Gas",,"Combined cycle",,"Dry Low NOx Burners|Selective Catalytic Reduction",,,"ARP, CSNOX, CSOSG2, CSSO2G1"
"WI","Port Washington Generating Station",4040,"12",89430,,2020,7797,7728.26,2119833.03,,4.321,0.001,855923.54,0.059,72.087,0.0114,14402554.391,"Pipeline Natural Gas",,"Combined cycle",,"Dry Low NOx Burners|Selective Catalytic Reduction",,,"ARP, CSNOX, CSOSG2, CSSO2G1"
"WI","Port Washington Generating Station",4040,"21",89431,,2020,7901,7858.1,2106640.23,,4.264,0.001,844642.775,0.059,69.921,0.0108,14212799.162,"Pipeline Natural Gas",,"Combined cycle",,"Dry Low NOx Burners|Selective Catalytic Reduction",,,"ARP, CSNOX, CSOSG2, CSSO2G1"
"WI","Port Washington Generating Station",4040,"22",89432,,2020,7924,7874.38,2139100.21,,4.327,0.001,857079.12,0.059,74.5,0.0114,14422001.282,"Pipeline Natural Gas",,"Combined cycle",,"Dry Low NOx Burners|Selective Catalytic Reduction",,,"ARP, CSNOX, CSOSG2, CSSO2G1"
"WI","South Oak Creek",4041,"5",2590,"CS1",2020,559,554.01,89827.39,,0.381,0.0752,99387.403,0.1023,36.766,0.078,948251.556,"Coal","Pipeline Natural Gas","Dry bottom wall-fired boiler","Wet Limestone","Selective Catalytic Reduction","Electrostatic Precipitator|Wet Scrubber",,"ARP, CSNOX, CSOSG2, CSSO2G1, MATS"
"WI","South Oak Creek",4041,"6",2591,"CS1",2020,1845,1833.59,349533.28,,1.779,0.0044,378848.615,0.1023,135.104,0.0756,3620430.255,"Coal","Pipeline Natural Gas","Dry bottom wall-fired boiler","Wet Limestone","Selective Catalytic Reduction","Electrostatic Precipitator|Wet Scrubber",,"ARP, CSNOX, CSOSG2, CSSO2G1, MATS"
"WI","South Oak Creek",4041,"7",2592,"CS2",2020,6907,6895.82,1697425.82,,60.951,0.0073,1773797.839,0.1046,556.957,0.0657,16916332.348,"Coal","Pipeline Natural Gas","Tangentially-fired","Wet Limestone","Low NOx Burner Technology w/ Closed-coupled/Separated OFA|Selective Catalytic Reduction","Electrostatic Precipitator|Wet Scrubber",,"ARP, CSNOX, CSOSG2, CSSO2G1, MATS"
"WI","South Oak Creek",4041,"8",2593,"CS2",2020,5280,5269.36,1244376.65,,48.379,0.0079,1301579.621,0.1046,411.005,0.0661,12415425.819,"Coal","Pipeline Natural Gas","Tangentially-fired","Wet Limestone","Low NOx Burner Technology w/ Closed-coupled/Separated OFA|Selective Catalytic Reduction","Electrostatic Precipitator|Wet Scrubber",,"ARP, CSNOX, CSOSG2, CSSO2G1, MATS"
"WI","Valley (WEPCO)",4042,"1",2594,"CS1",2020,4747,4737.51,,1533455.57,0.557,0.0009,110980.197,0.059,59.223,0.0627,1872162.487,"Pipeline Natural Gas",,"Dry bottom wall-fired boiler",,"Low NOx Burner Technology (Dry Bottom only)",,,"ARP, CSNOX, CSOSG2, CSSO2G1"
"WI","Valley (WEPCO)",4042,"2",2595,"CS1",2020,4374,4365.11,,1420481.23,0.514,0.0009,102054.581,0.059,54.618,0.063,1721587.008,"Pipeline Natural Gas",,"Dry bottom wall-fired boiler",,"Low NOx Burner Technology (Dry Bottom only)",,,"ARP, CSNOX, CSOSG2, CSSO2G1"
"WI","Valley (WEPCO)",4042,"3",2596,"CS2",2020,5630,5594.72,,1716552.58,0.696,0.001,137219.864,0.059,76.467,0.0651,2314786.754,"Pipeline Natural Gas",,"Dry bottom wall-fired boiler",,"Low NOx Burner Technology (Dry Bottom only)",,,"ARP, CSNOX, CSOSG2, CSSO2G1"
"WI","Valley (WEPCO)",4042,"4",2597,"CS2",2020,5684,5633.43,,1692783.79,0.687,0.001,135542.162,0.059,75.408,0.0647,2286486.913,"Pipeline Natural Gas",,"Dry bottom wall-fired boiler",,"Low NOx Burner Technology (Dry Bottom only)",,,"ARP, CSNOX, CSOSG2, CSSO2G1"
"WI","Edgewater (4050)",4050,"5",2600,,2020,5494,5474.77,1189819.74,,294.471,0.0532,1297712.24,0.1049,242.447,0.0376,12373316.499,"Coal",,"Dry bottom wall-fired boiler","Dry Lime FGD","Low NOx Burner Technology w/ Overfire Air|Selective Catalytic Reduction","Electrostatic Precipitator|Baghouse","Additives to Enhance PAC and Existing Equipment Performance","ARP, CSNOX, CSOSG2, CSSO2G1, MATS"
"WI","Rock River",4057,"CT3",89996,,2020,7,2.37,18.97,,0,0.0004,,,0.434,0.6997,1238.8,"Pipeline Natural Gas","Diesel Oil","Combustion turbine",,,,,"CSNOX, CSOSG2, CSSO2G1"
"WI","Rock River",4057,"CT5A",90249,,2020,4,2.83,26.9,,0,0.0008,,,0.392,0.7,1120.7,"Pipeline Natural Gas","Diesel Oil","Combustion turbine",,,,,"CSNOX, CSOSG2, CSSO2G1"
"WI","Rock River",4057,"CT5B",90250,,2020,4,2.75,26.07,,0,0.0008,,,0.381,0.7,1089,"Pipeline Natural Gas","Diesel Oil","Combustion turbine",,,,,"CSNOX, CSOSG2, CSSO2G1"
"WI","Rock River",4057,"CT6A",90251,,2020,0,0,,,,,,,,,,"Pipeline Natural Gas","Diesel Oil","Combustion turbine",,,,,"CSNOX, CSOSG2, CSSO2G1"
"WI","Rock River",4057,"CT6B",90252,,2020,1,0.02,0,,0,0,,,0.003,0.696,7.9,"Pipeline Natural Gas","Diesel Oil","Combustion turbine",,,,,"CSNOX, CSOSG2, CSSO2G1"
"WI","Sheepskin",4059,"CT1A",89984,,2020,2,1.27,5.45,,0.012,0.06,,,0.134,0.7,383.5,"Natural Gas","Diesel Oil","Combustion turbine",,,,,"CSNOX, CSOSG2, CSSO2G1"
"WI","Sheepskin",4059,"CT1B",89985,,2020,2,1.32,6.57,,0.012,0.06,,,0.14,0.7,398.6,"Natural Gas","Diesel Oil","Combustion turbine",,,,,"CSNOX, CSOSG2, CSSO2G1"
"WI","Pulliam",4072,"32",9282,,2020,1029,908.39,61844.63,,0.226,0.001,44793.789,0.0594,9.148,0.0291,753750.054,"Pipeline Natural Gas","Diesel Oil","Combustion turbine",,"Dry Low NOx Burners|Water Injection",,,"ARP, CSNOX, CSOSG2, CSSO2G1"
"WI","West Marinette",4076,"31A",89871,,2020,127,101.74,1254.55,,0.006,0.001,1224.966,0.0593,3.132,0.2718,20613.159,"Pipeline Natural Gas","Diesel Oil","Combustion turbine",,,,,"CSNOX, CSOSG2, CSSO2G1"
"WI","West Marinette",4076,"31B",89872,,2020,127,101.81,1213.6,,0.006,0.001,1186.001,0.0593,3.42,0.3151,19959.147,"Pipeline Natural Gas","Diesel Oil","Combustion turbine",,,,,"CSNOX, CSOSG2, CSSO2G1"
"WI","West Marinette",4076,"32A",89873,,2020,83,66.74,918.32,,0.004,0.001,873.933,0.0594,2.782,0.3346,14706.231,"Pipeline Natural Gas","Diesel Oil","Combustion turbine",,,,,"CSNOX, CSOSG2, CSSO2G1"
"WI","West Marinette",4076,"32B",89874,,2020,82,66.59,866.94,,0.004,0.001,825.477,0.0599,2.233,0.2964,13890.74,"Pipeline Natural Gas","Diesel Oil","Combustion turbine",,,,,"CSNOX, CSOSG2, CSSO2G1"
"WI","West Marinette",4076,"**33",2611,,2020,286,234.02,13721.71,,0.052,0.001,10343.564,0.0592,11.008,0.1239,174034.044,"Pipeline Natural Gas","Diesel Oil","Combustion turbine",,"Water Injection",,,"ARP, CSNOX, CSOSG2, CSSO2G1"
"WI","West Marinette",4076,"**34",2612,,2020,1596,1416.75,93148.09,,0.37,0.0009,72058.5,0.059,33.901,0.1551,1221270.2,"Pipeline Natural Gas","Diesel Oil","Combustion turbine",,"Dry Low NOx Burners|Water Injection",,,"ARP, CSNOX, CSOSG2, CSSO2G1"
"WI","Weston",4078,"2",2614,,2020,59,51.88,367.43,,0.002,0.0004,477.829,0.0593,0.328,0.0436,8058.004,"Pipeline Natural Gas",,"Dry bottom wall-fired boiler",,"Overfire Air","Electrostatic Precipitator",,"ARP, CSNOX, CSOSG2, CSSO2G1"
"WI","Weston",4078,"3",2615,,2020,4967,4958.72,1151661.29,,49.885,0.0259,1071775.346,0.103,304.825,0.0584,10266245.871,"Coal","Natural Gas","Tangentially-fired","Other","Low NOx Burner Technology w/ Separated OFA|Low NOx Burner Technology w/ Closed-coupled OFA","Baghouse","Regenerative Activated Coke Technology","ARP, CSNOX, CSOSG2, CSSO2G1, MATS"
"WI","Weston",4078,"32A",89867,,2020,8,3,41.8,,0,0.0008,45.143,0.0645,0.151,0.3826,760.204,"Pipeline Natural Gas","Diesel Oil","Combustion turbine",,,,,"CSNOX, CSOSG2, CSSO2G1"
"WI","Weston",4078,"32B",89875,,2020,40,23.29,364.27,,0.002,0.001,351.057,0.0594,1.122,0.3617,5905.528,"Pipeline Natural Gas","Diesel Oil","Combustion turbine",,,,,"CSNOX, CSOSG2, CSSO2G1"
"WI","Weston",4078,"4",89565,,2020,7366,7359.43,3417181.2,,538.594,0.0402,2952608.562,0.1047,755.83,0.0537,28158236.074,"Coal","Natural Gas","Dry bottom wall-fired boiler","Dry Lime FGD","Selective Catalytic Reduction","Baghouse","Additives to Enhance PAC and Existing Equipment Performance|Untreated PAC Sorbent Injection","ARP, CSNOX, CSOSG2, CSSO2G1, MATS"
"WI","Manitowoc",4125,"8",2621,,2020,825,815.36,,75587.32,11.233,0.2442,9012.157,0.102,4.058,0.0962,86989.352,"Petroleum Coke","Coal, Other Solid Fuel","Circulating fluidized bed boiler","Fluidized Bed Limestone Injection",,"Baghouse",,"ARP, CSNOX, CSOSG2, CSSO2G1"
"WI","Manitowoc",4125,"9",2622,,2020,6825,6819.85,,1379525.88,228.594,0.2425,196654.21,0.1042,67.119,0.072,1886969.737,"Petroleum Coke","Coal","Circulating fluidized bed boiler","Fluidized Bed Limestone Injection","Selective Non-catalytic Reduction","Baghouse",,"ARP, CSNOX, CSOSG2, CSSO2G1, MATS"
"WI","Genoa",4143,"1",2630,,2020,5862,5858.59,1006183.06,,247.375,0.0471,1105690.912,0.105,604.63,0.1146,10542454.298,"Coal",,"Tangentially-fired","Dry Lime FGD","Low NOx Burner Technology w/ Closed-coupled/Separated OFA","Baghouse|Electrostatic Precipitator","Halogenated PAC Sorbent Injection","ARP, CSNOX, CSOSG2, CSSO2G1, MATS"
"WY","Dave Johnston",4158,"BW41",2633,,2020,8484,8463.37,684152.09,,2358.339,0.6395,764033.993,0.105,1236.999,0.3348,7284854.746,"Coal",,"Dry bottom wall-fired boiler",,,"Electrostatic Precipitator","Halogenated PAC Sorbent Injection","ARP, MATS"
"WY","Dave Johnston",4158,"BW42",2634,,2020,8135,8123.06,685563.08,,2433.349,0.6501,773636.254,0.105,1353.448,0.354,7376314.333,"Coal",,"Dry bottom wall-fired boiler",,,"Electrostatic Precipitator","Halogenated PAC Sorbent Injection","ARP, MATS"
"WY","Dave Johnston",4158,"BW43",2635,,2020,7964,7939.82,1379620.22,,842.368,0.114,1542039.933,0.1049,1531.386,0.205,14702881.155,"Coal",,"Dry bottom wall-fired boiler","Dry Lime FGD","Low NOx Burner Technology w/ Overfire Air","Baghouse","Additives to Enhance PAC and Existing Equipment Performance|Untreated PAC Sorbent Injection","ARP, MATS"
"WY","Dave Johnston",4158,"BW44",2636,,2020,7640,7615.65,2029110.68,,1374.667,0.123,2317859.707,0.105,1479.245,0.1321,22100093.288,"Coal",,"Tangentially-fired","Dry Lime FGD","Low NOx Burner Technology w/ Separated OFA","Baghouse","Additives to Enhance PAC and Existing Equipment Performance|Untreated PAC Sorbent Injection","ARP, MATS"
"WY","Naughton",4162,"1",2637,,2020,8661,8652.61,1287940.07,,996.432,0.153,1393738.392,0.1035,1434.818,0.2154,13317791.491,"Coal","Pipeline Natural Gas","Tangentially-fired","Sodium Based","Low NOx Burner Technology w/ Separated OFA","Electrostatic Precipitator","Additives to Enhance PAC and Existing Equipment Performance","ARP, MATS"
"WY","Naughton",4162,"2",2638,,2020,7796,7776.82,1432293.86,,1032.196,0.1401,1509267.636,0.1032,1559.063,0.212,14432692.17,"Coal","Pipeline Natural Gas","Tangentially-fired","Sodium Based","Low NOx Burner Technology w/ Separated OFA","Electrostatic Precipitator","Additives to Enhance PAC and Existing Equipment Performance","ARP, MATS"
"WY","Naughton",4162,"3",2639,,2020,1564,1507.85,184226.45,,0.776,0.001,153801.407,0.0591,126.846,0.0841,2587979.976,"Pipeline Natural Gas",,"Tangentially-fired",,"Low NOx Burner Technology w/ Separated OFA",,,"ARP"
"TX","Power Lane Steam Plant",4195,"2",2640,,2020,663,525.75,3196.25,,0.013,0.0009,2603.05,0.0606,4.197,0.1565,43639.45,"Pipeline Natural Gas","Diesel Oil","Dry bottom wall-fired boiler",,,,,"ARP, CSOSG2"
"TX","Power Lane Steam Plant",4195,"3",2641,,2020,623,497.75,4531.5,,0.019,0.001,3840.35,0.0594,4.099,0.085,64629.675,"Pipeline Natural Gas","Diesel Oil","Dry bottom wall-fired boiler",,,,,"ARP, CSOSG2"
"TX","Spencer",4266,"4",2651,,2020,296,270,972.75,,0.006,0.001,1119.525,0.0587,0.341,0.0211,18830.475,"Pipeline Natural Gas",,"Dry bottom wall-fired boiler",,"Low NOx Burner Technology (Dry Bottom only)",,,"ARP, CSOSG2"
"TX","Spencer",4266,"5",2652,,2020,452,416.25,1923.75,,0.009,0.001,1799.575,0.0593,0.811,0.0301,30274.95,"Pipeline Natural Gas",,"Dry bottom wall-fired boiler",,"Low NOx Burner Technology (Dry Bottom only)",,,"ARP, CSOSG2"
"WI","J P Madgett",4271,"B1",2653,,2020,7703,7694.05,1566270.37,,709.091,0.0798,1846887.813,0.105,660.567,0.0742,17609570.054,"Coal",,"Dry bottom turbo-fired boiler","Dry Sorbent Injection","Low NOx Burner Technology (Dry Bottom only)|Selective Catalytic Reduction","Baghouse|Electrostatic Precipitator","Halogenated PAC Sorbent Injection","ARP, CSNOX, CSOSG2, CSSO2G1, MATS"
"TX","T C Ferguson Power Plant",4937,"CT-1",90812,,2020,7578,7453.07,1160984.66,,3.562,0.001,705627.31,0.059,37.58,0.0084,11873534.466,"Pipeline Natural Gas",,"Combined cycle",,"Dry Low NOx Burners|Ammonia Injection|Selective Catalytic Reduction",,,"ARP, CSOSG2"
"TX","T C Ferguson Power Plant",4937,"CT-2",90813,,2020,7651,7548.27,1168177.33,,3.588,0.001,710772.998,0.059,34.395,0.0076,11960142.161,"Pipeline Natural Gas",,"Combined cycle",,"Dry Low NOx Burners|Ammonia Injection|Selective Catalytic Reduction",,,"ARP, CSOSG2"
"TX","Barney M. Davis",4939,"1",2658,,2020,1159,1145.96,96006.62,,0.356,0.001,70498.244,0.059,82.778,0.1134,1186267.853,"Pipeline Natural Gas",,"Tangentially-fired",,,,,"ARP, CSOSG2"
"TX","Barney M. Davis",4939,"3",90244,,2020,2922,2809.97,584024.12,,1.311,0.001,259761.512,0.059,42.1,0.031,4370988.467,"Pipeline Natural Gas",,"Combined cycle",,"Selective Catalytic Reduction",,,"ARP, CSOSG2"
"TX","Barney M. Davis",4939,"4",90245,,2020,3143,3047.01,644003.16,,1.423,0.001,281850.003,0.059,39.921,0.0248,4742691.169,"Pipeline Natural Gas",,"Combined cycle",,"Selective Catalytic Reduction",,,"ARP, CSOSG2"
"OK","Riverside (4940)",4940,"1501",2660,,2020,756,747.68,103732.72,,0.398,0.001,78896.295,0.0591,142.049,0.1959,1327579.388,"Pipeline Natural Gas","Diesel Oil","Dry bottom wall-fired boiler",,,,,"ARP, CSOSG2"
"OK","Riverside (4940)",4940,"1502",2661,,2020,1541,1531.88,220533.59,,0.815,0.001,161356.168,0.059,361.48,0.2365,2715140.455,"Pipeline Natural Gas","Diesel Oil","Dry bottom wall-fired boiler",,,,,"ARP, CSOSG2"
"OK","Riverside (4940)",4940,"1503",91251,,2020,307,269.38,18646.43,,0.074,0.0009,14291.6,0.0585,20.505,0.2704,242227.4,"Pipeline Natural Gas",,"Combustion turbine",,"Combustion Modification/Fuel Reburning",,,"ARP, CSOSG2"
"OK","Riverside (4940)",4940,"1504",91252,,2020,252,218.1,15065,,0.057,0.0009,11019,0.0596,11.273,0.235,186819,"Pipeline Natural Gas",,"Combustion turbine",,"Combustion Modification/Fuel Reburning",,,"ARP, CSOSG2"
"NJ","Cumberland Energy Center",5083,"004001",2668,,2020,331,262.39,17851.48,,0.079,0.001,15140.964,0.06,10.249,0.0816,250713.543,"Pipeline Natural Gas","Diesel Oil","Combustion turbine",,"Water Injection",,,"CSNOX, CSOSG2, CSSO2G1, RGGI"
"NJ","Cumberland Energy Center",5083,"05001",90246,,2020,739,571.97,51575.87,,0.134,0.001,26572.832,0.0601,2.283,0.0192,439539.015,"Pipeline Natural Gas","Diesel Oil","Combustion turbine",,"Water Injection|Selective Catalytic Reduction",,,"ARP, CSNOX, CSOSG2, CSSO2G1, RGGI"
"AL","James H Miller Jr",6002,"1",2669,,2020,8570,8563.25,4421108.25,,248.716,0.0122,4600076,0.105,1644.602,0.0754,43860412.15,"Coal","Diesel Oil, Pipeline Natural Gas","Dry bottom wall-fired boiler","Wet Limestone","Selective Catalytic Reduction|Low NOx Burner Technology (Dry Bottom only)","Electrostatic Precipitator","Catalyst (gold, palladium, or other) used to oxidize mercury","ARP, CSNOX, CSOSG2, CSSO2G2, MATS"
"AL","James H Miller Jr",6002,"2",2670,,2020,7337,7332.5,3835589.5,,161.349,0.0119,4223190.05,0.105,1322.58,0.0658,40266865.075,"Coal","Diesel Oil, Pipeline Natural Gas","Dry bottom wall-fired boiler","Wet Limestone","Selective Catalytic Reduction|Low NOx Burner Technology (Dry Bottom only)","Electrostatic Precipitator","Catalyst (gold, palladium, or other) used to oxidize mercury","ARP, CSNOX, CSOSG2, CSSO2G2, MATS"
"AL","James H Miller Jr",6002,"3",2671,,2020,7979,7977,4601422.5,,167.5,0.0076,4889550.275,0.105,1622.411,0.0694,46620426.2,"Coal","Diesel Oil, Pipeline Natural Gas","Dry bottom wall-fired boiler","Wet Limestone","Selective Catalytic Reduction|Low NOx Burner Technology (Dry Bottom only)","Electrostatic Precipitator","Catalyst (gold, palladium, or other) used to oxidize mercury","ARP, CSNOX, CSOSG2, CSSO2G2, MATS"
"AL","James H Miller Jr",6002,"4",2672,,2020,8535,8529.25,4735552.75,,293.065,0.016,5134088.9,0.105,1770.562,0.0729,48952033,"Coal","Diesel Oil, Pipeline Natural Gas","Dry bottom wall-fired boiler","Wet Limestone","Selective Catalytic Reduction|Low NOx Burner Technology (Dry Bottom only)","Electrostatic Precipitator","Catalyst (gold, palladium, or other) used to oxidize mercury","ARP, CSNOX, CSOSG2, CSSO2G2, MATS"
"WV","Pleasants Power Station",6004,"1",2673,,2020,5120,5096.36,2905122.75,,3390.017,0.2557,2812989.538,0.1028,2676.42,0.1938,27417079.675,"Coal",,"Dry bottom wall-fired boiler","Wet Lime FGD","Low NOx Burner Technology (Dry Bottom only)|Selective Catalytic Reduction","Electrostatic Precipitator",,"ARP, CSNOX, CSOSG2, CSSO2G1, MATS"
"WV","Pleasants Power Station",6004,"2",2674,,2020,4807,4778.08,2527647.08,,4256.073,0.3529,2433323.553,0.1026,2328.116,0.1996,23716617.565,"Coal",,"Dry bottom wall-fired boiler","Wet Lime FGD","Low NOx Burner Technology (Dry Bottom only)|Selective Catalytic Reduction","Electrostatic Precipitator",,"ARP, CSNOX, CSOSG2, CSSO2G1, MATS"
"AR","White Bluff",6009,"1",2675,,2020,4718,4715.36,2349637.35,,6255.071,0.4497,2833416.452,0.1045,2297.349,0.1712,27025168.871,"Coal","Residual Oil","Tangentially-fired",,"Low NOx Burner Technology w/ Separated OFA","Electrostatic Precipitator","Additives to Enhance PAC and Existing Equipment Performance","ARP, CSOSG2, MATS"
"AR","White Bluff",6009,"2",2676,,2020,3566,3561.85,1845882.99,,4456.04,0.4534,1990663.958,0.1044,1488.793,0.1739,18989808.299,"Coal","Residual Oil","Tangentially-fired",,"Low NOx Burner Technology w/ Separated OFA","Electrostatic Precipitator","Additives to Enhance PAC and Existing Equipment Performance","ARP, CSOSG2, MATS"
"CA","Olive",6013,"01",2677,,2020,0,0,,,,,,,,,,"Pipeline Natural Gas",,"Dry bottom wall-fired boiler",,"Low NOx Burner Technology (Dry Bottom only)|Selective Catalytic Reduction",,,"ARP"
"CA","Olive",6013,"02",2678,,2020,0,0,,,,,,,,,,"Pipeline Natural Gas",,"Dry bottom wall-fired boiler",,"Combustion Modification/Fuel Reburning|Selective Catalytic Reduction",,,"ARP"
"IL","Newton",6017,"1",2680,,2020,6439,6427.39,2859819.79,,4632.306,0.3039,3019906.626,0.105,1879.548,0.134,28793934.068,"Coal",,"Tangentially-fired",,"Low NOx Burner Technology w/ Closed-coupled/Separated OFA|Other","Electrostatic Precipitator",,"ARP, CSNOX, CSOSG2, CSSO2G1, MATS"
"KY","East Bend",6018,"2",2682,,2020,5203,5195.77,2492241.74,,1932.151,0.1436,2730062.755,0.103,1319.594,0.1019,26608833.796,"Coal",,"Dry bottom wall-fired boiler","Wet Lime FGD","Selective Catalytic Reduction|Overfire Air","Electrostatic Precipitator|Wet Scrubber",,"ARP, CSNOX, CSOSG2, CSSO2G1, MATS"
"OH","W H Zimmer Generating Station",6019,"1",2683,,2020,5860,5833.75,6075632.67,,9625.738,0.3711,5591345.667,0.1024,7333.548,0.258,54496568.957,"Coal",,"Dry bottom wall-fired boiler","Wet Lime FGD","Selective Catalytic Reduction|Low NOx Burner Technology (Dry Bottom only)","Electrostatic Precipitator|Wet Scrubber",,"ARP, CSNOX, CSOSG2, CSSO2G1, MATS"
"OH","W H Zimmer Generating Station",6019,"A",89256,,2020,344,326.11,,50910.92,,,,,3.379,0.081,80518.817,"Pipeline Natural Gas","Diesel Oil","Other boiler",,"Overfire Air",,,"SIPNOX"
"OH","W H Zimmer Generating Station",6019,"B",89257,,2020,316,301.47,,48404.02,,,,,3.244,0.0768,80335.068,"Pipeline Natural Gas","Diesel Oil","Other boiler",,"Overfire Air",,,"SIPNOX"
"CO","Craig",6021,"C1",2684,,2020,8511,8490.94,2517303.97,,560.023,0.0431,2726442.271,0.105,3097.992,0.2329,25995872.139,"Coal","Pipeline Natural Gas","Dry bottom wall-fired boiler","Wet Limestone","Low NOx Burner Technology w/ Overfire Air","Baghouse",,"ARP, MATS"
"CO","Craig",6021,"C2",2685,,2020,7993,7961.83,2300378.81,,517.033,0.0404,2562693.687,0.105,763.524,0.0618,24434512.55,"Coal","Pipeline Natural Gas","Dry bottom wall-fired boiler","Wet Limestone","Low NOx Burner Technology w/ Overfire Air|Selective Catalytic Reduction","Baghouse",,"ARP, MATS"
"CO","Craig",6021,"C3",2686,,2020,7811,7789.23,2821877.15,,1644.329,0.1077,3145099.978,0.105,3152.793,0.2047,29987626.89,"Coal","Pipeline Natural Gas","Dry bottom wall-fired boiler","Dry Lime FGD","Low NOx Burner Technology w/ Overfire Air|Selective Non-catalytic Reduction","Baghouse",,"ARP, MATS"
"ND","Coal Creek",6030,"1",2692,,2020,7460,7449.27,4128147.03,,2499.202,0.1218,4451303.601,0.109,3277.075,0.163,40886426.051,"Coal",,"Tangentially-fired","Wet Lime FGD","Low NOx Burner Technology w/ Closed-coupled/Separated OFA","Electrostatic Precipitator","Additives to Enhance PAC and Existing Equipment Performance","ARP, MATS"
"ND","Coal Creek",6030,"2",2693,,2020,8524,8516.23,4712410.3,,2801.317,0.1199,5092012.924,0.109,2985.548,0.1272,46771490.098,"Coal",,"Tangentially-fired","Wet Lime FGD","Low NOx Burner Technology w/ Closed-coupled/Separated OFA|Overfire Air","Electrostatic Precipitator","Additives to Enhance PAC and Existing Equipment Performance","ARP, MATS"
"MI","Belle River",6034,"1",2695,,2020,6547,6543.18,2734737.82,,8704.394,0.6359,2829488.396,0.105,2835.029,0.212,26978351.943,"Coal","Diesel Oil","Dry bottom wall-fired boiler",,"Low NOx Burner Technology (Dry Bottom only)","Electrostatic Precipitator","Halogenated PAC Sorbent Injection","ARP, CSNOX, CSOSG2, CSSO2G1, MATS"
"MI","Belle River",6034,"2",2696,,2020,3833,3816.37,1838024.76,,5892.147,1.3551,1928299.326,0.0986,1911.493,0.1904,18386014.977,"Coal","Diesel Oil","Dry bottom wall-fired boiler",,"Low NOx Burner Technology (Dry Bottom only)","Electrostatic Precipitator","Halogenated PAC Sorbent Injection","ARP, CSNOX, CSOSG2, CSSO2G1, MATS"
"MI","Belle River",6034,"CTG121",2697,,2020,1994,1920.18,158085.33,,0.554,0.001,109779.21,0.059,29.851,0.0344,1847255.359,"Pipeline Natural Gas",,"Combustion turbine",,"Dry Low NOx Burners",,,"ARP, CSNOX, CSOSG2, CSSO2G1"
"MI","Belle River",6034,"CTG122",2698,,2020,1888,1816.52,146990.23,,0.52,0.001,102905.728,0.059,23.441,0.0288,1731534.033,"Pipeline Natural Gas",,"Combustion turbine",,"Dry Low NOx Burners",,,"ARP, CSNOX, CSOSG2, CSSO2G1"
"MI","Belle River",6034,"CTG131",2699,,2020,980,911.18,66271.75,,0.241,0.001,47819.142,0.059,11.504,0.0325,804649.955,"Pipeline Natural Gas",,"Combustion turbine",,"Dry Low NOx Burners",,,"ARP, CSNOX, CSOSG2, CSSO2G1"
"MI","Greenwood",6035,"1",2700,,2020,3003,2961.01,910727.16,,3.427,0.0012,560903.521,0.059,628.431,0.112,9461561.135,"Pipeline Natural Gas","Residual Oil","Dry bottom wall-fired boiler",,,,,"ARP, CSNOX, CSOSG2, CSSO2G1"
"MI","Greenwood",6035,"CTG111",2701,,2020,575,514.88,34570.23,,0.131,0.001,25853.501,0.059,6.521,0.0298,435034.75,"Pipeline Natural Gas",,"Combustion turbine",,"Dry Low NOx Burners",,,"ARP, CSNOX, CSOSG2, CSSO2G1"
"MI","Greenwood",6035,"CTG112",2702,,2020,575,518.81,35049.11,,0.131,0.001,26013.996,0.059,6.498,0.0294,437736.585,"Pipeline Natural Gas",,"Combustion turbine",,"Dry Low NOx Burners",,,"ARP, CSNOX, CSOSG2, CSSO2G1"
"MI","Greenwood",6035,"CTG121",2703,,2020,670,597.32,39520.68,,0.15,0.001,29667.48,0.059,6.41,0.0254,499215.932,"Pipeline Natural Gas",,"Combustion turbine",,"Dry Low NOx Burners",,,"ARP, CSNOX, CSOSG2, CSSO2G1"
"KY","H L Spurlock",6041,"1",2704,,2020,6201,6194.14,1599708.21,,550.734,0.0679,1533800.237,0.103,668.814,0.0891,14949364.963,"Coal",,"Dry bottom wall-fired boiler","Wet Limestone","Selective Catalytic Reduction|Low NOx Burner Technology (Dry Bottom only)","Electrostatic Precipitator|Wet ESP|Wet Scrubber",,"ARP, CSNOX, CSOSG2, CSSO2G1, MATS"
"KY","H L Spurlock",6041,"2",2705,,2020,6644,6639.64,2969119.32,,1485.721,0.102,2892450.812,0.103,1265.234,0.09,28191526.186,"Coal",,"Tangentially-fired","Wet Limestone","Selective Catalytic Reduction|Low NOx Burner Technology w/ Closed-coupled OFA","Wet ESP|Wet Scrubber|Electrostatic Precipitator",,"ARP, CSNOX, CSOSG2, CSSO2G1, MATS"
"KY","H L Spurlock",6041,"3",89571,,2020,7284,7275.85,1916090.56,,1140.141,0.1538,1732150.358,0.103,531.799,0.0657,16882533.717,"Coal",,"Circulating fluidized bed boiler","Dry Lime FGD|Fluidized Bed Limestone Injection","Selective Non-catalytic Reduction","Baghouse",,"ARP, CSNOX, CSOSG2, CSSO2G1, MATS"
"KY","H L Spurlock",6041,"4",90241,,2020,5906,5893.71,1619282.11,,654.813,0.1098,1418782.994,0.103,418.482,0.0623,13828330.941,"Coal",,"Circulating fluidized bed boiler","Dry Lime FGD|Fluidized Bed Limestone Injection","Selective Non-catalytic Reduction","Baghouse",,"ARP, CSNOX, CSOSG2, CSSO2G1, MATS"
"FL","Manatee",6042,"MTCT3A",88110,,2020,5747,5614.72,1511343.22,,2.997,0.001,593676.466,0.059,42.373,0.0125,9989720.25,"Pipeline Natural Gas",,"Combined cycle",,"Dry Low NOx Burners|Selective Catalytic Reduction",,,"ARP"
"FL","Manatee",6042,"MTCT3B",88111,,2020,7621,7581.25,2086555.21,,4.109,0.001,813855.702,0.059,55.779,0.0093,13694678.443,"Pipeline Natural Gas",,"Combined cycle",,"Dry Low NOx Burners|Selective Catalytic Reduction",,,"ARP"
"FL","Manatee",6042,"MTCT3C",88112,,2020,6541,6399.5,1735305.09,,3.48,0.001,689388.177,0.059,51.874,0.0119,11600231.052,"Pipeline Natural Gas",,"Combined cycle",,"Dry Low NOx Burners|Selective Catalytic Reduction",,,"ARP"
"FL","Manatee",6042,"MTCT3D",88113,,2020,7028,6953.62,1907782.49,,3.75,0.001,742874.954,0.059,53.504,0.0106,12500300.014,"Pipeline Natural Gas",,"Combined cycle",,"Dry Low NOx Burners|Selective Catalytic Reduction",,,"ARP"
"FL","Manatee",6042,"PMT1",2706,,2020,5695,5608.38,1305347.72,,112.23,0.0073,863562.29,0.0592,303.825,0.0364,14417695.33,"Pipeline Natural Gas","Residual Oil","Dry bottom wall-fired boiler",,"Low NOx Burner Technology (Dry Bottom only)","Cyclone",,"ARP"
"FL","Manatee",6042,"PMT2",2707,,2020,5617,5521.61,1271839.42,,93.209,0.0066,746875.789,0.0592,299.429,0.0412,12473571.735,"Pipeline Natural Gas","Residual Oil","Dry bottom wall-fired boiler",,"Low NOx Burner Technology (Dry Bottom only)","Cyclone",,"ARP"
"FL","Martin",6043,"HRSG3A",2710,,2020,6152,6077.9,1255364,,2.737,0.001,542175.621,0.059,118.585,0.0297,9123173.704,"Pipeline Natural Gas",,"Combined cycle",,"Dry Low NOx Burners",,,"ARP"
"FL","Martin",6043,"HRSG3B",2711,,2020,4900,4726.62,976381.36,,2.109,0.001,417804.473,0.059,94.527,0.0345,7030353.291,"Pipeline Natural Gas",,"Combined cycle",,"Dry Low NOx Burners",,,"ARP"
"FL","Martin",6043,"HRSG4A",2712,,2020,5360,5186.19,1057321.25,,2.246,0.001,444939.971,0.059,102.383,0.0353,7486967.436,"Pipeline Natural Gas",,"Combined cycle",,"Dry Low NOx Burners",,,"ARP"
"FL","Martin",6043,"HRSG4B",2713,,2020,5975,5920.8,1224443.57,,2.613,0.001,517632.053,0.059,107.836,0.0271,8710094.704,"Pipeline Natural Gas",,"Combined cycle",,"Dry Low NOx Burners",,,"ARP"
"FL","Martin",6043,"PMR8A",2716,,2020,6823,6682.91,1658621.27,,3.373,0.001,667720.51,0.0591,42.08,0.0101,11233187.991,"Pipeline Natural Gas","Diesel Oil","Combined cycle",,"Selective Catalytic Reduction|Dry Low NOx Burners|Water Injection",,,"ARP"
"FL","Martin",6043,"PMR8B",2717,,2020,6548,6341.03,1575861.81,,3.222,0.001,638063.877,0.059,42.143,0.0109,10735979.213,"Pipeline Natural Gas","Diesel Oil","Combined cycle",,"Selective Catalytic Reduction|Dry Low NOx Burners|Water Injection",,,"ARP"
"FL","Martin",6043,"PMR8C",88114,,2020,7471,7405.6,1826846,,3.668,0.001,725684.558,0.059,43.486,0.0082,12206151.945,"Pipeline Natural Gas","Diesel Oil","Combined cycle",,"Dry Low NOx Burners|Water Injection|Selective Catalytic Reduction",,,"ARP"
"FL","Martin",6043,"PMR8D",88115,,2020,7316,7206.06,1825512.1,,3.615,0.001,716031.239,0.059,44.265,0.0091,12048113.586,"Pipeline Natural Gas","Diesel Oil","Combined cycle",,"Dry Low NOx Burners|Water Injection|Selective Catalytic Reduction",,,"ARP"
"FL","Debary",6046,"**10",2718,,2020,53,38.73,2123.16,,0.405,0.028,2346.235,0.081,2.29,0.2019,28915.575,"Diesel Oil",,"Combustion turbine",,"Water Injection",,,"ARP"
"FL","Debary",6046,"**7",2719,,2020,989,826.66,51483.04,,0.571,0.0023,41138.029,0.0601,26.333,0.088,682298.404,"Pipeline Natural Gas","Diesel Oil","Combustion turbine",,"Water Injection",,,"ARP"
"FL","Debary",6046,"**8",2720,,2020,807,667.78,41552.67,,0.378,0.0019,33910.809,0.0598,22.757,0.0886,565088.898,"Pipeline Natural Gas","Diesel Oil","Combustion turbine",,"Water Injection",,,"ARP"
"FL","Debary",6046,"**9",2721,,2020,846,707.68,44644.86,,0.368,0.0017,36178.187,0.0596,24.686,0.0945,603876.036,"Pipeline Natural Gas","Diesel Oil","Combustion turbine",,"Water Injection",,,"ARP"
"GA","Wansley (6052)",6052,"1",2722,"MS1BYP, MS1FGD",2020,381,376.01,146609.84,,110.79,0.1342,157011.08,0.103,68.905,0.1028,1530313.252,"Coal",,"Tangentially-fired","Wet Lime FGD","Low NOx Burner Technology w/ Closed-coupled/Separated OFA|Selective Catalytic Reduction","Electrostatic Precipitator","Additives to Enhance PAC and Existing Equipment Performance|Halogenated PAC Sorbent Injection","ARP, CSNOX, CSOSG1, CSSO2G2, MATS"
"GA","Wansley (6052)",6052,"2",2723,"MS2BYP, MS2FGD",2020,166,163.93,90241.5,,60.155,0.1228,91098.981,0.103,51.02,0.1212,887904.856,"Coal",,"Tangentially-fired","Wet Lime FGD","Low NOx Burner Technology w/ Closed-coupled/Separated OFA|Selective Catalytic Reduction","Electrostatic Precipitator","Additives to Enhance PAC and Existing Equipment Performance|Halogenated PAC Sorbent Injection","ARP, CSNOX, CSOSG1, CSSO2G2, MATS"
"GA","Wansley (6052)",6052,"5A",90257,,2020,14,14,254,,0.748,0.5001,,,1.794,1.2,2990,"Diesel Oil",,"Combustion turbine",,"Water Injection",,,"CSNOX, CSOSG1, CSSO2G2"
"LA","Big Cajun 2",6055,"2B1",2724,,2020,417,411.57,87315.6,,173.571,0.253,112461.348,0.0959,67.89,0.1136,1087098.174,"Coal","Pipeline Natural Gas","Dry bottom wall-fired boiler","Dry Sorbent Injection","Low NOx Burner Technology w/ Overfire Air|Selective Non-catalytic Reduction","Electrostatic Precipitator","Halogenated PAC Sorbent Injection","ARP, CSOSG2, MATS"
"LA","Big Cajun 2",6055,"2B2",2725,,2020,3686,3658.55,1044704.71,,3.407,0.001,671911.652,0.0589,493.2,0.0821,11334561.927,"Pipeline Natural Gas",,"Dry bottom wall-fired boiler",,"Low NOx Burner Technology w/ Overfire Air|Selective Non-catalytic Reduction|Other",,,"ARP, CSOSG2"
"LA","Big Cajun 2",6055,"2B3",2726,,2020,1104,1091.46,240449.27,,815.777,0.5018,291313.12,0.0981,164.606,0.1047,2803829.526,"Coal","Pipeline Natural Gas","Dry bottom wall-fired boiler",,"Low NOx Burner Technology w/ Overfire Air|Selective Non-catalytic Reduction","Electrostatic Precipitator","Additives to Enhance PAC and Existing Equipment Performance","ARP, CSOSG2, MATS"
"MN","Cascade Creek",6058,"CT1",90209,,2020,181,143.54,0,,0.356,0.0091,,,22.843,0.7083,64305,"Pipeline Natural Gas","Diesel Oil","Combustion turbine",,"Water Injection",,,"CSNOX, CSSO2G2"
"MN","Cascade Creek",6058,"CT2",2727,,2020,340,261,5337.25,,0.019,0.0013,3492.338,0.0595,3.528,0.1326,58740.391,"Pipeline Natural Gas","Diesel Oil","Combustion turbine",,"Water Injection",,,"ARP, CSNOX, CSSO2G2"
"MN","Cascade Creek",6058,"CT3",2728,,2020,327,256,4960.78,,0.018,0.0012,3264.377,0.0595,3.668,0.1432,54900.695,"Pipeline Natural Gas","Diesel Oil","Combustion turbine",,"Water Injection",,,"ARP, CSNOX, CSSO2G2"
"IA","Electrifarm",6063,"1",90086,,2020,47,47,821,,0.004,0.0007,,,2.585,0.386,13394.3,"Pipeline Natural Gas","Diesel Oil","Combustion turbine",,,,,"CSNOX, CSOSG2, CSSO2G1"
"IA","Electrifarm",6063,"2",90087,,2020,55,55,1212,,0.006,0.0007,,,2.454,0.2549,19243.9,"Pipeline Natural Gas","Diesel Oil","Combustion turbine",,"Water Injection",,,"CSNOX, CSOSG2, CSSO2G1"
"IA","Electrifarm",6063,"3",90088,,2020,60,60,1435,,0.006,0.0007,,,2.88,0.2699,21335,"Pipeline Natural Gas","Diesel Oil","Combustion turbine",,"Water Injection",,,"CSNOX, CSOSG2, CSSO2G1"
"KS","Nearman Creek",6064,"CT4",89528,,2020,157,119.95,6191.92,,0.334,0.0137,5018.828,0.0623,1.713,0.0612,82251.194,"Pipeline Natural Gas","Diesel Oil","Combustion turbine",,"Dry Low NOx Burners|Water Injection",,,"ARP, CSNOX, CSOSG2, CSSO2G2"
"KS","Nearman Creek",6064,"N1",2731,,2020,6868,6851.02,1200508.95,,1210.531,0.1923,1418259.598,0.1042,1406.533,0.2038,13529026.288,"Coal",,"Dry bottom wall-fired boiler","Dry Lime FGD","Low NOx Burner Technology w/ Overfire Air|Selective Catalytic Reduction","Baghouse","Untreated PAC Sorbent Injection","ARP, CSNOX, CSOSG2, CSSO2G2, MATS"
"MO","Iatan",6065,"1",2733,,2020,4206,4181.49,2283079.33,,176.197,0.0164,2182364.382,0.1047,661.468,0.0654,20808220.43,"Coal",,"Dry bottom wall-fired boiler","Wet Lime FGD","Low NOx Burner Technology w/ Overfire Air|Overfire Air|Selective Catalytic Reduction","Baghouse","Halogenated PAC Sorbent Injection","ARP, CSNOX, CSOSG2, CSSO2G1, MATS"
"MO","Iatan",6065,"2",2732,,2020,6566,6542.95,5287355.19,,635.374,0.0271,4708577.317,0.105,1239.056,0.055,44894875.152,"Coal",,"Dry bottom wall-fired boiler","Wet Lime FGD","Low NOx Burner Technology w/ Overfire Air|Overfire Air|Selective Catalytic Reduction","Baghouse","Halogenated PAC Sorbent Injection","ARP, CSNOX, CSOSG2, CSSO2G1, MATS"
"KS","Jeffrey Energy Center",6068,"1",2734,,2020,5843,5802.21,2461580.47,,327.892,0.0247,2575758.592,0.1043,479.355,0.0416,24577025.086,"Coal",,"Tangentially-fired","Wet Limestone","Low NOx Burner Technology w/ Closed-coupled/Separated OFA|Selective Catalytic Reduction","Electrostatic Precipitator","Halogenated PAC Sorbent Injection","ARP, CSNOX, CSOSG2, CSSO2G2, MATS"
"KS","Jeffrey Energy Center",6068,"2",2735,,2020,5602,5558.54,2338442.51,,225.219,0.0188,2333636.812,0.1042,1324.674,0.1165,22269643.346,"Coal",,"Tangentially-fired","Wet Limestone","Low NOx Burner Technology w/ Closed-coupled/Separated OFA|Selective Non-catalytic Reduction","Electrostatic Precipitator","Halogenated PAC Sorbent Injection","ARP, CSNOX, CSOSG2, CSSO2G2, MATS"
"KS","Jeffrey Energy Center",6068,"3",2736,,2020,6420,6382.63,2930117.08,,349.458,0.0209,3235768.906,0.1044,1855.4,0.1164,30865889.848,"Coal",,"Tangentially-fired","Wet Limestone","Low NOx Burner Technology w/ Closed-coupled/Separated OFA|Selective Non-catalytic Reduction","Electrostatic Precipitator","Halogenated PAC Sorbent Injection","ARP, CSNOX, CSOSG2, CSSO2G2, MATS"
"KY","Trimble County",6071,"1",2737,,2020,8293,8286.1,3829516.37,,1910.645,0.113,3420598.87,0.103,1383.397,0.0836,33339190.992,"Coal","Diesel Oil","Tangentially-fired","Wet Limestone","Low NOx Burner Technology w/ Closed-coupled OFA|Selective Catalytic Reduction","Baghouse|Electrostatic Precipitator|Wet Scrubber","Additives to Enhance PAC and Existing Equipment Performance|Untreated PAC Sorbent Injection","ARP, CSNOX, CSOSG2, CSSO2G1, MATS"
"KY","Trimble County",6071,"10",2738,,2020,164,138.62,19026.22,,0.061,0.001,12123.36,0.0591,3.408,0.0427,203997.148,"Pipeline Natural Gas",,"Combustion turbine",,"Dry Low NOx Burners",,,"ARP, CSNOX, CSOSG2, CSSO2G1"
"KY","Trimble County",6071,"2",90433,"MS-2A, MS-2B",2020,7597,7585.76,5305838.04,,1835.502,0.0833,4693968.433,0.105,846.346,0.0396,44755622.437,"Coal",,"Dry bottom wall-fired boiler","Wet Limestone","Selective Catalytic Reduction","Baghouse|Electrostatic Precipitator|Wet ESP|Wet Scrubber","Additives to Enhance PAC and Existing Equipment Performance|Untreated PAC Sorbent Injection","ARP, CSNOX, CSOSG2, CSSO2G1, MATS"
"KY","Trimble County",6071,"5",2739,,2020,1364,1261.44,190835.16,,0.613,0.001,121493.027,0.059,34.76,0.0381,2044388.926,"Pipeline Natural Gas",,"Combustion turbine",,"Dry Low NOx Burners",,,"ARP, CSNOX, CSOSG2, CSSO2G1"
"KY","Trimble County",6071,"6",2740,,2020,274,243.78,34122.47,,0.113,0.001,22466.992,0.059,6.198,0.0379,378050.932,"Pipeline Natural Gas",,"Combustion turbine",,"Dry Low NOx Burners",,,"ARP, CSNOX, CSOSG2, CSSO2G1"
"KY","Trimble County",6071,"7",2741,,2020,803,747.76,101131.86,,0.331,0.001,65534.684,0.059,19.615,0.0449,1102769.898,"Pipeline Natural Gas",,"Combustion turbine",,"Dry Low NOx Burners",,,"ARP, CSNOX, CSOSG2, CSSO2G1"
"KY","Trimble County",6071,"8",2742,,2020,633,561.1,78726.71,,0.26,0.001,51475.371,0.059,14.27,0.039,866195.777,"Pipeline Natural Gas",,"Combustion turbine",,"Dry Low NOx Burners",,,"ARP, CSNOX, CSOSG2, CSSO2G1"
"KY","Trimble County",6071,"9",2743,,2020,1048,970.79,143134.59,,0.46,0.001,91073.747,0.059,26.898,0.0387,1532479.062,"Pipeline Natural Gas",,"Combustion turbine",,"Dry Low NOx Burners",,,"ARP, CSNOX, CSOSG2, CSSO2G1"
"MS","Daniel Electric Generating Plant",6073,"1",2744,"CS1BYP, MS1FGD",2020,4278,4261.9,1035384.76,,69.364,0.0096,1157499.225,0.103,1104.016,0.1906,11281678.836,"Coal","Residual Oil","Tangentially-fired","Wet Limestone",,"Electrostatic Precipitator",,"ARP, CSOSG2, MATS"
"MS","Daniel Electric Generating Plant",6073,"2",2745,"CS1BYP, MS2FGD",2020,6387,6373.77,1539901.42,,94.141,0.0078,1851144.474,0.103,1614.085,0.175,18042375.595,"Coal","Residual Oil","Tangentially-fired",,,"Electrostatic Precipitator",,"ARP, CSOSG2, MATS"
"MS","Daniel Electric Generating Plant",6073,"3A",2746,,2020,8459,8455.52,2241783.18,,4.54,0.001,899404.816,0.059,53.031,0.0071,15134207.615,"Pipeline Natural Gas",,"Combined cycle",,"Dry Low NOx Burners|Selective Catalytic Reduction",,,"ARP, CSOSG2"
"MS","Daniel Electric Generating Plant",6073,"3B",2747,,2020,8401,8393.51,2208390.55,,4.478,0.001,887119.066,0.059,52.022,0.0071,14927474.165,"Pipeline Natural Gas",,"Combined cycle",,"Dry Low NOx Burners|Selective Catalytic Reduction",,,"ARP, CSOSG2"
"MS","Daniel Electric Generating Plant",6073,"4A",2748,,2020,7799,7791.9,2104203.35,,4.298,0.001,851435.409,0.059,50.534,0.0072,14327111.927,"Pipeline Natural Gas",,"Combined cycle",,"Dry Low NOx Burners|Selective Catalytic Reduction",,,"ARP, CSOSG2"
"MS","Daniel Electric Generating Plant",6073,"4B",2749,,2020,7957,7951.38,2139466.64,,4.319,0.001,855484.326,0.059,51.65,0.0073,14394986.283,"Pipeline Natural Gas",,"Combined cycle",,"Dry Low NOx Burners|Selective Catalytic Reduction",,,"ARP, CSOSG2"
"MO","Greenwood Energy Center",6074,"1",90007,,2020,483,399.21,4798.85,,0.477,0.0157,,,12.464,0.2407,104439.417,"Pipeline Natural Gas","Diesel Oil","Combustion turbine",,,,,"CSNOX, CSOSG2, CSSO2G1"
"MO","Greenwood Energy Center",6074,"2",90008,,2020,467,391.45,5465.48,,0.498,0.0163,,,13.981,0.2228,126468.534,"Pipeline Natural Gas","Diesel Oil","Combustion turbine",,,,,"CSNOX, CSOSG2, CSSO2G1"
"MO","Greenwood Energy Center",6074,"3",90009,,2020,325,271.89,3373.62,,0.025,0.0006,,,8.631,0.193,84280.34,"Pipeline Natural Gas","Diesel Oil","Combustion turbine",,,,,"CSNOX, CSOSG2, CSSO2G1"
"MO","Greenwood Energy Center",6074,"4",90010,,2020,311,264.18,3345.44,,0.023,0.0007,,,8.229,0.1913,80889.009,"Pipeline Natural Gas","Diesel Oil","Combustion turbine",,,,,"CSNOX, CSOSG2, CSSO2G1"
"MT","Colstrip",6076,"1",2750,,2020,34,33.52,5872.44,,1.77,0.0501,7139.68,0.105,14.967,0.4426,68076.672,"Coal",,"Tangentially-fired","Wet Lime FGD","Low NOx Burner Technology w/ Closed-coupled OFA","Wet Scrubber","Additives to Enhance PAC and Existing Equipment Performance","ARP, MATS"
"MT","Colstrip",6076,"2",2751,,2020,68,67.2,12009.4,,4.412,0.065,14003.9,0.1047,9.255,0.1392,133721.44,"Coal",,"Tangentially-fired","Wet Lime FGD","Low NOx Burner Technology w/ Closed-coupled OFA","Wet Scrubber","Additives to Enhance PAC and Existing Equipment Performance","ARP, MATS"
"MT","Colstrip",6076,"3",2752,,2020,8046,8033.63,5166196.02,,1927.194,0.0733,5201830.356,0.1047,3508.432,0.1366,49603091.829,"Coal",,"Tangentially-fired","Wet Lime FGD","Low NOx Burner Technology w/ Closed-coupled/Separated OFA","Wet Scrubber","Additives to Enhance PAC and Existing Equipment Performance","ARP, MATS"
"MT","Colstrip",6076,"4",2753,,2020,6129,6105.19,3698549.03,,1568.976,0.0816,3898073.392,0.1044,2757.58,0.1416,37194257.554,"Coal",,"Tangentially-fired","Wet Lime FGD","Low NOx Burner Technology w/ Closed-coupled/Separated OFA","Wet Scrubber","Additives to Enhance PAC and Existing Equipment Performance","ARP, MATS"
"NE","Gerald Gentleman Station",6077,"1",2754,,2020,8393,8389.25,4277843.5,,10186.961,0.5057,4137619.275,0.105,3896.915,0.1894,39451010.725,"Coal",,"Dry bottom wall-fired boiler",,"Low NOx Burner Technology w/ Overfire Air","Baghouse","Halogenated PAC Sorbent Injection","ARP, CSNOX, CSSO2G2, MATS"
"NE","Gerald Gentleman Station",6077,"2",2755,,2020,6554,6549.5,3133997.5,,7988.794,0.5138,3167318.3,0.105,2390.924,0.1539,30199452.2,"Coal",,"Dry bottom wall-fired boiler",,"Low NOx Burner Technology w/ Overfire Air","Baghouse","Halogenated PAC Sorbent Injection","ARP, CSNOX, CSSO2G2, MATS"
"MA","Stony Brook Energy Center",6081,"001",2756,,2020,622,584.5,38995,,,,27743.225,0.059,32.835,0.1455,466844.725,"Pipeline Natural Gas","Diesel Oil","Combined cycle",,"Steam Injection",,,"RGGI, SIPNOX"
"MA","Stony Brook Energy Center",6081,"002",2757,,2020,101,88.75,5251.5,,,,4115.1,0.0628,2.761,0.1124,66345.825,"Pipeline Natural Gas","Diesel Oil","Combined cycle",,"Water Injection|Dry Low NOx Burners",,,"RGGI, SIPNOX"
"MA","Stony Brook Energy Center",6081,"003",2758,,2020,502,464.25,28786,,,,21074.6,0.0592,24.211,0.1425,354504.625,"Pipeline Natural Gas","Diesel Oil","Combined cycle",,"Steam Injection",,,"RGGI, SIPNOX"
"MA","Stony Brook Energy Center",6081,"004",2759,,2020,27,18.25,785.25,,,,1196.6,0.0811,8.863,1.2,14771.9,"Diesel Oil",,"Combustion turbine",,"Water Injection",,,"RGGI, SIPNOX"
"MA","Stony Brook Energy Center",6081,"005",2760,,2020,26,26,896,,,,1146.5,0.081,8.491,1.2,14152,"Diesel Oil",,"Combustion turbine",,"Water Injection",,,"RGGI, SIPNOX"
"NY","Somerset Operating Company  (Kintigh)",6082,"1",2761,,2020,596,586.01,160267.26,,460.353,0.5443,174360.03,0.103,247.504,0.2845,1699406.159,"Coal","Residual Oil","Dry bottom wall-fired boiler","Wet Limestone","Selective Catalytic Reduction|Low NOx Burner Technology (Dry Bottom only)","Electrostatic Precipitator",,"ARP, CSNOX, CSSO2G1, MATS, RGGI"
"IN","R M Schahfer Generating Station",6085,"14",2762,,2020,845,828.84,230575.65,,17.178,0.054,269384.41,0.1041,131.742,0.1477,2568494.367,"Coal",,"Cyclone boiler","Wet Limestone","Overfire Air|Selective Catalytic Reduction","Electrostatic Precipitator",,"ARP, CSNOX, CSOSG2, CSSO2G1, MATS"
"IN","R M Schahfer Generating Station",6085,"15",2763,,2020,3342,3332.34,834637.02,,81.917,0.0209,1098087.124,0.1049,622.376,0.1181,10469926.515,"Coal",,"Dry bottom wall-fired boiler","Wet Limestone","Low NOx Burner Technology (Dry Bottom only)","Electrostatic Precipitator",,"ARP, CSNOX, CSOSG2, CSSO2G1, MATS"
"IN","R M Schahfer Generating Station",6085,"16A",9095,,2020,95,61.05,4587.7,,0.015,0.001,,,5.702,0.2038,50847.11,"Pipeline Natural Gas",,"Combustion turbine",,,,,"CSNOX, CSOSG2, CSSO2G1"
"IN","R M Schahfer Generating Station",6085,"16B",9096,,2020,11,9.37,425.28,,0.002,0.001,,,0.816,0.2411,7049.012,"Pipeline Natural Gas",,"Combustion turbine",,,,,"CSNOX, CSOSG2, CSSO2G1"
"IN","R M Schahfer Generating Station",6085,"17",2764,,2020,5550,5539.33,1110566.62,,403.737,0.0559,1316146.919,0.1029,1095.652,0.1667,12827962.75,"Coal",,"Tangentially-fired","Wet Limestone","Low NOx Burner Technology w/ Closed-coupled/Separated OFA","Electrostatic Precipitator",,"ARP, CSNOX, CSOSG2, CSSO2G1, MATS"
"IN","R M Schahfer Generating Station",6085,"18",2765,,2020,5177,5158.16,977607.32,,257.012,0.0403,1127355.412,0.103,938.269,0.17,10987856.362,"Coal",,"Tangentially-fired","Wet Limestone","Low NOx Burner Technology w/ Closed-coupled/Separated OFA","Electrostatic Precipitator",,"ARP, CSNOX, CSOSG2, CSSO2G1, MATS"
"MT","Lewis & Clark",6089,"B1",2766,,2020,7618,7608.29,256869.46,,19.165,0.0115,345979.82,0.1084,600.91,0.3737,3179862.54,"Coal","Pipeline Natural Gas","Tangentially-fired","Wet Lime FGD","Low NOx Burner Technology w/ Closed-coupled OFA","Wet Scrubber","Additives to Enhance PAC and Existing Equipment Performance","ARP, MATS"
"MN","Sherburne County",6090,"1",2767,"CS1",2020,7003,6993.67,3162480.08,,479.145,0.0244,3418167.998,0.105,2078.153,0.1245,32591255.913,"Coal","Diesel Oil","Tangentially-fired","Wet Limestone","Low NOx Burner Technology w/ Closed-coupled/Separated OFA","Wet ESP|Wet Scrubber","Halogenated PAC Sorbent Injection","ARP, CSNOX, CSSO2G2, MATS"
"MN","Sherburne County",6090,"2",2768,"CS1",2020,5794,5781.68,2769648.17,,389.569,0.0228,2988557.35,0.105,1803.312,0.1225,28495025.924,"Coal","Diesel Oil","Tangentially-fired","Wet Limestone","Low NOx Burner Technology w/ Closed-coupled/Separated OFA","Wet ESP|Wet Scrubber","Halogenated PAC Sorbent Injection","ARP, CSNOX, CSSO2G2, MATS"
"MN","Sherburne County",6090,"3",2769,,2020,5992,5983.57,3682140.01,,3116.491,0.171,3742066.173,0.105,2151.385,0.1178,35679523.433,"Coal","Diesel Oil","Dry bottom wall-fired boiler","Dry Lime FGD","Low NOx Burner Technology (Dry Bottom only)","Baghouse","Halogenated PAC Sorbent Injection","ARP, CSNOX, CSSO2G2, MATS"
"PA","Bruce Mansfield",6094,"1",2770,"MS1A, MS1B",2020,0,0,,,,,,,,,,"Coal",,"Dry bottom wall-fired boiler","Wet Lime FGD","Low NOx Burner Technology w/ Overfire Air|Selective Catalytic Reduction","Wet Scrubber",,
"PA","Bruce Mansfield",6094,"2",2771,"MS2A, MS2B",2020,0,0,,,,,,,,,,"Coal",,"Dry bottom wall-fired boiler","Wet Lime FGD","Low NOx Burner Technology (Dry Bottom only)|Low NOx Burner Technology w/ Overfire Air|Selective Catalytic Reduction","Wet Scrubber",,
"PA","Bruce Mansfield",6094,"3",2772,"MS3A, MS3B",2020,0,0,,,,,,,,,,"Coal",,"Dry bottom wall-fired boiler","Wet Lime FGD","Low NOx Burner Technology w/ Overfire Air|Selective Catalytic Reduction","Electrostatic Precipitator",,
"OK","Sooner",6095,"1",2773,,2020,3964,3940.57,1421554.13,,225.037,0.0291,1509433.845,0.1033,895.736,0.1194,14409899.882,"Coal","Diesel Oil","Tangentially-fired","Fluidized Bed Limestone Injection","Low NOx Burner Technology w/ Closed-coupled/Separated OFA|Overfire Air","Electrostatic Precipitator","Halogenated PAC Sorbent Injection","ARP, CSOSG2, MATS"
"OK","Sooner",6095,"2",2774,,2020,3262,3219,1137561.31,,131.653,0.0241,1255747.609,0.1012,784.957,0.1181,12006900.827,"Coal","Diesel Oil","Tangentially-fired","Fluidized Bed Limestone Injection","Low NOx Burner Technology w/ Closed-coupled/Separated OFA|Overfire Air","Electrostatic Precipitator","Halogenated PAC Sorbent Injection","ARP, CSOSG2, MATS"
"NE","Nebraska City Station",6096,"1",2775,,2020,8512,8507.47,4234770.04,,9459.248,0.436,4422352.984,0.1043,4032.835,0.1888,42217054.858,"Coal",,"Dry bottom wall-fired boiler",,"Low NOx Burner Technology w/ Overfire Air","Electrostatic Precipitator","Halogenated PAC Sorbent Injection","ARP, CSNOX, CSSO2G2, MATS"
"NE","Nebraska City Station",6096,"2",90278,,2020,8267,8256.13,4081669.88,,2020.404,0.0969,4348592.518,0.1041,1284.579,0.0612,41499793.685,"Coal",,"Dry bottom wall-fired boiler","Dry Lime FGD","Selective Catalytic Reduction","Baghouse",,"ARP, CSNOX, CSSO2G2, MATS"
"SD","Big Stone",6098,"1",2776,,2020,6786,6775.36,1743985.08,,664.003,0.0702,2075891.345,0.105,784.43,0.0811,19793030.226,"Coal","Diesel Oil, Wood","Cyclone boiler","Dry Lime FGD","Overfire Air|Selective Catalytic Reduction","Baghouse","Halogenated PAC Sorbent Injection","ARP, MATS"
"WY","Wyodak",6101,"BW91",2777,,2020,8298,8292.37,2010442.6,,1686.226,0.1529,2338068.07,0.105,2519.323,0.2239,22292803.882,"Coal",,"Dry bottom wall-fired boiler","Dry Lime FGD","Low NOx Burner Technology w/ Overfire Air","Baghouse","Untreated PAC Sorbent Injection|Additives to Enhance PAC and Existing Equipment Performance","ARP, MATS"
"OR","Boardman",6106,"1SG",2778,,2020,3556,3551.71,1747090.8,,2576.568,0.2885,1857983.613,0.105,1707.342,0.19,17715313.534,"Coal",,"Dry bottom wall-fired boiler","Dry Sorbent Injection","Low NOx Burner Technology (Dry Bottom only)","Electrostatic Precipitator","Additives to Enhance PAC and Existing Equipment Performance|Untreated PAC Sorbent Injection","ARP, MATS"
"CO","Fort St. Vrain",6112,"2",2779,,2020,8256,8243.75,1341656.34,,3.145,0.001,623057.61,0.059,172.22,0.0328,10484171.435,"Pipeline Natural Gas",,"Combined cycle",,"Dry Low NOx Burners",,,"ARP"
"CO","Fort St. Vrain",6112,"3",2780,,2020,8285,8271.2,1276659.98,,3.121,0.001,618234.545,0.059,176.173,0.0344,10402938.554,"Pipeline Natural Gas",,"Combined cycle",,"Dry Low NOx Burners",,,"ARP"
"CO","Fort St. Vrain",6112,"4",2781,,2020,6412,6362.85,1060135.73,,2.564,0.001,507934.853,0.059,68.686,0.0181,8547009.002,"Pipeline Natural Gas",,"Combined cycle",,"Selective Catalytic Reduction",,,"ARP"
"CO","Fort St. Vrain",6112,"5",90254,,2020,794,695.27,62141.86,,0.228,0.001,45089.439,0.0592,12.147,0.0411,758717.61,"Pipeline Natural Gas",,"Combustion turbine",,"Dry Low NOx Burners",,,"ARP"
"CO","Fort St. Vrain",6112,"6",90255,,2020,753,654.32,57154.76,,0.209,0.001,41375.727,0.0591,10.309,0.0388,696206.848,"Pipeline Natural Gas",,"Combustion turbine",,"Dry Low NOx Burners",,,"ARP"
"IN","Gibson",6113,"1",2782,,2020,3733,3722.29,1870883.5,,1039.3,0.1162,1669877.783,0.1029,1076.871,0.1484,16275615.099,"Coal","Diesel Oil","Dry bottom wall-fired boiler","Wet Limestone","Low NOx Burner Technology w/ Overfire Air|Selective Catalytic Reduction","Electrostatic Precipitator|Wet Scrubber",,"ARP, CSNOX, CSOSG2, CSSO2G1, MATS"
"IN","Gibson",6113,"2",2783,,2020,6504,6494.37,3276783.77,,1413.848,0.0818,3260294.516,0.103,2826.936,0.1873,31776742.715,"Coal","Diesel Oil","Dry bottom wall-fired boiler","Wet Limestone","Low NOx Burner Technology w/ Overfire Air|Selective Catalytic Reduction","Electrostatic Precipitator|Wet Scrubber",,"ARP, CSNOX, CSOSG2, CSSO2G1, MATS"
"IN","Gibson",6113,"3",2784,,2020,4789,4773.88,2206078.29,,1046.757,0.0869,2148057.651,0.103,1966.211,0.1815,20936240.463,"Coal","Diesel Oil","Dry bottom wall-fired boiler","Wet Limestone","Low NOx Burner Technology w/ Overfire Air|Selective Catalytic Reduction","Wet Scrubber|Electrostatic Precipitator",,"ARP, CSNOX, CSOSG2, CSSO2G1, MATS"
"IN","Gibson",6113,"4",2785,,2020,5795,5782,2788767.81,,3435.177,0.2394,2744336.172,0.103,1888.777,0.1386,26747955.834,"Coal","Diesel Oil","Dry bottom wall-fired boiler","Wet Limestone","Low NOx Burner Technology w/ Overfire Air|Selective Catalytic Reduction","Wet Scrubber|Electrostatic Precipitator",,"ARP, CSNOX, CSOSG2, CSSO2G1, MATS"
"IN","Gibson",6113,"5",2786,,2020,6326,6313.31,2739147.27,,6458.248,0.4701,2633199.916,0.103,1786.206,0.1403,25664671.511,"Coal","Diesel Oil","Dry bottom wall-fired boiler","Wet Limestone","Low NOx Burner Technology w/ Overfire Air|Selective Catalytic Reduction","Electrostatic Precipitator|Wet Scrubber",,"ARP, CSNOX, CSOSG2, CSSO2G1, MATS"
"GA","McIntosh (6124)",6124,"CT1",2788,,2020,104,104,4742,,0.507,0.0249,3943.5,0.06,23.633,0.7241,66129.9,"Pipeline Natural Gas","Diesel Oil","Combustion turbine",,"Water Injection",,,"ARP, CSNOX, CSOSG1, CSSO2G2"
"GA","McIntosh (6124)",6124,"CT2",2789,,2020,174,174,7655,,0.799,0.0209,6109.9,0.0599,36.605,0.7202,102385.3,"Pipeline Natural Gas","Diesel Oil","Combustion turbine",,"Water Injection",,,"ARP, CSNOX, CSOSG1, CSSO2G2"
"GA","McIntosh (6124)",6124,"CT3",2790,,2020,118,118,5322,,0.666,0.0263,4323.5,0.0601,25.959,0.7254,72324.6,"Pipeline Natural Gas","Diesel Oil","Combustion turbine",,"Water Injection",,,"ARP, CSNOX, CSOSG1, CSSO2G2"
"GA","McIntosh (6124)",6124,"CT4",2791,,2020,300,300,14021,,0.482,0.0076,10644,0.0593,63.344,0.7067,179760.8,"Pipeline Natural Gas","Diesel Oil","Combustion turbine",,"Water Injection",,,"ARP, CSNOX, CSOSG1, CSSO2G2"
"GA","McIntosh (6124)",6124,"CT5",2792,,2020,67,67,2743,,0.188,0.0083,2166.6,0.0596,12.937,0.7075,36454.3,"Pipeline Natural Gas","Diesel Oil","Combustion turbine",,"Water Injection",,,"ARP, CSNOX, CSOSG1, CSSO2G2"
"GA","McIntosh (6124)",6124,"CT6",2793,,2020,264,264,12261,,0.382,0.0047,9655.2,0.0591,57.437,0.7039,163152.6,"Pipeline Natural Gas","Diesel Oil","Combustion turbine",,"Water Injection",,,"ARP, CSNOX, CSOSG1, CSSO2G2"
"GA","McIntosh (6124)",6124,"CT7",2794,,2020,123,123,5188,,0.754,0.0252,4279.4,0.0601,25.74,0.7244,71447.6,"Pipeline Natural Gas","Diesel Oil","Combustion turbine",,"Water Injection",,,"ARP, CSNOX, CSOSG1, CSSO2G2"
"GA","McIntosh (6124)",6124,"CT8",2795,,2020,163,163,7598,,0.545,0.0132,5921.3,0.0596,35.37,0.7122,99585.9,"Pipeline Natural Gas","Diesel Oil","Combustion turbine",,"Water Injection",,,"ARP, CSNOX, CSOSG1, CSSO2G2"
"TX","Gibbons Creek Steam Electric Station",6136,"1",2796,,2020,0,0,,,,,,,,,,"Coal",,"Tangentially-fired","Wet Lime FGD","Low NOx Burner Technology w/ Closed-coupled OFA","Electrostatic Precipitator",,
"IN","A B Brown Generating Station",6137,"1",2797,,2020,6588,6561.92,1125353.22,,2167.858,0.3603,1250738.686,0.103,1006.059,0.1643,12190455.882,"Coal",,"Dry bottom wall-fired boiler","Dual Alkali","Selective Catalytic Reduction","Baghouse","Sodium Based","ARP, CSNOX, CSOSG2, CSSO2G1, MATS"
"IN","A B Brown Generating Station",6137,"2",2798,,2020,6774,6748.61,1218196.88,,1279.113,0.1963,1342796.378,0.103,1040.909,0.1586,13087666.417,"Coal",,"Dry bottom wall-fired boiler","Dual Alkali","Selective Catalytic Reduction","Electrostatic Precipitator","Sodium Based","ARP, CSNOX, CSOSG2, CSSO2G1, MATS"
"IN","A B Brown Generating Station",6137,"3",2799,,2020,305,235.12,9849.04,,0.061,0.0016,7459.709,0.0592,9.778,0.1307,125415.007,"Pipeline Natural Gas","Diesel Oil","Combustion turbine",,"Water Injection",,,"ARP, CSNOX, CSOSG2, CSSO2G1"
"IN","A B Brown Generating Station",6137,"4",10210,,2020,347,263.7,13900.41,,0.044,0.001,8649.571,0.0591,1.599,0.026,145549.763,"Pipeline Natural Gas",,"Combustion turbine",,"Dry Low NOx Burners|Water Injection",,,"ARP, CSNOX, CSOSG2, CSSO2G1"
"AR","Flint Creek Power Plant",6138,"1",2800,,2020,6418,6411.48,1992175.7,,536.087,0.0546,2105410.454,0.105,1866.057,0.1843,20074444.36,"Coal",,"Dry bottom wall-fired boiler","Dry Lime FGD","Low NOx Burner Technology w/ Overfire Air","Baghouse|Electrostatic Precipitator","Halogenated PAC Sorbent Injection","ARP, CSOSG2, MATS"
"TX","Welsh Power Plant",6139,"1",2801,,2020,5340,5334.55,1699459.78,,3797.402,0.4085,1917592.958,0.105,1610.563,0.175,18283685.371,"Coal",,"Dry bottom wall-fired boiler",,"Low NOx Burner Technology w/ Overfire Air","Baghouse|Electrostatic Precipitator","Halogenated PAC Sorbent Injection","ARP, CSOSG2, MATS, TXSO2"
"TX","Welsh Power Plant",6139,"3",2803,,2020,6830,6818.67,1887703.56,,4371.534,0.419,2130958.469,0.105,2061.071,0.2061,20318105.085,"Coal",,"Dry bottom wall-fired boiler",,"Low NOx Burner Technology w/ Overfire Air","Baghouse|Electrostatic Precipitator","Halogenated PAC Sorbent Injection","ARP, CSOSG2, MATS, TXSO2"
"TX","Martin Lake",6146,"1",2804,,2020,8558,8556.41,4971218.33,,18437.972,0.7314,5358415.137,0.1089,3738.407,0.1684,49218474.861,"Coal",,"Tangentially-fired","Wet Limestone","Low NOx Burner Technology w/ Separated OFA","Electrostatic Precipitator","Untreated PAC Sorbent Injection","ARP, CSOSG2, MATS, TXSO2"
"TX","Martin Lake",6146,"2",2805,,2020,8440,8433.68,4446952.9,,13668.88,0.6034,4851241.962,0.109,3248.061,0.1545,44559941.436,"Coal",,"Tangentially-fired","Wet Limestone","Low NOx Burner Technology w/ Separated OFA","Electrostatic Precipitator",,"ARP, CSOSG2, MATS, TXSO2"
"TX","Martin Lake",6146,"3",2806,,2020,7796,7791.21,4625657.44,,11475.954,0.552,4579268.116,0.109,3122.933,0.1553,42061826.599,"Coal",,"Tangentially-fired","Wet Limestone","Low NOx Burner Technology w/ Separated OFA","Electrostatic Precipitator",,"ARP, CSOSG2, MATS, TXSO2"
"MO","Rush Island",6155,"1",2813,,2020,7209,7197.61,3674264.67,,7798.018,0.4648,3500760.653,0.105,1370.965,0.0814,33378705.999,"Coal",,"Tangentially-fired",,"Low NOx Burner Technology w/ Closed-coupled/Separated OFA","Electrostatic Precipitator",,"ARP, CSNOX, CSOSG2, CSSO2G1, MATS"
"MO","Rush Island",6155,"2",2814,,2020,7775,7767.15,4189982.75,,9523.389,0.4961,4017507.593,0.105,1641.388,0.0855,38305739.992,"Coal",,"Tangentially-fired",,"Low NOx Burner Technology w/ Closed-coupled/Separated OFA","Electrostatic Precipitator",,"ARP, CSNOX, CSOSG2, CSSO2G1, MATS"
"CT","New Haven Harbor",6156,"NHB1",2815,,2020,135,127.12,14243.52,,2.656,0.0133,10443.041,0.0607,4.072,0.0429,164884.962,"Residual Oil","Diesel Oil, Pipeline Natural Gas","Tangentially-fired",,,"Electrostatic Precipitator",,"ARP, MATS, RGGI, SIPNOX"
"CT","New Haven Harbor",6156,"NHHS2",90569,,2020,43,27.64,1121.49,,0.005,0.001,885.279,0.0794,0.183,0.0617,11023.467,"Diesel Oil","Pipeline Natural Gas","Combustion turbine",,"Water Injection|Selective Catalytic Reduction",,,"ARP, RGGI, SIPNOX"
"CT","New Haven Harbor",6156,"NHHS3",90570,,2020,21,12.27,482.87,,0.002,0.001,365.576,0.0789,0.062,0.0415,4634.933,"Diesel Oil","Pipeline Natural Gas","Combustion turbine",,"Water Injection|Selective Catalytic Reduction",,,"ARP, RGGI, SIPNOX"
"CT","New Haven Harbor",6156,"NHHS4",90571,,2020,44,27.43,1124.29,,0.005,0.001,890.463,0.0803,0.104,0.0387,11083.991,"Diesel Oil","Pipeline Natural Gas","Combustion turbine",,"Water Injection|Selective Catalytic Reduction",,,"ARP, RGGI, SIPNOX"
"UT","Hunter",6165,"1",2816,,2020,8411,8408.02,3122575.48,,1041.087,0.0681,3051721.937,0.103,2995.949,0.1973,29743890.274,"Coal",,"Tangentially-fired","Wet Lime FGD","Low NOx Burner Technology w/ Closed-coupled/Separated OFA","Baghouse",,"ARP, MATS"
"UT","Hunter",6165,"2",2817,,2020,8491,8483.04,3138248.2,,1046.868,0.0661,3147144.487,0.103,2955.137,0.1913,30673925.54,"Coal",,"Tangentially-fired","Wet Lime FGD","Low NOx Burner Technology w/ Closed-coupled/Separated OFA","Baghouse",,"ARP, MATS"
"UT","Hunter",6165,"3",2818,,2020,7553,7526.43,2476016.46,,869.051,0.068,2516876.245,0.103,3336.089,0.2625,24530978.462,"Coal",,"Dry bottom wall-fired boiler","Wet Lime FGD","Low NOx Burner Technology w/ Overfire Air","Wet Scrubber|Baghouse",,"ARP, MATS"
"IN","Rockport",6166,"AB1",9177,,2020,87,84.9,,,,,,,2.738,0.107,51194.7,"Diesel Oil",,"Other boiler",,,,,"SIPNOX"
"IN","Rockport",6166,"AB2",9178,,2020,102,97.87,,,,,,,3.156,0.107,59015.6,"Diesel Oil",,"Other boiler",,,,,"SIPNOX"
"IN","Rockport",6166,"MB1",2819,"CS012",2020,2595,2586.55,1810703.21,,2890.99,0.3176,1831545.732,0.105,733.596,0.0859,17463214.851,"Coal",,"Dry bottom wall-fired boiler","Sodium Based","Low NOx Burner Technology (Dry Bottom only)|Selective Catalytic Reduction","Electrostatic Precipitator","Halogenated PAC Sorbent Injection","ARP, CSNOX, CSOSG2, CSSO2G1, MATS"
"IN","Rockport",6166,"MB2",2820,"CS012",2020,3225,3219.74,2546745.59,,3922.243,0.291,2551975.523,0.105,1029.438,0.0803,24332338.115,"Coal",,"Dry bottom wall-fired boiler","Sodium Based","Low NOx Burner Technology (Dry Bottom only)|Selective Catalytic Reduction (Began Jun 04, 2020)","Electrostatic Precipitator","Halogenated PAC Sorbent Injection","ARP, CSNOX, CSOSG2, CSSO2G1, MATS"
"AZ","Coronado Generating Station",6177,"U1B",2823,,2020,6302,6286.58,1438213.12,,31.852,0.0036,1621871.158,0.1049,2119.047,0.262,15464021.985,"Coal","Diesel Oil","Dry bottom turbo-fired boiler","Wet Limestone","Low NOx Burner Technology w/ Overfire Air","Electrostatic Precipitator",,"ARP, MATS"
"AZ","Coronado Generating Station",6177,"U2B",2824,,2020,5950,5940.01,1561557.48,,28.241,0.0028,1838982.722,0.105,511.701,0.0586,17534154.907,"Coal","Diesel Oil","Dry bottom turbo-fired boiler","Wet Limestone","Low NOx Burner Technology w/ Overfire Air|Selective Catalytic Reduction","Electrostatic Precipitator",,"ARP, MATS"
"TX","Coleto Creek",6178,"1",2826,,2020,6750,6743.49,2704811.72,,8114.863,0.5547,3005980.887,0.105,2031.158,0.1443,28661161.895,"Coal",,"Tangentially-fired",,"Low NOx Burner Technology w/ Closed-coupled/Separated OFA","Baghouse","Additives to Enhance PAC and Existing Equipment Performance","ARP, CSOSG2, MATS, TXSO2"
"TX","Sam Seymour",6179,"1",2827,,2020,7686,7679.74,3195417.95,,225.769,0.0137,3217449.597,0.105,1779.623,0.126,30677442.438,"Coal","Diesel Oil, Other Solid Fuel","Tangentially-fired","Wet Limestone","Low NOx Burner Technology w/ Closed-coupled/Separated OFA","Electrostatic Precipitator",,"ARP, CSOSG2, MATS, TXSO2"
"TX","Sam Seymour",6179,"2",2828,,2020,8294,8285.35,3632987.63,,463.694,0.0216,4102160.811,0.105,2214.012,0.1187,39112903.217,"Coal","Diesel Oil, Other Solid Fuel","Tangentially-fired","Wet Limestone","Low NOx Burner Technology w/ Closed-coupled/Separated OFA","Electrostatic Precipitator",,"ARP, CSOSG2, MATS, TXSO2"
"TX","Sam Seymour",6179,"3",2829,,2020,7273,7265.71,2581658.11,,223.032,0.0149,2927443.002,0.105,1684.462,0.1282,27912277.623,"Coal","Diesel Oil, Other Solid Fuel","Tangentially-fired","Wet Limestone","Low NOx Burner Technology w/ Closed-coupled/Separated OFA","Electrostatic Precipitator",,"ARP, CSOSG2, MATS"
"TX","Oak Grove",6180,"1",2830,,2020,8293,8282.55,7182583.11,,4491.056,0.1283,7510633.08,0.1089,2474.084,0.0732,68987467.187,"Coal","Pipeline Natural Gas","Tangentially-fired","Wet Limestone","Low NOx Burner Technology w/ Separated OFA|Ammonia Injection|Selective Catalytic Reduction","Baghouse",,"ARP, CSOSG2, MATS"
"TX","Oak Grove",6180,"2",2831,,2020,8311,8301.71,6972179.44,,4313.641,0.134,6824010.736,0.1085,2275.893,0.0732,62708584.682,"Coal","Pipeline Natural Gas","Dry bottom wall-fired boiler","Wet Limestone","Low NOx Burner Technology (Dry Bottom only)|Ammonia Injection|Selective Catalytic Reduction","Baghouse",,"ARP, CSOSG2, MATS"
"TX","J T Deely",6181,"1",2832,"CS012",2020,0,0,,,,,,,,,,"Coal",,"Tangentially-fired",,"Low NOx Burner Technology w/ Closed-coupled/Separated OFA","Baghouse",,"ARP, CSOSG2, MATS, TXSO2"
"TX","J T Deely",6181,"2",2833,"CS012",2020,0,0,,,,,,,,,,"Coal",,"Tangentially-fired",,"Low NOx Burner Technology w/ Closed-coupled/Separated OFA","Baghouse",,"ARP, CSOSG2, MATS, TXSO2"
"TX","San Miguel",6183,"SM-1",2835,,2020,7538,7525.93,2610443.07,,10411.749,0.6572,3223528.661,0.109,2357.693,0.156,29608943.004,"Coal",,"Dry bottom wall-fired boiler","Wet Limestone","Overfire Air|Low NOx Burner Technology (Dry Bottom only)","Electrostatic Precipitator|Wet Scrubber",,"ARP, CSOSG2, MATS"
"LA","Brame Energy Center",6190,"1",2836,,2020,4555,4529.84,683989.24,,2.158,0.001,427466.594,0.0588,736.144,0.1866,7192933.941,"Pipeline Natural Gas",,"Dry bottom wall-fired boiler",,,,,"ARP, CSOSG2"
"LA","Brame Energy Center",6190,"2",2837,,2020,5688,5677.75,1240093.02,,1648.515,0.2498,1418689.927,0.1046,1257.069,0.1835,13526800.623,"Coal",,"Dry bottom wall-fired boiler",,"Low NOx Burner Technology w/ Overfire Air|Selective Non-catalytic Reduction","Baghouse|Electrostatic Precipitator","Untreated PAC Sorbent Injection","ARP, CSOSG2, MATS"
"LA","Brame Energy Center",6190,"3-1",90034,,2020,6807,6796.83,1712361.13,,1005.928,0.1154,1824679.853,0.1032,348.84,0.0391,17350280.661,"Petroleum Coke","Coal","Circulating fluidized bed boiler","Dry Lime FGD","Selective Non-catalytic Reduction","Baghouse","Untreated PAC Sorbent Injection","ARP, CSOSG2, MATS"
"LA","Brame Energy Center",6190,"3-2",90035,,2020,6836,6825.23,1729668.42,,1067.713,0.1157,1922643.957,0.1032,345.6,0.0364,18322461.635,"Petroleum Coke","Coal","Circulating fluidized bed boiler","Dry Lime FGD","Selective Non-catalytic Reduction","Baghouse","Untreated PAC Sorbent Injection","ARP, CSOSG2, MATS"
"TX","Harrington Station",6193,"061B",2838,,2020,6114,6029.33,1149324.97,,2476.933,0.4412,1099385.217,0.0991,856.666,0.1501,10560772.096,"Coal","Pipeline Natural Gas","Tangentially-fired",,"Low NOx Burner Technology w/ Separated OFA|Overfire Air","Electrostatic Precipitator","Halogenated PAC Sorbent Injection","ARP, CSOSG2, MATS, TXSO2"
"TX","Harrington Station",6193,"062B",2839,,2020,5738,5689.37,1175469.44,,2561.521,0.4479,1147187.968,0.1008,758.636,0.1313,11003821.985,"Coal","Pipeline Natural Gas","Tangentially-fired",,"Low NOx Burner Technology w/ Closed-coupled/Separated OFA|Overfire Air","Baghouse","Halogenated PAC Sorbent Injection","ARP, CSOSG2, MATS, TXSO2"
"TX","Harrington Station",6193,"063B",2840,,2020,6909,6859.71,1363600.04,,3145.541,0.4327,1438662.676,0.1018,939.713,0.1327,13777810.456,"Coal","Pipeline Natural Gas","Tangentially-fired",,"Low NOx Burner Technology w/ Closed-coupled/Separated OFA|Overfire Air","Baghouse","Halogenated PAC Sorbent Injection","ARP, CSOSG2, MATS, TXSO2"
"TX","Tolk Station",6194,"171B",2841,,2020,4156,4127.05,1017784.08,,2277.889,0.4066,1044254.096,0.1006,810.263,0.1592,10020470.05,"Coal",,"Tangentially-fired",,"Low NOx Burner Technology w/ Separated OFA|Overfire Air","Baghouse","Halogenated PAC Sorbent Injection","ARP, CSOSG2, MATS, TXSO2"
"TX","Tolk Station",6194,"172B",2842,,2020,4396,4352.32,1011024.33,,2384.514,0.384,1177965.316,0.0998,1000.607,0.1693,11316208.235,"Coal",,"Tangentially-fired",,"Low NOx Burner Technology w/ Separated OFA|Overfire Air","Baghouse","Halogenated PAC Sorbent Injection","ARP, CSOSG2, MATS, TXSO2"
"MO","John Twitty Energy Center",6195,"1",2843,,2020,4028,3976.86,574294.41,,1507.986,0.5021,576692.555,0.0998,290.843,0.1025,5577840.42,"Coal","Diesel Oil, Natural Gas, Pipeline Natural Gas","Dry bottom wall-fired boiler",,"Other|Selective Catalytic Reduction","Baghouse","Halogenated PAC Sorbent Injection","ARP, CSNOX, CSOSG2, CSSO2G1, MATS"
"MO","John Twitty Energy Center",6195,"2",90438,,2020,5763,5747.47,1182894.47,,459.252,0.0819,1161857.188,0.1034,386.52,0.0698,11129189.069,"Coal","Natural Gas, Pipeline Natural Gas","Dry bottom wall-fired boiler","Dry Lime FGD","Low NOx Burner Technology w/ Overfire Air|Selective Catalytic Reduction","Baghouse","Other (Non PAC) Sorbent Injection","ARP, CSNOX, CSOSG2, CSSO2G1, MATS"
"MO","John Twitty Energy Center",6195,"CT1A",89861,,2020,862,679.17,11058.74,,0.049,0.001,9767.07,0.0593,10.679,0.1333,164356.565,"Natural Gas, Pipeline Natural Gas",,"Combustion turbine",,"Water Injection",,,"CSNOX, CSOSG2, CSSO2G1"
"MO","John Twitty Energy Center",6195,"CT1B",89862,,2020,552,421.42,6065.66,,0.027,0.001,5418.335,0.0594,5.814,0.1332,91161.864,"Natural Gas, Pipeline Natural Gas",,"Combustion turbine",,"Water Injection",,,"CSNOX, CSOSG2, CSSO2G1"
"MO","John Twitty Energy Center",6195,"CT2A",89863,,2020,1718,1406.87,21798.65,,0.103,0.001,20351.372,0.0593,23.238,0.1445,342457.591,"Natural Gas, Pipeline Natural Gas",,"Combustion turbine",,"Water Injection",,,"CSNOX, CSOSG2, CSSO2G1"
"MO","John Twitty Energy Center",6195,"CT2B",89864,,2020,1708,1396.58,23653.55,,0.112,0.001,22147.136,0.0593,23.181,0.1298,372667.192,"Natural Gas, Pipeline Natural Gas",,"Combustion turbine",,"Water Injection",,,"CSNOX, CSOSG2, CSSO2G1"
"WY","Laramie River",6204,"1",2844,,2020,3821,3802.25,1494954.62,,843.539,0.0916,1872158.124,0.105,415.428,0.0479,17850485.928,"Coal",,"Dry bottom wall-fired boiler","Wet Limestone","Overfire Air|Selective Catalytic Reduction|Low NOx Burner Technology (Dry Bottom only)","Electrostatic Precipitator","Halogenated PAC Sorbent Injection","ARP, MATS"
"WY","Laramie River",6204,"2",2845,,2020,7658,7645.83,3717421.23,,1910.014,0.0948,4179804.279,0.105,2862.345,0.1419,39853195.744,"Coal",,"Dry bottom wall-fired boiler","Wet Limestone","Overfire Air|Selective Non-catalytic Reduction|Low NOx Burner Technology (Dry Bottom only)","Electrostatic Precipitator","Halogenated PAC Sorbent Injection","ARP, MATS"
"WY","Laramie River",6204,"3",2846,,2020,7068,7054.54,3437474.49,,2507.544,0.1245,4179191.54,0.105,2852.44,0.1416,39847358.059,"Coal",,"Dry bottom wall-fired boiler","Dry Lime FGD","Overfire Air|Selective Non-catalytic Reduction|Low NOx Burner Technology (Dry Bottom only)","Electrostatic Precipitator","Halogenated PAC Sorbent Injection","ARP, MATS"
"IN","Merom",6213,"1SG1",2853,,2020,4431,4424.47,1463132.57,,841.914,0.0948,1623793.28,0.103,479.107,0.0623,15826441.062,"Coal",,"Dry bottom turbo-fired boiler","Wet Limestone","Selective Catalytic Reduction|Low NOx Burner Technology w/ Overfire Air","Electrostatic Precipitator","Untreated PAC Sorbent Injection","ARP, CSNOX, CSOSG2, CSSO2G1, MATS"
"IN","Merom",6213,"2SG1",2854,,2020,3912,3907.73,1345431.72,,745.966,0.0979,1383208.358,0.103,405.477,0.0608,13481565.488,"Coal",,"Dry bottom turbo-fired boiler","Wet Limestone","Selective Catalytic Reduction|Low NOx Burner Technology w/ Overfire Air","Electrostatic Precipitator","Untreated PAC Sorbent Injection","ARP, CSNOX, CSOSG2, CSSO2G1, MATS"
"MO","Empire District Elec Co Energy Ctr",6223,"1",89857,,2020,1474,1387.04,68997.81,,0.55,0.0015,63005.676,0.0595,84.967,0.16,1052410.872,"Pipeline Natural Gas","Diesel Oil","Combustion turbine",,"Water Injection",,,"CSNOX, CSOSG2, CSSO2G1"
"MO","Empire District Elec Co Energy Ctr",6223,"2",89858,,2020,1434,1353.55,69313.79,,0.397,0.0012,61831.424,0.0592,72.031,0.1402,1037586.641,"Pipeline Natural Gas","Diesel Oil","Combustion turbine",,"Water Injection",,,"CSNOX, CSOSG2, CSSO2G1"
"MO","Empire District Elec Co Energy Ctr",6223,"3A",9179,,2020,2244,1922.77,34826.73,,0.131,0.001,24771.124,0.0594,17.02,0.092,416615.303,"Pipeline Natural Gas","Diesel Oil","Combustion turbine",,"Water Injection",,,"ARP, CSNOX, CSOSG2, CSSO2G1"
"MO","Empire District Elec Co Energy Ctr",6223,"3B",9180,,2020,2066,1774.45,31873.71,,0.114,0.001,22602.909,0.0594,15.661,0.0925,380343.802,"Pipeline Natural Gas","Diesel Oil","Combustion turbine",,"Water Injection",,,"ARP, CSNOX, CSOSG2, CSSO2G1"
"MO","Empire District Elec Co Energy Ctr",6223,"4A",9181,,2020,1110,957.68,17582.65,,0.061,0.001,12022.851,0.059,8.753,0.0987,202297.603,"Pipeline Natural Gas","Diesel Oil","Combustion turbine",,"Water Injection",,,"ARP, CSNOX, CSOSG2, CSSO2G1"
"MO","Empire District Elec Co Energy Ctr",6223,"4B",9182,,2020,1135,982.32,18752.83,,0.072,0.0011,12782.771,0.0593,9.605,0.1039,214852.037,"Pipeline Natural Gas","Diesel Oil","Combustion turbine",,"Water Injection",,,"ARP, CSNOX, CSOSG2, CSSO2G1"
"TX","Roland C. Dansby Power Plant",6243,"1",2860,,2020,7977,7969.9,138875.52,,0.511,0.001,101105.89,0.0594,74.235,0.0864,1701172.336,"Pipeline Natural Gas","Diesel Oil","Dry bottom wall-fired boiler",,"Overfire Air",,,"ARP, CSOSG2"
"TX","Roland C. Dansby Power Plant",6243,"2",89412,,2020,486,386.13,16388.88,,0.048,0.001,9571.035,0.0592,1.263,0.021,161074.604,"Pipeline Natural Gas",,"Combustion turbine",,"Water Injection|Selective Catalytic Reduction",,,"ARP, CSOSG2"
"TX","Roland C. Dansby Power Plant",6243,"3",90415,,2020,683,539.63,23606.72,,0.068,0.001,13384.912,0.0588,2.393,0.0322,225235.058,"Pipeline Natural Gas","Diesel Oil","Combustion turbine",,"Water Injection|Selective Catalytic Reduction",,,"ARP, CSOSG2"
"CO","Pawnee",6248,"1",2866,,2020,8532,8527.2,3337012.13,,1631.83,0.0917,3851491.118,0.1047,1002.937,0.0542,36728409.412,"Coal","Natural Gas","Dry bottom wall-fired boiler","Dry Lime FGD","Low NOx Burner Technology w/ Overfire Air|Selective Catalytic Reduction","Baghouse","Halogenated PAC Sorbent Injection","ARP, MATS"
"SC","Winyah",6249,"1",2867,,2020,5516,5496.39,1014699.77,,409.902,0.0805,1019713.143,0.1025,358.196,0.0729,9938773.561,"Coal",,"Dry bottom wall-fired boiler","Wet Limestone","Low NOx Burner Technology w/ Overfire Air|Selective Catalytic Reduction","Electrostatic Precipitator",,"ARP, CSNOX, CSSO2G2, MATS, SIPNOX"
"SC","Winyah",6249,"2",2868,,2020,4807,4789.65,881751.84,,379.168,0.0862,863005.036,0.103,341.7,0.0827,8411322.114,"Coal",,"Dry bottom turbo-fired boiler","Wet Limestone","Overfire Air|Selective Catalytic Reduction","Electrostatic Precipitator",,"ARP, CSNOX, CSSO2G2, MATS, SIPNOX"
"SC","Winyah",6249,"3",2869,,2020,2869,2848.88,493842.92,,414.11,0.128,557863.783,0.1028,211.558,0.0801,5437246.846,"Coal",,"Dry bottom turbo-fired boiler","Wet Limestone","Selective Catalytic Reduction","Electrostatic Precipitator",,"ARP, CSNOX, CSSO2G2, MATS, SIPNOX"
"SC","Winyah",6249,"4",2870,,2020,1519,1509.44,239510.98,,96.539,0.0688,248596.069,0.1028,94.078,0.082,2422962.709,"Coal",,"Dry bottom turbo-fired boiler","Wet Limestone","Selective Catalytic Reduction","Electrostatic Precipitator",,"ARP, CSNOX, CSSO2G2, MATS, SIPNOX"
"NC","Mayo",6250,"1A",2871,"CS005A",2020,2523,2515.27,,3272840.53,472.556,0.169,493092.517,0.102,321.809,0.1486,4810824.906,"Coal","Diesel Oil","Dry bottom wall-fired boiler","Wet Lime FGD","Low NOx Burner Technology (Dry Bottom only)|Selective Catalytic Reduction","Wet Scrubber|Electrostatic Precipitator",,"ARP, CSNOX, CSSO2G1, MATS, SIPNOX"
"NC","Mayo",6250,"1B",2872,"CS005A",2020,2523,2515.27,,2616853.39,394.706,0.169,396139.812,0.102,253.6,0.1486,3863818.548,"Coal","Diesel Oil","Dry bottom wall-fired boiler","Wet Lime FGD","Low NOx Burner Technology (Dry Bottom only)|Selective Catalytic Reduction","Wet Scrubber|Electrostatic Precipitator",,"ARP, CSNOX, CSSO2G1, MATS, SIPNOX"
"WI","Germantown Power Plant",6253,"**5",2873,,2020,263,201.61,11036.39,,0.318,0.0059,8904.083,0.062,2.965,0.0438,144739.965,"Pipeline Natural Gas","Diesel Oil","Combustion turbine",,"Water Injection",,,"ARP, CSNOX, CSOSG2, CSSO2G1"
"WI","Germantown Power Plant",6253,"P30",90037,,2020,16,8.25,,,0.068,0.05,217.3,0.081,1.609,1.2,2681.7,"Diesel Oil",,"Combustion turbine",,,,,"CSNOX, CSOSG2, CSSO2G1"
"WI","Germantown Power Plant",6253,"P31",90038,,2020,26,15.25,,,0.125,0.05,401.6,0.081,2.974,1.2,4956.8,"Diesel Oil",,"Combustion turbine",,,,,"CSNOX, CSOSG2, CSSO2G1"
"WI","Germantown Power Plant",6253,"P32",90039,,2020,32,19.25,,,0.158,0.05,506.7,0.081,3.755,1.2,6257.1,"Diesel Oil",,"Combustion turbine",,,,,"CSNOX, CSOSG2, CSSO2G1"
"WI","Germantown Power Plant",6253,"P33",90040,,2020,31,19,,,0.156,0.05,500.1,0.081,3.706,1.2,6175.8,"Diesel Oil",,"Combustion turbine",,,,,"CSNOX, CSOSG2, CSSO2G1"
"WI","Germantown Power Plant",6253,"P34",90234,,2020,22,14,,,0.115,0.05,368.4,0.081,2.731,1.2,4550.6,"Diesel Oil",,"Combustion turbine",,,,,"CSNOX, CSOSG2, CSSO2G1"
"WI","Germantown Power Plant",6253,"P35",90235,,2020,20,13,,,0.107,0.05,342.1,0.081,2.536,1.2,4225.5,"Diesel Oil",,"Combustion turbine",,,,,"CSNOX, CSOSG2, CSSO2G1"
"WI","Germantown Power Plant",6253,"P36",90236,,2020,24,13.75,,,0.113,0.05,362,0.081,2.682,1.2,4469.4,"Diesel Oil",,"Combustion turbine",,,,,"CSNOX, CSOSG2, CSSO2G1"
"WI","Germantown Power Plant",6253,"P37",90237,,2020,22,13,,,0.107,0.05,342.2,0.081,2.536,1.2,4225.6,"Diesel Oil",,"Combustion turbine",,,,,"CSNOX, CSOSG2, CSSO2G1"
"IA","Ottumwa",6254,"1",2874,,2020,5635,5620.26,2751422.25,,919.509,0.0642,3005151.013,0.1044,872.74,0.0623,28662182.975,"Coal",,"Tangentially-fired","Dry Lime FGD","Low NOx Burner Technology w/ Separated OFA|Selective Catalytic Reduction","Other|Baghouse|Electrostatic Precipitator","Additives to Enhance PAC and Existing Equipment Performance","ARP, CSNOX, CSOSG2, CSSO2G1, MATS"
"GA","Scherer",6257,"1",2875,"MS1BYP, MS1FGD",2020,5582,5558.48,2145321.69,,149.359,0.0444,2355408.283,0.1049,1898.853,0.1786,22458137.488,"Coal",,"Tangentially-fired","Wet Lime FGD","Other|Selective Catalytic Reduction","Baghouse|Electrostatic Precipitator","Halogenated PAC Sorbent Injection","ARP, CSNOX, CSOSG1, CSSO2G2, MATS"
"GA","Scherer",6257,"2",2876,"MS2BYP, MS2FGD",2020,1733,1728.97,667004.3,,63.571,0.0182,755468.638,0.105,234.541,0.0663,7203169.699,"Coal",,"Tangentially-fired","Wet Lime FGD","Other|Selective Catalytic Reduction","Baghouse|Electrostatic Precipitator","Halogenated PAC Sorbent Injection","ARP, CSNOX, CSOSG1, CSSO2G2, MATS"
"GA","Scherer",6257,"3",2877,"MS3BYP, MS3FGD",2020,2814,2807.34,1024156.97,,108.253,0.019,1230879.736,0.1049,633.996,0.1098,11736074.546,"Coal",,"Tangentially-fired","Wet Lime FGD","Other|Selective Catalytic Reduction","Baghouse|Electrostatic Precipitator","Halogenated PAC Sorbent Injection","ARP, CSNOX, CSOSG1, CSSO2G2, MATS"
"GA","Scherer",6257,"4",2878,"MS4BYP, MS4FGD",2020,6391,6373.76,2615686.88,,207.656,0.0157,3163281.209,0.105,1714.99,0.1215,30160982.571,"Coal",,"Tangentially-fired","Wet Lime FGD","Other|Selective Catalytic Reduction","Baghouse|Electrostatic Precipitator","Halogenated PAC Sorbent Injection","ARP, CSNOX, CSOSG1, CSSO2G2, MATS"
"GA","Allen B Wilson Combustion Turbine Plant",6258,"1A",89926,,2020,27,27,338,,1.87,0.5,,,4.487,1.2,7477.8,"Diesel Oil",,"Combustion turbine",,,,,"CSNOX, CSOSG1, CSSO2G2"
"GA","Allen B Wilson Combustion Turbine Plant",6258,"1B",89927,,2020,22,22,480,,1.795,0.5,,,4.307,1.2,7178.1,"Diesel Oil",,"Combustion turbine",,,,,"CSNOX, CSOSG1, CSSO2G2"
"GA","Allen B Wilson Combustion Turbine Plant",6258,"1C",89928,,2020,21,21,383,,1.515,0.5,,,3.635,1.1999,6058.9,"Diesel Oil",,"Combustion turbine",,,,,"CSNOX, CSOSG1, CSSO2G2"
"GA","Allen B Wilson Combustion Turbine Plant",6258,"1D",89929,,2020,20,20,294,,1.351,0.5,,,3.241,1.2,5400.9,"Diesel Oil",,"Combustion turbine",,,,,"CSNOX, CSOSG1, CSSO2G2"
"GA","Allen B Wilson Combustion Turbine Plant",6258,"1E",89930,,2020,22,22,455,,1.547,0.5,,,3.713,1.2002,6188,"Diesel Oil",,"Combustion turbine",,,,,"CSNOX, CSOSG1, CSSO2G2"
"GA","Allen B Wilson Combustion Turbine Plant",6258,"1F",89931,,2020,19,19,435,,1.55,0.5002,,,3.719,1.1998,6198.9,"Diesel Oil",,"Combustion turbine",,,,,"CSNOX, CSOSG1, CSSO2G2"
"WV","Mountaineer (1301)",6264,"1",2879,,2020,5725,5717.06,5764660.08,,2610.108,0.0931,5491899.428,0.103,2451.274,0.0987,53527278.007,"Coal",,"Dry bottom wall-fired boiler","Wet Limestone","Low NOx Burner Technology (Dry Bottom only)|Selective Catalytic Reduction","Electrostatic Precipitator",,"ARP, CSNOX, CSOSG2, CSSO2G1, MATS"
"WV","Mountaineer (1301)",6264,"AUX1",10027,,2020,79,69.14,,,,,,,2.212,0.107,41345.6,"Diesel Oil",,"Other boiler",,,,,"SIPNOX"
"WV","Mountaineer (1301)",6264,"AUX2",10028,,2020,96,86.65,,,,,,,2.773,0.107,51816.7,"Diesel Oil",,"Other boiler",,,,,"SIPNOX"
"AK","Healy Power Plant",6288,"2",90988,,2020,5743,5706.68,214289.1,,,,,,,,,"Coal",,"Dry bottom wall-fired boiler","Dry Sorbent Injection","Low NOx Burner Technology (Dry Bottom only)|Selective Catalytic Reduction","Baghouse",,"MATS"
"MN","Hutchinson - Plant 2",6358,"1",2880,,2020,262,241.58,10154.29,,0.031,0.001,6094.738,0.0592,5.392,0.109,102559.543,"Pipeline Natural Gas",,"Combined cycle",,"Water Injection",,,"ARP, CSNOX, CSSO2G2"
"NE","Rokeby",6373,"1",90729,,2020,199,170.89,5876.58,,0.096,0.0044,,,17.388,0.3313,128297.7,"Pipeline Natural Gas","Diesel Oil","Combustion turbine",,"Water Injection",,,"CSNOX, CSSO2G2"
"NE","Rokeby",6373,"2",2883,,2020,230,194.33,9884.15,,0.135,0.0022,8282.82,0.0605,25.98,0.4054,135884.392,"Pipeline Natural Gas","Diesel Oil","Combustion turbine",,"Dry Low NOx Burners|Water Injection",,,"ARP, CSNOX, CSSO2G2"
"NE","Rokeby",6373,"3",2884,,2020,70,56.33,3812.63,,0.023,0.0015,2724.097,0.0596,3.091,0.1299,45511.281,"Pipeline Natural Gas","Diesel Oil","Combustion turbine",,"Dry Low NOx Burners|Water Injection",,,"ARP, CSNOX, CSSO2G2"
"IA","Dayton Avenue Substation",6463,"GT2",89535,,2020,35,24.32,615.34,,0.161,0.05,517.6,0.0813,0.653,0.3652,6391.9,"Diesel Oil",,"Combustion turbine",,"Water Injection",,,"ARP, CSNOX, CSOSG2, CSSO2G1"
"ND","Antelope Valley",6469,"B1",2885,,2020,7593,7563.25,2989551.71,,5419.867,0.3804,3215471.883,0.1088,1702.153,0.1148,29534987.424,"Coal",,"Tangentially-fired","Dry Lime FGD","Low NOx Burner Technology w/ Closed-coupled/Separated OFA","Baghouse","Additives to Enhance PAC and Existing Equipment Performance|Untreated PAC Sorbent Injection|Other (Non PAC) Sorbent Injection","ARP, MATS"
"ND","Antelope Valley",6469,"B2",2886,,2020,7985,7967.19,3084091.64,,5896.191,0.3595,3660561.438,0.1088,1793.733,0.1074,33623230.158,"Coal",,"Tangentially-fired","Dry Lime FGD","Low NOx Burner Technology w/ Closed-coupled/Separated OFA","Baghouse","Additives to Enhance PAC and Existing Equipment Performance|Untreated PAC Sorbent Injection|Other (Non PAC) Sorbent Injection","ARP, MATS"
"UT","Intermountain",6481,"1SGA",2887,,2020,8532,8529.25,3739412,,1130.411,0.0584,3604109.225,0.103,4343.613,0.235,35127738.175,"Coal",,"Dry bottom wall-fired boiler","Wet Limestone","Low NOx Burner Technology (Dry Bottom only)","Baghouse",,"ARP, MATS"
"UT","Intermountain",6481,"2SGA",2888,,2020,8210,8208,3574862.75,,1076.847,0.0616,3288326.55,0.103,4282.881,0.2575,32049974.325,"Coal",,"Dry bottom wall-fired boiler","Wet Limestone","Low NOx Burner Technology (Dry Bottom only)","Baghouse",,"ARP, MATS"
"FL","Stock Island",6584,"CT4",89604,,2020,74,54.99,1838.54,,0.01,0.0011,1376.082,0.081,1.376,0.1831,16961.093,"Diesel Oil",,"Combustion turbine",,"Water Injection",,,"ARP"
"CT","Alfred L Pierce Generating Station",6635,"AP-1",90114,,2020,62,32.3,1777.24,,0.008,0.0009,1372.158,0.0617,1.058,0.0848,22075.072,"Pipeline Natural Gas","Diesel Oil","Combustion turbine",,"Dry Low NOx Burners|Water Injection",,,"ARP, RGGI, SIPNOX"
"KY","R D Green",6639,"G1",2896,,2020,5502,5484.66,841228.97,,1337.365,0.2789,907692.497,0.103,845.862,0.1911,8846931.825,"Coal",,"Dry bottom wall-fired boiler","Wet Lime FGD","Low NOx Burner Technology (Dry Bottom only)","Electrostatic Precipitator",,"ARP, CSNOX, CSOSG2, CSSO2G1, MATS"
"KY","R D Green",6639,"G2",2897,,2020,3004,2992.2,460519.48,,835.161,0.3143,499684.372,0.103,692.746,0.2749,4870206.848,"Coal",,"Dry bottom wall-fired boiler","Wet Lime FGD","Low NOx Burner Technology (Dry Bottom only)","Electrostatic Precipitator",,"ARP, CSNOX, CSOSG2, CSSO2G1, MATS"
"AR","Independence",6641,"1",2898,,2020,3928,3918.26,1648334.66,,4242.826,0.4432,1938056.08,0.1044,1606.636,0.1845,18487570.886,"Coal","Residual Oil","Tangentially-fired",,"Low NOx Burner Technology w/ Separated OFA","Electrostatic Precipitator","Additives to Enhance PAC and Existing Equipment Performance","ARP, CSOSG2, MATS"
"AR","Independence",6641,"2",2899,,2020,2899,2893.14,1487102.95,,3746.513,0.4339,1750610.259,0.1043,1385.193,0.1757,16700698.23,"Coal","Residual Oil","Tangentially-fired",,"Low NOx Burner Technology w/ Separated OFA","Electrostatic Precipitator","Additives to Enhance PAC and Existing Equipment Performance","ARP, CSOSG2, MATS"
"MO","Mexico",6650,"CT01",90098,,2020,15,9.97,391.53,,2.221,0.5,,,5.33,1.2003,8883.2,"Diesel Oil",,"Combustion turbine",,,,,"CSNOX, CSOSG2, CSSO2G1"
"MO","Moberly",6651,"CT01",90099,,2020,15,10.3,340.85,,2.294,0.5001,,,5.506,1.2,9177.4,"Diesel Oil",,"Combustion turbine",,,,,"CSNOX, CSOSG2, CSSO2G1"
"MO","Moreau",6652,"CT01",90100,,2020,17,14.44,633.09,,3.217,0.5,,,7.72,1.2,12866.2,"Diesel Oil",,"Combustion turbine",,,,,"CSNOX, CSOSG2, CSSO2G1"
"IA","Louisa",6664,"101",2901,,2020,4596,4561.68,2046130.97,,2870.207,0.3193,2043380.589,0.1048,1686.787,0.1698,19483009.331,"Coal",,"Dry bottom wall-fired boiler","Dry Lime FGD","Low NOx Burner Technology w/ Overfire Air","Baghouse","Halogenated PAC Sorbent Injection","ARP, CSNOX, CSOSG2, CSSO2G1, MATS"
"IN","Alcoa Allowance Management Inc",6705,"1",2902,,2020,8441,8421.62,1117726.54,,,,1266558.938,0.103,1978.817,0.314,12344591.641,"Coal",,"Dry bottom wall-fired boiler","Wet Lime FGD","Low NOx Burner Technology w/ Overfire Air","Electrostatic Precipitator",,"SIPNOX"
"IN","Alcoa Allowance Management Inc",6705,"2",2903,,2020,8175,8161.35,992763.56,,,,1150985.736,0.103,1901.395,0.3319,11218222.397,"Coal",,"Dry bottom wall-fired boiler","Wet Lime FGD","Low NOx Burner Technology w/ Overfire Air","Electrostatic Precipitator",,"SIPNOX"
"IN","Alcoa Allowance Management Inc",6705,"3",2904,,2020,7757,7740.51,975795.26,,,,1102230.935,0.103,1673.85,0.301,10743025.351,"Coal",,"Dry bottom wall-fired boiler","Wet Lime FGD","Low NOx Burner Technology w/ Overfire Air","Electrostatic Precipitator",,"SIPNOX"
"IN","Alcoa Allowance Management Inc",6705,"4",2905,,2020,8355,8342.43,2151979.06,,443.56,0.037,2388479.723,0.103,3786.238,0.3234,23279569.468,"Coal",,"Cell burner boiler","Wet Lime FGD","Low NOx Cell Burner|Selective Catalytic Reduction","Electrostatic Precipitator","Additives to Enhance PAC and Existing Equipment Performance","ARP, CSNOX, CSOSG2, CSSO2G1, MATS"
"MN","Rock Lake Station",6741,"1",90185,,2020,38,25.49,326.48,,0.007,0.0013,,,5.557,1.2,9260.9,"Diesel Oil",,"Combustion turbine",,,,,"CSNOX, CSSO2G2"
"CO","Rawhide Energy Station",6761,"101",2906,,2020,8435,8428.54,2069778.52,,734.308,0.0805,1983804.931,0.1049,1084.43,0.1137,18914708.467,"Coal",,"Tangentially-fired","Dry Lime FGD","Low NOx Burner Technology w/ Closed-coupled/Separated OFA","Baghouse","Halogenated PAC Sorbent Injection","ARP, MATS"
"CO","Rawhide Energy Station",6761,"A",8360,,2020,506,445.9,26547.13,,0.095,0.001,18845.596,0.0591,4.853,0.0378,317110.645,"Pipeline Natural Gas",,"Combustion turbine",,"Dry Low NOx Burners",,,"ARP"
"CO","Rawhide Energy Station",6761,"B",8362,,2020,461,415.27,22962.96,,0.085,0.001,16868.572,0.059,4.453,0.0379,283858.98,"Pipeline Natural Gas",,"Combustion turbine",,"Dry Low NOx Burners",,,"ARP"
"CO","Rawhide Energy Station",6761,"C",8364,,2020,419,363.29,20121.46,,0.074,0.001,14609.871,0.0591,3.871,0.0398,245846.006,"Pipeline Natural Gas",,"Combustion turbine",,"Dry Low NOx Burners",,,"ARP"
"CO","Rawhide Energy Station",6761,"D",89476,,2020,484,429.28,23212.29,,0.085,0.001,16776.88,0.059,4.201,0.0368,282303.969,"Pipeline Natural Gas",,"Combustion turbine",,"Dry Low NOx Burners",,,"ARP"
"CO","Rawhide Energy Station",6761,"F",90256,,2020,609,589.44,53247.21,,0.188,0.001,37245.595,0.059,11.034,0.0372,626743.412,"Pipeline Natural Gas",,"Combustion turbine",,"Dry Low NOx Burners",,,"ARP"
"MO","Sikeston",6768,"1",2907,,2020,7891,7876.71,1782953.33,,4265.518,0.4995,1770392.745,0.105,922.491,0.1089,16880136.51,"Coal","Other Oil","Dry bottom wall-fired boiler",,"Low NOx Burner Technology (Dry Bottom only)","Electrostatic Precipitator","Additives to Enhance PAC and Existing Equipment Performance|Untreated PAC Sorbent Injection","ARP, CSNOX, CSOSG2, CSSO2G1, MATS"
"OK","Hugo",6772,"1",2908,,2020,1087,1072.02,229045.72,,569.662,0.4269,273573.031,0.101,242.737,0.179,2675860.913,"Coal","Diesel Oil","Dry bottom wall-fired boiler",,"Low NOx Burner Technology w/ Overfire Air","Electrostatic Precipitator","Additives to Enhance PAC and Existing Equipment Performance","ARP, CSOSG2, MATS"
"NJ","West Station",6776,"002001",2909,,2020,15,8.48,127.79,,0.002,0.0021,178.5,0.0811,0.525,0.9201,2204.1,"Diesel Oil",,"Combustion turbine",,"Water Injection|Selective Catalytic Reduction",,,"CSNOX, CSOSG2, CSSO2G1, RGGI"
"KY","D B Wilson",6823,"W1",2910,,2020,7263,7241.52,2510036.11,,4481.117,0.3245,2657884.525,0.103,1161.799,0.0992,25905336.594,"Coal",,"Dry bottom wall-fired boiler","Wet Limestone","Selective Catalytic Reduction|Low NOx Burner Technology (Dry Bottom only)","Electrostatic Precipitator",,"ARP, CSNOX, CSOSG2, CSSO2G1, MATS"
"MN","St. Bonifacius Station",6824,"1",90186,,2020,111,36.14,133.52,,0.393,0.0498,,,6.945,0.8829,15731.4,"Diesel Oil",,"Combustion turbine",,,,,"CSNOX, CSSO2G2"
"MN","St. Bonifacius Station",6824,"2",90187,,2020,111,36.14,136.89,,0.393,0.0498,,,6.443,0.8191,15731.4,"Diesel Oil",,"Combustion turbine",,,,,"CSNOX, CSSO2G2"
"KS","East 12th Street",7013,"4",2915,,2020,498,498,7772,,0.026,0.0009,5637,0.059,13.387,0.28,95608.5,"Pipeline Natural Gas",,"Dry bottom wall-fired boiler",,,,,"ARP, CSNOX, CSOSG2, CSSO2G2"
"TX","Twin Oaks",7030,"U1",2920,,2020,8607,8604.54,1421360.31,,1310.15,0.1654,1701141.927,0.109,1139.199,0.1503,15625466.787,"Coal",,"Circulating fluidized bed boiler","Fluidized Bed Limestone Injection","Selective Non-catalytic Reduction","Baghouse","Untreated PAC Sorbent Injection","ARP, CSOSG2, MATS"
"TX","Twin Oaks",7030,"U2",2921,,2020,7825,7821.14,1281559.6,,1062.558,0.1703,1375443.697,0.109,968.9,0.1555,12633862.651,"Coal",,"Circulating fluidized bed boiler","Fluidized Bed Limestone Injection","Selective Non-catalytic Reduction","Baghouse","Untreated PAC Sorbent Injection","ARP, CSOSG2, MATS"
"VA","Gravel Neck Combustion Turbine",7032,"3",88238,"CP0",2020,290,246.68,14945.78,,0.654,0.0099,11791.3,0.06,15.583,0.2662,197674.2,"Pipeline Natural Gas","Diesel Oil","Combustion turbine",,"Water Injection",,,"CSNOX, CSOSG2, CSSO2G1"
"VA","Gravel Neck Combustion Turbine",7032,"4",88239,"CP0",2020,546,479.6,31185.13,,0.91,0.0064,24452.4,0.0596,31.814,0.2317,411584.2,"Pipeline Natural Gas","Diesel Oil","Combustion turbine",,"Water Injection",,,"CSNOX, CSOSG2, CSSO2G1"
"VA","Gravel Neck Combustion Turbine",7032,"5",88240,"CP0",2020,820,724.29,46432.02,,0.504,0.0031,36139.6,0.0592,47.011,0.2303,611368.9,"Pipeline Natural Gas","Diesel Oil","Combustion turbine",,"Water Injection",,,"CSNOX, CSOSG2, CSSO2G1"
"VA","Gravel Neck Combustion Turbine",7032,"6",88241,"CP0",2020,880,782.61,52136.75,,0.766,0.0034,40631.9,0.0593,52.903,0.2282,686649.6,"Pipeline Natural Gas","Diesel Oil","Combustion turbine",,"Water Injection",,,"CSNOX, CSOSG2, CSSO2G1"
"AL","McIntosh (7063)",7063,"**1",2924,,2020,153,87.95,5650.56,,0.008,0.0009,1584.247,0.0612,3.045,0.1789,26654.654,"Pipeline Natural Gas",,"Other turbine",,,,,"ARP, CSNOX, CSOSG2, CSSO2G2"
"AL","McIntosh (7063)",7063,"**2",2925,,2020,333,282.07,24505.69,,0.084,0.001,16620.75,0.0591,8.949,0.0969,279660.087,"Pipeline Natural Gas","Diesel Oil","Combustion turbine",,"Dry Low NOx Burners|Water Injection",,,"ARP, CSNOX, CSOSG2, CSSO2G2"
"AL","McIntosh (7063)",7063,"**3",2926,,2020,495,434.91,38178.8,,0.133,0.001,26301.702,0.059,12.432,0.0787,442563.251,"Pipeline Natural Gas","Diesel Oil","Combustion turbine",,"Dry Low NOx Burners|Water Injection",,,"ARP, CSNOX, CSOSG2, CSSO2G2"
"AL","McIntosh (7063)",7063,"**4",90423,,2020,1017,944.44,150970.83,,0.466,0.001,92242.07,0.059,28.957,0.0419,1552153.833,"Pipeline Natural Gas",,"Combustion turbine",,"Dry Low NOx Burners",,,"ARP, CSNOX, CSOSG2, CSSO2G2"
"AL","McIntosh (7063)",7063,"**5",90424,,2020,1095,1021.32,164728.04,,0.51,0.001,100988.45,0.059,30.862,0.0413,1699315.568,"Pipeline Natural Gas",,"Combustion turbine",,"Dry Low NOx Burners",,,"ARP, CSNOX, CSOSG2, CSSO2G2"
"NV","Harry Allen",7082,"**3",2931,,2020,1341,1110.51,66969.6,,0.239,0.001,47319.552,0.0591,14.799,0.0517,796243.327,"Pipeline Natural Gas",,"Combustion turbine",,"Dry Low NOx Burners|Water Injection",,,"ARP"
"NV","Harry Allen",7082,"**4",2932,,2020,1593,1353.03,90420.68,,0.302,0.001,59753.07,0.0592,11.348,0.0366,1005460.972,"Pipeline Natural Gas",,"Combustion turbine",,"Dry Low NOx Burners",,,"ARP"
"NV","Harry Allen",7082,"**5",2933,,2020,8129,8093.69,1657877.66,,3.493,0.001,691921.653,0.059,36.186,0.0073,11642928.713,"Pipeline Natural Gas",,"Combined cycle",,"Dry Low NOx Burners|Selective Catalytic Reduction",,,"ARP"
"NV","Harry Allen",7082,"**6",2934,,2020,8379,8354.86,1703306.07,,3.604,0.001,713903.865,0.059,37.614,0.0072,12012802.517,"Pipeline Natural Gas",,"Combined cycle",,"Dry Low NOx Burners|Selective Catalytic Reduction",,,"ARP"
"TX","J K Spruce",7097,"**1",2939,,2020,7724,7700.86,2366761.82,,598.442,0.0341,2640888.33,0.103,1873.785,0.1555,25739680.54,"Coal",,"Tangentially-fired","Wet Limestone","Low NOx Burner Technology w/ Closed-coupled/Separated OFA","Baghouse",,"ARP, CSOSG2, MATS"
"TX","J K Spruce",7097,"**2",2940,,2020,6582,6571.33,3304145.88,,157.182,0.0092,3701317.64,0.1029,730.138,0.0406,36075256.509,"Coal",,"Tangentially-fired","Wet Limestone","Selective Catalytic Reduction","Baghouse",,"ARP, CSOSG2, MATS"
"NJ","Forked River Power",7138,"002001",2945,"CPFG01",2020,118,84.79,2447.67,,0.01,0.0006,1880.9,0.0561,2.214,0.3416,31869.3,"Diesel Oil","Pipeline Natural Gas","Combustion turbine",,"Water Injection",,,"CSNOX, CSOSG2, CSSO2G1, RGGI"
"NJ","Forked River Power",7138,"003001",2946,"CPFG01",2020,133,111.36,3469.82,,0.014,0.0007,2669,0.0592,3.303,0.2536,45242.2,"Diesel Oil","Pipeline Natural Gas","Combustion turbine",,"Dry Low NOx Burners|Water Injection",,,"CSNOX, CSOSG2, CSSO2G1, RGGI"
"IA","Pleasant Hill Energy Center",7145,"1",90077,,2020,81,81,832,,0.005,0.0007,,,1.805,0.2541,14208.4,"Pipeline Natural Gas","Diesel Oil","Combustion turbine",,"Water Injection",,,"CSNOX, CSOSG2, CSSO2G1"
"IA","Pleasant Hill Energy Center",7145,"2",90078,,2020,112,112,1214,,0.007,0.0007,,,2.797,0.2541,22025.1,"Pipeline Natural Gas","Diesel Oil","Combustion turbine",,"Water Injection",,,"CSNOX, CSOSG2, CSSO2G1"
"IA","Pleasant Hill Energy Center",7145,"3",2954,,2020,145,113.76,2733.14,,0.015,0.001,2888.948,0.0593,3.828,0.1787,48618.904,"Pipeline Natural Gas","Diesel Oil","Combustion turbine",,"Water Injection",,,"ARP, CSNOX, CSOSG2, CSSO2G1"
"NY","Wading River Facility",7146,"UGT007",2955,,2020,234,203.75,12777.75,,0.07,0.001,13956.55,0.081,16.706,0.1989,171996.475,"Diesel Oil",,"Combustion turbine",,"Other|Water Injection",,,"CSNOX, CSOSG2, CSSO2G1, RGGI"
"NY","Wading River Facility",7146,"UGT008",2956,,2020,139,121.75,7644.75,,0.041,0.001,8257.3,0.081,9.277,0.1964,101762.65,"Diesel Oil",,"Combustion turbine",,"Other|Water Injection",,,"CSNOX, CSOSG2, CSSO2G1, RGGI"
"NY","Wading River Facility",7146,"UGT009",2957,,2020,304,268.5,16806,,0.09,0.001,18139.875,0.081,34.133,0.2992,223531.575,"Diesel Oil",,"Combustion turbine",,"Other|Water Injection",,,"CSNOX, CSOSG2, CSSO2G1, RGGI"
"NY","Wading River Facility",7146,"UGT013",2958,"CP001",2020,64,64,1536,,0.008,0.0008,1925.2,0.0811,6.953,0.5849,23771.2,"Diesel Oil",,"Combustion turbine",,,,,"CSNOX, CSOSG2, CSSO2G1, RGGI"
"NY","Wading River Facility",7146,"UGT014",2959,"CP001",2020,6,6,69,,,,75.5,0.0807,0.368,0.7897,932.8,"Diesel Oil",,"Combustion turbine",,,,,"SIPNOX"
"DE","Hay Road",7153,"1",2964,,2020,2067,1916.39,166241.86,,,,126059.033,0.059,55.785,0.0586,2121127.697,"Pipeline Natural Gas","Diesel Oil","Combined cycle",,"Water Injection|Overfire Air",,,"RGGI, SIPNOX"
"DE","Hay Road",7153,"2",2965,,2020,1760,1597.03,141355.01,,,,109492.869,0.059,74.227,0.0873,1842324.035,"Pipeline Natural Gas","Diesel Oil","Combined cycle",,"Water Injection|Overfire Air",,,"RGGI, SIPNOX"
"DE","Hay Road",7153,"**3",2963,,2020,2120,1959.05,174389.31,,0.652,0.001,129224.721,0.059,55.368,0.0566,2174455.82,"Pipeline Natural Gas","Diesel Oil","Combined cycle",,"Water Injection|Overfire Air",,,"ARP, RGGI, SIPNOX"
"DE","Hay Road",7153,"5",2966,,2020,2745,2506.2,223554.62,,0.831,0.001,164639.112,0.059,20.602,0.0211,2770309.838,"Pipeline Natural Gas","Diesel Oil","Combined cycle",,"Water Injection|Overfire Air|Selective Catalytic Reduction",,,"ARP, RGGI, SIPNOX"
"DE","Hay Road",7153,"6",2967,,2020,2688,2435.03,224423.03,,0.807,0.001,159885.93,0.0591,20.314,0.0256,2690146.45,"Pipeline Natural Gas","Diesel Oil","Combined cycle",,"Water Injection|Overfire Air|Selective Catalytic Reduction",,,"ARP, RGGI, SIPNOX"
"DE","Hay Road",7153,"7",2968,,2020,2622,2394.3,223037.58,,0.825,0.001,163442.46,0.059,24.05,0.0295,2750240.799,"Pipeline Natural Gas","Diesel Oil","Combined cycle",,"Water Injection|Overfire Air|Selective Catalytic Reduction",,,"ARP, RGGI, SIPNOX"
"IA","Lime Creek",7155,"**1",2969,,2020,21,14.91,288.9,,0.005,0.002,387.901,0.1509,0.667,0.2538,4823.384,"Diesel Oil",,"Combustion turbine",,"Water Injection",,,"ARP, CSNOX, CSOSG2, CSSO2G1"
"IA","Lime Creek",7155,"**2",2970,,2020,18,13.04,247.32,,0.004,0.0019,302.797,0.3462,0.484,0.2413,3765.065,"Diesel Oil",,"Combustion turbine",,"Water Injection",,,"ARP, CSNOX, CSOSG2, CSSO2G1"
"OH","Woodsdale",7158,"**GT1",2973,,2020,301,250.58,9541.28,,0.047,0.001,9243.519,0.0591,9.393,0.12,155548.921,"Pipeline Natural Gas","Diesel Oil","Combustion turbine",,"Water Injection",,,"ARP, CSNOX, CSOSG2, CSSO2G1"
"OH","Woodsdale",7158,"**GT2",2977,,2020,305,258.48,10430.91,,0.051,0.001,10004.636,0.0591,11.245,0.135,168345.791,"Pipeline Natural Gas","Diesel Oil","Combustion turbine",,"Water Injection",,,"ARP, CSNOX, CSOSG2, CSSO2G1"
"OH","Woodsdale",7158,"**GT3",2978,,2020,304,256.5,10135.95,,0.048,0.001,9528.85,0.0592,9.141,0.105,160311.445,"Pipeline Natural Gas","Diesel Oil","Combustion turbine",,"Water Injection",,,"ARP, CSNOX, CSOSG2, CSSO2G1"
"OH","Woodsdale",7158,"**GT4",2979,,2020,310,262.26,10681.49,,0.051,0.001,10036.204,0.0591,11.938,0.1446,168874.552,"Pipeline Natural Gas","Diesel Oil","Combustion turbine",,"Water Injection",,,"ARP, CSNOX, CSOSG2, CSSO2G1"
"OH","Woodsdale",7158,"**GT5",2980,,2020,320,266.56,11140.34,,0.061,0.0012,10386.355,0.0597,10.865,0.1198,174138.286,"Pipeline Natural Gas","Diesel Oil","Combustion turbine",,"Water Injection",,,"ARP, CSNOX, CSOSG2, CSSO2G1"
"OH","Woodsdale",7158,"**GT6",2981,,2020,338,279.59,11611.2,,0.073,0.0012,10889.139,0.0596,10.147,0.1066,181830.671,"Pipeline Natural Gas","Diesel Oil","Combustion turbine",,"Water Injection",,,"ARP, CSNOX, CSOSG2, CSSO2G1"
"WI","Concord",7159,"**1",2985,,2020,363,306.02,18840.13,,0.079,0.001,15696.49,0.0591,9.233,0.0687,264117.188,"Pipeline Natural Gas","Diesel Oil","Combustion turbine",,"Water Injection",,,"ARP, CSNOX, CSOSG2, CSSO2G1"
"WI","Concord",7159,"**2",2986,,2020,354,296.97,18007.2,,0.076,0.001,14968.119,0.059,9.901,0.0782,251883.2,"Pipeline Natural Gas","Diesel Oil","Combustion turbine",,"Water Injection",,,"ARP, CSNOX, CSOSG2, CSSO2G1"
"WI","Concord",7159,"**3",2987,,2020,537,460.34,26140.72,,0.113,0.001,22300.729,0.0591,13.345,0.0701,375232.308,"Pipeline Natural Gas","Diesel Oil","Combustion turbine",,"Water Injection",,,"ARP, CSNOX, CSOSG2, CSSO2G1"
"WI","Concord",7159,"**4",2988,,2020,485,413.3,25553.7,,0.106,0.001,21088.557,0.0591,13.266,0.0746,354854.381,"Pipeline Natural Gas","Diesel Oil","Combustion turbine",,"Water Injection",,,"ARP, CSNOX, CSOSG2, CSSO2G1"
"WI","South Fond Du Lac",7203,"**CT1",2999,,2020,169,149.62,6340.51,,0.033,0.001,6506.76,0.0591,3.218,0.0598,109492.154,"Pipeline Natural Gas",,"Combustion turbine",,"Water Injection",,,"ARP, CSNOX, CSOSG2, CSSO2G1"
"WI","South Fond Du Lac",7203,"**CT2",3000,,2020,178,157.83,6738.12,,0.035,0.001,6769.621,0.0588,4.23,0.0739,113890.589,"Pipeline Natural Gas",,"Combustion turbine",,"Water Injection",,,"ARP, CSNOX, CSOSG2, CSSO2G1"
"WI","South Fond Du Lac",7203,"**CT3",3001,,2020,190,165.46,7110.82,,0.046,0.0011,7188.41,0.0591,3.686,0.0614,120707.638,"Pipeline Natural Gas",,"Combustion turbine",,"Water Injection",,,"ARP, CSNOX, CSOSG2, CSSO2G1"
"WI","South Fond Du Lac",7203,"**CT4",3002,,2020,178,153.46,6786.54,,0.044,0.0011,6877.947,0.0591,3.814,0.069,115479.909,"Pipeline Natural Gas",,"Combustion turbine",,"Water Injection",,,"ARP, CSNOX, CSOSG2, CSSO2G1"
"SC","Cope Station",7210,"COP1",3006,,2020,3810,3800.36,1027723.63,,192.691,0.0346,693924.287,0.0696,432.07,0.0839,9646353.337,"Pipeline Natural Gas","Coal","Tangentially-fired","Dry Lime FGD","Selective Catalytic Reduction|Low NOx Burner Technology w/ Separated OFA","Baghouse",,"ARP, CSNOX, CSSO2G2, MATS, SIPNOX"
"VA","Darbytown Combustion Turbine",7212,"1",88242,"CP0",2020,146,130.62,8468.66,,1.083,0.0298,6676.4,0.0621,8.776,0.2428,109260.4,"Pipeline Natural Gas","Diesel Oil","Combustion turbine",,"Water Injection",,,"CSNOX, CSOSG2, CSSO2G1"
"VA","Darbytown Combustion Turbine",7212,"2",88243,"CP0",2020,430,391,26475.13,,1.816,0.0145,20246.7,0.0603,26.135,0.2125,336806.1,"Pipeline Natural Gas","Diesel Oil","Combustion turbine",,"Water Injection",,,"CSNOX, CSOSG2, CSSO2G1"
"VA","Darbytown Combustion Turbine",7212,"3",88244,"CP0",2020,311,275,18666.18,,1.938,0.0183,14647.6,0.0611,19.067,0.2317,241376.5,"Pipeline Natural Gas","Diesel Oil","Combustion turbine",,"Water Injection",,,"CSNOX, CSOSG2, CSSO2G1"
"VA","Darbytown Combustion Turbine",7212,"4",88245,"CP0",2020,847,760.85,51063.52,,2.317,0.0083,39322.6,0.0599,50.691,0.2188,658702.6,"Pipeline Natural Gas","Diesel Oil","Combustion turbine",,"Water Injection",,,"CSNOX, CSOSG2, CSSO2G1"
"VA","Clover Power Station",7213,"1",3007,,2020,2631,2618.2,701826.47,,195.724,0.0582,754672.395,0.103,1035.606,0.2588,7355491.689,"Coal",,"Tangentially-fired","Wet Limestone","Selective Non-catalytic Reduction|Other","Baghouse|Wet Scrubber",,"ARP, CSNOX, CSOSG2, CSSO2G1, MATS"
"VA","Clover Power Station",7213,"2",3008,,2020,2383,2368.78,658352.04,,182.752,0.0473,677579.766,0.103,948.29,0.2631,6604090.433,"Coal",,"Tangentially-fired","Wet Limestone","Selective Non-catalytic Reduction|Other","Baghouse|Wet Scrubber",,"ARP, CSNOX, CSOSG2, CSSO2G1, MATS"
"SD","Angus Anson",7237,"2",3041,,2020,152,137.21,9285.88,,0.037,0.001,7399.907,0.0602,4.623,0.0889,121623.656,"Pipeline Natural Gas","Diesel Oil","Combustion turbine",,"Water Injection",,,"ARP"
"SD","Angus Anson",7237,"3",3042,,2020,239,214.24,13418.77,,0.054,0.001,10761.025,0.0594,6.781,0.0877,179512.468,"Pipeline Natural Gas","Diesel Oil","Combustion turbine",,"Water Injection",,,"ARP"
"SD","Angus Anson",7237,"4",89387,,2020,979,885.92,116985.25,,0.407,0.001,80530.66,0.059,22.303,0.0422,1355109.114,"Pipeline Natural Gas",,"Combustion turbine",,"Dry Low NOx Burners",,,"ARP"
"FL","Cane Island",7238,"**1",3043,,2020,93,73.79,2024.5,,0.02,0.0028,1314.336,0.0603,0.964,0.1042,21862.962,"Pipeline Natural Gas","Diesel Oil","Combustion turbine",,"Dry Low NOx Burners|Water Injection",,,"ARP"
"FL","Cane Island",7238,"2",3044,,2020,4944,4923.95,435835.11,,1.002,0.001,198391.289,0.059,43.185,0.0261,3338298.907,"Pipeline Natural Gas","Diesel Oil","Combined cycle",,"Dry Low NOx Burners|Water Injection",,,"ARP"
"FL","Cane Island",7238,"3",3045,,2020,7544,7528.09,1508920.68,,3.227,0.001,639232.436,0.059,52.145,0.0104,10756221.628,"Pipeline Natural Gas","Diesel Oil","Combined cycle",,"Dry Low NOx Burners|Water Injection|Selective Catalytic Reduction",,,"ARP"
"FL","Cane Island",7238,"4",90643,,2020,7935,7928.04,2068283.97,,4.302,0.001,852213.178,0.059,41.398,0.0061,14340191.304,"Pipeline Natural Gas",,"Combined cycle",,"Selective Catalytic Reduction",,,"ARP"
"FL","Polk",7242,"**1",3047,,2020,3987,3966.01,456162.5,,1.594,0.001,314866.822,0.059,320.269,0.1231,5311486.47,"Pipeline Natural Gas","Other Gas","Integrated gasification combined cycle",,"Other",,,"ARP, MATS"
"FL","Polk",7242,"**2",3048,,2020,6390,6322.31,1417002.99,,9.385,0.0036,579292.118,0.059,37.908,0.0094,9743029.624,"Pipeline Natural Gas","Diesel Oil","Combined cycle",,"Selective Catalytic Reduction|Dry Low NOx Burners|Water Injection",,,"ARP"
"FL","Polk",7242,"**3",3049,,2020,7214,7120.76,1631442.02,,9.959,0.0037,651222.495,0.0591,44.634,0.0102,10953201.416,"Pipeline Natural Gas","Diesel Oil","Combined cycle",,"Selective Catalytic Reduction|Dry Low NOx Burners|Water Injection",,,"ARP"
"FL","Polk",7242,"**4",3050,,2020,7136,7046.41,1651147.17,,3.303,0.001,654345.937,0.059,43.167,0.0092,11010676.646,"Pipeline Natural Gas",,"Combined cycle",,"Selective Catalytic Reduction|Dry Low NOx Burners",,,"ARP"
"FL","Polk",7242,"**5",90101,,2020,6808,6745.36,1550429.23,,2.855,0.001,565578.821,0.059,37.397,0.0092,9516949.929,"Pipeline Natural Gas",,"Combined cycle",,"Selective Catalytic Reduction|Dry Low NOx Burners",,,"ARP"
"FL","Reedy Creek Central Energy Plant",7254,"32432",3061,,2020,144,95.42,0,,0,0,181.995,0.0589,0.107,0.0522,3061.823,"Pipeline Natural Gas","Diesel Oil","Combined cycle",,"Water Injection",,,"ARP"
"MI","48th Street Peaking Station",7258,"**7",3062,,2020,350,299.28,7178.27,,0.026,0.001,5232.147,0.0593,5.3,0.1186,88036.593,"Pipeline Natural Gas","Diesel Oil","Combustion turbine",,"Water Injection",,,"ARP, CSNOX, CSOSG2, CSSO2G1"
"MI","48th Street Peaking Station",7258,"**8",3063,,2020,111,84.3,2311.73,,0.008,0.001,1651.038,0.0593,1.809,0.1308,27782.699,"Pipeline Natural Gas","Diesel Oil","Combustion turbine",,"Water Injection",,,"ARP, CSNOX, CSOSG2, CSSO2G1"
"MI","48th Street Peaking Station",7258,"9",3064,,2020,1212,1076.48,68583.43,,0.238,0.001,47139.591,0.0591,15.875,0.0451,793175.449,"Pipeline Natural Gas",,"Combustion turbine",,"Dry Low NOx Burners",,,"ARP, CSNOX, CSOSG2, CSSO2G1"
"CA","Woodland Generation Station",7266,"1",3065,,2020,1519,1496.4,55525.77,,0.143,0.001,28248.06,0.0593,2.289,0.013,475237.499,"Pipeline Natural Gas","Diesel Oil","Combustion turbine",,"Water Injection|Selective Catalytic Reduction|Steam Injection",,,"ARP"
"CA","Woodland Generation Station",7266,"2",9046,,2020,7788,7773.39,353321.26,,0.88,0.001,174340.683,0.0592,9.965,0.0069,2933575.24,"Pipeline Natural Gas",,"Combined cycle",,"Water Injection|Selective Catalytic Reduction",,,"ARP"
"WI","Paris",7270,"**1",3066,,2020,282,228.95,13982.97,,0.059,0.001,11530.505,0.0592,8.906,0.0919,193544.436,"Pipeline Natural Gas",,"Combustion turbine",,"Water Injection",,,"ARP, CSNOX, CSOSG2, CSSO2G1"
"WI","Paris",7270,"**2",3067,,2020,216,182.14,11302.59,,0.047,0.001,9282.678,0.0592,6.363,0.0826,156003.54,"Pipeline Natural Gas",,"Combustion turbine",,"Water Injection",,,"ARP, CSNOX, CSOSG2, CSSO2G1"
"WI","Paris",7270,"**3",3068,,2020,431,362.79,22141.81,,0.091,0.001,17937.071,0.0591,12.058,0.0797,301819.508,"Pipeline Natural Gas",,"Combustion turbine",,"Water Injection",,,"ARP, CSNOX, CSOSG2, CSSO2G1"
"WI","Paris",7270,"**4",3069,,2020,357,297.37,18888.2,,0.077,0.001,15239.61,0.0591,9.614,0.077,256031.984,"Pipeline Natural Gas",,"Combustion turbine",,"Water Injection",,,"ARP, CSNOX, CSOSG2, CSSO2G1"
"NC","Lincoln Combustion Turbine",7277,"1",3070,,2020,45,34.3,2054.53,,0.01,0.001,1691.46,0.0595,1.177,0.0829,28366.826,"Diesel Oil","Pipeline Natural Gas","Combustion turbine",,"Water Injection",,,"ARP, CSNOX, CSSO2G1, SIPNOX"
"NC","Lincoln Combustion Turbine",7277,"10",3071,,2020,21,14.96,977.46,,0.005,0.002,760.162,0.0618,0.527,0.096,12720.349,"Diesel Oil","Pipeline Natural Gas","Combustion turbine",,"Water Injection",,,"ARP, CSNOX, CSSO2G1, SIPNOX"
"NC","Lincoln Combustion Turbine",7277,"11",3072,,2020,29,21.66,1502.11,,0.007,0.0017,1168.566,0.061,0.895,0.0974,19578.727,"Diesel Oil","Pipeline Natural Gas","Combustion turbine",,"Water Injection",,,"ARP, CSNOX, CSSO2G1, SIPNOX"
"NC","Lincoln Combustion Turbine",7277,"12",3073,,2020,24,15.77,1081.04,,0.005,0.002,782.256,0.0636,0.552,0.1015,13103.424,"Diesel Oil","Pipeline Natural Gas","Combustion turbine",,"Water Injection",,,"ARP, CSNOX, CSSO2G1, SIPNOX"
"NC","Lincoln Combustion Turbine",7277,"13",3074,,2020,21,14.65,1014.98,,0.005,0.0014,799.864,0.0602,0.596,0.0894,13395.02,"Diesel Oil","Pipeline Natural Gas","Combustion turbine",,"Water Injection",,,"ARP, CSNOX, CSSO2G1, SIPNOX"
"NC","Lincoln Combustion Turbine",7277,"14",3075,,2020,24,17.21,1192.3,,0.006,0.0019,944.22,0.0613,0.717,0.0979,15798.315,"Diesel Oil","Pipeline Natural Gas","Combustion turbine",,"Water Injection",,,"ARP, CSNOX, CSSO2G1, SIPNOX"
"NC","Lincoln Combustion Turbine",7277,"15",3076,,2020,22,15.89,1168.17,,0.005,0.0016,889.619,0.0607,0.62,0.0897,14912.722,"Diesel Oil","Pipeline Natural Gas","Combustion turbine",,"Water Injection",,,"ARP, CSNOX, CSSO2G1, SIPNOX"
"NC","Lincoln Combustion Turbine",7277,"16",3077,,2020,25,18.37,1297.77,,0.006,0.0015,991.756,0.0605,0.674,0.0869,16626.426,"Diesel Oil","Pipeline Natural Gas","Combustion turbine",,"Water Injection",,,"ARP, CSNOX, CSSO2G1, SIPNOX"
"NC","Lincoln Combustion Turbine",7277,"17",91324,,2020,167,134.03,32241.71,,4.559,0.028,19555.38,0.059,13.847,0.0906,329059.896,"Natural Gas","Diesel Oil","Combustion turbine (Started May 08, 2020)",,"Dry Low NOx Burners|Selective Catalytic Reduction",,,"ARP, CSNOX, CSSO2G1"
"NC","Lincoln Combustion Turbine",7277,"2",3078,,2020,44,34.57,2171.67,,0.01,0.0013,1767.85,0.0599,1.235,0.0862,29642.932,"Diesel Oil","Pipeline Natural Gas","Combustion turbine",,"Water Injection",,,"ARP, CSNOX, CSSO2G1, SIPNOX"
"NC","Lincoln Combustion Turbine",7277,"3",3079,,2020,41,30.49,1853.44,,0.009,0.0019,1476.9,0.0615,1.034,0.0936,24704.049,"Diesel Oil","Pipeline Natural Gas","Combustion turbine",,"Water Injection",,,"ARP, CSNOX, CSSO2G1, SIPNOX"
"NC","Lincoln Combustion Turbine",7277,"4",3080,,2020,33,24.8,1554.33,,0.008,0.0017,1236.84,0.061,0.852,0.0902,20701.473,"Diesel Oil","Pipeline Natural Gas","Combustion turbine",,"Water Injection",,,"ARP, CSNOX, CSSO2G1, SIPNOX"
"NC","Lincoln Combustion Turbine",7277,"5",3081,,2020,28,21.14,1261.15,,0.007,0.0014,1040.574,0.0604,0.713,0.0866,17386.973,"Diesel Oil","Pipeline Natural Gas","Combustion turbine",,"Water Injection",,,"ARP, CSNOX, CSSO2G1, SIPNOX"
"NC","Lincoln Combustion Turbine",7277,"6",3082,,2020,29,20.35,1197.94,,0.006,0.0017,987.559,0.061,0.657,0.0889,16525.453,"Diesel Oil","Pipeline Natural Gas","Combustion turbine",,"Water Injection",,,"ARP, CSNOX, CSSO2G1, SIPNOX"
"NC","Lincoln Combustion Turbine",7277,"7",3083,,2020,37,27.42,1879.16,,0.009,0.0017,1457.262,0.0593,0.989,0.0894,24414.5,"Diesel Oil","Pipeline Natural Gas","Combustion turbine",,"Water Injection",,,"ARP, CSNOX, CSSO2G1, SIPNOX"
"NC","Lincoln Combustion Turbine",7277,"8",3084,,2020,42,32.52,2202.93,,0.01,0.0016,1718.295,0.0593,1.157,0.0877,28793.575,"Diesel Oil","Pipeline Natural Gas","Combustion turbine",,"Water Injection",,,"ARP, CSNOX, CSSO2G1, SIPNOX"
"NC","Lincoln Combustion Turbine",7277,"9",3085,,2020,27,17.72,1106.96,,0.005,0.0017,896.949,0.0608,0.662,0.0926,15023.469,"Diesel Oil","Pipeline Natural Gas","Combustion turbine",,"Water Injection",,,"ARP, CSNOX, CSSO2G1, SIPNOX"
"NJ","Sherman Avenue",7288,"1",3086,,2020,293,236.93,16770.48,,0.065,0.001,12892.044,0.0591,7.859,0.0721,216920.721,"Pipeline Natural Gas","Diesel Oil","Combustion turbine",,"Water Injection",,,"ARP, CSNOX, CSOSG2, CSSO2G1, RGGI"
"MO","State Line (MO)",7296,"1",3087,,2020,1658,1582.71,126434.22,,0.309,0.0011,50101.566,0.0592,33.575,0.0814,842133.545,"Pipeline Natural Gas","Diesel Oil","Combustion turbine",,"Dry Low NOx Burners|Water Injection",,,"ARP, CSNOX, CSOSG2, CSSO2G1"
"MO","State Line (MO)",7296,"2-1",3088,,2020,6503,6480.33,1442321.79,,2.868,0.001,568114.369,0.059,66.299,0.0146,9559603.329,"Pipeline Natural Gas",,"Combined cycle",,"Selective Catalytic Reduction",,,"ARP, CSNOX, CSOSG2, CSSO2G1"
"MO","State Line (MO)",7296,"2-2",3089,,2020,6287,6258.11,1388614.72,,2.739,0.001,542452.236,0.059,65.811,0.0152,9127897.032,"Pipeline Natural Gas",,"Combined cycle",,"Selective Catalytic Reduction",,,"ARP, CSNOX, CSOSG2, CSSO2G1"
"FL","Hines Energy Complex",7302,"1A",3090,,2020,6666,6649,862436.73,,2.847,0.001,565853.155,0.059,179.123,0.0399,9521543.814,"Pipeline Natural Gas","Diesel Oil","Combined cycle",,"Dry Low NOx Burners|Selective Catalytic Reduction",,,"ARP"
"FL","Hines Energy Complex",7302,"1B",3091,,2020,6756,6743.38,885398.5,,2.883,0.001,576251.232,0.059,175.218,0.0367,9696535.597,"Pipeline Natural Gas","Diesel Oil","Combined cycle",,"Dry Low NOx Burners|Selective Catalytic Reduction",,,"ARP"
"FL","Hines Energy Complex",7302,"2A",10029,,2020,6514,6500.14,916032.37,,3.095,0.001,613399.934,0.059,63.39,0.0134,10321563.354,"Pipeline Natural Gas","Diesel Oil","Combined cycle",,"Dry Low NOx Burners|Water Injection|Selective Catalytic Reduction",,,"ARP"
"FL","Hines Energy Complex",7302,"2B",10030,,2020,6610,6597.23,926831.64,,3.15,0.001,624508.539,0.059,62.989,0.0125,10508600.619,"Pipeline Natural Gas","Diesel Oil","Combined cycle",,"Dry Low NOx Burners|Water Injection|Selective Catalytic Reduction",,,"ARP"
"FL","Hines Energy Complex",7302,"3A",89245,,2020,7302,7276.87,1005230.6,,3.323,0.001,652671.264,0.059,48.739,0.0092,10981933.06,"Pipeline Natural Gas","Diesel Oil","Combined cycle",,"Dry Low NOx Burners|Water Injection|Selective Catalytic Reduction",,,"ARP"
"FL","Hines Energy Complex",7302,"3B",89246,,2020,7193,7161.13,992961.87,,3.773,0.0011,644071.286,0.0591,47.91,0.0097,10824613.931,"Pipeline Natural Gas","Diesel Oil","Combined cycle",,"Dry Low NOx Burners|Water Injection|Selective Catalytic Reduction",,,"ARP"
"FL","Hines Energy Complex",7302,"4A",90110,,2020,6913,6882.31,964985.14,,3.161,0.001,622362.955,0.059,43.94,0.0096,10472410.314,"Pipeline Natural Gas","Diesel Oil","Combined cycle",,"Dry Low NOx Burners|Water Injection|Selective Catalytic Reduction",,,"ARP"
"FL","Hines Energy Complex",7302,"4B",90111,,2020,6724,6698.86,939670.34,,3.095,0.001,606876.536,0.059,42.893,0.0112,10211934.805,"Pipeline Natural Gas","Diesel Oil","Combined cycle",,"Dry Low NOx Burners|Water Injection|Selective Catalytic Reduction",,,"ARP"
"CA","Redding Power Plant",7307,"5",9189,,2020,4266,4250.54,182819.87,,0.44,0.001,87223.081,0.0593,2.994,0.0047,1467640.014,"Pipeline Natural Gas",,"Combined cycle",,"Other",,,"ARP"
"CA","Redding Power Plant",7307,"6",89746,,2020,3654,3644.22,157153.47,,0.381,0.001,75477.266,0.0593,2.729,0.0049,1270029.88,"Pipeline Natural Gas",,"Combustion turbine",,"Other",,,"ARP"
"NY","Richard M Flynn (Holtsville)",7314,"001",3092,,2020,4793,4723.8,383398.55,,2.627,0.0017,278476.368,0.0591,76.412,0.0363,4680842.066,"Pipeline Natural Gas","Diesel Oil","Combined cycle",,"Dry Low NOx Burners",,,"ARP, CSNOX, CSOSG2, CSSO2G1, RGGI"
"CA","Almond Power Plant",7315,"1",3093,,2020,2224,2073.31,73578.81,,0.208,0.001,41169.565,0.0593,4.209,0.0223,692707.361,"Pipeline Natural Gas",,"Combustion turbine",,"Selective Catalytic Reduction|Steam Injection",,,"ARP"
"CA","Almond Power Plant",7315,"2",90500,,2020,1103,982.52,37755.63,,0.113,0.001,22475.023,0.0592,1.627,0.013,378205.017,"Pipeline Natural Gas",,"Combustion turbine",,"Water Injection|Selective Catalytic Reduction",,,"ARP"
"CA","Almond Power Plant",7315,"3",90501,,2020,1873,1738.52,68225.59,,0.204,0.001,40443.313,0.0592,2.85,0.0117,680520.975,"Pipeline Natural Gas",,"Combustion turbine",,"Water Injection|Selective Catalytic Reduction",,,"ARP"
"CA","Almond Power Plant",7315,"4",90502,,2020,2355,2104.96,82873.13,,0.245,0.001,48550.491,0.0592,3.542,0.0156,816982.89,"Pipeline Natural Gas",,"Combustion turbine",,"Water Injection|Selective Catalytic Reduction",,,"ARP"
"DE","Van Sant",7318,"**11",3094,,2020,322,243.83,6896.86,,0.044,0.0018,6053.573,0.0607,7.039,0.1452,99860.114,"Pipeline Natural Gas","Diesel Oil","Combustion turbine",,"Water Injection",,,"ARP, RGGI, SIPNOX"
"TX","San Jacinto Steam Electric Station",7325,"SJS1",3095,"CP1",2020,6706,6693.62,440322.17,,1.822,0.001,360978.655,0.059,62.021,0.0203,6073546.994,"Pipeline Natural Gas",,"Combustion turbine",,"Dry Low NOx Burners|Water Injection",,,"ARP, CSOSG2"
"TX","San Jacinto Steam Electric Station",7325,"SJS2",3096,"CP1",2020,7318,7303.81,491586.07,,2.014,0.001,398912.226,0.059,81.774,0.0243,6711759.375,"Pipeline Natural Gas",,"Combustion turbine",,"Dry Low NOx Burners|Water Injection",,,"ARP, CSOSG2"
"IN","Richmond (IN)",7335,"RCT1",3097,,2020,110,90.57,2716.56,,0.204,0.0118,2158.865,0.0623,2.47,0.1432,34566.23,"Pipeline Natural Gas","Diesel Oil","Combustion turbine",,"Water Injection",,,"ARP, CSNOX, CSOSG2, CSSO2G1"
"IN","Richmond (IN)",7335,"RCT2",3098,,2020,117,94.87,2892.52,,0.248,0.017,2296.359,0.0632,2.432,0.1352,36686.827,"Pipeline Natural Gas","Diesel Oil","Combustion turbine",,"Water Injection",,,"ARP, CSNOX, CSOSG2, CSSO2G1"
"IN","Anderson",7336,"ACT1",3099,,2020,78,58.91,1667.19,,0.007,0.0009,1292.977,0.0541,1.424,0.1302,21703.737,"Pipeline Natural Gas","Diesel Oil","Combustion turbine",,"Water Injection",,,"ARP, CSNOX, CSOSG2, CSSO2G1"
"IN","Anderson",7336,"ACT2",3100,,2020,99,79.53,2188.41,,0.011,0.0012,1710.898,0.0595,2.092,0.1451,28703.911,"Pipeline Natural Gas","Diesel Oil","Combustion turbine",,"Water Injection",,,"ARP, CSNOX, CSOSG2, CSSO2G1"
"IN","Anderson",7336,"ACT3",9578,,2020,117,93.77,5389.91,,0.033,0.0015,4552.961,0.0594,1.33,0.0351,76391.063,"Pipeline Natural Gas","Diesel Oil","Combustion turbine",,"Dry Low NOx Burners|Water Injection",,,"ARP, CSNOX, CSOSG2, CSSO2G1"
"IA","George Neal South",7343,"4",3101,,2020,1803,1798.5,759336,,1203.38,0.3299,748335.05,0.105,628.925,0.1609,7135139.05,"Coal","Diesel Oil","Dry bottom wall-fired boiler","Dry Lime FGD","Low NOx Burner Technology w/ Overfire Air|Selective Non-catalytic Reduction","Baghouse|Electrostatic Precipitator",,"ARP, CSNOX, CSOSG2, CSSO2G1, MATS"
"FL","University of Florida",7345,"1",3102,,2020,7286,7258.98,,824006.74,0.808,0.001,160133.469,0.0592,88.869,0.0688,2694912.61,"Pipeline Natural Gas",,"Combined cycle",,"Steam Injection",,,"ARP"
"GA","Robins",7348,"CT1",3103,,2020,182,182,10656,,0.518,0.0119,7034.5,0.0595,41.968,0.711,118520.8,"Pipeline Natural Gas","Diesel Oil","Combustion turbine",,"Water Injection",,,"ARP, CSNOX, CSOSG1, CSSO2G2"
"GA","Robins",7348,"CT2",3104,,2020,239,239,13052,,0.464,0.0073,8710.8,0.0593,51.856,0.7064,146954.3,"Pipeline Natural Gas","Diesel Oil","Combustion turbine",,"Water Injection",,,"ARP, CSNOX, CSOSG1, CSSO2G2"
"OR","Coyote Springs",7350,"CTG1",3105,,2020,6653,6640.69,1639970.19,,3.357,0.001,665012.792,0.059,76.455,0.0144,11190107.192,"Pipeline Natural Gas","Diesel Oil","Combined cycle",,"Water Injection|Dry Low NOx Burners|Selective Catalytic Reduction",,,"ARP"
"OR","Coyote Springs",7350,"CTG2",3106,,2020,6748,6737.26,1793122.03,,3.639,0.001,720925.135,0.059,87.082,0.0151,12130963.981,"Pipeline Natural Gas",,"Combined cycle",,"Dry Low NOx Burners|Selective Catalytic Reduction",,,"ARP"
"FL","Midulla Generating Station",7380,"1",8366,,2020,8449,8436.99,1434714.31,,4.534,0.001,898108.512,0.059,223.074,0.0295,15112423.359,"Pipeline Natural Gas","Diesel Oil","Combined cycle",,"Dry Low NOx Burners|Water Injection|Selective Catalytic Reduction",,,"ARP"
"FL","Midulla Generating Station",7380,"2",8368,,2020,8307,8296.87,1412580.92,,4.546,0.001,900507.431,0.059,224.653,0.0297,15152687.012,"Pipeline Natural Gas","Diesel Oil","Combined cycle",,"Dry Low NOx Burners|Water Injection|Selective Catalytic Reduction",,,"ARP"
"FL","Midulla Generating Station",7380,"4A",89703,,2020,511,414.51,9626.24,,0.034,0.001,6586.737,0.0593,4.756,0.0972,110808.073,"Pipeline Natural Gas","Diesel Oil","Combustion turbine",,"Dry Low NOx Burners|Water Injection",,,"ARP"
"FL","Midulla Generating Station",7380,"4B",89704,,2020,501,406.79,9281.81,,0.032,0.001,6230.145,0.0593,4.747,0.1038,104811.801,"Pipeline Natural Gas","Diesel Oil","Combustion turbine",,"Dry Low NOx Burners|Water Injection",,,"ARP"
"FL","Midulla Generating Station",7380,"5A",89705,,2020,888,736,17345.19,,0.059,0.0021,11548.793,0.0593,8.119,0.0938,194289.724,"Pipeline Natural Gas","Diesel Oil","Combustion turbine",,"Dry Low NOx Burners|Water Injection",,,"ARP"
"FL","Midulla Generating Station",7380,"5B",89706,,2020,864,721.54,16122.67,,0.057,0.001,11226.912,0.0594,7.714,0.0923,188876.951,"Pipeline Natural Gas","Diesel Oil","Combustion turbine",,"Dry Low NOx Burners|Water Injection",,,"ARP"
"FL","Midulla Generating Station",7380,"6A",89707,,2020,287,216.21,5173.65,,0.018,0.001,3478.012,0.0594,2.387,0.0998,58512.291,"Pipeline Natural Gas","Diesel Oil","Combustion turbine",,"Dry Low NOx Burners|Water Injection",,,"ARP"
"FL","Midulla Generating Station",7380,"6B",89708,,2020,300,224.61,5232.11,,0.018,0.001,3530.153,0.0594,2.486,0.1026,59385.338,"Pipeline Natural Gas","Diesel Oil","Combustion turbine",,"Dry Low NOx Burners|Water Injection",,,"ARP"
"FL","Midulla Generating Station",7380,"7A",89709,,2020,1004,811.05,18163.71,,0.063,0.001,12297.172,0.0593,8.58,0.0972,206919.757,"Pipeline Natural Gas","Diesel Oil","Combustion turbine",,"Dry Low NOx Burners|Water Injection",,,"ARP"
"FL","Midulla Generating Station",7380,"7B",89710,,2020,1003,812.67,18972.45,,0.065,0.001,12825.932,0.0594,8.733,0.0953,215814.034,"Pipeline Natural Gas","Diesel Oil","Combustion turbine",,"Dry Low NOx Burners|Water Injection",,,"ARP"
"FL","Midulla Generating Station",7380,"8A",89711,,2020,276,220.74,5232.26,,0.018,0.001,3469.433,0.0594,2.552,0.095,58356.335,"Pipeline Natural Gas","Diesel Oil","Combustion turbine",,"Dry Low NOx Burners|Water Injection",,,"ARP"
"FL","Midulla Generating Station",7380,"8B",89712,,2020,185,144.54,3309.67,,0.012,0.001,2275.363,0.0594,1.529,0.0942,38266.195,"Pipeline Natural Gas","Diesel Oil","Combustion turbine",,"Dry Low NOx Burners|Water Injection",,,"ARP"
"IL","Interstate",7425,"1",3116,,2020,385,335.93,27851.33,,0.108,0.0009,21265.749,0.0592,29.224,0.158,357420.039,"Pipeline Natural Gas","Diesel Oil","Combustion turbine",,"Water Injection",,,"ARP, CSNOX, CSOSG2, CSSO2G1"
"CA","NCPA Combustion Turbine Project #2",7449,"NA1",3117,,2020,853,775.3,34731.91,,0.083,0.001,16469.095,0.0593,1.896,0.0212,277134.767,"Pipeline Natural Gas",,"Combustion turbine",,"Selective Catalytic Reduction",,,"ARP"
"ID","Rathdrum Combustion Turbine Project",7456,"1",3118,,2020,1188,1115.15,78100.15,,0.231,0.001,45677.645,0.059,14.03,0.0409,768624.006,"Pipeline Natural Gas",,"Combustion turbine",,"Dry Low NOx Burners",,,"ARP"
"ID","Rathdrum Combustion Turbine Project",7456,"2",3119,,2020,1380,1293.68,82249.91,,0.231,0.001,45833.66,0.0591,14.15,0.0416,771257.399,"Pipeline Natural Gas",,"Combustion turbine",,"Dry Low NOx Burners",,,"ARP"
"WY","Neil Simpson II",7504,"001",3120,,2020,8305,8292.41,718622.8,,316.227,0.0716,916904.336,0.105,660.681,0.15,8742420.393,"Coal",,"Dry bottom wall-fired boiler","Dry Lime FGD","Low NOx Burner Technology w/ Overfire Air","Electrostatic Precipitator","Other (Non PAC) Sorbent Injection","ARP, MATS"
"WY","Neil Simpson II",7504,"CT1",3121,,2020,2461,2191.74,63748.46,,0.218,0.001,43172.289,0.0593,23.461,0.0654,726465.483,"Pipeline Natural Gas",,"Combustion turbine",,"Dry Low NOx Burners",,,"ARP"
"KS","McPherson Municipal Power Plant #3",7515,"1",3124,,2020,237,206.77,9943.26,,0.038,0.001,7571.567,0.0601,10.59,0.1715,124964.692,"Pipeline Natural Gas","Diesel Oil","Combustion turbine",,"Water Injection",,,"ARP, CSNOX, CSOSG2, CSSO2G2"
"CA","Carson Power Plant",7527,"1",3125,,2020,6174,6143.55,235740.22,,0.636,0.001,124043.86,0.0593,6.892,0.0069,2083073.675,"Natural Gas","Other Gas","Combined cycle",,"Water Injection|Selective Catalytic Reduction",,,"ARP"
"CA","Carson Power Plant",7527,"2",3126,,2020,279,228.55,6838.53,,0.022,0.001,4307.879,0.0593,0.625,0.0237,72484.134,"Natural Gas",,"Combustion turbine",,"Water Injection|Selective Catalytic Reduction",,,"ARP"
"CA","Procter and Gamble Power Plant",7551,"1A",3129,,2020,8070,8052.77,341679.01,,0.859,0.001,170061.513,0.0592,10.386,0.0073,2861618.467,"Pipeline Natural Gas",,"Combined cycle",,"Selective Catalytic Reduction",,,"ARP"
"CA","Procter and Gamble Power Plant",7551,"1B",3130,,2020,7179,7144.58,310615.1,,0.836,0.001,165539.314,0.0592,9.769,0.0071,2785516.809,"Pipeline Natural Gas",,"Combined cycle",,"Selective Catalytic Reduction",,,"ARP"
"CA","Procter and Gamble Power Plant",7551,"1C",3131,,2020,477,402.17,15622,,0.043,0.001,8561.977,0.0593,0.698,0.0134,144072.53,"Pipeline Natural Gas",,"Combustion turbine",,"Selective Catalytic Reduction",,,"ARP"
"CA","Campbell Power Plant",7552,"1",3132,,2020,4756,4747.27,626486.37,,1.372,0.001,271681.184,0.059,21.688,0.0098,4571568.546,"Pipeline Natural Gas",,"Combined cycle",,"Selective Catalytic Reduction",,,"ARP"
"MO","St. Francis Power Plant",7604,"1",3135,,2020,2282,2218.62,407274.8,,0.915,0.001,181219.569,0.059,18.458,0.0144,3049327.758,"Pipeline Natural Gas",,"Combined cycle",,"Dry Low NOx Burners|Selective Catalytic Reduction",,,"ARP, CSNOX, CSOSG2, CSSO2G1"
"MO","St. Francis Power Plant",7604,"2",3136,,2020,3188,3100.93,573794.85,,1.254,0.001,248463.146,0.059,16.435,0.0104,4180894.212,"Pipeline Natural Gas",,"Combined cycle",,"Dry Low NOx Burners|Selective Catalytic Reduction",,,"ARP, CSNOX, CSOSG2, CSSO2G1"
"WA","River Road",7605,"1",3137,,2020,6557,6545.33,1649795.38,,3.162,0.001,699342.272,0.059,80.693,0.0164,11767962.942,"Natural Gas",,"Combined cycle",,"Selective Catalytic Reduction",,,"ARP"
"AL","Washington County Cogen (Olin)",7697,"CC1",3139,,2020,7433,7427,1065879,,2.349,0.001,471835.7,0.059,151.856,0.0383,7939410.125,"Pipeline Natural Gas","Process Gas","Combined cycle",,"Dry Low NOx Burners",,,"ARP, CSNOX, CSOSG2, CSSO2G2"
"AL","SABIC Innovative Plastics - Burkville",7698,"CC1",3140,,2020,8691,8687.75,900489.75,,1.853,0.001,367013.7,0.059,90.953,0.0295,6175748.55,"Pipeline Natural Gas","Process Gas","Combined cycle",,"Dry Low NOx Burners",,,"ARP, CSNOX, CSOSG2, CSSO2G2"
"FL","Tiger Bay",7699,"1",3141,,2020,4095,4083.99,517366.3,,1.718,0.001,340251.62,0.059,83.542,0.0305,5725426.534,"Pipeline Natural Gas",,"Combined cycle",,"Dry Low NOx Burners",,,"ARP"
"PA","Fairless Hills Generating Station",7701,"PHBLR4",3143,"CP1",2020,3559,3558.48,,751875.88,24.059,0.0408,,,23.289,0.0402,1186720.456,"Other Gas","Pipeline Natural Gas","Dry bottom wall-fired boiler",,"Low NOx Burner Technology (Dry Bottom only)",,,"CSNOX, CSOSG2, CSSO2G1"
"PA","Fairless Hills Generating Station",7701,"PHBLR5",3144,"CP1",2020,0,0,,,,,,,,,,"Other Gas","Pipeline Natural Gas","Dry bottom wall-fired boiler",,"Low NOx Burner Technology (Dry Bottom only)",,,"CSNOX, CSOSG2, CSSO2G1"
"AL","Plant H. Allen Franklin",7710,"1A",3285,,2020,7164,7142.25,1937805.25,,3.835,0.001,759638.925,0.059,54.815,0.0098,12782405.175,"Pipeline Natural Gas",,"Combined cycle",,"Dry Low NOx Burners|Selective Catalytic Reduction",,,"ARP, CSNOX, CSOSG2, CSSO2G2"
"AL","Plant H. Allen Franklin",7710,"1B",3286,,2020,7160,7142.5,1949562.25,,3.818,0.001,756347.45,0.059,53.898,0.0093,12726980.725,"Pipeline Natural Gas",,"Combined cycle",,"Dry Low NOx Burners|Selective Catalytic Reduction",,,"ARP, CSNOX, CSOSG2, CSSO2G2"
"AL","Plant H. Allen Franklin",7710,"2A",3287,,2020,8235,8212.5,2256019,,4.647,0.001,920534,0.059,65.302,0.0093,15489736.5,"Pipeline Natural Gas",,"Combined cycle",,"Dry Low NOx Burners|Selective Catalytic Reduction",,,"ARP, CSNOX, CSOSG2, CSSO2G2"
"AL","Plant H. Allen Franklin",7710,"2B",3288,,2020,8294,8269.75,2293364,,4.659,0.001,922829.4,0.059,64.98,0.0092,15528437.55,"Pipeline Natural Gas",,"Combined cycle",,"Dry Low NOx Burners|Selective Catalytic Reduction",,,"ARP, CSNOX, CSOSG2, CSSO2G2"
"AL","Plant H. Allen Franklin",7710,"3A",3289,,2020,8064,8039.5,2286607,,4.691,0.001,929276.075,0.059,64.272,0.0092,15636884.175,"Pipeline Natural Gas",,"Combined cycle",,"Dry Low NOx Burners|Selective Catalytic Reduction",,,"ARP, CSNOX, CSOSG2, CSSO2G2"
"AL","Plant H. Allen Franklin",7710,"3B",3290,,2020,8014,7977.5,2252427.25,,4.578,0.001,906817.75,0.059,65.915,0.0101,15258931.5,"Pipeline Natural Gas",,"Combined cycle",,"Dry Low NOx Burners|Selective Catalytic Reduction",,,"ARP, CSNOX, CSOSG2, CSSO2G2"
"AL","Theodore Cogeneration",7721,"CC1",3151,,2020,8538,8534.75,2066916,,3.975,0.001,787360.525,0.059,48.445,0.0075,13248743.35,"Pipeline Natural Gas",,"Combined cycle",,"Dry Low NOx Burners|Selective Catalytic Reduction",,,"ARP, CSNOX, CSOSG2, CSSO2G2"
"SC","WestRock Charleston Kraft, LLC",7737,"B001",88328,,2020,2874,2870.02,,2188383.38,,,,,458.358,0.2923,3188532.685,"Coal","Diesel Oil, Wood","Dry bottom wall-fired boiler",,,"Baghouse",,"SIPNOX"
"SC","WestRock Charleston Kraft, LLC",7737,"B002",88329,,2020,330,308.97,,36027.39,,,,,4.207,0.1479,56088.5,"Natural Gas","Diesel Oil","Dry bottom wall-fired boiler",,,,,"SIPNOX"
"SC","WestRock Charleston Kraft, LLC",7737,"B003",88330,,2020,524,479.14,,46894.07,,,,,5.573,0.1501,74309.4,"Natural Gas","Diesel Oil","Dry bottom wall-fired boiler",,,,,"SIPNOX"
"SC","WestRock Charleston Kraft, LLC",7737,"B004",88331,,2020,500,467.69,,48287.68,,,,,5.276,0.1499,70350.6,"Natural Gas","Diesel Oil","Dry bottom wall-fired boiler",,,,,"SIPNOX"
"MO","Essex Power Plant",7749,"1",3152,,2020,1069,975.64,89790.46,,0.319,0.001,63140.718,0.059,51.623,0.1013,1062467.131,"Pipeline Natural Gas",,"Combustion turbine",,"Dry Low NOx Burners",,,"ARP, CSNOX, CSOSG2, CSSO2G1"
"MO","Nodaway Power Plant",7754,"1",3153,,2020,78,65.34,4883.58,,0.019,0.001,3689.726,0.0591,2.844,0.0888,62076.02,"Pipeline Natural Gas",,"Combustion turbine",,"Dry Low NOx Burners",,,"ARP, CSNOX, CSOSG2, CSSO2G1"
"MO","Nodaway Power Plant",7754,"2",3154,,2020,68,52.17,3696.36,,0.014,0.001,2814.238,0.0565,2.055,0.0851,47347.905,"Pipeline Natural Gas",,"Combustion turbine",,"Dry Low NOx Burners",,,"ARP, CSNOX, CSOSG2, CSSO2G1"
"OK","Chouteau Power Plant",7757,"1",3155,,2020,7523,7489.08,1585584.26,,3.435,0.001,680323.38,0.059,155.189,0.0273,11447797.792,"Pipeline Natural Gas",,"Combined cycle",,"Dry Low NOx Burners|Selective Catalytic Reduction",,,"ARP, CSOSG2"
"OK","Chouteau Power Plant",7757,"2",3156,,2020,7578,7554.17,1606415.22,,3.41,0.001,675383.628,0.059,157.023,0.0277,11364636.377,"Pipeline Natural Gas",,"Combined cycle",,"Dry Low NOx Burners|Selective Catalytic Reduction",,,"ARP, CSOSG2"
"OK","Chouteau Power Plant",7757,"3",90617,,2020,6660,6615.13,1514143.14,,3.016,0.001,597354.113,0.059,16.852,0.0038,10051673.774,"Pipeline Natural Gas",,"Combined cycle",,"Dry Low NOx Burners|Selective Catalytic Reduction",,,"ARP, CSOSG2"
"OK","Chouteau Power Plant",7757,"4",90618,,2020,6973,6940.95,1570594.97,,3.181,0.001,630172.516,0.059,19.065,0.004,10603851.645,"Pipeline Natural Gas",,"Combined cycle",,"Dry Low NOx Burners|Selective Catalytic Reduction",,,"ARP, CSOSG2"
"IN","Georgetown Substation",7759,"GT1",3163,,2020,826,764.28,47951.98,,0.177,0.001,35030.549,0.0591,6.98,0.024,589492.091,"Pipeline Natural Gas",,"Combustion turbine",,"Dry Low NOx Burners",,,"ARP, CSNOX, CSOSG2, CSSO2G1"
"IN","Georgetown Substation",7759,"GT2",3164,,2020,1206,1040.9,70281.91,,0.252,0.001,49915.571,0.0591,11.052,0.0256,839915.02,"Pipeline Natural Gas",,"Combustion turbine",,"Dry Low NOx Burners",,,"ARP, CSNOX, CSOSG2, CSSO2G1"
"IN","Georgetown Substation",7759,"GT3",3165,,2020,1129,979.78,65431.58,,0.236,0.001,46783.662,0.0591,12.137,0.029,787236.906,"Pipeline Natural Gas",,"Combustion turbine",,"Dry Low NOx Burners",,,"ARP, CSNOX, CSOSG2, CSSO2G1"
"IN","Georgetown Substation",7759,"GT4",3166,,2020,901,836.16,52592.88,,0.2,0.001,39592.704,0.059,8.442,0.0253,666228.664,"Pipeline Natural Gas",,"Combustion turbine",,"Dry Low NOx Burners",,,"ARP, CSNOX, CSOSG2, CSSO2G1"
"IL","Tilton Power Station",7760,"1",3167,,2020,972,851.13,29130.33,,0.088,0.001,17423.406,0.0593,14.637,0.1054,293176.864,"Pipeline Natural Gas",,"Combustion turbine",,"Water Injection",,,"ARP, CSNOX, CSOSG2, CSSO2G1"
"IL","Tilton Power Station",7760,"2",3168,,2020,995,868.18,29708.5,,0.092,0.001,18152.317,0.0593,14.933,0.1062,305463.508,"Pipeline Natural Gas",,"Combustion turbine",,"Water Injection",,,"ARP, CSNOX, CSOSG2, CSSO2G1"
"IL","Tilton Power Station",7760,"3",3169,,2020,976,860.33,29553.94,,0.088,0.001,17494.494,0.0593,16.523,0.1164,294367.799,"Pipeline Natural Gas",,"Combustion turbine",,"Water Injection",,,"ARP, CSNOX, CSOSG2, CSSO2G1"
"IL","Tilton Power Station",7760,"4",3170,,2020,930,818.27,28291.56,,0.088,0.001,17500.638,0.0593,19.011,0.1255,294458.013,"Pipeline Natural Gas",,"Combustion turbine",,"Water Injection",,,"ARP, CSNOX, CSOSG2, CSSO2G1"
"TX","Calpine Hidalgo Energy Center",7762,"HRSG1",3171,,2020,5954,5862.46,1266990.45,,2.636,0.001,522208.813,0.059,178.709,0.0438,8787193.591,"Pipeline Natural Gas",,"Combined cycle",,"Dry Low NOx Burners",,,"ARP, CSOSG2"
"TX","Calpine Hidalgo Energy Center",7762,"HRSG2",3172,,2020,6038,5919.7,1285291.97,,2.735,0.001,541747.161,0.059,156.171,0.0362,9115982.312,"Pipeline Natural Gas",,"Combined cycle",,"Dry Low NOx Burners",,,"ARP, CSOSG2"
"IN","Henry County Generating Station",7763,"1",3173,,2020,2285,2027.64,74358.95,,0.23,0.001,45549.882,0.0592,32.785,0.096,766464.547,"Pipeline Natural Gas",,"Combustion turbine",,"Water Injection",,,"ARP, CSNOX, CSOSG2, CSSO2G1"
"IN","Henry County Generating Station",7763,"2",3174,,2020,3182,2836.62,104606.82,,0.328,0.001,64951.334,0.0592,46.545,0.0963,1092959.307,"Pipeline Natural Gas",,"Combustion turbine",,"Water Injection",,,"ARP, CSNOX, CSOSG2, CSSO2G1"
"IN","Henry County Generating Station",7763,"3",3175,,2020,2898,2576.56,104620.6,,0.319,0.001,63166.446,0.0592,45.686,0.097,1062879.48,"Pipeline Natural Gas",,"Combustion turbine",,"Water Injection",,,"ARP, CSNOX, CSOSG2, CSSO2G1"
"GA","MPC Generating",7764,"1",3176,,2020,39,24.85,3186.24,,0.011,0.0007,2237.37,0.0664,2.021,0.14,36662.965,"Pipeline Natural Gas","Diesel Oil","Combustion turbine",,"Water Injection",,,"ARP, CSNOX, CSOSG1, CSSO2G2"
"GA","MPC Generating",7764,"2",3177,,2020,32,23.6,3262.11,,0.011,0.0008,2271.229,0.0632,2.03,0.1268,37373.702,"Pipeline Natural Gas","Diesel Oil","Combustion turbine",,"Water Injection",,,"ARP, CSNOX, CSOSG1, CSSO2G2"
"GA","Dahlberg (Jackson County)",7765,"1",3178,,2020,1267,1116.88,79104.7,,0.304,0.001,61139.018,0.1003,13.568,0.0325,1012245.45,"Pipeline Natural Gas","Diesel Oil","Combustion turbine",,"Dry Low NOx Burners|Water Injection",,,"ARP, CSNOX, CSOSG1, CSSO2G2"
"GA","Dahlberg (Jackson County)",7765,"10",3179,,2020,415,365.51,27547.45,,0.099,0.001,19838.303,0.1201,4.286,0.0327,328229.783,"Pipeline Natural Gas","Diesel Oil","Combustion turbine",,"Dry Low NOx Burners|Water Injection",,,"ARP, CSNOX, CSOSG1, CSSO2G2"
"GA","Dahlberg (Jackson County)",7765,"2",3186,,2020,440,388.03,28379.49,,0.107,0.001,21413.699,0.1076,4.631,0.0321,354440.162,"Pipeline Natural Gas","Diesel Oil","Combustion turbine",,"Dry Low NOx Burners|Water Injection",,,"ARP, CSNOX, CSOSG1, CSSO2G2"
"GA","Dahlberg (Jackson County)",7765,"3",3187,,2020,1330,1163.56,84800.39,,0.315,0.001,63339.849,0.1418,14.276,0.0325,1048607.737,"Pipeline Natural Gas","Diesel Oil","Combustion turbine",,"Dry Low NOx Burners|Water Injection",,,"ARP, CSNOX, CSOSG1, CSSO2G2"
"GA","Dahlberg (Jackson County)",7765,"4",3188,,2020,301,266.34,19545.63,,0.079,0.001,15755.89,0.1048,3.099,0.0299,260725.415,"Pipeline Natural Gas","Diesel Oil","Combustion turbine",,"Dry Low NOx Burners|Water Injection",,,"ARP, CSNOX, CSOSG1, CSSO2G2"
"GA","Dahlberg (Jackson County)",7765,"5",3189,,2020,1252,1095.77,78630.33,,0.298,0.001,59873.094,0.1906,13.42,0.0331,991290.573,"Pipeline Natural Gas","Diesel Oil","Combustion turbine",,"Dry Low NOx Burners|Water Injection",,,"ARP, CSNOX, CSOSG1, CSSO2G2"
"GA","Dahlberg (Jackson County)",7765,"6",3190,,2020,399,352.95,25698.32,,0.091,0.001,18244.366,1.4767,4.021,0.0323,302017.352,"Pipeline Natural Gas","Diesel Oil","Combustion turbine",,"Dry Low NOx Burners|Water Injection",,,"ARP, CSNOX, CSOSG1, CSSO2G2"
"GA","Dahlberg (Jackson County)",7765,"7",3191,,2020,1150,1016.5,71607.07,,0.272,0.001,54638.761,0.5871,13.604,0.035,904648.929,"Pipeline Natural Gas","Diesel Oil","Combustion turbine",,"Dry Low NOx Burners|Water Injection",,,"ARP, CSNOX, CSOSG1, CSSO2G2"
"GA","Dahlberg (Jackson County)",7765,"8",3192,,2020,389,344.05,24684.11,,0.093,0.001,18729.01,0.0982,4.856,0.0368,310129.111,"Pipeline Natural Gas","Diesel Oil","Combustion turbine",,"Dry Low NOx Burners|Water Injection",,,"ARP, CSNOX, CSOSG1, CSSO2G2"
"GA","Dahlberg (Jackson County)",7765,"9",3193,,2020,1218,1068.01,79664.46,,0.288,0.001,57864.735,0.1149,12.794,0.0323,958211.815,"Pipeline Natural Gas","Diesel Oil","Combustion turbine",,"Dry Low NOx Burners|Water Injection",,,"ARP, CSNOX, CSOSG1, CSSO2G2"
"GA","Sowega Power Project",7768,"CT2",3194,,2020,902,755.97,33827.26,,0.098,0.001,19367.357,0.0592,16.753,0.1193,325910.836,"Pipeline Natural Gas","Diesel Oil","Combustion turbine",,"Water Injection",,,"ARP, CSNOX, CSOSG1, CSSO2G2"
"GA","Sowega Power Project",7768,"CT3",3195,,2020,1041,883.52,40861.05,,0.122,0.001,24114.25,0.0592,19.075,0.1021,405721.182,"Pipeline Natural Gas","Diesel Oil","Combustion turbine",,"Water Injection",,,"ARP, CSNOX, CSOSG1, CSSO2G2"
"OH","Omega JV2 Hamilton",7782,"P001",3225,,2020,132,108.26,2706.75,,0.011,0.0008,2094.3,0.059,12.432,0.7001,35517.4,"Pipeline Natural Gas",,"Combustion turbine",,"Water Injection",,,"ARP, CSNOX, CSOSG2, CSSO2G1"
"OH","Omega JV2 Bowling Green",7783,"P001",3226,,2020,118,99.4,2304.61,,0.008,0.0006,1616.3,0.059,9.59,0.7001,27400.7,"Pipeline Natural Gas",,"Combustion turbine",,"Water Injection",,,"ARP, CSNOX, CSOSG2, CSSO2G1"
"UT","Bonanza",7790,"1-1",3228,,2020,8564,8558.72,3474281.35,,764.865,0.0426,3575733.558,0.103,4268.091,0.2368,34851215.795,"Coal","Diesel Oil","Dry bottom wall-fired boiler","Wet Limestone","Low NOx Burner Technology (Dry Bottom only)","Baghouse",,"ARP, MATS"
"NC","Richmond County Plant",7805,"1",3235,,2020,2145,1927.7,274676.94,,0.878,0.001,171757.075,0.0591,54.169,0.0448,2886556.301,"Natural Gas","Diesel Oil","Combustion turbine",,"Dry Low NOx Burners|Water Injection",,,"ARP, CSNOX, CSSO2G1, SIPNOX"
"NC","Richmond County Plant",7805,"10",90495,,2020,7661,7651.87,2225980.85,,4.618,0.001,911109.629,0.059,43.632,0.0061,15331105.949,"Natural Gas","Diesel Oil","Combined cycle",,"Dry Low NOx Burners|Water Injection|Selective Catalytic Reduction",,,"ARP, CSNOX, CSSO2G1, SIPNOX"
"NC","Richmond County Plant",7805,"2",3236,,2020,2180,1963.13,285350.26,,0.881,0.001,174619.357,0.0591,50.554,0.0426,2937583.503,"Natural Gas","Diesel Oil","Combustion turbine",,"Dry Low NOx Burners|Water Injection",,,"ARP, CSNOX, CSSO2G1, SIPNOX"
"NC","Richmond County Plant",7805,"3",3237,,2020,1979,1762.05,247350.95,,0.822,0.001,160330.822,0.0591,53.605,0.0503,2693204.024,"Natural Gas","Diesel Oil","Combustion turbine",,"Dry Low NOx Burners|Water Injection",,,"ARP, CSNOX, CSSO2G1, SIPNOX"
"NC","Richmond County Plant",7805,"4",3238,,2020,1417,1281.66,184331.47,,0.605,0.001,118587.296,0.0591,35.593,0.0428,1993644.223,"Natural Gas","Diesel Oil","Combustion turbine",,"Dry Low NOx Burners|Water Injection",,,"ARP, CSNOX, CSSO2G1, SIPNOX"
"NC","Richmond County Plant",7805,"6",3240,,2020,2070,1838.72,261275.66,,0.842,0.001,166232.723,0.059,48.314,0.0424,2795251.906,"Natural Gas","Diesel Oil","Combustion turbine",,"Dry Low NOx Burners|Water Injection",,,"ARP, CSNOX, CSSO2G1, SIPNOX"
"NC","Richmond County Plant",7805,"7",3241,,2020,6549,6526.61,992299.68,,3.229,0.001,639714.961,0.059,40.743,0.0091,10764432.437,"Natural Gas","Diesel Oil","Combined cycle",,"Dry Low NOx Burners|Water Injection|Selective Catalytic Reduction",,,"ARP, CSNOX, CSSO2G1, SIPNOX"
"NC","Richmond County Plant",7805,"8",3242,,2020,6486,6470.95,975615.45,,3.171,0.001,628027.384,0.059,44.057,0.0099,10567723.317,"Natural Gas","Diesel Oil","Combined cycle",,"Dry Low NOx Burners|Water Injection|Selective Catalytic Reduction",,,"ARP, CSNOX, CSSO2G1, SIPNOX"
"NC","Richmond County Plant",7805,"9",90494,,2020,7649,7640.67,2225682.39,,4.627,0.001,912879.542,0.059,45.116,0.0062,15360892.487,"Natural Gas","Diesel Oil","Combined cycle",,"Dry Low NOx Burners|Water Injection|Selective Catalytic Reduction",,,"ARP, CSNOX, CSSO2G1, SIPNOX"
"GA","Sewell Creek Energy",7813,"1",3243,,2020,829,713.16,64975.09,,0.234,0.001,46340.787,0.059,14.169,0.0447,779757.207,"Pipeline Natural Gas",,"Combustion turbine",,"Dry Low NOx Burners",,,"ARP, CSNOX, CSOSG1, CSSO2G2"
"GA","Sewell Creek Energy",7813,"2",3244,,2020,909,791.96,73056.82,,0.26,0.001,51512.116,0.059,15.339,0.0447,866808.994,"Pipeline Natural Gas",,"Combustion turbine",,"Dry Low NOx Burners",,,"ARP, CSNOX, CSOSG1, CSSO2G2"
"GA","Sewell Creek Energy",7813,"3",3245,,2020,1035,904.37,100383.09,,0.34,0.001,67285.224,0.059,44.665,0.0883,1132216.265,"Pipeline Natural Gas",,"Combustion turbine",,"Dry Low NOx Burners",,,"ARP, CSNOX, CSOSG1, CSSO2G2"
"GA","Sewell Creek Energy",7813,"4",3246,,2020,1661,1480.14,166066.02,,0.558,0.001,110603.492,0.059,70.124,0.081,1861118.701,"Pipeline Natural Gas",,"Combustion turbine",,"Dry Low NOx Burners",,,"ARP, CSNOX, CSOSG1, CSSO2G2"
"IL","Alsey Station",7818,"ACT1",89336,,2020,139,119.18,2975.81,,0.014,0.001,,,5.777,0.2434,47425.21,"Pipeline Natural Gas",,"Combustion turbine",,"Water Injection",,,"CSNOX, CSOSG2, CSSO2G1"
"IL","Alsey Station",7818,"ACT2",89337,,2020,151,125.38,2842.34,,0.015,0.001,,,5.288,0.2126,49752.591,"Pipeline Natural Gas",,"Combustion turbine",,"Water Injection",,,"CSNOX, CSOSG2, CSSO2G1"
"IL","Alsey Station",7818,"ACT5",89338,,2020,113,92.61,2008.73,,0.01,0.001,,,5.623,0.3148,33938.07,"Pipeline Natural Gas",,"Combustion turbine",,,,,"CSNOX, CSOSG2, CSSO2G1"
"IL","Alsey Station",7818,"ACT6",91126,,2020,351,291.74,11709.65,,0.035,0.001,6981.494,0.0592,4.44,0.0923,117478.328,"Pipeline Natural Gas","Diesel Oil","Combustion turbine",,"Water Injection",,,"ARP, CSNOX, CSOSG2, CSSO2G1"
"AR","Fulton",7825,"CT1",3247,,2020,576,540.51,71817.86,,0.226,0.001,44726.938,0.059,20.498,0.0628,752603.74,"Pipeline Natural Gas",,"Combustion turbine",,"Dry Low NOx Burners",,,"ARP, CSOSG2"
"NC","Plant Rowan County",7826,"1",3248,,2020,1045,913.75,131257.47,,0.429,0.001,84992.069,0.0591,22.646,0.0387,1429762.585,"Pipeline Natural Gas","Diesel Oil","Combustion turbine",,"Dry Low NOx Burners|Water Injection",,,"ARP, CSNOX, CSSO2G1, SIPNOX"
"NC","Plant Rowan County",7826,"2",3249,,2020,174,154.91,24563.42,,0.078,0.001,15516.019,0.0593,4.253,0.0402,260786.711,"Pipeline Natural Gas","Diesel Oil","Combustion turbine",,"Dry Low NOx Burners|Water Injection",,,"ARP, CSNOX, CSSO2G1, SIPNOX"
"NC","Plant Rowan County",7826,"3",3250,,2020,1308,1137.51,166563.7,,0.558,0.001,110551.693,0.0591,31.105,0.0417,1859838.388,"Pipeline Natural Gas","Diesel Oil","Combustion turbine",,"Dry Low NOx Burners|Water Injection",,,"ARP, CSNOX, CSSO2G1, SIPNOX"
"NC","Plant Rowan County",7826,"4",3251,,2020,7992,7923.08,1326925.5,,4.173,0.001,826685.043,0.059,72.68,0.012,13910631.192,"Pipeline Natural Gas","Diesel Oil","Combined cycle",,"Dry Low NOx Burners|Selective Catalytic Reduction",,,"ARP, CSNOX, CSSO2G1, SIPNOX"
"NC","Plant Rowan County",7826,"5",3252,,2020,8143,8100.37,1360457.57,,4.266,0.001,845056.821,0.059,73.363,0.0112,14219666.484,"Pipeline Natural Gas",,"Combined cycle",,"Dry Low NOx Burners|Selective Catalytic Reduction",,,"ARP, CSNOX, CSSO2G1, SIPNOX"
"GA","Smarr Energy Facility",7829,"1",3255,,2020,1621,1447.11,135215.32,,0.571,0.001,113045.99,0.059,39.022,0.049,1902225.875,"Pipeline Natural Gas",,"Combustion turbine",,"Dry Low NOx Burners",,,"ARP, CSNOX, CSOSG1, CSSO2G2"
"GA","Smarr Energy Facility",7829,"2",3256,,2020,1564,1382.35,127511.12,,0.48,0.001,95143.598,0.059,31.591,0.0471,1600963.405,"Pipeline Natural Gas",,"Combustion turbine",,"Dry Low NOx Burners",,,"ARP, CSNOX, CSOSG1, CSSO2G2"
"SC","John S. Rainey Generating Station",7834,"CT1A",3260,,2020,8109,8102.87,1278448.19,,4.034,0.001,799156.625,0.059,114.305,0.017,13447365.103,"Pipeline Natural Gas","Diesel Oil","Combined cycle",,"Selective Catalytic Reduction|Dry Low NOx Burners|Water Injection",,,"ARP, CSNOX, CSSO2G2, SIPNOX"
"SC","John S. Rainey Generating Station",7834,"CT1B",3261,,2020,7758,7752.95,1211306.7,,3.823,0.001,757227.486,0.059,100.043,0.0155,12741751.898,"Pipeline Natural Gas","Diesel Oil","Combined cycle",,"Selective Catalytic Reduction|Dry Low NOx Burners|Water Injection",,,"ARP, CSNOX, CSSO2G2, SIPNOX"
"SC","John S. Rainey Generating Station",7834,"CT2A",3262,,2020,5789,5751,832914.53,,2.705,0.001,535899.194,0.059,128.326,0.0291,9017599.726,"Pipeline Natural Gas","Diesel Oil","Combustion turbine",,"Dry Low NOx Burners|Water Injection",,,"ARP, CSNOX, CSSO2G2, SIPNOX"
"SC","John S. Rainey Generating Station",7834,"CT2B",3263,,2020,5558,5504.49,799430.17,,2.543,0.001,503708.198,0.059,120.825,0.0294,8475922.847,"Pipeline Natural Gas","Diesel Oil","Combustion turbine",,"Dry Low NOx Burners|Water Injection",,,"ARP, CSNOX, CSSO2G2, SIPNOX"
"SC","John S. Rainey Generating Station",7834,"CT3",88287,,2020,667,599.06,36276.2,,0.14,0.0009,27292.3,0.059,6.475,0.0279,462490.1,"Pipeline Natural Gas",,"Combustion turbine",,,,,"ARP, CSNOX, CSSO2G2, SIPNOX"
"SC","John S. Rainey Generating Station",7834,"CT4",88288,,2020,585,528.21,30987.78,,0.122,0.001,23638.3,0.059,5.608,0.028,400641.2,"Pipeline Natural Gas",,"Combustion turbine",,,,,"ARP, CSNOX, CSSO2G2, SIPNOX"
"SC","John S. Rainey Generating Station",7834,"CT5",88289,,2020,507,449.76,26548.78,,0.103,0.0009,20214.5,0.0591,4.796,0.0281,342599.9,"Pipeline Natural Gas",,"Combustion turbine",,,,,"ARP, CSNOX, CSSO2G2, SIPNOX"
"MD","Rock Springs Generating Facility",7835,"1",3264,,2020,420,380.18,62212.2,,0.199,0.001,39347.282,0.059,10.418,0.0373,662083.357,"Pipeline Natural Gas",,"Combustion turbine",,"Dry Low NOx Burners",,,"ARP, CSNOX, CSOSG2, CSSO2G1, RGGI"
"MD","Rock Springs Generating Facility",7835,"2",3265,,2020,378,337.59,54281.69,,0.174,0.001,34401.349,0.059,9.716,0.041,578867.496,"Pipeline Natural Gas",,"Combustion turbine",,"Dry Low NOx Burners",,,"ARP, CSNOX, CSOSG2, CSSO2G1, RGGI"
"MD","Rock Springs Generating Facility",7835,"3",3266,,2020,512,458.27,74747.92,,0.241,0.001,47759.007,0.059,13.035,0.0401,803645.527,"Pipeline Natural Gas",,"Combustion turbine",,"Dry Low NOx Burners",,,"ARP, CSNOX, CSOSG2, CSSO2G1, RGGI"
"MD","Rock Springs Generating Facility",7835,"4",3267,,2020,487,434.65,69832.01,,0.227,0.001,45018.807,0.059,12.609,0.0406,757520.153,"Pipeline Natural Gas",,"Combustion turbine",,"Dry Low NOx Burners",,,"ARP, CSNOX, CSOSG2, CSSO2G1, RGGI"
"VA","Marsh Run Generation Facility",7836,"EU1",3270,,2020,1459,1307.21,205701.2,,0.63,0.001,124783.542,0.0592,31.057,0.035,2099560.361,"Pipeline Natural Gas","Diesel Oil","Combustion turbine",,"Dry Low NOx Burners|Water Injection",,,"ARP, CSNOX, CSOSG2, CSSO2G1"
"VA","Marsh Run Generation Facility",7836,"EU2",3271,,2020,1367,1232.02,189088.75,,0.595,0.001,117961.421,0.0591,31.999,0.0406,1983987.228,"Pipeline Natural Gas","Diesel Oil","Combustion turbine",,"Dry Low NOx Burners|Water Injection",,,"ARP, CSNOX, CSOSG2, CSSO2G1"
"VA","Marsh Run Generation Facility",7836,"EU3",3272,,2020,1333,1195.3,181791.13,,0.569,0.001,112771.949,0.059,33.766,0.0441,1897519.664,"Pipeline Natural Gas","Diesel Oil","Combustion turbine",,"Dry Low NOx Burners|Water Injection",,,"ARP, CSNOX, CSOSG2, CSSO2G1"
"VA","Louisa Generation Facility",7837,"EU1",3274,,2020,757,665.9,50234.04,,0.182,0.001,36020.569,0.059,8.19,0.0342,606054.219,"Pipeline Natural Gas","Diesel Oil","Combustion turbine",,"Dry Low NOx Burners|Water Injection",,,"ARP, CSNOX, CSOSG2, CSSO2G1"
"VA","Louisa Generation Facility",7837,"EU2",3275,,2020,777,685.04,50990.01,,0.18,0.001,35644.979,0.0591,7.683,0.0334,599748.49,"Pipeline Natural Gas","Diesel Oil","Combustion turbine",,"Dry Low NOx Burners|Water Injection",,,"ARP, CSNOX, CSOSG2, CSSO2G1"
"VA","Louisa Generation Facility",7837,"EU3",3276,,2020,745,657.77,48647.43,,0.171,0.001,33827.59,0.0591,7.999,0.0332,569173.617,"Pipeline Natural Gas","Diesel Oil","Combustion turbine",,"Dry Low NOx Burners|Water Injection",,,"ARP, CSNOX, CSOSG2, CSSO2G1"
"VA","Louisa Generation Facility",7837,"EU4",3277,,2020,695,609.49,46060.88,,0.16,0.001,31667.331,0.0593,7.994,0.0391,532554.273,"Pipeline Natural Gas","Diesel Oil","Combustion turbine",,"Dry Low NOx Burners|Water Injection",,,"ARP, CSNOX, CSOSG2, CSSO2G1"
"VA","Louisa Generation Facility",7837,"EU5",3278,,2020,1196,1062.59,165535.65,,0.51,0.001,100894.215,0.0591,29.368,0.0439,1697603.086,"Pipeline Natural Gas","Diesel Oil","Combustion turbine",,"Dry Low NOx Burners|Water Injection",,,"ARP, CSNOX, CSOSG2, CSSO2G1"
"VA","Remington Combustion Turbine Station",7838,"1",3281,,2020,1648,1473.03,209603.39,,0.641,0.001,126365.734,0.059,34.624,0.0438,2126260.628,"Pipeline Natural Gas","Diesel Oil","Combustion turbine",,"Dry Low NOx Burners|Water Injection",,,"ARP, CSNOX, CSOSG2, CSSO2G1"
"VA","Remington Combustion Turbine Station",7838,"2",3282,,2020,1264,1113.8,157496.19,,0.652,0.0012,95074.693,0.0592,27.056,0.0446,1594996.461,"Pipeline Natural Gas","Diesel Oil","Combustion turbine",,"Dry Low NOx Burners|Water Injection",,,"ARP, CSNOX, CSOSG2, CSSO2G1"
"VA","Remington Combustion Turbine Station",7838,"3",3283,,2020,1490,1335.95,193955,,0.614,0.001,114963.371,0.0591,27.863,0.0346,1933586.147,"Pipeline Natural Gas","Diesel Oil","Combustion turbine",,"Dry Low NOx Burners|Water Injection",,,"ARP, CSNOX, CSOSG2, CSSO2G1"
"VA","Remington Combustion Turbine Station",7838,"4",3284,,2020,1131,994.89,136787.83,,0.449,0.0011,83310.013,0.0591,22.095,0.0424,1401106.738,"Pipeline Natural Gas","Diesel Oil","Combustion turbine",,"Dry Low NOx Burners|Water Injection",,,"ARP, CSNOX, CSOSG2, CSSO2G1"
"VA","Ladysmith Combustion Turbine Sta",7839,"1",3279,,2020,1051,962.57,145371.92,,0.615,0.0013,87074.898,0.0592,22.38,0.0378,1460445.718,"Pipeline Natural Gas","Diesel Oil","Combustion turbine",,"Dry Low NOx Burners|Water Injection",,,"ARP, CSNOX, CSOSG2, CSSO2G1"
"VA","Ladysmith Combustion Turbine Sta",7839,"2",3280,,2020,1803,1657.13,250579.11,,0.99,0.0012,146141.805,0.0592,37.295,0.0374,2452012.752,"Pipeline Natural Gas","Diesel Oil","Combustion turbine",,"Dry Low NOx Burners|Water Injection",,,"ARP, CSNOX, CSOSG2, CSSO2G1"
"VA","Ladysmith Combustion Turbine Sta",7839,"3",90273,,2020,1894,1734.7,277722.74,,1.234,0.0013,163997.442,0.0593,40.67,0.0342,2746840.441,"Pipeline Natural Gas","Diesel Oil","Combustion turbine",,"Dry Low NOx Burners|Water Injection",,,"ARP, CSNOX, CSOSG2, CSSO2G1"
"VA","Ladysmith Combustion Turbine Sta",7839,"4",90274,,2020,2245,2078.67,340344.09,,1.038,0.001,198705.023,0.0591,47.673,0.0323,3342576.259,"Pipeline Natural Gas","Diesel Oil","Combustion turbine",,"Dry Low NOx Burners|Water Injection",,,"ARP, CSNOX, CSOSG2, CSSO2G1"
"VA","Ladysmith Combustion Turbine Sta",7839,"5",90276,,2020,1020,925.81,144703.53,,1.208,0.0021,86930.196,0.0602,27.098,0.0452,1433956.354,"Pipeline Natural Gas","Diesel Oil","Combustion turbine",,"Dry Low NOx Burners|Water Injection",,,"ARP, CSNOX, CSOSG2, CSSO2G1"
"IL","Freedom Power Project",7842,"CT1",3293,,2020,31,22.78,924.4,,0.003,0.001,548.616,0.0592,0.419,0.0939,9231.402,"Pipeline Natural Gas",,"Combustion turbine",,"Water Injection",,,"ARP, CSNOX, CSOSG2, CSSO2G1"
"MN","Pleasant Valley Station",7843,"11",3294,,2020,233,183.73,17156.23,,0.063,0.001,12541.766,0.059,10.98,0.1074,211035.987,"Pipeline Natural Gas","Diesel Oil","Combustion turbine",,"Dry Low NOx Burners|Water Injection",,,"ARP, CSNOX, CSSO2G2"
"MN","Pleasant Valley Station",7843,"12",3295,,2020,115,91.27,8214.35,,0.031,0.001,6156.353,0.059,3.9,0.0804,103594.345,"Pipeline Natural Gas","Diesel Oil","Combustion turbine",,"Dry Low NOx Burners|Water Injection",,,"ARP, CSNOX, CSSO2G2"
"MN","Pleasant Valley Station",7843,"13",3296,,2020,60,51.86,4320.22,,0.016,0.001,3266.722,0.0591,1.974,0.0791,54964.49,"Pipeline Natural Gas","Diesel Oil","Combustion turbine",,"Dry Low NOx Burners|Water Injection",,,"ARP, CSNOX, CSSO2G2"
"MN","Minnesota River Station",7844,"U001",3297,,2020,39,18.85,718.13,,0.001,0.0006,251.873,0.0583,0.42,0.198,4237.891,"Pipeline Natural Gas","Diesel Oil","Combustion turbine",,"Dry Low NOx Burners",,,"ARP, CSNOX, CSSO2G2"
"TN","Lagoon Creek",7845,"LCC1",90421,,2020,6905,6882.35,1879630.82,,3.446,0.001,682663.012,0.059,59.485,0.011,11487126.429,"Pipeline Natural Gas",,"Combined cycle",,"Dry Low NOx Burners|Selective Catalytic Reduction",,,"ARP, CSNOX, CSOSG2, CSSO2G1"
"TN","Lagoon Creek",7845,"LCC2",90422,,2020,6948,6927.82,1769387.26,,3.417,0.001,676787.363,0.059,61.232,0.0114,11388264.407,"Pipeline Natural Gas",,"Combined cycle",,"Dry Low NOx Burners|Selective Catalytic Reduction",,,"ARP, CSNOX, CSOSG2, CSSO2G1"
"TN","Lagoon Creek",7845,"LCT1",3298,,2020,230,196.24,13342.14,,0.089,0.0025,10049.167,0.0597,2.557,0.0363,168489.919,"Diesel Oil","Pipeline Natural Gas","Combustion turbine",,"Dry Low NOx Burners|Water Injection",,,"ARP, CSNOX, CSOSG2, CSSO2G1"
"TN","Lagoon Creek",7845,"LCT10",3299,,2020,293,255.41,18193.82,,0.092,0.0017,13087.849,0.0593,3.585,0.0384,219834.667,"Diesel Oil","Pipeline Natural Gas","Combustion turbine",,"Dry Low NOx Burners|Water Injection",,,"ARP, CSNOX, CSOSG2, CSSO2G1"
"TN","Lagoon Creek",7845,"LCT11",3300,,2020,291,248.39,15830.91,,0.123,0.002,12348.069,0.0595,3.071,0.0389,206849.711,"Diesel Oil","Pipeline Natural Gas","Combustion turbine",,"Dry Low NOx Burners|Water Injection",,,"ARP, CSNOX, CSOSG2, CSSO2G1"
"TN","Lagoon Creek",7845,"LCT12",3301,,2020,299,260.63,17346.96,,0.088,0.0016,12779.967,0.0593,2.776,0.0329,214705.656,"Diesel Oil","Pipeline Natural Gas","Combustion turbine",,"Dry Low NOx Burners|Water Injection",,,"ARP, CSNOX, CSOSG2, CSSO2G1"
"TN","Lagoon Creek",7845,"LCT2",3302,,2020,175,146.54,10289.54,,0.07,0.0028,7393.851,0.0599,1.907,0.0392,123897.969,"Diesel Oil","Pipeline Natural Gas","Combustion turbine",,"Dry Low NOx Burners|Water Injection",,,"ARP, CSNOX, CSOSG2, CSSO2G1"
"TN","Lagoon Creek",7845,"LCT3",3303,,2020,277,242.38,17092.47,,0.117,0.0019,12295.563,0.0594,3.078,0.0356,206028.638,"Diesel Oil","Pipeline Natural Gas","Combustion turbine",,"Dry Low NOx Burners|Water Injection",,,"ARP, CSNOX, CSOSG2, CSSO2G1"
"TN","Lagoon Creek",7845,"LCT4",3304,,2020,296,257.91,18078.52,,0.089,0.0014,13002.955,0.0592,3.163,0.0354,218439.762,"Diesel Oil","Pipeline Natural Gas","Combustion turbine",,"Dry Low NOx Burners|Water Injection",,,"ARP, CSNOX, CSOSG2, CSSO2G1"
"TN","Lagoon Creek",7845,"LCT5",3305,,2020,315,275.27,18418.53,,0.107,0.0025,13675.508,0.0597,3.148,0.0353,229520.462,"Diesel Oil","Pipeline Natural Gas","Combustion turbine",,"Dry Low NOx Burners|Water Injection",,,"ARP, CSNOX, CSOSG2, CSSO2G1"
"TN","Lagoon Creek",7845,"LCT6",3306,,2020,312,266.64,18317.79,,0.069,0.0019,13595.015,0.0594,3.088,0.0341,228757.935,"Diesel Oil","Pipeline Natural Gas","Combustion turbine",,"Dry Low NOx Burners|Water Injection",,,"ARP, CSNOX, CSOSG2, CSSO2G1"
"TN","Lagoon Creek",7845,"LCT7",3307,,2020,294,258.27,17840.11,,0.115,0.002,12950.177,0.0595,3.149,0.0354,217149.826,"Diesel Oil","Pipeline Natural Gas","Combustion turbine",,"Dry Low NOx Burners|Water Injection",,,"ARP, CSNOX, CSOSG2, CSSO2G1"
"TN","Lagoon Creek",7845,"LCT8",3308,,2020,277,241.69,16493.75,,0.122,0.0024,11949.152,0.0597,3.266,0.0398,200097.981,"Diesel Oil","Pipeline Natural Gas","Combustion turbine",,"Dry Low NOx Burners|Water Injection",,,"ARP, CSNOX, CSOSG2, CSSO2G1"
"TN","Lagoon Creek",7845,"LCT9",3309,,2020,318,277.52,19033.54,,0.083,0.0014,13647.949,0.0592,2.985,0.0333,229455.26,"Diesel Oil","Pipeline Natural Gas","Combustion turbine",,"Dry Low NOx Burners|Water Injection",,,"ARP, CSNOX, CSOSG2, CSSO2G1"
"FL","Brandy Branch",7846,"1",3310,,2020,1898,1736.89,229054.2,,0.649,0.001,128453.765,0.0591,36.73,0.0391,2160894.152,"Pipeline Natural Gas","Diesel Oil","Combustion turbine",,"Dry Low NOx Burners|Water Injection",,,"ARP"
"FL","Brandy Branch",7846,"2",3311,,2020,8758,8752.1,1699606.12,,5.09,0.001,1008240.391,0.059,84.723,0.01,16965468.488,"Pipeline Natural Gas","Diesel Oil","Combined cycle",,"Dry Low NOx Burners|Selective Catalytic Reduction|Water Injection",,,"ARP"
"FL","Brandy Branch",7846,"3",3312,,2020,8649,8639.15,1670710.17,,5.046,0.001,999644.451,0.059,92.218,0.011,16820949.631,"Pipeline Natural Gas","Diesel Oil","Combined cycle",,"Dry Low NOx Burners|Selective Catalytic Reduction|Water Injection",,,"ARP"
"MO","Holden Power Plant",7848,"1",3316,,2020,499,438.05,36402.93,,0.136,0.001,26931.883,0.059,5.741,0.0336,453181.859,"Pipeline Natural Gas","Diesel Oil","Combustion turbine",,"Dry Low NOx Burners|Water Injection",,,"ARP, CSNOX, CSOSG2, CSSO2G1"
"MO","Holden Power Plant",7848,"2",3317,,2020,1042,914.16,74779.53,,0.304,0.0011,56024.951,0.0591,12.202,0.0329,942026.506,"Pipeline Natural Gas","Diesel Oil","Combustion turbine",,"Dry Low NOx Burners|Water Injection",,,"ARP, CSNOX, CSOSG2, CSSO2G1"
"MO","Holden Power Plant",7848,"3",3318,,2020,1606,1382.97,112101.12,,0.424,0.001,81807.703,0.059,17.703,0.0354,1376201.306,"Pipeline Natural Gas","Diesel Oil","Combustion turbine",,"Dry Low NOx Burners|Water Injection",,,"ARP, CSNOX, CSOSG2, CSSO2G1"
"IL","MEPI GT Facility",7858,"1",3322,,2020,160,133.9,4431.78,,0.024,0.001,4847.809,0.0591,5.1,0.1194,81576.456,"Pipeline Natural Gas",,"Combustion turbine",,"Water Injection",,,"ARP, CSNOX, CSOSG2, CSSO2G1"
"IL","MEPI GT Facility",7858,"2",3323,,2020,178,150.8,4983.27,,0.028,0.001,5572.979,0.0591,6.32,0.1294,93773.637,"Pipeline Natural Gas",,"Combustion turbine",,"Water Injection",,,"ARP, CSNOX, CSOSG2, CSSO2G1"
"IL","MEPI GT Facility",7858,"3",3324,,2020,178,150,4985.32,,0.029,0.001,5706.017,0.0591,6.682,0.1356,96007.462,"Pipeline Natural Gas",,"Combustion turbine",,"Water Injection",,,"ARP, CSNOX, CSOSG2, CSSO2G1"
"IL","MEPI GT Facility",7858,"4",3325,,2020,157,130.24,2210.46,,0.01,0.001,1940.931,0.0594,1.773,0.1012,32650.044,"Pipeline Natural Gas",,"Combustion turbine",,"Water Injection",,,"ARP, CSNOX, CSOSG2, CSSO2G1"
"IL","MEPI GT Facility",7858,"5",3326,,2020,198,168.17,2770.91,,0.012,0.001,2442.543,0.0594,2.404,0.113,41103.269,"Pipeline Natural Gas",,"Combustion turbine",,"Water Injection",,,"ARP, CSNOX, CSOSG2, CSSO2G1"
"WI","Elk Mound Generating Station",7863,"1",3327,,2020,60,50.05,1609.66,,0.006,0.0004,1214,0.059,0.525,0.051,20586.2,"Pipeline Natural Gas","Diesel Oil","Combustion turbine",,"Dry Low NOx Burners|Water Injection",,,"ARP, CSNOX, CSOSG2, CSSO2G1"
"WI","Elk Mound Generating Station",7863,"2",3328,,2020,125,104.95,3381.96,,0.013,0.0005,2523.1,0.0593,1.092,0.0512,42720.8,"Pipeline Natural Gas","Diesel Oil","Combustion turbine",,"Dry Low NOx Burners|Water Injection",,,"ARP, CSNOX, CSOSG2, CSSO2G1"
"NY","Glenwood Landing Energy Center",7869,"UGT011",3335,,2020,28,28,214,,,,288.1,0.0811,2.133,1.2001,3555.8,"Diesel Oil",,"Combustion turbine",,,,,"SIPNOX"
"NY","Glenwood Landing Energy Center",7869,"UGT012",10031,,2020,1905,1600.25,67283.75,,0.224,0.001,39585.45,0.0594,4.172,0.0373,664717.35,"Pipeline Natural Gas","Diesel Oil","Combustion turbine",,"Water Injection|Selective Catalytic Reduction",,,"ARP, CSNOX, CSOSG2, CSSO2G1, RGGI"
"NY","Glenwood Landing Energy Center",7869,"UGT013",10032,,2020,1371,1111.25,45369.25,,0.153,0.001,26752,0.0596,3.162,0.0482,448570.525,"Pipeline Natural Gas","Diesel Oil","Combustion turbine",,"Water Injection|Selective Catalytic Reduction",,,"ARP, CSNOX, CSOSG2, CSSO2G1, RGGI"
"WA","Encogen Generating Station",7870,"CT1",89576,,2020,2673,2638.74,79205.82,,1.008,0.002,60601.061,0.0592,13.278,0.0276,1019680.748,"Natural Gas",,"Combined cycle",,"Selective Catalytic Reduction|Steam Injection",,,"ARP"
"WA","Encogen Generating Station",7870,"CT2",89577,,2020,2780,2746.16,91188.72,,1.133,0.002,68444.378,0.0592,15.924,0.029,1151672.916,"Natural Gas",,"Combined cycle",,"Selective Catalytic Reduction|Steam Injection",,,"ARP"
"WA","Encogen Generating Station",7870,"CT3",89578,,2020,2718,2674.24,87159.31,,1.116,0.002,67313.326,0.0592,14.632,0.0272,1132670.338,"Natural Gas",,"Combined cycle",,"Selective Catalytic Reduction|Steam Injection",,,"ARP"
"OH","Robert P Mone",7872,"1",3336,,2020,462,404.77,56466.21,,0.744,0.0031,35051.9,0.0599,69.369,0.3117,585615,"Pipeline Natural Gas","Diesel Oil","Combustion turbine",,"Dry Low NOx Burners|Water Injection",,,"ARP, CSNOX, CSOSG2, CSSO2G1"
"OH","Robert P Mone",7872,"2",3337,,2020,502,444.1,61739.03,,0.754,0.0028,38356,0.0598,65.59,0.2746,641720.7,"Pipeline Natural Gas","Diesel Oil","Combustion turbine",,"Dry Low NOx Burners|Water Injection",,,"ARP, CSNOX, CSOSG2, CSSO2G1"
"OH","Robert P Mone",7872,"3",3338,,2020,479,419.95,58429.51,,0.427,0.0019,36013.5,0.0594,56.631,0.263,606685.4,"Pipeline Natural Gas","Diesel Oil","Combustion turbine",,"Dry Low NOx Burners|Water Injection",,,"ARP, CSNOX, CSOSG2, CSSO2G1"
"FL","Bayside Power Station",7873,"CT1A",3339,,2020,5795,5722.46,713821.65,,2.326,0.001,460768.301,0.059,49.011,0.0139,7753277.865,"Pipeline Natural Gas",,"Combined cycle",,"Dry Low NOx Burners|Selective Catalytic Reduction",,,"ARP"
"FL","Bayside Power Station",7873,"CT1B",3340,,2020,5603,5491.7,684027.63,,2.233,0.001,442410.029,0.059,44.772,0.0137,7444350.636,"Pipeline Natural Gas",,"Combined cycle",,"Dry Low NOx Burners|Selective Catalytic Reduction",,,"ARP"
"FL","Bayside Power Station",7873,"CT1C",3341,,2020,5446,5342.49,663026.84,,2.106,0.001,417228.339,0.059,45.376,0.0149,7020672.454,"Pipeline Natural Gas",,"Combined cycle",,"Dry Low NOx Burners|Selective Catalytic Reduction",,,"ARP"
"FL","Bayside Power Station",7873,"CT2A",3342,,2020,6586,6539.79,826303.71,,2.654,0.001,525623.712,0.059,55.006,0.0136,8844650.05,"Pipeline Natural Gas",,"Combined cycle",,"Dry Low NOx Burners|Selective Catalytic Reduction",,,"ARP"
"FL","Bayside Power Station",7873,"CT2B",3343,,2020,5545,5441.5,687567.64,,2.237,0.001,443182.431,0.059,47.154,0.0147,7457432.605,"Pipeline Natural Gas",,"Combined cycle",,"Dry Low NOx Burners|Selective Catalytic Reduction",,,"ARP"
"FL","Bayside Power Station",7873,"CT2C",3344,,2020,5405,5310.88,674421.87,,2.199,0.001,435624.96,0.059,47.169,0.0151,7330193.41,"Pipeline Natural Gas",,"Combined cycle",,"Dry Low NOx Burners|Selective Catalytic Reduction",,,"ARP"
"FL","Bayside Power Station",7873,"CT2D",3345,,2020,5634,5528.46,703740.34,,2.281,0.001,451816.304,0.059,48.292,0.0149,7602687.822,"Pipeline Natural Gas",,"Combined cycle",,"Dry Low NOx Burners|Selective Catalytic Reduction",,,"ARP"
"FL","Bayside Power Station",7873,"CT3A",90399,,2020,182,136.62,3366.08,,0.011,0.001,2106.581,0.0593,1.622,0.1048,35439.495,"Pipeline Natural Gas",,"Combustion turbine",,"Water Injection",,,"ARP"
"FL","Bayside Power Station",7873,"CT3B",90400,,2020,178,139.61,3539.95,,0.011,0.001,2227.253,0.0593,1.662,0.0996,37469.694,"Pipeline Natural Gas",,"Combustion turbine",,"Water Injection",,,"ARP"
"FL","Bayside Power Station",7873,"CT4A",90401,,2020,198,151.21,3831.17,,0.012,0.001,2409.064,0.0584,1.725,0.0914,40535.649,"Pipeline Natural Gas",,"Combustion turbine",,"Water Injection",,,"ARP"
"FL","Bayside Power Station",7873,"CT4B",90402,,2020,198,150.74,3960.17,,0.012,0.001,2468.845,0.0588,1.722,0.0909,41535.778,"Pipeline Natural Gas",,"Combustion turbine",,"Water Injection",,,"ARP"
"FL","Bayside Power Station",7873,"CT5A",90403,,2020,262,203.93,5219.43,,0.017,0.001,3302.804,0.0591,2.298,0.0888,55579.046,"Pipeline Natural Gas",,"Combustion turbine",,"Water Injection",,,"ARP"
"FL","Bayside Power Station",7873,"CT5B",90404,,2020,259,203.04,5032.12,,0.016,0.001,3158.534,0.0594,2.321,0.0941,53149.769,"Pipeline Natural Gas",,"Combustion turbine",,"Water Injection",,,"ARP"
"FL","Bayside Power Station",7873,"CT6A",90405,,2020,181,137.44,3504.21,,0.011,0.001,2185.032,0.0593,1.632,0.0958,36766.416,"Pipeline Natural Gas",,"Combustion turbine",,"Water Injection",,,"ARP"
"FL","Bayside Power Station",7873,"CT6B",90406,,2020,178,136.36,3444,,0.011,0.001,2128.733,0.0593,1.607,0.096,35819.766,"Pipeline Natural Gas",,"Combustion turbine",,"Water Injection",,,"ARP"
"NE","Terry Bundy Generating Station",7887,"SVGS2",8370,,2020,1938,1655.57,52017.58,,0.162,0.0008,32012.237,0.0593,23.559,0.138,538675.526,"Pipeline Natural Gas","Diesel Oil","Combined cycle",,"Water Injection|Selective Catalytic Reduction",,,"ARP, CSNOX, CSSO2G2"
"NE","Terry Bundy Generating Station",7887,"SVGS3",8372,,2020,2027,1734.31,54258.44,,0.166,0.0008,32695.874,0.0593,22.822,0.1149,550105.82,"Pipeline Natural Gas","Diesel Oil","Combined cycle",,"Water Injection|Selective Catalytic Reduction",,,"ARP, CSNOX, CSSO2G2"
"NE","Terry Bundy Generating Station",7887,"SVGS4",8374,,2020,1895,1596.25,51212.39,,0.16,0.0008,31442.667,0.0593,9.163,0.0861,529045.141,"Pipeline Natural Gas","Diesel Oil","Combustion turbine",,"Water Injection|Selective Catalytic Reduction",,,"ARP, CSNOX, CSSO2G2"
"AL","E B Harris Generating Plant",7897,"1A",3355,,2020,3855,3821.75,998033.75,,2.047,0.001,405418.45,0.059,34.308,0.0145,6821953.2,"Pipeline Natural Gas",,"Combined cycle",,"Dry Low NOx Burners|Selective Catalytic Reduction",,,"ARP, CSNOX, CSOSG2, CSSO2G2"
"AL","E B Harris Generating Plant",7897,"1B",3356,,2020,3754,3697.5,974613.5,,2.003,0.001,396761.15,0.059,35.702,0.0165,6676296.85,"Pipeline Natural Gas",,"Combined cycle",,"Dry Low NOx Burners|Selective Catalytic Reduction",,,"ARP, CSNOX, CSOSG2, CSSO2G2"
"AL","E B Harris Generating Plant",7897,"2A",3357,,2020,5964,5938.75,1396106.25,,2.833,0.001,561245.15,0.059,44.216,0.0116,9444059.55,"Pipeline Natural Gas",,"Combined cycle",,"Dry Low NOx Burners|Selective Catalytic Reduction",,,"ARP, CSNOX, CSOSG2, CSSO2G2"
"AL","E B Harris Generating Plant",7897,"2B",3358,,2020,4940,4913.5,1161880,,2.347,0.001,464815.1,0.059,37.813,0.0125,7821370.8,"Pipeline Natural Gas",,"Combined cycle",,"Dry Low NOx Burners|Selective Catalytic Reduction",,,"ARP, CSNOX, CSOSG2, CSSO2G2"
"TX","Sand Hill Energy Center",7900,"SH1",1149,,2020,1099,935.86,39662.74,,0.118,0.001,23285.605,0.0592,2.937,0.0215,391840.434,"Pipeline Natural Gas",,"Combustion turbine",,"Water Injection|Selective Catalytic Reduction",,,"ARP, CSOSG2"
"TX","Sand Hill Energy Center",7900,"SH2",1150,,2020,1039,877.39,37698.85,,0.109,0.001,21644.587,0.0592,2.984,0.0223,364209.188,"Pipeline Natural Gas",,"Combustion turbine",,"Water Injection|Selective Catalytic Reduction",,,"ARP, CSOSG2"
"TX","Sand Hill Energy Center",7900,"SH3",1151,,2020,1045,883.71,36448.96,,0.105,0.001,20820.503,0.0592,3.047,0.0237,350342.728,"Pipeline Natural Gas",,"Combustion turbine",,"Water Injection|Selective Catalytic Reduction",,,"ARP, CSOSG2"
"TX","Sand Hill Energy Center",7900,"SH4",1152,,2020,1177,1009.6,43231.43,,0.124,0.001,24576.511,0.0592,3.451,0.0224,413558.465,"Pipeline Natural Gas",,"Combustion turbine",,"Water Injection|Selective Catalytic Reduction",,,"ARP, CSOSG2"
"TX","Sand Hill Energy Center",7900,"SH5",10015,,2020,7793,7782.61,1398660.1,,3.147,0.001,623238.935,0.059,63.568,0.0126,10488009.604,"Pipeline Natural Gas",,"Combined cycle",,"Dry Low NOx Burners|Selective Catalytic Reduction",,,"ARP, CSOSG2"
"TX","Sand Hill Energy Center",7900,"SH6",90519,,2020,1249,1073.04,44105.16,,0.127,0.001,25206.82,0.0592,3.49,0.0239,424156.077,"Pipeline Natural Gas",,"Combustion turbine",,"Water Injection|Selective Catalytic Reduction",,,"ARP, CSOSG2"
"TX","Sand Hill Energy Center",7900,"SH7",90520,,2020,985,844.89,35325,,0.102,0.001,20242.876,0.0592,2.831,0.0241,340611.577,"Pipeline Natural Gas",,"Combustion turbine",,"Water Injection|Selective Catalytic Reduction",,,"ARP, CSOSG2"
"TX","H W Pirkey Power Plant",7902,"1",3360,,2020,5569,5554.04,2378195.06,,1793.769,0.183,2478093.857,0.109,2188.099,0.1925,22761955.815,"Coal",,"Dry bottom wall-fired boiler","Wet Limestone","Low NOx Burner Technology (Dry Bottom only)|Low NOx Burner Technology w/ Overfire Air","Electrostatic Precipitator|Wet Scrubber","Halogenated PAC Sorbent Injection","ARP, CSOSG2, MATS, TXSO2"
"MO","McCartney Generating Station",7903,"MGS1A",3361,,2020,656,521.95,7916.35,,0.029,0.001,5716.403,0.0597,5.673,0.1567,96176.714,"Pipeline Natural Gas",,"Combustion turbine",,"Water Injection",,,"ARP, CSNOX, CSOSG2, CSSO2G1"
"MO","McCartney Generating Station",7903,"MGS1B",3362,,2020,717,581,9597.71,,0.034,0.001,6735.472,0.0594,6.441,0.1494,113332.312,"Pipeline Natural Gas",,"Combustion turbine",,"Water Injection",,,"ARP, CSNOX, CSOSG2, CSSO2G1"
"MO","McCartney Generating Station",7903,"MGS2A",3363,,2020,834,695.62,10827.2,,0.039,0.001,7707.287,0.0594,7.101,0.1301,129687.991,"Pipeline Natural Gas",,"Combustion turbine",,"Water Injection",,,"ARP, CSNOX, CSOSG2, CSSO2G1"
"MO","McCartney Generating Station",7903,"MGS2B",3364,,2020,843,704.23,11571.92,,0.04,0.001,7978.73,0.0595,6.969,0.127,134253.366,"Pipeline Natural Gas",,"Combustion turbine",,"Water Injection",,,"ARP, CSNOX, CSOSG2, CSSO2G1"
"NY","Vernon Boulevard",7909,"VB01",8380,,2020,985,766.31,30038.53,,0.088,0.001,17471.275,0.0593,1.897,0.0308,293978.369,"Pipeline Natural Gas",,"Combustion turbine",,"Selective Catalytic Reduction",,,"ARP, CSNOX, CSOSG2, CSSO2G1, RGGI"
"NY","Vernon Boulevard",7909,"VB02",8382,,2020,1256,1014.54,39999.25,,0.116,0.001,23044.985,0.0593,2.527,0.0304,387748.72,"Pipeline Natural Gas",,"Combustion turbine",,"Selective Catalytic Reduction",,,"ARP, CSNOX, CSOSG2, CSSO2G1, RGGI"
"NY","23rd and 3rd",7910,"2301",8384,,2020,1421,1149.14,46770.13,,0.14,0.001,27815.298,0.0592,2.289,0.0159,468086.685,"Pipeline Natural Gas",,"Combustion turbine",,"Selective Catalytic Reduction",,,"ARP, CSNOX, CSOSG2, CSSO2G1, RGGI"
"NY","23rd and 3rd",7910,"2302",8386,,2020,1898,1581.58,64321.78,,0.197,0.001,38931.255,0.0592,3.622,0.0227,655055.729,"Pipeline Natural Gas",,"Combustion turbine",,"Selective Catalytic Reduction",,,"ARP, CSNOX, CSOSG2, CSSO2G1, RGGI"
"NY","Brentwood",7912,"BW01",8390,,2020,2328,1895.95,86154.81,,0.261,0.001,51758.055,0.0592,4.664,0.0223,870958.567,"Pipeline Natural Gas",,"Combustion turbine",,"Selective Catalytic Reduction",,,"ARP, CSNOX, CSOSG2, CSSO2G1, RGGI"
"NY","Hell Gate",7913,"HG01",8392,,2020,1176,932.19,37631.77,,0.113,0.001,22376.565,0.0592,1.998,0.0198,376533.662,"Pipeline Natural Gas",,"Combustion turbine",,"Selective Catalytic Reduction",,,"ARP, CSNOX, CSOSG2, CSSO2G1, RGGI"
"NY","Hell Gate",7913,"HG02",8394,,2020,887,692.3,27689.86,,0.089,0.001,17682.062,0.0592,1.48,0.0188,297531.482,"Pipeline Natural Gas",,"Combustion turbine",,"Selective Catalytic Reduction",,,"ARP, CSNOX, CSOSG2, CSSO2G1, RGGI"
"NY","Harlem River Yard",7914,"HR01",8396,,2020,1140,920.83,37125.83,,0.112,0.001,22171.293,0.0592,1.859,0.0141,373063.459,"Pipeline Natural Gas",,"Combustion turbine",,"Selective Catalytic Reduction",,,"ARP, CSNOX, CSOSG2, CSSO2G1, RGGI"
"NY","Harlem River Yard",7914,"HR02",8398,,2020,784,602.68,24182.78,,0.072,0.001,14253.406,0.0593,1.34,0.0207,239852.729,"Pipeline Natural Gas",,"Combustion turbine",,"Selective Catalytic Reduction",,,"ARP, CSNOX, CSOSG2, CSSO2G1, RGGI"
"NY","North 1st",7915,"NO1",8400,,2020,1378,1123.56,51542.85,,0.156,0.001,30911.431,0.0592,2.755,0.0178,520139.494,"Pipeline Natural Gas",,"Combustion turbine",,"Selective Catalytic Reduction",,,"ARP, CSNOX, CSOSG2, CSSO2G1, RGGI"
"GA","Talbot Energy Facility",7916,"1",3365,,2020,934,816.23,73918.07,,0.263,0.001,52058.496,0.059,12.343,0.0375,875997.69,"Pipeline Natural Gas",,"Combustion turbine",,"Dry Low NOx Burners",,,"ARP, CSNOX, CSOSG1, CSSO2G2"
"GA","Talbot Energy Facility",7916,"2",3366,,2020,921,813.06,74933.47,,0.267,0.001,52855.331,0.059,11.757,0.0342,889376.409,"Pipeline Natural Gas",,"Combustion turbine",,"Dry Low NOx Burners",,,"ARP, CSNOX, CSOSG1, CSSO2G2"
"GA","Talbot Energy Facility",7916,"3",3367,,2020,1024,887.89,79859.96,,0.29,0.001,57428.715,0.059,14.185,0.0363,966349.321,"Pipeline Natural Gas",,"Combustion turbine",,"Dry Low NOx Burners",,,"ARP, CSNOX, CSOSG1, CSSO2G2"
"GA","Talbot Energy Facility",7916,"4",3368,,2020,1027,887.55,81258.33,,0.289,0.001,57305.34,0.059,14.645,0.0397,964279.902,"Pipeline Natural Gas",,"Combustion turbine",,"Dry Low NOx Burners",,,"ARP, CSNOX, CSOSG1, CSSO2G2"
"GA","Talbot Energy Facility",7916,"5",3369,,2020,1070,930.31,86858.83,,0.311,0.001,60969.222,0.0591,16.03,0.0419,1025463.339,"Pipeline Natural Gas","Diesel Oil","Combustion turbine",,"Dry Low NOx Burners",,,"ARP, CSNOX, CSOSG1, CSSO2G2"
"GA","Talbot Energy Facility",7916,"6",3370,,2020,973,839.84,76796.08,,0.278,0.001,53655.15,0.0591,13.676,0.0414,901934.921,"Pipeline Natural Gas","Diesel Oil","Combustion turbine",,"Dry Low NOx Burners",,,"ARP, CSNOX, CSOSG1, CSSO2G2"
"GA","Chattahoochee Energy Facility",7917,"8A",3371,,2020,7956,7929.39,1766111.44,,3.617,0.001,716459.964,0.059,53.515,0.0095,12055858.749,"Pipeline Natural Gas",,"Combined cycle",,"Selective Catalytic Reduction",,,"ARP, CSNOX, CSOSG1, CSSO2G2"
"GA","Chattahoochee Energy Facility",7917,"8B",3372,,2020,7616,7578.15,1694781.92,,3.476,0.001,689201.742,0.059,47.327,0.0088,11597079.609,"Pipeline Natural Gas",,"Combined cycle",,"Selective Catalytic Reduction",,,"ARP, CSNOX, CSOSG1, CSSO2G2"
"MN","Lakefield Junction Generating",7925,"CT01",3985,,2020,23,19.56,1068.44,,0.004,0.001,882.232,0.0591,0.225,0.0394,14846.269,"Pipeline Natural Gas","Diesel Oil","Combustion turbine",,"Dry Low NOx Burners|Water Injection",,,"ARP, CSNOX, CSSO2G2"
"MN","Lakefield Junction Generating",7925,"CT02",3986,,2020,171,141.99,7880.88,,0.033,0.001,6587.609,0.0591,1.63,0.0391,110844.809,"Pipeline Natural Gas","Diesel Oil","Combustion turbine",,"Dry Low NOx Burners|Water Injection",,,"ARP, CSNOX, CSSO2G2"
"MN","Lakefield Junction Generating",7925,"CT03",3987,,2020,226,179.95,9853.02,,0.034,0.001,6895.812,0.0595,2.268,0.0483,114888.635,"Pipeline Natural Gas","Diesel Oil","Combustion turbine",,"Dry Low NOx Burners|Water Injection",,,"ARP, CSNOX, CSSO2G2"
"MN","Lakefield Junction Generating",7925,"CT04",3988,,2020,173,139.3,7410.57,,0.032,0.001,6332.471,0.0595,2.226,0.0557,105691.282,"Pipeline Natural Gas","Diesel Oil","Combustion turbine",,"Dry Low NOx Burners|Water Injection",,,"ARP, CSNOX, CSSO2G2"
"MN","Lakefield Junction Generating",7925,"CT05",3989,,2020,138,109.02,5996.15,,0.025,0.001,5037.56,0.0591,1.441,0.0468,84740.645,"Pipeline Natural Gas","Diesel Oil","Combustion turbine",,"Dry Low NOx Burners|Water Injection",,,"ARP, CSNOX, CSSO2G2"
"MN","Lakefield Junction Generating",7925,"CT06",3990,,2020,197,157.42,8464.28,,0.036,0.001,7226.104,0.0591,1.905,0.0413,121591.497,"Pipeline Natural Gas","Diesel Oil","Combustion turbine",,"Dry Low NOx Burners|Water Injection",,,"ARP, CSNOX, CSSO2G2"
"KS","Osawatomie Generating Station",7928,"1",3383,,2020,440,380.96,21420.21,,0.07,0.001,13900.224,0.0594,3.135,0.033,233907.614,"Pipeline Natural Gas",,"Combustion turbine",,,,,"ARP, CSNOX, CSOSG2, CSSO2G2"
"KS","West Gardner Generating Station",7929,"1",3391,,2020,461,410.13,21542.06,,0.079,0.001,15732.819,0.0592,3.674,0.0321,264736.973,"Pipeline Natural Gas",,"Combustion turbine",,"Other",,,"ARP, CSNOX, CSOSG2, CSSO2G2"
"KS","West Gardner Generating Station",7929,"2",3392,,2020,485,431.8,23056.66,,0.084,0.001,16582.219,0.0594,4.233,0.0344,279030.877,"Pipeline Natural Gas",,"Combustion turbine",,"Other",,,"ARP, CSNOX, CSOSG2, CSSO2G2"
"KS","West Gardner Generating Station",7929,"3",3393,,2020,465,414.27,22017.67,,0.08,0.001,15940.856,0.0598,3.825,0.0324,268229.624,"Pipeline Natural Gas",,"Combustion turbine",,"Other",,,"ARP, CSNOX, CSOSG2, CSSO2G2"
"KS","West Gardner Generating Station",7929,"4",3394,,2020,345,309.71,16281.19,,0.06,0.001,11810.386,0.0594,2.867,0.0319,198727.423,"Pipeline Natural Gas",,"Combustion turbine",,"Other",,,"ARP, CSNOX, CSOSG2, CSSO2G2"
"GA","Wansley (7946)",7946,"CT9A",8402,,2020,6816,6762.87,1090247.59,,3.408,0.001,675172.808,0.059,60.981,0.0125,11361078.937,"Pipeline Natural Gas",,"Combined cycle",,"Dry Low NOx Burners|Selective Catalytic Reduction",,,"ARP, CSNOX, CSOSG1, CSSO2G2"
"GA","Wansley (7946)",7946,"CT9B",8404,,2020,6554,6496.76,1040433.24,,3.338,0.001,661256.149,0.059,60.811,0.0133,11126898.971,"Pipeline Natural Gas",,"Combined cycle",,"Dry Low NOx Burners|Selective Catalytic Reduction",,,"ARP, CSNOX, CSOSG1, CSSO2G2"
"MN","Solway Plant",7947,"1",8406,,2020,1755,1390.8,52476.44,,0.157,0.001,31105.411,0.0593,35.235,0.144,523406.292,"Pipeline Natural Gas","Diesel Oil","Combustion turbine",,"Water Injection",,,"ARP, CSNOX, CSSO2G2"
"IN","Hoosier Energy Lawrence Co Station",7948,"1",8410,,2020,466,392.95,9964.47,,0.033,0.001,6517.352,0.0593,4.781,0.0872,109659.934,"Pipeline Natural Gas",,"Combustion turbine",,"Water Injection",,,"ARP, CSNOX, CSOSG2, CSSO2G1"
"IN","Hoosier Energy Lawrence Co Station",7948,"2",8412,,2020,452,383.32,9879.63,,0.031,0.001,6118.385,0.0593,4.036,0.078,102966.871,"Pipeline Natural Gas",,"Combustion turbine",,"Water Injection",,,"ARP, CSNOX, CSOSG2, CSSO2G1"
"IN","Hoosier Energy Lawrence Co Station",7948,"3",8414,,2020,399,334.36,8742.49,,0.027,0.001,5350.501,0.0592,4.074,0.0911,90002.573,"Pipeline Natural Gas",,"Combustion turbine",,"Water Injection",,,"ARP, CSNOX, CSOSG2, CSSO2G1"
"IN","Hoosier Energy Lawrence Co Station",7948,"4",8416,,2020,409,345.09,8902.65,,0.03,0.001,5878,0.0593,4.454,0.0917,98934.339,"Pipeline Natural Gas",,"Combustion turbine",,"Water Injection",,,"ARP, CSNOX, CSOSG2, CSSO2G1"
"IN","Hoosier Energy Lawrence Co Station",7948,"5",88290,,2020,408,344.92,9010.96,,0.029,0.001,5748.407,0.0593,4.14,0.0857,96730.684,"Pipeline Natural Gas",,"Combustion turbine",,"Water Injection",,,"ARP, CSNOX, CSOSG2, CSSO2G1"
"IN","Hoosier Energy Lawrence Co Station",7948,"6",88291,,2020,379,318.38,8288.99,,0.027,0.001,5408.416,0.0593,3.951,0.0861,91042.912,"Pipeline Natural Gas",,"Combustion turbine",,"Water Injection",,,"ARP, CSNOX, CSOSG2, CSSO2G1"
"ID","Evander Andrews Power Complex",7953,"CT1",90108,,2020,1927,1855.4,257156.32,,0.825,0.001,163492.673,0.059,50.56,0.0408,2751088.147,"Pipeline Natural Gas",,"Combustion turbine",,"Dry Low NOx Burners",,,"ARP"
"ID","Evander Andrews Power Complex",7953,"CT2",8422,,2020,267,241.15,9229.51,,0.033,0.001,6450.7,0.0592,3.995,0.0826,108558.493,"Pipeline Natural Gas",,"Combustion turbine",,"Dry Low NOx Burners",,,"ARP"
"ID","Evander Andrews Power Complex",7953,"CT3",8424,,2020,310,280.76,10333.38,,0.038,0.001,7523.088,0.0592,5.033,0.0855,126583.444,"Pipeline Natural Gas",,"Combustion turbine",,"Dry Low NOx Burners",,,"ARP"
"MS","Kemper County",7960,"KCT1",3379,,2020,911,820.88,54911.91,,0.219,0.0011,40692.611,0.0591,10.763,0.0359,684510.726,"Diesel Oil","Pipeline Natural Gas","Combustion turbine",,"Dry Low NOx Burners|Water Injection",,,"ARP, CSOSG2"
"MS","Kemper County",7960,"KCT2",3380,,2020,881,790.74,54131.57,,0.214,0.0012,39345.275,0.0592,9.374,0.0332,661813.904,"Diesel Oil","Pipeline Natural Gas","Combustion turbine",,"Dry Low NOx Burners|Water Injection",,,"ARP, CSOSG2"
"MS","Kemper County",7960,"KCT3",3381,,2020,979,894.62,61039.56,,0.245,0.0011,44649.529,0.0591,10.013,0.031,751037.486,"Diesel Oil","Pipeline Natural Gas","Combustion turbine",,"Dry Low NOx Burners|Water Injection",,,"ARP, CSOSG2"
"MS","Kemper County",7960,"KCT4",3382,,2020,964,882.31,60799.24,,0.241,0.0011,44425.015,0.0591,9.98,0.0324,747274.555,"Diesel Oil","Pipeline Natural Gas","Combustion turbine",,"Dry Low NOx Burners|Water Injection",,,"ARP, CSOSG2"
"DE","Warren F. Sam Beasley Pwr Station",7962,"1",8426,,2020,390,314.59,14342.71,,0.056,0.0012,8584.751,0.0599,1.175,0.0176,142723.627,"Pipeline Natural Gas",,"Combustion turbine",,"Water Injection|Selective Catalytic Reduction",,,"ARP, RGGI, SIPNOX"
"DE","Warren F. Sam Beasley Pwr Station",7962,"2",90703,,2020,555,412.39,17775.11,,0.06,0.001,10638.382,0.0596,1.211,0.0449,177838.578,"Pipeline Natural Gas","Diesel Oil","Combustion turbine",,"Water Injection|Selective Catalytic Reduction",,,"ARP, RGGI, SIPNOX"
"MO","Peno Creek Energy Center",7964,"CT1A",9048,,2020,166,140.58,3063.11,,0.01,0.0005,1969.486,0.0595,1.464,0.0924,33131.307,"Pipeline Natural Gas","Diesel Oil","Combustion turbine",,"Water Injection",,,"ARP, CSNOX, CSOSG2, CSSO2G1"
"MO","Peno Creek Energy Center",7964,"CT1B",9049,,2020,155,133.1,2775.63,,0.008,0.0003,1834.469,0.0594,1.428,0.095,30876.579,"Pipeline Natural Gas","Diesel Oil","Combustion turbine",,"Water Injection",,,"ARP, CSNOX, CSOSG2, CSSO2G1"
"MO","Peno Creek Energy Center",7964,"CT2A",9050,,2020,256,220.16,4876.92,,0.02,0.0009,3373.12,0.0593,2.637,0.0985,56752.235,"Pipeline Natural Gas","Diesel Oil","Combustion turbine",,"Water Injection",,,"ARP, CSNOX, CSOSG2, CSSO2G1"
"MO","Peno Creek Energy Center",7964,"CT2B",9051,,2020,257,219.4,4511,,0.017,0.0006,3103.056,0.0593,2.2,0.0875,52210.16,"Pipeline Natural Gas","Diesel Oil","Combustion turbine",,"Water Injection",,,"ARP, CSNOX, CSOSG2, CSSO2G1"
"MO","Peno Creek Energy Center",7964,"CT3A",9052,,2020,50,33.52,574.45,,0.002,0.0002,407.184,0.0595,0.303,0.0911,6849.375,"Pipeline Natural Gas","Diesel Oil","Combustion turbine",,"Water Injection",,,"ARP, CSNOX, CSOSG2, CSSO2G1"
"MO","Peno Creek Energy Center",7964,"CT3B",9053,,2020,0,0,,,,,,,,,,"Pipeline Natural Gas","Diesel Oil","Combustion turbine",,"Water Injection",,,"ARP, CSNOX, CSOSG2, CSSO2G1"
"MO","Peno Creek Energy Center",7964,"CT4A",9054,,2020,204,176.06,3544.14,,0.012,0.0005,2479.065,0.0596,1.866,0.0924,41716.288,"Pipeline Natural Gas","Diesel Oil","Combustion turbine",,"Water Injection",,,"ARP, CSNOX, CSOSG2, CSSO2G1"
"MO","Peno Creek Energy Center",7964,"CT4B",9055,,2020,208,177.34,3925.24,,0.01,0.0003,2452.053,0.0594,1.755,0.0859,41259.737,"Pipeline Natural Gas","Diesel Oil","Combustion turbine",,"Water Injection",,,"ARP, CSNOX, CSOSG2, CSSO2G1"
"NM","Lordsburg Generating Station",7967,"1",9190,,2020,254,157.02,4080.99,,0.014,0.001,2673.638,0.0593,2.168,0.1217,44992.084,"Pipeline Natural Gas",,"Combustion turbine",,"Water Injection",,,"ARP"
"NM","Lordsburg Generating Station",7967,"2",9191,,2020,444,285.1,8018.55,,0.026,0.001,5118.674,0.0593,4.381,0.128,86119.728,"Pipeline Natural Gas",,"Combustion turbine",,"Water Injection",,,"ARP"
"MI","Sumpter Plant",7972,"1",9882,,2020,1408,1290.57,84171.75,,0.323,0.001,63881.377,0.0591,15.632,0.0336,1074943.38,"Pipeline Natural Gas",,"Combustion turbine",,"Dry Low NOx Burners",,,"ARP, CSNOX, CSOSG2, CSSO2G1"
"MI","Sumpter Plant",7972,"2",9883,,2020,1437,1317.54,86246.91,,0.333,0.001,65890.331,0.059,18.255,0.0369,1108748.941,"Pipeline Natural Gas",,"Combustion turbine",,"Dry Low NOx Burners",,,"ARP, CSNOX, CSOSG2, CSSO2G1"
"MI","Sumpter Plant",7972,"3",9884,,2020,1390,1273.92,83301.48,,0.328,0.001,64901.824,0.059,20.097,0.041,1092095.043,"Pipeline Natural Gas",,"Combustion turbine",,"Dry Low NOx Burners",,,"ARP, CSNOX, CSOSG2, CSSO2G1"
"MI","Sumpter Plant",7972,"4",9885,,2020,1461,1338.93,87789.05,,0.336,0.001,66622.167,0.0591,19.439,0.0394,1121062.353,"Pipeline Natural Gas",,"Combustion turbine",,"Dry Low NOx Burners",,,"ARP, CSNOX, CSOSG2, CSSO2G1"
"NM","Pyramid Generating Station",7975,"1",9287,,2020,1094,1023.03,34780.42,,0.126,0.0012,21338.543,0.0594,21.455,0.133,358224.585,"Pipeline Natural Gas","Diesel Oil","Combustion turbine",,"Water Injection",,,"ARP"
"NM","Pyramid Generating Station",7975,"2",9288,,2020,397,324.93,11237.2,,0.041,0.0012,6776.122,0.0596,6.461,0.1416,113744.07,"Pipeline Natural Gas","Diesel Oil","Combustion turbine",,"Water Injection",,,"ARP"
"NM","Pyramid Generating Station",7975,"3",9289,,2020,1762,1589.99,54927.81,,0.162,0.001,31234.881,0.0593,32.362,0.141,525376.552,"Pipeline Natural Gas","Diesel Oil","Combustion turbine",,"Water Injection",,,"ARP"
"NM","Pyramid Generating Station",7975,"4",9290,,2020,946,839.37,27956.7,,0.096,0.0012,16520.437,0.0596,17.424,0.148,277445.388,"Pipeline Natural Gas","Diesel Oil","Combustion turbine",,"Water Injection",,,"ARP"
"SC","Mill Creek Combustion Turbine Station",7981,"1",9192,,2020,265,200.72,12822.09,,0.075,0.0012,9633.519,0.0597,3.182,0.0371,159536.548,"Natural Gas","Diesel Oil","Combustion turbine",,"Dry Low NOx Burners|Water Injection",,,"ARP, CSNOX, CSSO2G2, SIPNOX"
"SC","Mill Creek Combustion Turbine Station",7981,"2",9193,,2020,256,197.05,12408.79,,0.073,0.0013,9300.741,0.0601,2.897,0.0353,153933.323,"Natural Gas","Diesel Oil","Combustion turbine",,"Dry Low NOx Burners|Water Injection",,,"ARP, CSNOX, CSSO2G2, SIPNOX"
"SC","Mill Creek Combustion Turbine Station",7981,"3",9194,,2020,225,176.94,11343.36,,0.062,0.0012,8612.278,0.06,3.163,0.0423,142212.072,"Natural Gas","Diesel Oil","Combustion turbine",,"Dry Low NOx Burners|Water Injection",,,"ARP, CSNOX, CSSO2G2, SIPNOX"
"SC","Mill Creek Combustion Turbine Station",7981,"4",9195,,2020,206,153.05,9523.26,,0.05,0.0011,7286.414,0.0602,2.552,0.0409,119478.609,"Natural Gas","Diesel Oil","Combustion turbine",,"Dry Low NOx Burners|Water Injection",,,"ARP, CSNOX, CSSO2G2, SIPNOX"
"SC","Mill Creek Combustion Turbine Station",7981,"5",9196,,2020,161,119.57,7493.95,,0.042,0.0012,5728.991,0.0599,1.833,0.0357,94615.633,"Natural Gas","Diesel Oil","Combustion turbine",,"Dry Low NOx Burners|Water Injection",,,"ARP, CSNOX, CSSO2G2, SIPNOX"
"SC","Mill Creek Combustion Turbine Station",7981,"6",9197,,2020,165,123.73,7816.38,,0.044,0.0012,6070.134,0.0599,2.071,0.0384,100413.472,"Natural Gas","Diesel Oil","Combustion turbine",,"Dry Low NOx Burners|Water Injection",,,"ARP, CSNOX, CSSO2G2, SIPNOX"
"SC","Mill Creek Combustion Turbine Station",7981,"7",9198,,2020,129,96.18,5968.45,,0.037,0.0013,4559.68,0.0606,1.457,0.0352,74756.082,"Natural Gas","Diesel Oil","Combustion turbine",,"Dry Low NOx Burners|Water Injection",,,"ARP, CSNOX, CSSO2G2, SIPNOX"
"SC","Mill Creek Combustion Turbine Station",7981,"8",9199,,2020,122,92.82,5899.74,,0.037,0.0013,4511.126,0.0598,1.448,0.0346,73738.058,"Natural Gas","Diesel Oil","Combustion turbine",,"Dry Low NOx Burners|Water Injection",,,"ARP, CSNOX, CSSO2G2, SIPNOX"
"MI","Kalkaska CT Project #1",7984,"1A",9291,,2020,581,473.35,11249.15,,0.035,0.001,6907.348,0.0594,5.229,0.09,116205.148,"Pipeline Natural Gas",,"Combustion turbine",,"Water Injection|Other",,,"ARP, CSNOX, CSOSG2, CSSO2G1"
"MI","Kalkaska CT Project #1",7984,"1B",9292,,2020,569,462.78,11007.15,,0.036,0.001,7097.377,0.0594,5.135,0.086,119420.924,"Pipeline Natural Gas",,"Combustion turbine",,"Water Injection|Other",,,"ARP, CSNOX, CSOSG2, CSSO2G1"
"IA","Greater Des Moines Energy Center",7985,"1",9886,,2020,1448,1402.72,206483.7,,0.686,0.001,135827.306,0.059,9.812,0.0126,2285557.146,"Pipeline Natural Gas",,"Combined cycle",,"Selective Catalytic Reduction|Dry Low NOx Burners",,,"ARP, CSNOX, CSOSG2, CSSO2G1"
"IA","Greater Des Moines Energy Center",7985,"2",9887,,2020,1715,1662.05,245204.12,,0.812,0.001,160895.437,0.059,11.959,0.0124,2707372.481,"Pipeline Natural Gas",,"Combined cycle",,"Selective Catalytic Reduction|Dry Low NOx Burners",,,"ARP, CSNOX, CSOSG2, CSSO2G1"
"CA","Lake",7987,"01",9888,,2020,531,448.17,16828.2,,0.05,0.0008,9947.286,0.0593,1.778,0.0226,167376.478,"Pipeline Natural Gas",,"Combustion turbine",,"Water Injection|Selective Catalytic Reduction",,,"ARP"
"MS","Silver Creek Generating Plant",7988,"1",88205,,2020,328,269.31,17465.71,,0.067,0.001,13183.344,0.0591,3.148,0.0379,221832.293,"Pipeline Natural Gas",,"Combustion turbine",,"Dry Low NOx Burners",,,"ARP, CSOSG2"
"MS","Silver Creek Generating Plant",7988,"2",88206,,2020,280,236.92,15077.66,,0.057,0.001,11325.607,0.059,2.601,0.0351,190562.393,"Pipeline Natural Gas",,"Combustion turbine",,"Dry Low NOx Burners",,,"ARP, CSOSG2"
"MS","Silver Creek Generating Plant",7988,"3",88207,,2020,248,210.08,12603.09,,0.049,0.001,9704.576,0.0591,2.03,0.0341,163292.727,"Pipeline Natural Gas",,"Combustion turbine",,"Dry Low NOx Burners",,,"ARP, CSOSG2"
"MS","Sylvarena Generating Plant",7989,"1",88208,,2020,2146,1754.44,74036.52,,0.216,0.001,42734.838,0.0592,31.763,0.1053,719120.769,"Pipeline Natural Gas",,"Combustion turbine",,"Water Injection",,,"ARP, CSOSG2"
"MS","Sylvarena Generating Plant",7989,"2",88209,,2020,2150,1752.03,74165.65,,0.217,0.001,42896.982,0.0592,31.354,0.1017,721843.037,"Pipeline Natural Gas",,"Combustion turbine",,"Water Injection",,,"ARP, CSOSG2"
"MS","Sylvarena Generating Plant",7989,"3",88210,,2020,2164,1760.61,74430.28,,0.219,0.001,43365.788,0.0592,32.407,0.1042,729717.387,"Pipeline Natural Gas",,"Combustion turbine",,"Water Injection",,,"ARP, CSOSG2"
"WI","West Campus Cogeneration Facility",7991,"U1",10043,,2020,5494,5312.61,240506.57,,0.622,0.0005,132779.346,0.0592,9.991,0.0127,2233948.812,"Natural Gas","Diesel Oil","Combined cycle",,"Water Injection|Selective Catalytic Reduction",,,"CSNOX, CSOSG2, CSSO2G1"
"WI","West Campus Cogeneration Facility",7991,"U2",10044,,2020,4587,4375.99,203983.27,,0.663,0.0007,145891.282,0.0591,11.864,0.0139,2454501.477,"Natural Gas","Diesel Oil","Combined cycle",,"Water Injection|Selective Catalytic Reduction",,,"CSNOX, CSOSG2, CSSO2G1"
"WA","Grays Harbor Energy Center",7999,"1",89846,,2020,5919,5893.95,1551477.75,,4.096,0.0008,658796.245,0.059,35.869,0.0079,11085560.513,"Natural Gas",,"Combined cycle",,"Dry Low NOx Burners|Selective Catalytic Reduction",,,"ARP"
"WA","Grays Harbor Energy Center",7999,"2",89847,,2020,4061,4034.56,1011192.04,,3.009,0.0009,420588.335,0.059,25.186,0.0095,7077202.197,"Natural Gas",,"Combined cycle",,"Dry Low NOx Burners|Selective Catalytic Reduction",,,"ARP"
"NE","Beatrice",8000,"1",88088,,2020,2374,2285.64,233791.08,,0.607,0.001,120137.281,0.059,10.864,0.0145,2021598.307,"Pipeline Natural Gas",,"Combined cycle",,"Dry Low NOx Burners|Selective Catalytic Reduction",,,"ARP, CSNOX, CSSO2G2"
"NE","Beatrice",8000,"2",88089,,2020,5149,4997.86,494297.13,,1.306,0.001,258587.721,0.0591,23.404,0.0148,4351237.07,"Pipeline Natural Gas",,"Combined cycle",,"Dry Low NOx Burners|Selective Catalytic Reduction",,,"ARP, CSNOX, CSSO2G2"
"NH","Newington",8002,"1",3399,,2020,207,195.49,17875.79,,7.986,0.0331,15086.256,0.06,11.496,0.0623,244344.516,"Residual Oil","Pipeline Natural Gas","Tangentially-fired",,"Low NOx Burner Technology w/ Separated OFA|Water Injection","Electrostatic Precipitator",,"ARP, MATS, NHNOX, RGGI"
"NY","Roseton Generating LLC",8006,"1",3400,,2020,254,246.41,46129.66,,3.441,0.0093,29932.879,0.0594,22.526,0.0672,499149.429,"Pipeline Natural Gas","Residual Oil","Tangentially-fired",,"Other","Cyclone",,"ARP, CSNOX, CSOSG2, CSSO2G1, MATS, RGGI"
"NY","Roseton Generating LLC",8006,"2",3401,,2020,362,354.32,70728.7,,6.896,0.0122,44479.305,0.0595,35.732,0.0746,739243.316,"Pipeline Natural Gas","Residual Oil","Tangentially-fired",,"Other","Cyclone",,"ARP, CSNOX, CSOSG2, CSSO2G1, MATS, RGGI"
"NY","Holtsville Facility",8007,"U00001",3402,"CP001",2020,349,349,5499,,0.025,0.0008,6214.7,0.081,13.932,0.4225,76733.4,"Diesel Oil",,"Combustion turbine",,"Water Injection",,,"CSNOX, CSOSG2, CSSO2G1, RGGI"
"NY","Holtsville Facility",8007,"U00002",3403,"CP001",2020,350,350,5500,,0.025,0.0008,6215.8,0.081,13.593,0.4051,76747.3,"Diesel Oil",,"Combustion turbine",,"Water Injection",,,"CSNOX, CSOSG2, CSSO2G1, RGGI"
"NY","Holtsville Facility",8007,"U00003",3404,"CP001",2020,73,73,939,,0.004,0.0007,1050.1,0.0811,3.691,0.6718,12968.6,"Diesel Oil",,"Combustion turbine",,"Water Injection",,,"CSNOX, CSOSG2, CSSO2G1, RGGI"
"NY","Holtsville Facility",8007,"U00004",3405,"CP001",2020,75,75,901,,0.004,0.0006,1005.4,0.0811,4.165,0.8579,12416.1,"Diesel Oil",,"Combustion turbine",,"Water Injection",,,"CSNOX, CSOSG2, CSSO2G1, RGGI"
"NY","Holtsville Facility",8007,"U00005",3406,"CP001",2020,171,171,2453,,0.011,0.0007,2762.8,0.081,7.758,0.5174,34116.2,"Diesel Oil",,"Combustion turbine",,"Water Injection",,,"CSNOX, CSOSG2, CSSO2G1, RGGI"
"NY","Holtsville Facility",8007,"U00006",3407,"CP001",2020,171,171,2453,,0.011,0.0007,2762.8,0.081,8.938,0.5796,34116.2,"Diesel Oil",,"Combustion turbine",,"Water Injection",,,"CSNOX, CSOSG2, CSSO2G1, RGGI"
"NY","Holtsville Facility",8007,"U00007",3408,"CP001",2020,138,138,2174,,0.01,0.0008,2448.4,0.0809,6.348,0.4977,30231,"Diesel Oil",,"Combustion turbine",,"Water Injection",,,"CSNOX, CSOSG2, CSSO2G1, RGGI"
"NY","Holtsville Facility",8007,"U00008",3409,"CP001",2020,137,137,2173,,0.01,0.0008,2447.3,0.0809,6.349,0.511,30217.1,"Diesel Oil",,"Combustion turbine",,"Water Injection",,,"CSNOX, CSOSG2, CSSO2G1, RGGI"
"NY","Holtsville Facility",8007,"U00009",3410,"CP001",2020,60,60,909,,0.004,0.0008,1023,0.081,3.824,0.6435,12630,"Diesel Oil",,"Combustion turbine",,"Water Injection",,,"CSNOX, CSOSG2, CSSO2G1, RGGI"
"NY","Holtsville Facility",8007,"U00010",3411,"CP001",2020,60,60,909,,0.004,0.0008,1023,0.081,3.464,0.6013,12630,"Diesel Oil",,"Combustion turbine",,"Water Injection",,,"CSNOX, CSOSG2, CSSO2G1, RGGI"
"NY","Holtsville Facility",8007,"U00011",3412,"CP001",2020,250,250,4406,,0.02,0.0009,4975.6,0.081,15.811,0.5481,61426.4,"Diesel Oil",,"Combustion turbine",,"Water Injection",,,"CSNOX, CSOSG2, CSSO2G1, RGGI"
"NY","Holtsville Facility",8007,"U00012",3413,"CP001",2020,250,250,4406,,0.02,0.0009,4975.6,0.081,12.944,0.4552,61426.4,"Diesel Oil",,"Combustion turbine",,"Water Injection",,,"CSNOX, CSOSG2, CSSO2G1, RGGI"
"NY","Holtsville Facility",8007,"U00013",3414,"CP001",2020,133,133,2116,,0.01,0.0008,2390.5,0.081,7.766,0.5907,29521.4,"Diesel Oil",,"Combustion turbine",,"Water Injection",,,"CSNOX, CSOSG2, CSSO2G1, RGGI"
"NY","Holtsville Facility",8007,"U00014",3415,"CP001",2020,132,132,2115,,0.01,0.0008,2389.3,0.081,6.059,0.4723,29506.7,"Diesel Oil",,"Combustion turbine",,"Water Injection",,,"CSNOX, CSOSG2, CSSO2G1, RGGI"
"NY","Holtsville Facility",8007,"U00015",3416,"CP001",2020,158,158,2789,,0.014,0.0008,3179.1,0.081,13.518,0.7217,39266,"Diesel Oil",,"Combustion turbine",,"Dry Low NOx Burners",,,"CSNOX, CSOSG2, CSSO2G1, RGGI"
"NY","Holtsville Facility",8007,"U00016",3417,"CP001",2020,156,156,2787,,0.014,0.0008,3176.9,0.081,12.492,0.6723,39238.2,"Diesel Oil",,"Combustion turbine",,"Water Injection",,,"CSNOX, CSOSG2, CSSO2G1, RGGI"
"NY","Holtsville Facility",8007,"U00017",3418,"CP001",2020,167,167,2980,,0.014,0.0008,3388.1,0.081,9.312,0.511,41827.9,"Diesel Oil",,"Combustion turbine",,"Dry Low NOx Burners",,,"CSNOX, CSOSG2, CSSO2G1, RGGI"
"NY","Holtsville Facility",8007,"U00018",3419,"CP001",2020,162,162,2903,,0.014,0.0008,3300.9,0.081,10.318,0.567,40751.8,"Diesel Oil",,"Combustion turbine",,"Water Injection",,,"CSNOX, CSOSG2, CSSO2G1, RGGI"
"NY","Holtsville Facility",8007,"U00019",3420,"CP001",2020,62,62,1012,,0.005,0.0008,1130.2,0.0811,4.114,0.6362,13956.2,"Diesel Oil",,"Combustion turbine",,"Water Injection",,,"CSNOX, CSOSG2, CSSO2G1, RGGI"
"NY","Holtsville Facility",8007,"U00020",3421,"CP001",2020,61,61,1011,,0.005,0.0008,1129,0.0811,4.024,0.6013,13941.9,"Diesel Oil",,"Combustion turbine",,"Water Injection",,,"CSNOX, CSOSG2, CSSO2G1, RGGI"
"NJ","Mickleton Energy Center",8008,"001001",3422,,2020,0,0,,,,,,,,,,"Pipeline Natural Gas","Diesel Oil","Combustion turbine",,"Water Injection|Selective Catalytic Reduction",,,"CSNOX, CSOSG2, CSSO2G1, RGGI"
"PA","Croydon Generating Station",8012,"11",3423,,2020,13,5.61,70.44,,0.158,0.2021,,,0.461,0.59,1564,"Diesel Oil",,"Combustion turbine",,,,,"CSNOX, CSOSG2, CSSO2G1"
"PA","Croydon Generating Station",8012,"12",3424,,2020,12,4.09,146.21,,0.215,0.2003,,,0.628,0.5861,2128,"Diesel Oil",,"Combustion turbine",,,,,"CSNOX, CSOSG2, CSSO2G1"
"PA","Croydon Generating Station",8012,"21",3425,,2020,8,2.49,60.6,,0.131,0.2029,,,0.382,0.591,1293.9,"Diesel Oil",,"Combustion turbine",,,,,"CSNOX, CSOSG2, CSSO2G1"
"PA","Croydon Generating Station",8012,"22",3426,,2020,13,3.22,79.14,,0.129,0.2021,,,0.377,0.5905,1278,"Diesel Oil",,"Combustion turbine",,,,,"CSNOX, CSOSG2, CSSO2G1"
"PA","Croydon Generating Station",8012,"31",3427,,2020,9,4.46,167.4,,0.264,0.2023,,,0.77,0.5904,2609.3,"Diesel Oil",,"Combustion turbine",,,,,"CSNOX, CSOSG2, CSSO2G1"
"PA","Croydon Generating Station",8012,"32",3428,,2020,8,4.45,171.12,,0.24,0.2025,,,0.7,0.5899,2372.2,"Diesel Oil",,"Combustion turbine",,,,,"CSNOX, CSOSG2, CSSO2G1"
"PA","Croydon Generating Station",8012,"41",3429,,2020,10,5.37,193.71,,0.319,0.202,,,0.933,0.5899,3161.9,"Diesel Oil",,"Combustion turbine",,,,,"CSNOX, CSOSG2, CSSO2G1"
"PA","Croydon Generating Station",8012,"42",3430,,2020,13,5.09,103.01,,0.368,0.2018,,,1.075,0.5893,3645.5,"Diesel Oil",,"Combustion turbine",,,,,"CSNOX, CSOSG2, CSSO2G1"
"IL","Factory Gas Turbine",8016,"2",9200,,2020,20,15.24,178.91,,1.274,0.5006,,,3.056,1.1998,5094.1,"Diesel Oil",,"Combustion turbine",,,,,"CSNOX, CSOSG2, CSSO2G1"
"WI","Columbia",8023,"1",3431,,2020,8603,8600.08,3225945.64,,968.443,0.0555,3594211.786,0.1049,2144.707,0.123,34270987.289,"Coal",,"Tangentially-fired","Dry Lime FGD","Low NOx Burner Technology w/ Separated OFA","Baghouse|Electrostatic Precipitator","Additives to Enhance PAC and Existing Equipment Performance","ARP, CSNOX, CSOSG2, CSSO2G1, MATS"
"WI","Columbia",8023,"2",3432,,2020,6363,6355.88,2417700.57,,694.009,0.0553,2618529.959,0.1046,619.536,0.0487,24971631.93,"Coal",,"Tangentially-fired","Dry Lime FGD","Low NOx Burner Technology w/ Separated OFA|Selective Catalytic Reduction","Baghouse|Electrostatic Precipitator","Additives to Enhance PAC and Existing Equipment Performance","ARP, CSNOX, CSOSG2, CSSO2G1, MATS"
"MN","Blue Lake Generating Plant",8027,"1",89763,,2020,28,17.03,87.88,,0.041,0.0408,,,1.225,1.3531,2026.9,"Diesel Oil",,"Combustion turbine",,,,,"CSNOX, CSSO2G2"
"MN","Blue Lake Generating Plant",8027,"2",89764,,2020,20,12.61,261.38,,0.018,0.0392,,,0.595,1.3271,867.2,"Diesel Oil",,"Combustion turbine",,,,,"CSNOX, CSSO2G2"
"MN","Blue Lake Generating Plant",8027,"3",89765,,2020,14,11.08,330.83,,0.013,0.0412,,,0.384,1.1985,640,"Diesel Oil",,"Combustion turbine",,,,,"CSNOX, CSSO2G2"
"MN","Blue Lake Generating Plant",8027,"4",89766,,2020,15,9.75,310.03,,0.011,0.0409,,,0.342,1.2644,563,"Diesel Oil",,"Combustion turbine",,,,,"CSNOX, CSSO2G2"
"MN","Blue Lake Generating Plant",8027,"7",89378,,2020,684,627.66,87158.35,,0.289,0.001,57259.287,0.059,15.626,0.0321,963498.297,"Pipeline Natural Gas",,"Combustion turbine",,"Dry Low NOx Burners",,,"ARP, CSNOX, CSSO2G2"
"MN","Blue Lake Generating Plant",8027,"8",89379,,2020,581,526.75,70662.86,,0.258,0.001,51129.794,0.059,14.961,0.0345,860356.065,"Pipeline Natural Gas",,"Combustion turbine",,"Dry Low NOx Burners",,,"ARP, CSNOX, CSSO2G2"
"IA","Sycamore Combustion Turbine",8029,"1",90084,,2020,60,48.18,1047.94,,0.007,0.001,,,3.02,0.2345,22721.747,"Pipeline Natural Gas","Diesel Oil","Combustion turbine",,,,,"CSNOX, CSOSG2, CSSO2G1"
"IA","Sycamore Combustion Turbine",8029,"2",90085,,2020,96,73.33,1919.6,,0.012,0.001,,,5.25,0.2352,39041.843,"Pipeline Natural Gas","Diesel Oil","Combustion turbine",,,,,"CSNOX, CSOSG2, CSSO2G1"
"IA","Emery Station",8031,"11",88332,,2020,5162,4998.44,1280523.02,,2.867,0.001,567984.514,0.0588,38.071,0.0147,9557404.448,"Pipeline Natural Gas","Diesel Oil","Combined cycle",,"Dry Low NOx Burners|Water Injection|Ammonia Injection|Selective Catalytic Reduction",,,"ARP, CSNOX, CSOSG2, CSSO2G1"
"IA","Emery Station",8031,"12",88333,,2020,5511,5356.22,1357418.99,,3.056,0.001,605277.669,0.0589,46.067,0.0178,10184931.94,"Pipeline Natural Gas","Diesel Oil","Combined cycle",,"Dry Low NOx Burners|Water Injection|Ammonia Injection|Selective Catalytic Reduction",,,"ARP, CSNOX, CSOSG2, CSSO2G1"
"KS","Clifton Station",8037,"CL1",90747,,2020,171,144.82,2561.69,,0.018,0.001,,,6.66,0.2056,59531.563,"Pipeline Natural Gas",,"Combustion turbine",,,,,"CSNOX, CSOSG2, CSSO2G2"
"NC","Belews Creek",8042,"1",3433,,2020,4590,4543.38,2894812.44,,719.274,0.0684,2273726.927,0.0814,2675.205,0.2184,26403005.774,"Coal","Pipeline Natural Gas","Cell burner boiler","Wet Limestone","Low NOx Cell Burner|Overfire Air|Selective Catalytic Reduction","Electrostatic Precipitator|Wet Scrubber",,"ARP, CSNOX, CSSO2G1, MATS, SIPNOX"
"NC","Belews Creek",8042,"2",3434,,2020,3732,3726.64,2855444.7,,1154.115,0.0784,2572477.018,0.103,1791.736,0.1679,25072860.387,"Coal","Diesel Oil, Pipeline Natural Gas","Cell burner boiler","Wet Limestone","Low NOx Cell Burner|Overfire Air|Selective Catalytic Reduction","Electrostatic Precipitator|Wet Scrubber",,"ARP, CSNOX, CSSO2G1, MATS, SIPNOX"
"FL","Anclote",8048,"1",3438,,2020,8165,8159.65,1354218.19,,4.326,0.001,856937.513,0.059,992.177,0.0926,14419584.799,"Pipeline Natural Gas",,"Tangentially-fired",,,,,"ARP"
"FL","Anclote",8048,"2",3439,,2020,6404,6393.07,1018573.53,,3.386,0.001,670803.775,0.059,595.735,0.0734,11287546.514,"Pipeline Natural Gas",,"Tangentially-fired",,,,,"ARP"
"FL","Intercession City",8049,"**10",3440,,2020,816,688.37,42413.52,,0.19,0.001,35086.896,0.0591,25.245,0.0864,589597.828,"Pipeline Natural Gas","Diesel Oil","Combustion turbine",,"Water Injection",,,"ARP"
"FL","Intercession City",8049,"**11",3441,,2020,47,36.32,4056.93,,0.205,0.009,3875.679,0.081,4.344,0.2233,47764.363,"Diesel Oil",,"Combustion turbine",,"Water Injection",,,"ARP"
"FL","Intercession City",8049,"**12",3442,,2020,553,456.32,28398.79,,0.18,0.0015,22302.98,0.06,7.358,0.0518,370846.87,"Pipeline Natural Gas","Diesel Oil","Combustion turbine",,"Dry Low NOx Burners|Water Injection",,,"ARP"
"FL","Intercession City",8049,"**13",3443,,2020,823,701.47,43882.83,,0.214,0.0011,34664.077,0.0594,9.775,0.0436,580952.153,"Pipeline Natural Gas","Diesel Oil","Combustion turbine",,"Dry Low NOx Burners|Water Injection",,,"ARP"
"FL","Intercession City",8049,"**14",3444,,2020,928,770.71,48555.46,,0.23,0.0011,38740.293,0.0594,11.474,0.0458,649498.136,"Pipeline Natural Gas","Diesel Oil","Combustion turbine",,"Dry Low NOx Burners|Water Injection",,,"ARP"
"FL","Intercession City",8049,"**7",3445,,2020,1012,852.84,54423.08,,0.276,0.0011,44260.471,0.0594,31.215,0.0853,740040.764,"Pipeline Natural Gas","Diesel Oil","Combustion turbine",,"Water Injection",,,"ARP"
"FL","Intercession City",8049,"**8",3446,,2020,851,716.93,44771.3,,0.217,0.0011,37155.348,0.0593,25.654,0.0833,622634.283,"Pipeline Natural Gas","Diesel Oil","Combustion turbine",,"Water Injection",,,"ARP"
"FL","Intercession City",8049,"**9",3447,,2020,916,769.27,48631.47,,0.23,0.0011,39358.199,0.0593,26.861,0.0869,659718.675,"Pipeline Natural Gas","Diesel Oil","Combustion turbine",,"Water Injection",,,"ARP"
"NY","Pouch Terminal",8053,"PT01",8388,,2020,1735,1435.04,65181.13,,0.197,0.001,39045.315,0.0593,3.468,0.0186,656805.624,"Pipeline Natural Gas",,"Combustion turbine",,"Selective Catalytic Reduction",,,"ARP, CSNOX, CSOSG2, CSSO2G1, RGGI"
"MS","Gerald Andrus",8054,"1",3449,,2020,2567,2553.1,1037629.48,,3.54,0.0011,684678.854,0.0591,1621.216,0.2638,11519664.597,"Pipeline Natural Gas","Residual Oil","Dry bottom wall-fired boiler",,"Overfire Air",,,"ARP, CSOSG2"
"LA","Waterford 1 & 2",8056,"1",3450,,2020,295,285.67,34248.24,,0.121,0.001,23920.731,0.0591,30.68,0.1179,402505.661,"Pipeline Natural Gas","Residual Oil","Dry bottom wall-fired boiler",,"Low NOx Cell Burner|Combustion Modification/Fuel Reburning",,,"ARP, CSOSG2"
"LA","Waterford 1 & 2",8056,"2",3451,,2020,612,601.75,97950.51,,0.319,0.001,63235.661,0.059,95.095,0.1396,1064082.544,"Pipeline Natural Gas","Residual Oil","Dry bottom wall-fired boiler",,"Low NOx Cell Burner|Combustion Modification/Fuel Reburning",,,"ARP, CSOSG2"
"LA","Waterford 1 & 2",8056,"4",91255,,2020,52,37.39,912.94,,0.322,0.0505,1032.5,0.0811,0.827,0.3297,12751.2,"Diesel Oil",,"Combustion turbine",,"Steam Injection",,,"ARP, CSOSG2"
"OK","Comanche (8059)",8059,"7251",3452,"CP001",2020,1427,1404.24,72748.87,,0.341,0.001,67494.558,0.059,18.564,0.0373,1135723.628,"Pipeline Natural Gas",,"Combined cycle",,"Dry Low NOx Burners",,,"ARP, CSOSG2"
"OK","Comanche (8059)",8059,"7252",3453,"CP001",2020,1454,1435.31,74258.45,,0.348,0.001,68947.496,0.059,22.522,0.0441,1160172.023,"Pipeline Natural Gas",,"Combined cycle",,"Dry Low NOx Burners",,,"ARP, CSOSG2"
"TX","Decordova",8063,"CT1",90028,,2020,213,138.8,7643.2,,,,,,37.009,0.7258,105489.7,"Pipeline Natural Gas","Diesel Oil","Combustion turbine",,"Water Injection",,,"CSOSG2"
"TX","Decordova",8063,"CT2",90029,,2020,88,59.52,3318.84,,,,,,16.461,0.7462,46963,"Pipeline Natural Gas","Diesel Oil","Combustion turbine",,"Water Injection",,,"CSOSG2"
"TX","Decordova",8063,"CT3",90030,,2020,141,94.07,5410.68,,,,,,25.645,0.7246,73258.3,"Pipeline Natural Gas","Diesel Oil","Combustion turbine",,"Water Injection",,,"CSOSG2"
"TX","Decordova",8063,"CT4",90031,,2020,148,100.05,5713.7,,,,,,26.981,0.722,76807,"Pipeline Natural Gas","Diesel Oil","Combustion turbine",,"Water Injection",,,"CSOSG2"
"WY","Jim Bridger",8066,"BW71",3455,,2020,8455,8446.41,2718009.72,,2198.565,0.1567,2941525.014,0.105,2604.808,0.1844,28046606.522,"Coal",,"Tangentially-fired","Sodium Based","Low NOx Burner Technology w/ Closed-coupled OFA","Electrostatic Precipitator","Additives to Enhance PAC and Existing Equipment Performance|Halogenated PAC Sorbent Injection","ARP, MATS"
"WY","Jim Bridger",8066,"BW72",3456,,2020,8754,8750.33,3181396.93,,2467.485,0.1566,3319959.632,0.105,2809.339,0.1735,31654854.526,"Coal",,"Tangentially-fired","Sodium Based","Low NOx Burner Technology w/ Closed-coupled OFA","Electrostatic Precipitator","Additives to Enhance PAC and Existing Equipment Performance|Halogenated PAC Sorbent Injection","ARP, MATS"
"WY","Jim Bridger",8066,"BW73",3457,,2020,8767,8763.97,2623129.8,,2061.44,0.1471,2942609.593,0.105,714.616,0.051,28056982.578,"Coal",,"Tangentially-fired","Sodium Based","Selective Catalytic Reduction|Low NOx Burner Technology w/ Closed-coupled OFA","Electrostatic Precipitator","Additives to Enhance PAC and Existing Equipment Performance|Halogenated PAC Sorbent Injection","ARP, MATS"
"WY","Jim Bridger",8066,"BW74",3458,,2020,8336,8327.27,2811492.69,,2064.882,0.1402,3071022.115,0.105,795.218,0.0536,29281321.309,"Coal",,"Tangentially-fired","Sodium Based","Selective Catalytic Reduction|Low NOx Burner Technology w/ Closed-coupled OFA","Electrostatic Precipitator","Additives to Enhance PAC and Existing Equipment Performance|Halogenated PAC Sorbent Injection","ARP, MATS"
"AZ","Santan",8068,"5A",10065,,2020,6661,6554.72,1667508.37,,3.532,0.001,699559.002,0.059,40.085,0.0093,11771442.528,"Pipeline Natural Gas",,"Combined cycle",,"Dry Low NOx Burners|Selective Catalytic Reduction",,,"ARP"
"AZ","Santan",8068,"5B",10066,,2020,6806,6717.85,1725034.33,,3.649,0.001,722787.979,0.059,36.023,0.0079,12162311.502,"Pipeline Natural Gas",,"Combined cycle",,"Dry Low NOx Burners|Selective Catalytic Reduction",,,"ARP"
"AZ","Santan",8068,"6A",10067,,2020,5873,5859.79,1501979.08,,3.227,0.001,639208.274,0.059,27.961,0.0057,10755923.208,"Pipeline Natural Gas",,"Combined cycle",,"Dry Low NOx Burners|Selective Catalytic Reduction",,,"ARP"
"UT","Huntington",8069,"1",3459,,2020,8552,8543.98,2508913.14,,947.484,0.0627,2550851.614,0.103,2476.083,0.1977,24862105.495,"Coal",,"Tangentially-fired","Wet Lime FGD","Low NOx Burner Technology w/ Closed-coupled/Separated OFA","Baghouse",,"ARP, MATS"
"UT","Huntington",8069,"2",3460,,2020,8686,8680.05,2453670.56,,678.833,0.0509,2357012.946,0.103,2337.495,0.1978,22972797.474,"Coal",,"Tangentially-fired","Wet Lime FGD","Low NOx Burner Technology w/ Closed-coupled/Separated OFA","Baghouse",,"ARP, MATS"
"OH","Gen J M Gavin",8102,"1",3461,,2020,7951,7945.19,7457849.54,,14709.579,0.3606,8048798.263,0.103,4438.677,0.1129,78448324.721,"Coal",,"Cell burner boiler","Wet Lime FGD","Low NOx Cell Burner|Selective Catalytic Reduction","Electrostatic Precipitator",,"ARP, CSNOX, CSOSG2, CSSO2G1, MATS"
"OH","Gen J M Gavin",8102,"2",3462,,2020,6752,6746.52,6886440.5,,13446.979,0.3885,7025533.818,0.103,3573.485,0.1041,68474993.565,"Coal",,"Cell burner boiler","Wet Lime FGD","Low NOx Cell Burner|Selective Catalytic Reduction","Electrostatic Precipitator",,"ARP, CSNOX, CSOSG2, CSSO2G1, MATS"
"OH","Gen J M Gavin",8102,"B001",9283,,2020,15,11.68,,,,,,,7.008,2,7008,"Diesel Oil",,"Other boiler",,,,,"SIPNOX"
"OH","Gen J M Gavin",8102,"B002",9284,,2020,15,11.84,,,,,,,7.104,2,7104,"Diesel Oil",,"Other boiler",,,,,"SIPNOX"
"CO","Ray D Nixon",8219,"1",3466,,2020,8541,8538.46,1378873.16,,512.739,0.0862,1254150.252,0.1049,916.818,0.1518,11959716.401,"Coal","Diesel Oil","Dry bottom wall-fired boiler","Dry Lime FGD","Low NOx Burner Technology w/ Overfire Air","Baghouse","Halogenated PAC Sorbent Injection","ARP, MATS"
"CO","Ray D Nixon",8219,"2",3467,,2020,105,86.15,1785.11,,0.007,0.001,1403.684,0.0593,0.444,0.0513,23618.8,"Pipeline Natural Gas",,"Combustion turbine",,"Dry Low NOx Burners",,,"ARP"
"CO","Ray D Nixon",8219,"3",3468,,2020,208,176.58,3745.27,,0.016,0.001,3070.354,0.0594,0.941,0.0444,51662.846,"Pipeline Natural Gas",,"Combustion turbine",,"Dry Low NOx Burners",,,"ARP"
"ND","Coyote",8222,"B1",3469,,2020,8144,8118.6,2538940.84,,11974.768,0.887,2909520.876,0.109,5883.067,0.4347,26724753.022,"Coal","Diesel Oil","Cyclone boiler","Dry Lime FGD","Overfire Air","Baghouse","Halogenated PAC Sorbent Injection","ARP, MATS"
"AZ","Springerville Generating Station",8223,"1",3470,,2020,7901,7891.51,2402496.99,,2480.221,0.2272,2283104.432,0.1049,1962.639,0.1773,21768693.006,"Coal",,"Tangentially-fired","Dry Lime FGD","Low NOx Burner Technology w/ Closed-coupled OFA","Baghouse",,"ARP, MATS"
"AZ","Springerville Generating Station",8223,"2",3471,,2020,7634,7617.09,2363959.87,,2158.569,0.2021,2247111.344,0.1049,1907.802,0.1776,21425485.046,"Coal",,"Tangentially-fired","Dry Lime FGD","Low NOx Burner Technology w/ Closed-coupled OFA","Baghouse",,"ARP, MATS"
"AZ","Springerville Generating Station",8223,"4",90132,,2020,6259,6248.45,1419524.52,,567.993,0.0716,1574197.789,0.1044,434.707,0.0583,15036123.211,"Coal","Diesel Oil","Dry bottom wall-fired boiler","Dry Lime FGD","Low NOx Burner Technology (Dry Bottom only)|Selective Catalytic Reduction","Baghouse",,"ARP, MATS"
"AZ","Springerville Generating Station",8223,"TS3",89514,,2020,8627,8619.88,2339360.35,,875.59,0.0647,2673239.288,0.1047,911.992,0.0713,25502236.124,"Coal","Diesel Oil","Dry bottom wall-fired boiler","Dry Lime FGD","Low NOx Burner Technology (Dry Bottom only)|Selective Catalytic Reduction","Baghouse",,"ARP, MATS"
"NV","North Valmy",8224,"1",3473,,2020,3707,3698.34,442284.27,,1458.399,0.6828,443757.067,0.105,679.102,0.319,4231094.178,"Coal",,"Dry bottom wall-fired boiler",,"Low NOx Burner Technology (Dry Bottom only)","Baghouse",,"ARP, MATS"
"NV","North Valmy",8224,"2",3474,,2020,4361,4341.46,642580.81,,460.682,0.1451,646892.657,0.105,966.908,0.3011,6167956.391,"Coal",,"Dry bottom wall-fired boiler","Dry Lime FGD","Low NOx Burner Technology (Dry Bottom only)","Baghouse",,"ARP, MATS"
"PA","Cheswick",8226,"1",3475,,2020,2137,2112.73,644706.3,,1011.17,0.2081,665475.228,0.0974,510.511,0.1757,6543784.662,"Coal","Pipeline Natural Gas","Tangentially-fired","Wet Lime FGD","Low NOx Burner Technology w/ Separated OFA|Selective Catalytic Reduction","Electrostatic Precipitator",,"ARP, CSNOX, CSOSG2, CSSO2G1, MATS"
"NY","Astoria Generating Station",8906,"20",3485,,2020,90,86.36,5307.58,,0.021,0.001,4074.78,0.0653,2.614,0.0718,68562.124,"Pipeline Natural Gas",,"Dry bottom wall-fired boiler",,,,,"ARP, CSNOX, CSOSG2, CSSO2G1, RGGI"
"NY","Astoria Generating Station",8906,"31RH",90457,"CP30",2020,2463,2452.39,224143.75,,1.199,0.0023,79367.924,0.0591,26.657,0.0379,1333653.912,"Pipeline Natural Gas","Residual Oil","Dry bottom wall-fired boiler",,,,,"ARP, CSNOX, CSOSG2, CSSO2G1, RGGI"
"NY","Astoria Generating Station",8906,"32SH",90458,"CP30",2020,2463,2452.24,224132,,1.188,0.0023,75398.125,0.0591,26.567,0.0409,1266831.735,"Pipeline Natural Gas","Residual Oil","Dry bottom wall-fired boiler",,,,,"ARP, CSNOX, CSOSG2, CSSO2G1, RGGI"
"NY","Astoria Generating Station",8906,"41SH",90459,"CPG45A, CPO40",2020,0,0,,,,,,,,,,"Pipeline Natural Gas","Residual Oil","Tangentially-fired",,,,,"ARP, CSNOX, CSOSG2, CSSO2G1, RGGI"
"NY","Astoria Generating Station",8906,"42RH",90460,"CPG45A, CPO40",2020,0,0,,,,,,,,,,"Pipeline Natural Gas","Residual Oil","Tangentially-fired",,,,,"ARP, CSNOX, CSOSG2, CSSO2G1, RGGI"
"NY","Astoria Generating Station",8906,"51RH",90461,"CPG45A, CPO50",2020,5315,5290.59,533283.82,,1.528,0.0013,187851.462,0.059,74.355,0.0438,3160238.171,"Pipeline Natural Gas","Residual Oil","Tangentially-fired",,,,,"ARP, CSNOX, CSOSG2, CSSO2G1, RGGI"
"NY","Astoria Generating Station",8906,"52SH",90462,"CPG45A, CPO50",2020,5313,5289.07,533282.3,,1.532,0.0013,186715.882,0.059,76.347,0.0459,3141105.575,"Pipeline Natural Gas","Residual Oil","Tangentially-fired",,,,,"ARP, CSNOX, CSOSG2, CSSO2G1, RGGI"
"NY","Astoria Generating Station",8906,"CT0001",3489,,2020,43,27.35,547,,,,,,1.515,0.456,6646.3,"Pipeline Natural Gas",,"Combustion turbine",,,,,"SIPNOX"
"VA","RockTenn West Point Mill",10017,"002",88334,,2020,3500,3498.19,,990388.1,,,,,156.161,0.2099,1555626.235,"Coal","Residual Oil, Pipeline Natural Gas","Tangentially-fired","Sodium Based","Overfire Air","Wet Scrubber|Cyclone",,"SIPNOX"
"NY","RED-Rochester, LLC-Eastman Business Park",10025,"4B",3518,,2020,8781,7125,,2106163.5,,,,,141.19,0.1028,2744396.425,"Natural Gas","Diesel Oil","Tangentially-fired",,,,,"SIPNOX"
"MA","General Electric Aircraft",10029,"3",3519,,2020,1514,1512.34,,223147,,,,,26.356,0.1644,319089.502,"Pipeline Natural Gas","Residual Oil","Dry bottom wall-fired boiler",,"Low NOx Burner Technology w/ Overfire Air|Other",,,
"DE","Energy Center Dover LLC",10030,"2",5046,,2020,1428,1267.56,64517.16,,0.175,0.001,34622.201,0.0592,2.649,0.0159,582611.035,"Pipeline Natural Gas",,"Combined cycle",,"Selective Catalytic Reduction|Water Injection",,,"ARP, RGGI, SIPNOX"
"DE","Energy Center Dover LLC",10030,"3",5047,,2020,783,664.61,25404.84,,0.079,0.001,15590.725,0.0593,10.145,0.0838,262270.987,"Pipeline Natural Gas","Diesel Oil","Combustion turbine",,"Water Injection",,,"ARP, RGGI, SIPNOX"
"CA","Calpine Gilroy Cogen, LP",10034,"S-100",89552,,2020,1360,1217.05,112485.52,,0.282,0.001,55885.3,0.0591,15.14,0.0493,940467.78,"Pipeline Natural Gas",,"Combined cycle",,"Dry Low NOx Burners",,,"ARP"
"NJ","Logan Generating Plant",10043,"1001",3524,,2020,8197,8181.79,,3505614.57,415.5,0.141,612697.089,0.1025,357.896,0.12,5979731.836,"Coal",,"Dry bottom wall-fired boiler","Dry Lime FGD","Low NOx Burner Technology w/ Overfire Air|Selective Catalytic Reduction","Baghouse",,"CSNOX, CSOSG2, CSSO2G1, MATS, RGGI"
"MN","Taconite Harbor Energy Center",10075,"1",9003,,2020,0,0,,,,,,,,,,"Coal",,"Tangentially-fired","Other","Overfire Air|Selective Non-catalytic Reduction","Electrostatic Precipitator",,"ARP, CSNOX, CSSO2G2, MATS"
"MN","Taconite Harbor Energy Center",10075,"2",9004,,2020,0,0,,,,,,,,,,"Coal",,"Tangentially-fired","Other","Overfire Air|Selective Non-catalytic Reduction","Electrostatic Precipitator",,"ARP, CSNOX, CSSO2G2, MATS"
"NJ","Pedricktown Cogeneration Plant",10099,"001001",3525,,2020,641,587.81,63583.76,,0.162,0.001,32001.772,0.059,20.162,0.0877,538471.775,"Pipeline Natural Gas","Diesel Oil","Combined cycle",,"Ammonia Injection|Steam Injection",,,"ARP, CSNOX, CSOSG2, CSSO2G1, RGGI"
"PA","Gilberton Power Company",10113,"031",3527,"CS001",2020,8514,8508.25,,3122567.74,377.775,0.1793,496567.762,0.1179,177.717,0.0846,4207744.038,"Coal Refuse",,"Circulating fluidized bed boiler","Fluidized Bed Limestone Injection","Overfire Air","Baghouse",,"ARP, CSNOX, CSOSG2, CSSO2G1, MATS"
"PA","Gilberton Power Company",10113,"032",3528,"CS001",2020,8574,8567.14,,3096193.39,374.288,0.1791,492402.59,0.1179,178.088,0.0853,4171457.705,"Coal Refuse",,"Circulating fluidized bed boiler","Fluidized Bed Limestone Injection","Overfire Air","Baghouse",,"ARP, CSNOX, CSOSG2, CSSO2G1, MATS"
"PA","Colver Green Energy",10143,"AAB01",3529,,2020,5173,5150.8,557837.93,,1564.608,0.4954,238324.927,0.1048,484.882,0.1483,6389007.942,"Coal Refuse",,"Circulating fluidized bed boiler","Dry Lime FGD","Ammonia Injection","Baghouse",,"ARP, CSNOX, CSOSG2, CSSO2G1, MATS"
"WV","Grant Town Power Plant",10151,"1A",10068,"CS1",2020,8196,8174.75,,3105296.05,797.089,0.384,417467.873,0.1029,667.503,0.3268,4068871.541,"Coal Refuse",,"Circulating fluidized bed boiler","Fluidized Bed Limestone Injection","Selective Non-catalytic Reduction|Combustion Modification/Fuel Reburning","Baghouse",,"CSNOX, CSOSG2, CSSO2G1, MATS"
"WV","Grant Town Power Plant",10151,"1B",10069,"CS1",2020,8330,8305.75,,3093458.43,793.257,0.3842,415792.818,0.103,663.43,0.3265,4052556.181,"Coal Refuse",,"Circulating fluidized bed boiler","Fluidized Bed Limestone Injection","Selective Non-catalytic Reduction|Combustion Modification/Fuel Reburning","Baghouse",,"CSNOX, CSOSG2, CSSO2G1, MATS"
"CA","Fresno Cogeneration Partners, LP",10156,"GEN1",89509,,2020,105,84.73,2174.82,,0.007,0.001,1467.136,0.06,0.12,0.0185,24683.834,"Pipeline Natural Gas",,"Combined cycle",,"Water Injection|Selective Catalytic Reduction",,,"ARP"
"CA","Carson Cogeneration Company",10169,"D1",89366,,2020,769,653.59,20977.82,,0.057,0.001,11209.479,0.0593,12.158,0.3836,188613.65,"Pipeline Natural Gas",,"Combined cycle",,"Water Injection|Selective Catalytic Reduction",,,"ARP"
"MA","MBTA South Boston Power Facility",10176,"A",3530,,2020,19,10.77,330.08,,,,345.7,0.0812,0.301,0.2409,4264.9,"Other Oil",,"Combustion turbine",,"Water Injection",,,"RGGI, SIPNOX"
"MA","MBTA South Boston Power Facility",10176,"B",3531,,2020,9,4.17,130.79,,,,134,0.0813,0.123,0.2471,1651.3,"Other Oil",,"Combustion turbine",,"Water Injection",,,"RGGI, SIPNOX"
"NY","Castleton Power, LLC",10190,"1",3532,,2020,1541,1481.9,81564.51,,0.222,0.001,43928.712,0.0592,32.511,0.0964,739155.058,"Pipeline Natural Gas","Diesel Oil","Combined cycle",,"Steam Injection",,,"ARP, CSNOX, CSOSG2, CSSO2G1, RGGI"
"OH","Pixelle Specialty Solutions LLC",10244,"B002",9294,,2020,3672,3672,,485957,,,,,51.117,0.1622,669269.5,"Natural Gas","Diesel Oil","Tangentially-fired",,,,,"SIPNOX"
"OH","Pixelle Specialty Solutions LLC",10244,"B003",9295,,2020,3614,3601.9,,712797.21,,,,,44.197,0.0867,1076383.245,"Natural Gas","Diesel Oil","Wet bottom wall-fired boiler",,,,,"SIPNOX"
"CA","King City Power Plant",10294,"2",8434,,2020,518,371.88,11308.21,,0.037,0.001,7349.684,0.0593,1.036,0.0257,123663.479,"Pipeline Natural Gas",,"Combustion turbine",,"Dry Low NOx Burners|Water Injection|Ammonia Injection|Selective Catalytic Reduction",,,"ARP"
"CA","King City Power Plant",10294,"GTG",91323,,2020,796,707.38,61693.93,,0.153,0.001,30311.985,0.0591,10.129,0.0474,510039.61,"Pipeline Natural Gas",,"Combined cycle",,"Dry Low NOx Burners|Selective Catalytic Reduction",,,"ARP"
"TX","Air Liquide Bayport Complex",10298,"CG801",88563,,2020,8271,8266.96,584879.93,,,,467524.067,0.057,72.846,0.0201,8099346.024,"Pipeline Natural Gas","Other Gas","Combustion turbine",,"Dry Low NOx Burners|Other",,,"CSOSG2"
"TX","Air Liquide Bayport Complex",10298,"CG802",88564,,2020,8064,8052.09,563332.73,,,,446067.542,0.0584,76.112,0.0205,8133168.089,"Pipeline Natural Gas","Other Gas","Combustion turbine",,"Dry Low NOx Burners|Other",,,"CSOSG2"
"TX","Air Liquide Bayport Complex",10298,"CG803",88565,,2020,8354,8351.26,590191.7,,,,509627.09,0.0607,75.876,0.0186,8337479.54,"Pipeline Natural Gas","Other Gas","Combustion turbine",,"Dry Low NOx Burners|Other",,,"CSOSG2"
"TX","Air Liquide Bayport Complex",10298,"CG804",88566,,2020,8195,8187.41,584135.03,,,,467344.789,0.058,78.358,0.0195,8053634.18,"Pipeline Natural Gas","Other Gas","Combustion turbine",,"Dry Low NOx Burners|Other",,,"CSOSG2"
"MA","Bellingham",10307,"1",3537,"CP1, CS1",2020,205,193.46,16666.29,,1.522,0.0131,11582.495,0.0593,7.846,0.0909,193828.747,"Pipeline Natural Gas","Diesel Oil","Combined cycle",,"Steam Injection",,,"ARP, RGGI, SIPNOX"
"MA","Bellingham",10307,"2",3538,"CP1, CS1",2020,293,280.91,24297.47,,1.554,0.0095,17168.559,0.0592,12.965,0.1008,287826.154,"Pipeline Natural Gas","Diesel Oil","Combined cycle",,"Steam Injection",,,"ARP, RGGI, SIPNOX"
"NJ","Sayreville Power LP",10308,"1001",3539,,2020,1429,1341.77,180310.52,,0.455,0.001,90186.705,0.059,64.687,0.0964,1517580.66,"Pipeline Natural Gas",,"Combined cycle",,"Steam Injection",,,"ARP, CSNOX, CSOSG2, CSSO2G1, RGGI"
"NJ","Sayreville Power LP",10308,"1002",3540,,2020,1319,1225.45,166497.38,,0.421,0.001,83390.497,0.059,61.851,0.1017,1403227.036,"Pipeline Natural Gas",,"Combined cycle",,"Steam Injection",,,"ARP, CSNOX, CSOSG2, CSSO2G1, RGGI"
"MI","T B Simon Power Plant",10328,"UNIT1",89142,,2020,3290,3286.75,,523188.25,,,,,58.106,0.175,664083.6,"Natural Gas",,"Dry bottom wall-fired boiler",,"Low NOx Burner Technology (Dry Bottom only)|Overfire Air",,,"SIPNOX"
"MI","T B Simon Power Plant",10328,"UNIT2",89143,,2020,3330,3329.5,,504088,,,,,39.342,0.123,639714.2,"Natural Gas",,"Dry bottom wall-fired boiler",,"Low NOx Burner Technology (Dry Bottom only)|Overfire Air",,,"SIPNOX"
"MI","T B Simon Power Plant",10328,"UNIT3",89144,,2020,2368,2367.15,,424916,,,,,69.349,0.2786,488901.55,"Natural Gas",,"Dry bottom wall-fired boiler",,"Low NOx Burner Technology (Dry Bottom only)|Overfire Air","Electrostatic Precipitator",,"SIPNOX"
"MI","T B Simon Power Plant",10328,"UNIT4",89145,,2020,4040,4039.5,,526519.5,,,,,16.944,0.049,692198.4,"Natural Gas",,"Circulating fluidized bed boiler",,,"Baghouse",,"SIPNOX"
"PA","Mt. Carmel Cogeneration",10343,"SG-101",3542,,2020,1451,1430.91,41493.82,,78.646,0.2103,91160.458,0.1178,23.726,0.0628,774489.808,"Coal Refuse",,"Circulating fluidized bed boiler","Fluidized Bed Limestone Injection",,"Baghouse",,"ARP, CSNOX, CSOSG2, CSSO2G1, MATS"
"CA","Yuba City Energy Center",10349,"2",8436,,2020,2527,2195.82,59645.5,,0.194,0.001,38468.761,0.0593,18.508,0.1812,647270.177,"Pipeline Natural Gas",,"Combustion turbine",,"Water Injection|Selective Catalytic Reduction",,,"ARP"
"NC","CPI USA North Carolina Southport",10378,"BLR01A",9907,"CS001",2020,7214,7165.79,,859900.56,523.005,0.8815,,,150.11,0.2556,1199131.59,"Wood","Coal, Tire Derived Fuel","Stoker",,"Overfire Air","Baghouse",,"CSNOX, CSSO2G1, SIPNOX"
"NC","CPI USA North Carolina Southport",10378,"BLR01B",9908,"CS001",2020,7255,7193.53,,874060.73,531.795,0.891,,,152.124,0.2578,1214553.752,"Wood","Coal, Tire Derived Fuel","Stoker",,"Overfire Air","Baghouse",,"CSNOX, CSSO2G1, SIPNOX"
"NC","CPI USA North Carolina Southport",10378,"BLR01C",9909,"CS001",2020,7308,7269.23,,869186.35,539.113,0.896,,,156.18,0.2627,1225397.332,"Wood","Coal, Tire Derived Fuel","Stoker",,"Overfire Air","Baghouse",,"CSNOX, CSSO2G1, SIPNOX"
"NC","CPI USA North Carolina Southport",10378,"BLR02A",9910,"CS002",2020,7250,7212.78,,853410.37,539.681,0.886,,,140.818,0.2355,1244268.732,"Wood","Coal, Tire Derived Fuel","Stoker",,"Overfire Air","Baghouse",,"CSNOX, CSSO2G1, SIPNOX"
"NC","CPI USA North Carolina Southport",10378,"BLR02B",9911,"CS002",2020,6908,6835.4,,848459.47,532.395,0.8769,,,137.241,0.2297,1230191.61,"Wood","Coal, Tire Derived Fuel","Stoker",,"Overfire Air","Baghouse",,"CSNOX, CSSO2G1, SIPNOX"
"NC","CPI USA North Carolina Southport",10378,"BLR02C",9912,"CS002",2020,6525,6472.19,,781888.08,491.848,0.8763,,,127.555,0.2293,1136203.876,"Wood","Coal, Tire Derived Fuel","Stoker",,"Overfire Air","Baghouse",,"CSNOX, CSSO2G1, SIPNOX"
"NC","CPI USA North Carolina Roxboro",10379,"BLR01A",9913,"CS001",2020,8019,8003.37,,1084685.51,685.673,0.8774,,,159.852,0.2068,1580244.188,"Wood","Coal, Tire Derived Fuel","Stoker",,"Overfire Air","Baghouse",,"CSNOX, CSSO2G1, SIPNOX"
"NC","CPI USA North Carolina Roxboro",10379,"BLR01B",9914,"CS001",2020,7940,7921.54,,1046036.49,658.531,0.8731,,,153.281,0.2053,1519522.4,"Wood","Coal, Tire Derived Fuel","Stoker",,"Overfire Air","Baghouse",,"CSNOX, CSSO2G1, SIPNOX"
"NC","CPI USA North Carolina Roxboro",10379,"BLR01C",9915,"CS001",2020,7965,7946.75,,1044188.54,660.967,0.8766,,,153.824,0.2056,1521777.821,"Wood","Coal, Tire Derived Fuel","Stoker",,"Overfire Air","Baghouse",,"CSNOX, CSSO2G1, SIPNOX"
"NC","NC Renewable Power - Lumberton LLC",10382,"UNIT1",3545,"CS1",2020,5390,5348.92,,525679.67,63.985,0.1314,102011.079,0.1037,53.111,0.1139,977989.32,"Wood","Other Solid Fuel","Stoker","Dry Sorbent Injection","Selective Non-catalytic Reduction|Overfire Air","Baghouse",,"ARP, CSNOX, CSSO2G1, SIPNOX"
"NC","NC Renewable Power - Lumberton LLC",10382,"UNIT2",3546,"CS1",2020,5456,5401.9,,540299.41,67.949,0.1333,104932.992,0.104,54.608,0.1147,1005967.82,"Wood","Other Solid Fuel","Stoker",,"Selective Non-catalytic Reduction|Overfire Air","Baghouse",,"ARP, CSNOX, CSSO2G1, SIPNOX"
"NC","Edgecombe Genco, LLC",10384,"BLR01A",9927,"CS001",2020,0,0,,,,,,,,,,"Coal","Tire Derived Fuel","Stoker","Dry Lime FGD","Overfire Air","Baghouse",,
"NC","Edgecombe Genco, LLC",10384,"BLR01B",9928,"CS001",2020,0,0,,,,,,,,,,"Coal","Tire Derived Fuel","Stoker","Dry Lime FGD","Overfire Air","Baghouse",,
"NC","Edgecombe Genco, LLC",10384,"BLR02A",9929,"CS002",2020,0,0,,,,,,,,,,"Coal","Tire Derived Fuel","Stoker","Dry Lime FGD","Overfire Air","Baghouse",,
"NC","Edgecombe Genco, LLC",10384,"BLR02B",9930,"CS002",2020,0,0,,,,,,,,,,"Coal","Tire Derived Fuel","Stoker","Dry Lime FGD","Overfire Air","Baghouse",,
"CA","Kingsburg Cogen Facility",10405,"1",90775,,2020,139,115,2484.69,,0.011,0.001,2165.899,0.0596,0.255,0.0326,36446.521,"Pipeline Natural Gas",,"Combined cycle",,"Selective Catalytic Reduction",,,"ARP"
"NY","Black River Generation, LLC",10464,"E0001",3547,"CS-1",2020,8318,8302.39,,1172154.25,23.267,0.0265,199807.622,0.1053,124.745,0.1301,1896607.611,"Wood","Other Solid Fuel, Petroleum Coke, Tire Derived Fuel","Circulating fluidized bed boiler",,,"Baghouse",,"CSNOX, CSOSG2, CSSO2G1, RGGI"
"NY","Black River Generation, LLC",10464,"E0002",3548,"CS-1",2020,8136,8120.63,,1159405.41,26.237,0.0292,197210.433,0.1052,123.329,0.13,1872816.277,"Wood","Other Solid Fuel, Petroleum Coke, Tire Derived Fuel","Circulating fluidized bed boiler",,,"Baghouse",,"CSNOX, CSOSG2, CSSO2G1, RGGI"
"NY","Black River Generation, LLC",10464,"E0003",3549,"CS-1",2020,8153,8137.11,,1161556.27,25.356,0.0285,197516.728,0.1053,122.665,0.1295,1875210.89,"Wood","Other Solid Fuel, Petroleum Coke, Tire Derived Fuel","Circulating fluidized bed boiler",,,"Baghouse",,"CSNOX, CSOSG2, CSSO2G1, RGGI"
"IN","ArcelorMittal USA - Indiana Harbor East",10474,"211",89322,"CP2, MS211N, MS211S",2020,0,0,,,,,,,,,,"Process Gas","Natural Gas","Dry bottom wall-fired boiler",,,,,"SIPNOX"
"IN","ArcelorMittal USA - Indiana Harbor East",10474,"212",89321,"CP2, MS212N, MS212S",2020,0,0,,,,,,,,,,"Process Gas","Natural Gas","Dry bottom wall-fired boiler",,,,,"SIPNOX"
"IN","ArcelorMittal USA - Indiana Harbor East",10474,"213",89323,"CP2, MS213N, MS213S",2020,0,0,,,,,,,,,,"Process Gas","Natural Gas","Dry bottom wall-fired boiler",,,,,"SIPNOX"
"NC","Craven County Wood Energy",10525,"ES5A",89655,,2020,5987,5967.26,252116.12,,217.106,0.1289,338421.607,0.1037,323.84,0.1983,3245795.896,"Wood","Other Solid Fuel","Stoker",,,"Electrostatic Precipitator",,"ARP, CSNOX, CSSO2G1, SIPNOX"
"NJ","Carneys Point",10566,"1001",3554,,2020,8580,8573.36,,2718248.11,306.574,0.145,436346.025,0.1029,249.031,0.117,4253439.235,"Coal","Diesel Oil, Residual Oil","Dry bottom wall-fired boiler","Dry Lime FGD","Selective Catalytic Reduction","Baghouse",,"CSNOX, CSOSG2, CSSO2G1, MATS, RGGI"
"NJ","Carneys Point",10566,"1002",3555,,2020,8293,8279.77,,2563099.06,287.907,0.1409,425395.142,0.1029,239.212,0.1157,4147225.893,"Coal","Diesel Oil, Residual Oil","Dry bottom wall-fired boiler","Dry Lime FGD","Selective Catalytic Reduction","Baghouse",,"CSNOX, CSOSG2, CSSO2G1, MATS, RGGI"
"CT","Ahlstrom Power Windsor Locks, LLC",10567,"GT1",3556,,2020,323,294.4,6340.69,,,,5184.077,0.0596,7.033,0.1732,86882.201,"Pipeline Natural Gas","Residual Oil","Combined cycle",,"Steam Injection",,,"RGGI, SIPNOX"
"PA","Ebensburg Power Company",10603,"031",3557,,2020,7369,7356.42,338212.72,,1358.897,0.5707,517889.946,0.1097,177.579,0.0775,4743554.563,"Coal",,"Circulating fluidized bed boiler","Fluidized Bed Limestone Injection",,"Baghouse",,"ARP, CSNOX, CSOSG2, CSSO2G1, MATS"
"NY","Beaver Falls, LLC",10617,"1",3560,,2020,33,32.15,2380.64,,0.006,0.001,1180.788,0.0591,0.488,0.0637,19862.319,"Pipeline Natural Gas","Diesel Oil","Combined cycle",,"Selective Catalytic Reduction|Steam Injection",,,"CSNOX, CSOSG2, CSSO2G1, RGGI"
"NY","Allegany Station No. 133",10619,"00001",3562,,2020,475,420.57,19624.41,,0.047,0.001,9364.501,0.0592,2.375,0.0366,157585.291,"Pipeline Natural Gas",,"Combined cycle",,"Water Injection|Selective Catalytic Reduction",,,"ARP, CSNOX, CSOSG2, CSSO2G1, RGGI"
"NY","Carthage Energy",10620,"1",3563,,2020,138,114.82,4697.04,,0.013,0.001,2551.519,0.0592,2.919,0.134,42939.676,"Pipeline Natural Gas","Diesel Oil","Combined cycle",,"Steam Injection",,,"ARP, CSNOX, CSOSG2, CSSO2G1, RGGI"
"NY","Syracuse, LLC",10621,"1",3564,,2020,116,108.89,6043.22,,0.015,0.001,3005.003,0.0592,2.436,0.2223,50565.66,"Pipeline Natural Gas","Diesel Oil","Combined cycle",,"Selective Catalytic Reduction|Steam Injection",,,"ARP, CSNOX, CSOSG2, CSSO2G1, RGGI"
"VA","Hopewell Cogeneration Facility",10633,"1",88335,,2020,6159,6098.75,536932.25,,1.86,0.001,366937.075,0.059,334.301,0.1127,6174375.975,"Pipeline Natural Gas","Diesel Oil","Combined cycle",,"Steam Injection",,,"CSNOX, CSOSG2, CSSO2G1"
"VA","Hopewell Cogeneration Facility",10633,"2",88336,,2020,5158,5103,446674.25,,1.547,0.001,304085.2,0.059,294.622,0.1164,5116780.575,"Pipeline Natural Gas","Diesel Oil","Combined cycle",,"Steam Injection",,,"CSNOX, CSOSG2, CSSO2G1"
"VA","Hopewell Cogeneration Facility",10633,"3",88337,,2020,5956,5906.25,518323,,1.787,0.001,352158.575,0.059,303.347,0.1044,5925720.8,"Pipeline Natural Gas","Diesel Oil","Combined cycle",,"Steam Injection",,,"CSNOX, CSOSG2, CSSO2G1"
"CA","Bear Mountain Limited",10649,"GT1",91243,,2020,1216,1073.75,42571,,0.119,0.001,23620.25,0.0592,9.248,0.0552,397448.05,"Pipeline Natural Gas",,"Combustion turbine",,"Selective Catalytic Reduction",,,"ARP"
"CA","Badger Creek Limited",10650,"GT1",91244,,2020,593,507,19019,,0.053,0.001,10502.675,0.0592,9.746,0.1162,176720.125,"Pipeline Natural Gas",,"Combustion turbine",,"Selective Catalytic Reduction",,,"ARP"
"OK","River Valley",10671,"1A",90961,"CS1",2020,4527,4507.82,,1622954.57,92.958,0.0619,289092.063,0.1038,327.248,0.2338,2760925.541,"Coal",,"Circulating fluidized bed boiler","Fluidized Bed Limestone Injection",,,,"ARP, CSOSG2, MATS"
"OK","River Valley",10671,"1B",90962,"CS1",2020,4386,4363.65,,1581192.36,102.587,0.0653,289477.54,0.103,321.014,0.2297,2770026.631,"Coal",,"Circulating fluidized bed boiler","Fluidized Bed Limestone Injection",,,,"ARP, CSOSG2, MATS"
"OK","River Valley",10671,"2A",90963,"CS1",2020,4539,4513.13,,1672619.23,88.274,0.0615,294110.387,0.1033,333.164,0.2307,2817619.543,"Coal",,"Circulating fluidized bed boiler","Fluidized Bed Limestone Injection",,,,"ARP, CSOSG2, MATS"
"OK","River Valley",10671,"2B",90964,"CS1",2020,4362,4345.42,,1570896.61,82.888,0.0609,275011.691,0.1032,310.391,0.2302,2636422.009,"Coal",,"Circulating fluidized bed boiler","Fluidized Bed Limestone Injection",,,,"ARP, CSOSG2, MATS"
"MD","AES Warrior Run",10678,"001",3575,,2020,8389,8386.81,949400.27,,921.572,0.1549,1221680.864,0.1029,359.787,0.0581,11908738.447,"Coal","Diesel Oil","Circulating fluidized bed boiler","Fluidized Bed Limestone Injection","Ammonia Injection|Selective Non-catalytic Reduction","Baghouse",,"CSNOX, CSOSG2, CSSO2G1, MATS, RGGI"
"CO","Brush Power Projects",10682,"GT2",3576,,2020,605,560.83,13799.5,,0.063,0.001,12492.019,0.0592,8.863,0.0855,210219.618,"Pipeline Natural Gas",,"Combustion turbine",,"Water Injection",,,"ARP"
"CO","Brush Power Projects",10682,"GT4",4142,"MS4A, MS4B",2020,1136,1056.75,44780.24,,0.146,0.001,28975.222,0.0592,21.327,0.0915,487547.423,"Pipeline Natural Gas",,"Combined cycle",,"Water Injection",,,"ARP"
"CO","Brush Power Projects",10682,"GT5",4143,"MS5A, MS5B",2020,1149,1065.57,46116.09,,0.152,0.001,30151.897,0.0592,21.956,0.0888,507313.77,"Pipeline Natural Gas",,"Combined cycle",,"Water Injection",,,"ARP"
"MI","Graphic Packaging International, Inc.",10698,"BLR08",89244,,2020,3549,3543.25,,353066.25,,,,,31.149,0.1198,511272.3,"Natural Gas","Residual Oil","Dry bottom wall-fired boiler",,,,,"SIPNOX"
"NY","Selkirk Cogen Partners",10725,"CTG101",3577,,2020,329,317.94,34804.08,,0.082,0.001,16267.296,0.059,11.137,0.082,273743.266,"Pipeline Natural Gas","Diesel Oil","Combined cycle",,"Steam Injection",,,"ARP, CSNOX, CSOSG2, CSSO2G1, RGGI"
"NY","Selkirk Cogen Partners",10725,"CTG201",3578,,2020,608,590.69,62513.32,,0.156,0.001,30908.393,0.059,7.312,0.0301,520154.826,"Pipeline Natural Gas","Diesel Oil","Combined cycle",,"Selective Catalytic Reduction|Steam Injection",,,"ARP, CSNOX, CSOSG2, CSSO2G1, RGGI"
"NY","Selkirk Cogen Partners",10725,"CTG301",3579,,2020,543,526.15,56357.62,,0.137,0.001,27115.689,0.059,6.052,0.0276,456319.212,"Pipeline Natural Gas","Diesel Oil","Combined cycle",,"Selective Catalytic Reduction|Steam Injection",,,"ARP, CSNOX, CSOSG2, CSSO2G1, RGGI"
"MA","MASSPOWER",10726,"1",3580,,2020,2008,1902.75,132377.25,,0.481,0.001,94079.85,0.059,26.657,0.0369,1583096.175,"Pipeline Natural Gas","Diesel Oil","Combined cycle",,"Selective Catalytic Reduction|Steam Injection",,,"ARP, RGGI, SIPNOX"
"MA","MASSPOWER",10726,"2",3581,,2020,1769,1684.25,120242.25,,0.43,0.001,83938.95,0.059,23.888,0.0363,1412457.8,"Pipeline Natural Gas","Diesel Oil","Combined cycle",,"Selective Catalytic Reduction|Steam Injection",,,"ARP, RGGI, SIPNOX"
"WV","Morgantown Energy Facility",10743,"CFB1",10078,"CS1",2020,2091,2088.61,,210516.51,23.35,0.124,,,32.945,0.1655,378435.629,"Coal Refuse, Pipeline Natural Gas","Coal","Circulating fluidized bed boiler","Fluidized Bed Limestone Injection (Retired Jun 30, 2020)","Selective Non-catalytic Reduction (Retired Jun 30, 2020)","Baghouse",,"CSNOX, CSOSG2, CSSO2G1, MATS"
"WV","Morgantown Energy Facility",10743,"CFB2",10079,"CS1",2020,1997,1993.51,,198618.04,19.871,0.1099,,,29.182,0.1537,366105.475,"Coal Refuse, Pipeline Natural Gas","Coal","Circulating fluidized bed boiler","Fluidized Bed Limestone Injection (Retired Jun 30, 2020)","Selective Non-catalytic Reduction (Retired Jun 30, 2020)","Baghouse",,"CSNOX, CSOSG2, CSSO2G1, MATS"
"MI","Midland Cogeneration Venture",10745,"003",88567,,2020,6460,6358.06,613376.57,,2.014,0.001,,,289.606,0.0947,6712547.243,"Pipeline Natural Gas",,"Combined cycle",,"Steam Injection",,,"CSNOX, CSOSG2, CSSO2G1"
"MI","Midland Cogeneration Venture",10745,"004",88568,,2020,7652,7557.82,716268.84,,2.289,0.001,,,405.634,0.1171,7629705.076,"Pipeline Natural Gas",,"Combined cycle",,"Steam Injection",,,"CSNOX, CSOSG2, CSSO2G1"
"MI","Midland Cogeneration Venture",10745,"005",88569,,2020,6982,6816.49,654211.31,,2.079,0.001,,,302.115,0.1073,6928529.498,"Pipeline Natural Gas",,"Combined cycle",,"Steam Injection",,,"CSNOX, CSOSG2, CSSO2G1"
"MI","Midland Cogeneration Venture",10745,"006",88570,,2020,6339,6188.25,596503.08,,1.885,0.001,,,306.362,0.1183,6281513.169,"Pipeline Natural Gas",,"Combined cycle",,"Steam Injection",,,"CSNOX, CSOSG2, CSSO2G1"
"MI","Midland Cogeneration Venture",10745,"007",88571,,2020,6867,6681.12,651291.94,,2.023,0.001,,,290.978,0.1022,6741436.844,"Pipeline Natural Gas",,"Combined cycle",,"Steam Injection",,,"CSNOX, CSOSG2, CSSO2G1"
"MI","Midland Cogeneration Venture",10745,"008",88572,,2020,6954,6783.31,659004.4,,2.14,0.001,,,360.147,0.1157,7132307.846,"Pipeline Natural Gas",,"Combined cycle",,"Steam Injection",,,"CSNOX, CSOSG2, CSSO2G1"
"MI","Midland Cogeneration Venture",10745,"009",88573,,2020,5995,5825.65,567369.28,,1.899,0.001,,,276.148,0.0979,6329077.876,"Pipeline Natural Gas",,"Combined cycle",,"Steam Injection",,,"CSNOX, CSOSG2, CSSO2G1"
"MI","Midland Cogeneration Venture",10745,"010",88574,,2020,7129,6938.99,669075.56,,2.19,0.001,,,306.263,0.1072,7299527.17,"Pipeline Natural Gas",,"Combined cycle",,"Steam Injection",,,"CSNOX, CSOSG2, CSSO2G1"
"MI","Midland Cogeneration Venture",10745,"011",88575,,2020,7077,6919.8,663917.55,,2.191,0.001,,,323.282,0.1019,7303190.126,"Pipeline Natural Gas",,"Combined cycle",,"Steam Injection",,,"CSNOX, CSOSG2, CSSO2G1"
"MI","Midland Cogeneration Venture",10745,"012",88576,,2020,8299,8266.22,687161.72,,2.473,0.001,,,346.497,0.0851,8243872.994,"Pipeline Natural Gas",,"Combined cycle",,"Dry Low NOx Burners",,,"CSNOX, CSOSG2, CSSO2G1"
"MI","Midland Cogeneration Venture",10745,"013",88577,,2020,6613,6502.04,629935.23,,2.117,0.001,,,379.177,0.1182,7055830.576,"Pipeline Natural Gas",,"Combined cycle",,"Steam Injection",,,"CSNOX, CSOSG2, CSSO2G1"
"MI","Midland Cogeneration Venture",10745,"014",88578,,2020,6294,6135.93,589899.55,,1.931,0.001,,,294.445,0.1071,6434725.958,"Pipeline Natural Gas",,"Combined cycle",,"Steam Injection",,,"CSNOX, CSOSG2, CSSO2G1"
"MI","Midland Cogeneration Venture",10745,"016",90327,,2020,1,0.24,,0.24,0,0.001,,,0,0.065,6.96,"Pipeline Natural Gas",,"Other boiler",,"Low NOx Burner Technology (Dry Bottom only)",,,"CSNOX, CSOSG2, CSSO2G1"
"MI","Midland Cogeneration Venture",10745,"017",90328,,2020,2,0.15,,0.5,0,0.001,,,0,0.0435,9.55,"Pipeline Natural Gas",,"Other boiler",,"Low NOx Burner Technology (Dry Bottom only)",,,"CSNOX, CSOSG2, CSSO2G1"
"MI","Midland Cogeneration Venture",10745,"018",90329,,2020,449,396.75,,35806.21,0.02,0.001,,,0.948,0.0318,66954.055,"Pipeline Natural Gas",,"Other boiler",,"Low NOx Burner Technology (Dry Bottom only)",,,"CSNOX, CSOSG2, CSSO2G1"
"MI","Midland Cogeneration Venture",10745,"019",90330,,2020,329,275.69,,26831.2,0.012,0.001,,,0.482,0.0305,39014.785,"Pipeline Natural Gas",,"Other boiler",,"Low NOx Burner Technology (Dry Bottom only)",,,"CSNOX, CSOSG2, CSSO2G1"
"MI","Midland Cogeneration Venture",10745,"020",90331,,2020,0,0,,,,,,,,,,"Pipeline Natural Gas",,"Other boiler",,"Low NOx Burner Technology (Dry Bottom only)",,,"CSNOX, CSOSG2, CSSO2G1"
"MI","Midland Cogeneration Venture",10745,"021",90332,,2020,0,0,,,,,,,,,,"Pipeline Natural Gas",,"Other boiler",,"Low NOx Burner Technology (Dry Bottom only)",,,"CSNOX, CSOSG2, CSSO2G1"
"NJ","Camden Plant Holding, LLC",10751,"002001",3583,,2020,1056,962.8,114606.15,,0.322,0.001,63797.797,0.059,20.443,0.0545,1073546.751,"Pipeline Natural Gas","Other Oil","Combined cycle",,"Selective Catalytic Reduction|Steam Injection",,,"ARP, CSNOX, CSOSG2, CSSO2G1, RGGI"
"NV","Las Vegas Generating Station",10761,"1",90316,,2020,1810,1623.19,56565.32,,0.183,0.001,36219.751,0.0592,6.984,0.0329,609491.358,"Pipeline Natural Gas",,"Combined cycle",,"Selective Catalytic Reduction",,,"ARP"
"NV","Las Vegas Generating Station",10761,"2",3587,,2020,2221,2051.25,51292.48,,0.167,0.001,33050.244,0.0593,2.349,0.0161,556163.105,"Pipeline Natural Gas",,"Combined cycle",,"Selective Catalytic Reduction",,,"ARP"
"NV","Las Vegas Generating Station",10761,"3",3588,,2020,2158,1974.04,48916.98,,0.153,0.001,30310.782,0.0593,2.435,0.0192,510068.449,"Pipeline Natural Gas",,"Combined cycle",,"Selective Catalytic Reduction",,,"ARP"
"NV","Las Vegas Generating Station",10761,"4",3589,,2020,2307,2139.17,53190.63,,0.174,0.001,34362.104,0.0593,2.333,0.014,578208.136,"Pipeline Natural Gas",,"Combined cycle",,"Selective Catalytic Reduction",,,"ARP"
"NV","Las Vegas Generating Station",10761,"5",3590,,2020,2316,2141.76,53020.83,,0.17,0.001,33594.236,0.0593,2.735,0.0192,565264.863,"Pipeline Natural Gas",,"Combined cycle",,"Selective Catalytic Reduction",,,"ARP"
"VA","Hopewell Power Station",10771,"1",3591,"CS0",2020,1879,1866.85,,333580.89,1.928,0.009,70059.367,0.107,38.376,0.1369,642008.073,"Wood",,"Stoker","Dry Lime FGD","Overfire Air|Selective Non-catalytic Reduction","Baghouse",,"ARP, CSNOX, CSOSG2, CSSO2G1"
"VA","Hopewell Power Station",10771,"2",3592,"CS0",2020,1792,1779.27,,305104.75,1.731,0.0089,63417.61,0.1071,35.557,0.1343,581096.215,"Wood",,"Stoker","Dry Lime FGD","Overfire Air|Selective Non-catalytic Reduction","Baghouse",,"ARP, CSNOX, CSOSG2, CSSO2G1"
"VA","Altavista Power Station",10773,"1",3593,"CS0",2020,6457,6440.28,,1278607.26,5.836,0.0066,231667.769,0.1076,133.193,0.1228,2118574.705,"Wood",,"Stoker","Dry Lime FGD","Overfire Air|Selective Non-catalytic Reduction","Baghouse",,"ARP, CSNOX, CSOSG2, CSSO2G1"
"VA","Altavista Power Station",10773,"2",3594,"CS0",2020,6407,6390.28,,1264824.23,5.804,0.0065,229212.27,0.1077,131.663,0.123,2097844.522,"Wood",,"Stoker","Dry Lime FGD","Overfire Air|Selective Non-catalytic Reduction","Baghouse",,"ARP, CSNOX, CSOSG2, CSSO2G1"
"VA","Southampton Power Station",10774,"1",3595,"CS0",2020,6024,5999.88,,1202838.73,6.843,0.008,233470.721,0.108,129.02,0.1177,2137023.504,"Wood",,"Stoker","Dry Lime FGD","Selective Non-catalytic Reduction|Overfire Air","Baghouse",,"ARP, CSNOX, CSOSG2, CSSO2G1"
"VA","Southampton Power Station",10774,"2",3596,"CS0",2020,6099,6074.39,,1198639.56,6.74,0.0078,232652.156,0.108,128.811,0.1178,2127235.524,"Wood",,"Stoker","Dry Lime FGD","Selective Non-catalytic Reduction|Overfire Air","Baghouse",,"ARP, CSNOX, CSOSG2, CSSO2G1"
"CA","E. F. Oxnard Energy Facility",10776,"GTG",91465,,2020,10,4.15,40.9,,0.231,0.195,141.1,0.059,0.834,0.702,2376.705,"Natural Gas",,"Combustion turbine",,"Selective Catalytic Reduction",,,"ARP"
"WV","Chemours Belle Plant",10788,"612",10182,,2020,0,0,,,,,,,,,,"Natural Gas",,"Dry bottom wall-fired boiler",,,,,"SIPNOX"
"NY","AG - Energy",10803,"1",3598,,2020,0,0,,,,,,,,,,"Pipeline Natural Gas","Diesel Oil","Combined cycle",,"Water Injection|Selective Catalytic Reduction",,,"ARP, CSNOX, CSOSG2, CSSO2G1, RGGI"
"NY","AG - Energy",10803,"2",3599,,2020,0,0,,,,,,,,,,"Pipeline Natural Gas","Diesel Oil","Combined cycle",,"Water Injection|Selective Catalytic Reduction",,,"ARP, CSNOX, CSOSG2, CSSO2G1, RGGI"
"NJ","E F Kenilworth, Inc.",10805,"002001",3600,,2020,8453,8435.25,134077.5,,,,,,108.196,0.138,1568817.925,"Pipeline Natural Gas","Diesel Oil","Combined cycle",,"Water Injection",,,"SIPNOX"
"MI","Grayling Generating Station",10822,"1",90210,,2020,3229,3212.67,,613687.16,4.379,0.0077,,,64.389,0.1149,1104623.775,"Wood","Natural Gas, Tire Derived Fuel","Stoker",,"Selective Non-catalytic Reduction","Cyclone|Electrostatic Precipitator",,"CSNOX, CSOSG2, CSSO2G1"
"MA","Deer Island Treatment",10823,"S42",3602,,2020,149,111.92,1052.7,,,,1227.604,0.0811,3.331,0.7362,15126.284,"Diesel Oil",,"Combustion turbine",,"Water Injection",,,"RGGI, SIPNOX"
"MA","Deer Island Treatment",10823,"S43",3603,,2020,144,121.52,1331.14,,,,1340.249,0.0811,2.19,0.4561,16513.514,"Diesel Oil",,"Combustion turbine",,"Water Injection",,,"RGGI, SIPNOX"
"MN","Northshore Mining Silver Bay Power",10849,"PB1",89908,,2020,0,0,,,,,,,,,,"Coal","Pipeline Natural Gas","Dry bottom wall-fired boiler",,,,,"CSNOX, CSSO2G2"
"MN","Northshore Mining Silver Bay Power",10849,"PB2",89909,,2020,0,0,,,,,,,,,,"Coal","Pipeline Natural Gas","Dry bottom wall-fired boiler",,,"Baghouse",,"CSNOX, CSSO2G2"
"IL","Archer Daniels Midland Co.",10865,"FBC1",88211,"CS1",2020,8295,8288.78,,2708961.37,,,,,175.989,,,"Coal","Other Solid Fuel","Circulating fluidized bed boiler","Dry Lime FGD","Other","Baghouse",,"SIPNOX"
"IL","Archer Daniels Midland Co.",10865,"FBC2",88212,"CS1",2020,8183,8174.95,,2651752.82,,,,,171.73,,,"Coal","Other Solid Fuel","Circulating fluidized bed boiler","Dry Lime FGD","Other","Baghouse",,"SIPNOX"
"IL","Archer Daniels Midland Co.",10865,"FBC3",88213,"CS1",2020,7990,7983.13,,2597373.1,,,,,167.018,,,"Coal","Other Solid Fuel","Circulating fluidized bed boiler","Dry Lime FGD","Other","Baghouse",,"SIPNOX"
"IL","Archer Daniels Midland Co.",10865,"FBC4",88214,"CS2",2020,8258,8251.28,,2668224.27,,,,,164.521,,,"Coal","Other Solid Fuel","Circulating fluidized bed boiler","Dry Lime FGD","Other","Baghouse",,"SIPNOX"
"IL","Archer Daniels Midland Co.",10865,"FBC5",88215,"CS2",2020,8054,8048.86,,2613554.37,,,,,160.857,,,"Coal","Other Solid Fuel","Circulating fluidized bed boiler","Dry Lime FGD","Other","Baghouse",,"SIPNOX"
"IL","Archer Daniels Midland Co.",10865,"FBC6",88216,"CS2",2020,7863,7858.89,,2579171.58,,,,,158.514,,,"Coal","Other Solid Fuel","Circulating fluidized bed boiler","Dry Lime FGD","Other","Baghouse",,"SIPNOX"
"IL","Archer Daniels Midland Co.",10865,"FBC7",88217,"CS1",2020,8161,8154.87,,2269209.61,,,,,148.388,,,"Coal","Other Solid Fuel","Circulating fluidized bed boiler","Dry Lime FGD","Other|Selective Non-catalytic Reduction","Baghouse",,"SIPNOX"
"IL","Archer Daniels Midland Co.",10865,"FBC8",88218,,2020,7250,7242.02,,4953124,,,,,403.671,,,"Coal","Other Solid Fuel","Circulating fluidized bed boiler","Dry Lime FGD","Other|Selective Non-catalytic Reduction","Baghouse",,"SIPNOX"
"IL","Archer Daniels Midland Co.",10865,"FBC9",88219,,2020,7998,7994.83,,7260331.69,,,,,316.254,0.0653,10735302.534,"Coal","Other Solid Fuel","Circulating fluidized bed boiler","Dry Lime FGD","Other|Selective Non-catalytic Reduction","Baghouse",,"SIPNOX"
"IL","Archer Daniels Midland Co.",10865,"GB1",88220,"CP1, CS2, CS3",2020,3558,3539.36,,400863.11,,,,,11.525,0.0407,552761.017,"Pipeline Natural Gas",,"Other boiler",,,,,"SIPNOX"
"IL","Archer Daniels Midland Co.",10865,"GB2",88221,"CP1, CS2, CS3",2020,4240,4224.48,,470798.6,,,,,13.644,0.0413,651725.895,"Pipeline Natural Gas",,"Other boiler",,,,,"SIPNOX"
"IL","BioUrja Renewables - Peoria, IL",10866,"13",89645,,2020,3518,3501.86,,762168.07,,,,,10.017,0.0211,935574.281,"Pipeline Natural Gas",,"Dry bottom wall-fired boiler",,"Low NOx Burner Technology (Dry Bottom only)|Other",,,"SIPNOX"
"IL","BioUrja Renewables - Peoria, IL",10866,"14",90670,,2020,3485,3455.68,,627339.26,,,,,8.437,0.0219,781991.913,"Pipeline Natural Gas",,"Dry bottom wall-fired boiler",,"Low NOx Burner Technology (Dry Bottom only)|Other",,,"SIPNOX"
"IL","Tate & Lyle",10867,"123-08",88339,,2020,5422,5403.86,,1678688.32,,,,,91.284,0.0909,2272174.814,"Coal","Pipeline Natural Gas","Circulating fluidized bed boiler","Fluidized Bed Limestone Injection","Other","Baghouse",,"SIPNOX"
"IL","Tate & Lyle",10867,"123-09",88340,,2020,5307,5277.08,,1554550.34,,,,,119.589,0.1188,2205849.806,"Coal","Pipeline Natural Gas","Circulating fluidized bed boiler","Fluidized Bed Limestone Injection","Other","Baghouse",,"SIPNOX"
"PA","Hazleton Generation",10870,"TURB2",9579,,2020,124,96.63,2321.7,,0.009,0.001,1685.741,0.0597,1.106,0.0837,28360.407,"Pipeline Natural Gas","Diesel Oil","Combustion turbine",,"Water Injection",,,"ARP, CSNOX, CSOSG2, CSSO2G1"
"PA","Hazleton Generation",10870,"TURB3",9580,,2020,134,107.34,2662.57,,0.011,0.001,2004.566,0.063,1.27,0.0875,31629.23,"Pipeline Natural Gas","Diesel Oil","Combustion turbine",,"Water Injection",,,"ARP, CSNOX, CSOSG2, CSSO2G1"
"PA","Hazleton Generation",10870,"TURB4",9581,,2020,193,165.19,3900.65,,0.016,0.001,3046.583,0.0625,2.064,0.0879,48332.039,"Pipeline Natural Gas","Diesel Oil","Combustion turbine",,"Water Injection",,,"ARP, CSNOX, CSOSG2, CSSO2G1"
"PA","Hazleton Generation",10870,"TURBIN",3605,,2020,77,53,1767.65,,0.008,0.001,,,3.104,0.3556,27756.868,"Pipeline Natural Gas","Diesel Oil","Combustion turbine",,"Water Injection",,,"CSNOX, CSOSG2, CSSO2G1"
"MA","Pittsfield Generating",50002,"1",3627,,2020,265,235.69,7154.91,,,,5243.784,0.0594,0.98,0.0276,88018.867,"Pipeline Natural Gas","Diesel Oil","Combined cycle",,"Selective Catalytic Reduction|Steam Injection",,,"RGGI, SIPNOX"
"MA","Pittsfield Generating",50002,"2",3628,,2020,314,284.27,8492.9,,,,6392.484,0.0595,1.061,0.0287,107186.973,"Pipeline Natural Gas","Diesel Oil","Combined cycle",,"Selective Catalytic Reduction|Steam Injection",,,"RGGI, SIPNOX"
"MA","Pittsfield Generating",50002,"3",3629,,2020,373,338.59,10197.14,,,,7515.685,0.0593,1.197,0.0274,126247.494,"Pipeline Natural Gas","Diesel Oil","Combined cycle",,"Selective Catalytic Reduction|Steam Injection",,,"RGGI, SIPNOX"
"NJ","Linden Cogeneration Facility",50006,"004001",3630,,2020,7668,7652.57,1673945.78,,5.122,0.002,669909.89,0.0591,33.822,0.0067,11259935.629,"Pipeline Natural Gas","Diesel Oil","Combined cycle",,"Dry Low NOx Burners|Water Injection|Selective Catalytic Reduction",,,"ARP, CSNOX, CSOSG2, CSSO2G1, RGGI"
"NJ","Linden Cogeneration Facility",50006,"005001",3631,,2020,8348,8311.42,1111339.66,,2.337,0.001,462909.282,0.059,94.105,0.0247,7789363.408,"Pipeline Natural Gas","Other Gas","Combined cycle",,"Selective Catalytic Reduction|Steam Injection",,,"CSNOX, CSOSG2, CSSO2G1, RGGI"
"NJ","Linden Cogeneration Facility",50006,"006001",3632,,2020,8432,8418.48,1126398.05,,2.356,0.001,466709.901,0.059,93.578,0.0241,7853358.503,"Pipeline Natural Gas","Other Gas","Combined cycle",,"Selective Catalytic Reduction|Steam Injection",,,"CSNOX, CSOSG2, CSSO2G1, RGGI"
"NJ","Linden Cogeneration Facility",50006,"007001",3633,,2020,7608,7582.14,995602.16,,2.08,0.001,412084.096,0.059,78.646,0.0231,6934050.94,"Pipeline Natural Gas","Other Gas","Combined cycle",,"Selective Catalytic Reduction|Steam Injection",,,"CSNOX, CSOSG2, CSSO2G1, RGGI"
"NJ","Linden Cogeneration Facility",50006,"008001",3634,,2020,8443,8420.12,1115287.63,,2.364,0.001,468291.399,0.059,89.558,0.0231,7879821.782,"Pipeline Natural Gas","Other Gas","Combined cycle",,"Selective Catalytic Reduction|Steam Injection",,,"CSNOX, CSOSG2, CSSO2G1, RGGI"
"NJ","Linden Cogeneration Facility",50006,"009001",3635,,2020,7863,7823.68,1034174.98,,2.162,0.001,428327.171,0.059,83.121,0.0237,7207480.363,"Pipeline Natural Gas","Other Gas","Combined cycle",,"Selective Catalytic Reduction|Steam Injection",,,"CSNOX, CSOSG2, CSSO2G1, RGGI"
"LA","Nelson Industrial Steam Company",50030,"1A",90014,,2020,6325,6319.79,,5229826.52,,,,,559.66,0.1439,7700755.138,"Petroleum Coke",,"Circulating fluidized bed boiler","Fluidized Bed Limestone Injection","Overfire Air","Baghouse",,"CSOSG2, MATS"
"LA","Nelson Industrial Steam Company",50030,"2A",90015,,2020,5994,5990.45,,5052514.82,,,,,290.479,0.0863,6737889.863,"Petroleum Coke",,"Circulating fluidized bed boiler","Fluidized Bed Limestone Injection","Overfire Air","Baghouse",,"CSOSG2, MATS"
"OH","McCracken Power House",50044,"B132",89146,,2020,1464,1464,,1620,,,,,0.039,0.0328,2372.5,"Pipeline Natural Gas",,"Other boiler",,"Low NOx Burner Technology (Dry Bottom only)",,,"SIPNOX"
"TX","Paris Energy Center",50109,"HRSG1",89668,,2020,2137,2001.73,207276.67,,0.54,0.001,106872.737,0.059,95.167,0.1103,1798319.863,"Pipeline Natural Gas","Diesel Oil","Combined cycle",,"Steam Injection",,,"ARP, CSOSG2"
"TX","Paris Energy Center",50109,"HRSG2",89669,,2020,1994,1867.93,194023.8,,0.503,0.001,99628.095,0.059,95.889,0.1195,1676427.085,"Pipeline Natural Gas","Diesel Oil","Combined cycle",,"Steam Injection",,,"ARP, CSOSG2"
"CA","Coalinga Cogeneration Facility",50131,"1",89976,,2020,0,0,,,,,,,,,,"Pipeline Natural Gas",,"Combustion turbine",,"Selective Catalytic Reduction",,,"ARP"
"TX","New Gulf Power Facility",50137,"1",3640,,2020,184,152.51,10234.3,,0.04,0.001,7893.285,0.059,19.005,0.3258,132822.986,"Pipeline Natural Gas",,"Combustion turbine",,"Steam Injection",,,"ARP, CSOSG2"
"WV","UCC South Charleston Plant",50151,"B26",10180,,2020,2967,2963.77,,253114.38,,,,,13.456,0.0669,393866.462,"Natural Gas",,"Other boiler",,"Low NOx Burner Technology (Dry Bottom only)",,,"SIPNOX"
"WV","UCC South Charleston Plant",50151,"B27",10181,,2020,1854,1850.93,,128969.62,,,,,4.717,0.0443,221055.074,"Natural Gas","Process Gas","Other boiler",,"Low NOx Burner Technology (Dry Bottom only)",,,"SIPNOX"
"IN","Purdue University-Wade Utility",50240,"2",88223,,2020,7477,7467.17,,937178.37,,,,,96.171,0.1545,1212942.453,"Pipeline Natural Gas",,"Dry bottom wall-fired boiler",,"Low NOx Burner Technology (Dry Bottom only)","Baghouse|Cyclone",,"SIPNOX"
"IN","Purdue University-Wade Utility",50240,"3",88224,,2020,5706,5669.14,,630944.09,,,,,45.792,0.0799,1131150.358,"Natural Gas","Diesel Oil","Other boiler",,,,,"SIPNOX"
"IN","Purdue University-Wade Utility",50240,"5",9203,,2020,4555,4544.63,,422981.16,,,,,75.339,0.22,698448.087,"Coal","Natural Gas","Circulating fluidized bed boiler","Other",,"Baghouse",,"SIPNOX"
"IN","Purdue University-Wade Utility",50240,"7",90713,,2020,7645,7621.41,,998414.89,,,,,26.108,0.0273,1934106.335,"Natural Gas",,"Other boiler",,"Combustion Modification/Fuel Reburning|Low NOx Burner Technology (Dry Bottom only)",,,"SIPNOX"
"ME","Bucksport Generation LLC",50243,"GEN4",4072,,2020,50,39.18,3932.29,,0.127,0.0054,2987.202,0.0656,3.009,0.1271,49396.884,"Natural Gas","Diesel Oil","Combined cycle",,"Dry Low NOx Burners|Water Injection",,,"ARP, RGGI"
"PA","PEI Power Corporation",50279,"2",3643,,2020,864,783.25,31731.75,,0.097,0.001,19269.75,0.0584,12.32,0.0784,324225.15,"Pipeline Natural Gas",,"Combustion turbine",,"Water Injection",,,"ARP, CSNOX, CSOSG2, CSSO2G1"
"MD","Luke Paper Company",50282,"PR003",3644,"CSPR06",2020,0,0,,,,,,,,,,"Coal","Diesel Oil","Cyclone boiler",,"Selective Non-catalytic Reduction","Electrostatic Precipitator",,"RGGI, SIPNOX"
"MD","Luke Paper Company",50282,"PR004",3645,"CSPR06",2020,0,0,,,,,,,,,,"Coal","Pipeline Natural Gas","Tangentially-fired",,"Low NOx Burner Technology w/ Closed-coupled OFA|Selective Non-catalytic Reduction","Cyclone|Electrostatic Precipitator",,"RGGI, SIPNOX"
"MD","Luke Paper Company",50282,"PR005",3646,"CSPR06",2020,0,0,,,,,,,,,,"Pipeline Natural Gas",,"Other boiler",,,,,"RGGI, SIPNOX"
"NY","Bethpage Energy Center",50292,"GT1",3647,,2020,3559,3413.85,88245.72,,0.193,0.001,38160.266,0.0594,39.273,0.1242,642075.063,"Pipeline Natural Gas",,"Combined cycle",,"Steam Injection",,,"ARP, CSNOX, CSOSG2, CSSO2G1, RGGI"
"NY","Bethpage Energy Center",50292,"GT2",3648,,2020,4307,4038.08,103567.91,,0.243,0.001,48029.444,0.0594,48.75,0.126,808177.189,"Pipeline Natural Gas",,"Combined cycle",,"Steam Injection",,,"ARP, CSNOX, CSOSG2, CSSO2G1, RGGI"
"NY","Bethpage Energy Center",50292,"GT3",8438,,2020,2830,2412.65,107228.97,,0.324,0.001,64077.987,0.0592,3.789,0.0094,1078237.552,"Pipeline Natural Gas",,"Combustion turbine",,"Water Injection|Selective Catalytic Reduction",,,"ARP, CSNOX, CSOSG2, CSSO2G1, RGGI"
"NY","Bethpage Energy Center",50292,"GT4",89507,,2020,3638,3537.26,228139.11,,0.574,0.001,113764.22,0.0591,11.867,0.0132,1914259.157,"Pipeline Natural Gas",,"Combined cycle",,"Water Injection|Selective Catalytic Reduction",,,"ARP, CSNOX, CSOSG2, CSSO2G1, RGGI"
"TN","Packaging Corporation of America",50296,"017",88225,,2020,3570,3560.44,,488985.93,,,,,48.948,0.1485,633359.188,"Other Oil","Pipeline Natural Gas","Tangentially-fired",,,,,"SIPNOX"
"NY","Cornell University Ithaca Campus",50368,"CT1",90477,,2020,3025,3018.46,,147299.42,,,,,1.705,0.0074,468807.362,"Pipeline Natural Gas","Diesel Oil","Combined cycle",,"Selective Catalytic Reduction",,,"SIPNOX"
"NY","Cornell University Ithaca Campus",50368,"CT2",90478,,2020,2313,2300.21,,109093.05,,,,,1.26,0.0075,350448.557,"Pipeline Natural Gas","Diesel Oil","Combined cycle",,"Selective Catalytic Reduction",,,"SIPNOX"
"NJ","Newark Bay Cogen",50385,"1001",3650,,2020,616,566.14,29210.09,,0.082,0.001,16148.072,0.0592,7.158,0.0776,271728.652,"Pipeline Natural Gas","Diesel Oil","Combined cycle",,"Selective Catalytic Reduction|Steam Injection",,,"ARP, CSNOX, CSOSG2, CSSO2G1, RGGI"
"NJ","Newark Bay Cogen",50385,"2001",3651,,2020,566,519.56,28933.78,,0.076,0.001,15133.88,0.0592,4.947,0.0591,254649.835,"Pipeline Natural Gas","Diesel Oil","Combined cycle",,"Selective Catalytic Reduction|Steam Injection",,,"ARP, CSNOX, CSOSG2, CSSO2G1, RGGI"
"PA","Pixelle Specialty Solutions",50397,"036",3656,,2020,7776,7769,,2440266.5,,,,,286.898,0.2114,2733194.725,"Coal","Residual Oil, Process Sludge, Wood","Circulating fluidized bed boiler","Fluidized Bed Limestone Injection","Selective Non-catalytic Reduction","Electrostatic Precipitator",,"SIPNOX"
"PA","Pixelle Specialty Solutions",50397,"038",91230,,2020,3342,3330.7,,459884.06,,,,,7.99,0.0322,503820.241,"Pipeline Natural Gas",,"Other boiler",,"Low NOx Burner Technology (Dry Bottom only)",,,"SIPNOX"
"PA","Pixelle Specialty Solutions",50397,"039",91231,,2020,3310,3301.74,,428528.34,,,,,11.788,0.0372,575300.287,"Pipeline Natural Gas",,"Other boiler",,"Low NOx Burner Technology (Dry Bottom only)",,,"SIPNOX"
"PA","Kimberly-Clark Tissue Company",50410,"034",3658,,2020,2370,2370,,207169,,,,,9.372,1.5048,12456.9,"Pipeline Natural Gas","Residual Oil","Dry bottom wall-fired boiler",,,,,"SIPNOX"
"NY","Indeck-Silver Springs Energy Center",50449,"1",3660,,2020,1333,1226.25,48069.75,,0.137,0.001,27219.1,0.0592,24.487,0.1125,458029.775,"Pipeline Natural Gas","Diesel Oil","Combined cycle",,"Steam Injection",,,"ARP, CSNOX, CSOSG2, CSSO2G1, RGGI"
"NY","Indeck-Oswego Energy Center",50450,"1",3661,,2020,497,475.75,19981,,0.055,0.001,10974.925,0.0593,10.871,0.1286,184664.225,"Pipeline Natural Gas","Diesel Oil","Combined cycle",,"Steam Injection",,,"ARP, CSNOX, CSOSG2, CSSO2G1, RGGI"
"NY","Indeck-Yerkes Energy Center",50451,"1",3662,,2020,631,605.25,23550.5,,0.068,0.001,13520.075,0.0593,16.765,0.1605,227488.85,"Pipeline Natural Gas","Diesel Oil","Combined cycle",,"Steam Injection",,,"ARP, CSNOX, CSOSG2, CSSO2G1, RGGI"
"NY","Indeck-Corinth Energy Center",50458,"1",3663,,2020,3077,3041.5,391157.25,,0.942,0.001,186815.925,0.059,42.213,0.0279,3143564.2,"Pipeline Natural Gas","Diesel Oil","Combined cycle",,"Dry Low NOx Burners|Water Injection|Selective Catalytic Reduction",,,"ARP, CSNOX, CSOSG2, CSSO2G1, RGGI"
"PA","Procter & Gamble Paper Products",50463,"328001",3666,,2020,3469,3465.83,163534.87,,,,,,112.456,0.1189,1898640.247,"Pipeline Natural Gas",,"Combustion turbine",,"Steam Injection",,,"SIPNOX"
"PA","Procter & Gamble Paper Products",50463,"328002",90828,,2020,3607,3604.77,212196.59,,,,,,8.148,0.008,2043042.653,"Pipeline Natural Gas",,"Combustion turbine",,"Water Injection|Selective Catalytic Reduction",,,"SIPNOX"
"NY","Covanta Niagara",50472,"BLR05",90936,,2020,2309,2269.5,,175181.5,,,,,3.457,0.0236,295652.075,"Pipeline Natural Gas",,"Dry bottom wall-fired boiler",,,,,"SIPNOX"
"NY","Covanta Niagara",50472,"R1B01",3667,,2020,3040,3012.25,,322616.25,,,27032.6,0.0594,9.357,0.0385,454926.825,"Natural Gas",,"Dry bottom wall-fired boiler",,"Selective Non-catalytic Reduction",,,"RGGI, SIPNOX"
"NY","Covanta Niagara",50472,"R1B02",91007,,2020,0,0,,,,,,,,,,"Pipeline Natural Gas",,"Dry bottom wall-fired boiler",,"Selective Non-catalytic Reduction",,,"RGGI, SIPNOX"
"VA","GP Big Island, LLC",50479,"6",89234,,2020,3572,3563.32,,409677.42,,,,,7.121,0.0257,557418.216,"Pipeline Natural Gas",,"Other boiler",,,,,"SIPNOX"
"TN","Eastman Chemical Company",50481,"253-25",9931,,2020,2771,2760.33,,1028736.99,,,,,74.891,0.0953,1577466.95,"Other Gas",,"Tangentially-fired",,"Other",,,"SIPNOX"
"TN","Eastman Chemical Company",50481,"253-26",9932,,2020,3379,3378.4,,1337088.4,,,,,89.312,0.0851,2085837.1,"Other Gas",,"Tangentially-fired",,"Low NOx Burner Technology w/ Closed-coupled OFA",,,"SIPNOX"
"TN","Eastman Chemical Company",50481,"253-27",9933,,2020,3672,3670.3,,1447695.84,,,,,97.412,0.0889,2205597.354,"Other Gas",,"Tangentially-fired",,"Other",,,"SIPNOX"
"TN","Eastman Chemical Company",50481,"253-28",9934,,2020,3334,3327.87,,1256959.36,,,,,70.647,0.0731,1924300.685,"Other Gas",,"Tangentially-fired",,"Other",,,"SIPNOX"
"TN","Eastman Chemical Company",50481,"253-29",9935,,2020,3672,3672,,1450810,,,,,101.109,0.0925,2193565.2,"Other Gas",,"Tangentially-fired",,"Other",,,"SIPNOX"
"TN","Eastman Chemical Company",50481,"325-30",9936,,2020,3553,3551.5,,1690903.5,,,,,402.36,0.3261,2488353.228,"Coal","Other Gas, Process Gas, Waste Liquid","Tangentially-fired",,"Low NOx Burner Technology w/ Closed-coupled OFA","Electrostatic Precipitator",,"SIPNOX"
"TN","Eastman Chemical Company",50481,"325-31",9937,,2020,3492,3489.94,,1762987.47,,,,,329.695,0.2426,2696960.685,"Coal","Other Gas, Process Gas, Waste Liquid","Dry bottom wall-fired boiler",,"Low NOx Burner Technology w/ Overfire Air","Baghouse",,"SIPNOX"
"TN","Eastman Chemical Company",50481,"83-23",9938,,2020,1601,1596.37,,337459,,,,,103.725,0.3893,525928.239,"Coal","Process Sludge, Waste Liquid","Stoker",,,"Electrostatic Precipitator",,"SIPNOX"
"TN","Eastman Chemical Company",50481,"83-24",9939,,2020,2541,2539.97,,545541.07,,,,,148.923,0.3444,856901.129,"Coal","Process Sludge, Waste Liquid","Stoker",,,"Electrostatic Precipitator",,"SIPNOX"
"WV","Axiall Corporation Natrium Plant",50491,"001",10084,,2020,8078,8070.5,,2542988.5,,,,,116.249,0.0772,3072021.9,"Pipeline Natural Gas","Process Gas","Dry bottom wall-fired boiler",,"Low NOx Burner Technology w/ Overfire Air",,,"SIPNOX"
"WV","Axiall Corporation Natrium Plant",50491,"002",10085,,2020,0,0,,,,,,,,,,"Coal",,"Dry bottom wall-fired boiler",,"Low NOx Burner Technology w/ Overfire Air","Baghouse",,"SIPNOX"
"WV","Axiall Corporation Natrium Plant",50491,"003",10086,,2020,8431,8417.25,,5408575.5,,,454966.825,0.059,438.607,0.1129,7674915.1,"Coal",,"Dry bottom wall-fired boiler",,"Low NOx Burner Technology w/ Overfire Air","Electrostatic Precipitator",,"SIPNOX"
"CT","Capitol District Energy Center",50498,"GT",3671,,2020,267,243.23,11320.03,,0.03,0.001,5900.867,0.0592,5.124,0.1116,99298.289,"Pipeline Natural Gas","Diesel Oil","Combined cycle",,"Steam Injection",,,"ARP, RGGI, SIPNOX"
"NC","Rosemary Power Station",50555,"1",89294,,2020,8,7.15,342.02,,0.054,0.022,407.27,0.081,0.514,0.204,5019.513,"Diesel Oil",,"Combined cycle",,"Water Injection",,,"ARP, CSNOX, CSSO2G1, SIPNOX"
"NC","Rosemary Power Station",50555,"2",89295,,2020,88,81.84,2444.78,,3.5,0.21,2697.6,0.081,3.768,0.226,33343.1,"Diesel Oil",,"Combined cycle",,"Water Injection",,,"ARP, CSNOX, CSSO2G1, SIPNOX"
"OK","Frontier Generating Station",50558,"CC01",90991,,2020,2042,1980.44,222608.62,,0.457,0.001,90563.621,0.0582,100.93,0.1112,1829087.25,"Pipeline Natural Gas",,"Combined cycle",,"Steam Injection",,,"ARP, CSOSG2"
"NJ","Eagle Point Power Generation",50561,"0001",3672,,2020,2400,2294.16,257666.38,,0.638,0.001,126328.1,0.059,29.41,0.0331,2125609.592,"Pipeline Natural Gas","Diesel Oil","Combined cycle",,"Dry Low NOx Burners|Water Injection",,,"ARP, CSNOX, CSOSG2, CSSO2G1, RGGI"
"NJ","Eagle Point Power Generation",50561,"0002",3673,,2020,2550,2460.23,284963.77,,0.694,0.001,137396.453,0.059,31.262,0.0319,2311754.668,"Pipeline Natural Gas","Diesel Oil","Combined cycle",,"Dry Low NOx Burners|Water Injection",,,"ARP, CSNOX, CSOSG2, CSSO2G1, RGGI"
"PA","Vicinity Energy Philadelphia- Schuylkill",50607,"23",3674,,2020,0,0,,,,,,,,,,"Residual Oil",,"Tangentially-fired",,,,,"SIPNOX"
"PA","Vicinity Energy Philadelphia- Schuylkill",50607,"24",3675,,2020,0,0,,,,,,,,,,"Residual Oil",,"Tangentially-fired",,,,,
"PA","Vicinity Energy Philadelphia- Schuylkill",50607,"26",3676,,2020,3322,3299.06,,546165.86,,,,,53.15,0.1308,799147.941,"Pipeline Natural Gas","Residual Oil","Dry bottom wall-fired boiler",,"Low NOx Burner Technology (Dry Bottom only)",,,"SIPNOX"
"PA","Vicinity Energy Philadelphia- Schuylkill",50607,"RSB1",90825,,2020,1241,1133.77,,112720.39,,,,,0.69,0.0119,129155.032,"Pipeline Natural Gas","Diesel Oil","Dry bottom wall-fired boiler",,"Low NOx Burner Technology w/ Overfire Air",,,"SIPNOX"
"PA","Vicinity Energy Philadelphia- Schuylkill",50607,"RSB2",90826,,2020,1203,1117.09,,128009.24,,,,,0.807,0.0133,133247.403,"Pipeline Natural Gas","Diesel Oil","Dry bottom wall-fired boiler",,"Low NOx Burner Technology w/ Overfire Air",,,"SIPNOX"
"PA","Rausch Creek Generation, LLC",50611,"031",3677,,2020,7660,7649.9,214589.5,,319.874,0.1735,440344.765,0.1176,247.786,0.1314,3723178.783,"Coal","Diesel Oil","Circulating fluidized bed boiler","Fluidized Bed Limestone Injection",,"Baghouse",,"ARP, CSNOX, CSOSG2, CSSO2G1, MATS"
"CA","McKittrick Limited",50612,"GT1",91284,,2020,523,456.5,16402.75,,0.047,0.001,9383.5,0.0576,3.462,0.0507,157919.325,"Pipeline Natural Gas",,"Combustion turbine",,"Selective Catalytic Reduction",,,"ARP"
"TX","ExxonMobil Beaumont Refinery",50625,"61STK1",3679,,2020,6930,6925.08,1751679.75,,3.706,0.001,711301.233,0.059,56.029,0.0095,11973082.408,"Pipeline Natural Gas","Process Gas","Combined cycle",,"Dry Low NOx Burners|Selective Catalytic Reduction",,,"ARP, CSOSG2"
"TX","ExxonMobil Beaumont Refinery",50625,"61STK2",3680,,2020,8610,8603.87,2092011.71,,4.265,0.001,813905.518,0.059,54.129,0.0081,13699765.028,"Pipeline Natural Gas","Process Gas","Combined cycle",,"Dry Low NOx Burners|Selective Catalytic Reduction",,,"ARP, CSOSG2"
"TX","ExxonMobil Beaumont Refinery",50625,"61STK3",3681,,2020,7184,7171.54,1702635.4,,3.493,0.001,685140.499,0.059,44.659,0.0086,11530628.793,"Pipeline Natural Gas","Process Gas","Combined cycle",,"Dry Low NOx Burners|Selective Catalytic Reduction",,,"ARP, CSOSG2"
"IL","Exxonmobil Oil Corporation",50627,"20B1",89147,,2020,3439,3437.71,72873,,,,,,53.979,,,"Process Gas",,"Combined cycle",,"Steam Injection",,,"SIPNOX"
"IL","Exxonmobil Oil Corporation",50627,"55B100",89148,,2020,211,209.44,,24951,,,,,0.903,,,"Process Gas",,"Dry bottom wall-fired boiler",,"Low NOx Burner Technology (Dry Bottom only)",,,"SIPNOX"
"CO","J M Shafer",50707,"S001",90505,,2020,6134,6026.46,178614.02,,0.451,0.001,89311.889,0.0593,66.788,0.0917,1502862.856,"Pipeline Natural Gas",,"Combined cycle",,"Steam Injection",,,"ARP"
"CO","J M Shafer",50707,"S002",90506,,2020,4500,4371.3,134072.69,,0.341,0.001,67487.957,0.0593,51.558,0.0952,1135591.394,"Pipeline Natural Gas",,"Combined cycle",,"Steam Injection",,,"ARP"
"CO","J M Shafer",50707,"S003",90507,,2020,5295,5185.92,155810.19,,0.397,0.001,78564.776,0.0593,57.613,0.0902,1321976.039,"Pipeline Natural Gas",,"Combined cycle",,"Steam Injection",,,"ARP"
"CO","J M Shafer",50707,"S004",90509,,2020,5780,5668.59,165620.39,,0.479,0.001,94868.949,0.0593,75.73,0.0978,1596369.035,"Pipeline Natural Gas",,"Combined cycle",,"Steam Injection",,,"ARP"
"CO","J M Shafer",50707,"S005",90508,,2020,5551,5431.45,152170.56,,0.417,0.001,82639.403,0.0593,61.265,0.092,1390570.381,"Pipeline Natural Gas",,"Combined cycle",,"Steam Injection",,,"ARP"
"PA","US Steel (Clairton Coke)",50729,"CLBLR1",8440,,2020,2327,2326.72,,665831.47,,,,,104.722,0.2285,907994.433,"Other Gas",,"Cyclone boiler",,,,,"SIPNOX"
"PA","US Steel (Clairton Coke)",50729,"CLBLR2",8442,,2020,1764,1764,,445233,,,,,59.666,0.1864,617262.3,"Other Gas",,"Dry bottom wall-fired boiler",,,,,"SIPNOX"
"PA","US Steel (Edgar Thomson)",50732,"ETBLR1",9940,,2020,8371,8369.62,,2698481.3,,,,,48.07,0.0217,3821703.813,"Process Gas","Other Gas","Dry bottom wall-fired boiler",,,,,"SIPNOX"
"PA","US Steel (Edgar Thomson)",50732,"ETBLR2",9941,,2020,8453,8451.61,,2709938.84,,,,,43.975,0.0246,3800940.89,"Process Gas","Other Gas","Dry bottom wall-fired boiler",,,,,"SIPNOX"
"PA","US Steel (Edgar Thomson)",50732,"ETBLR3",9942,,2020,8312,8310.32,,2600948.46,,,,,36.828,0.0226,3472152.255,"Process Gas","Other Gas","Dry bottom wall-fired boiler",,,,,"SIPNOX"
"IN","US Steel Corp - Gary Works",50733,"701B1",89339,,2020,3671,3669.7,,852224.2,,,,,38.162,0.0594,1327933.54,"Process Gas","Pipeline Natural Gas","Dry bottom wall-fired boiler",,,,,"SIPNOX"
"IN","US Steel Corp - Gary Works",50733,"701B2",89340,,2020,3672,3669.13,,872982.02,,,,,45.195,0.0857,1199041.437,"Process Gas","Pipeline Natural Gas","Dry bottom wall-fired boiler",,,,,"SIPNOX"
"IN","US Steel Corp - Gary Works",50733,"701B3",89341,,2020,3621,3610.31,,745039.07,,,,,79.543,0.1154,1210732.291,"Process Gas","Pipeline Natural Gas","Dry bottom wall-fired boiler",,,,,"SIPNOX"
"IN","US Steel Corp - Gary Works",50733,"701B5",89343,,2020,3671,3668.65,,886592.52,,,,,62.066,0.0977,1278629.688,"Process Gas","Pipeline Natural Gas","Dry bottom wall-fired boiler",,,,,"SIPNOX"
"IN","US Steel Corp - Gary Works",50733,"701B6",89342,,2020,3672,3671.85,,1211539.81,,,,,90.244,0.0989,1821035.187,"Process Gas","Pipeline Natural Gas","Dry bottom wall-fired boiler",,,,,"SIPNOX"
"IN","US Steel Corp - Gary Works",50733,"720B1",89344,,2020,3579,3574.73,,966156.44,,,,,7.601,0.0107,1540650.291,"Process Gas","Residual Oil, Pipeline Natural Gas","Dry bottom wall-fired boiler",,,,,"SIPNOX"
"IN","US Steel Corp - Gary Works",50733,"720B2",89345,,2020,3357,3352.57,,937844.56,,,,,6.309,0.0094,1464729.307,"Process Gas","Residual Oil, Pipeline Natural Gas","Dry bottom wall-fired boiler",,,,,"SIPNOX"
"IN","US Steel Corp - Gary Works",50733,"720B3",89346,,2020,3322,3318.17,,1074277.94,,,,,30.505,0.0467,881115.673,"Process Gas","Pipeline Natural Gas","Dry bottom wall-fired boiler",,,,,"SIPNOX"
"NY","Sterling Power Plant",50744,"00001",3692,,2020,108,98.34,3089.01,,0.011,0.001,2156.13,0.0593,2.316,0.1408,36272.158,"Pipeline Natural Gas",,"Combined cycle",,"Steam Injection",,,"ARP, CSNOX, CSOSG2, CSSO2G1, RGGI"
"PA","Panther Creek Energy Facility",50776,"1",3693,,2020,1053,1046.03,,286019.84,15.839,0.136,,,14.659,0.1181,237430.428,"Coal",,"Circulating fluidized bed boiler","Fluidized Bed Limestone Injection","Ammonia Injection","Baghouse",,"CSNOX, CSOSG2, CSSO2G1, MATS"
"PA","Panther Creek Energy Facility",50776,"2",3694,,2020,1084,1074.87,,285230.92,23.743,0.1337,,,20.349,0.1117,351733.185,"Coal",,"Circulating fluidized bed boiler","Fluidized Bed Limestone Injection","Ammonia Injection","Baghouse",,"CSNOX, CSOSG2, CSSO2G1, MATS"
"NJ","EFS Parlin Holdings, LLC",50799,"001001",3696,,2020,95,83.38,3280.14,,0.01,0.001,1984.346,0.0593,1.142,0.0782,33385.534,"Pipeline Natural Gas","Diesel Oil","Combined cycle",,"Selective Catalytic Reduction|Steam Injection",,,"ARP, CSNOX, CSOSG2, CSSO2G1, RGGI"
"NJ","EFS Parlin Holdings, LLC",50799,"003001",3697,,2020,86,77.38,3249.34,,0.01,0.001,1902.164,0.0592,1.037,0.074,32013.481,"Pipeline Natural Gas","Diesel Oil","Combined cycle",,"Selective Catalytic Reduction|Steam Injection",,,"ARP, CSNOX, CSOSG2, CSSO2G1, RGGI"
"SC","WestRock CP, LLC Florence Mill",50806,"16",88341,,2020,3672,3672,,1729348,,,,,332.491,0.2253,2971997.4,"Coal","Other Oil, Wood","Stoker",,,"Electrostatic Precipitator",,"SIPNOX"
"TX","Odyssey Energy Altura Cogen, LLC",50815,"ENG101",10087,,2020,8600,8591.32,560146.19,,1.947,0.001,385670.452,0.059,70.194,0.0215,6489568.04,"Pipeline Natural Gas",,"Combined cycle",,"Dry Low NOx Burners",,,"ARP, CSOSG2"
"TX","Odyssey Energy Altura Cogen, LLC",50815,"ENG201",10088,,2020,8480,8468.98,567829.56,,1.979,0.001,392019.354,0.059,64.537,0.0194,6596368.161,"Pipeline Natural Gas",,"Combined cycle",,"Dry Low NOx Burners",,,"ARP, CSOSG2"
"TX","Odyssey Energy Altura Cogen, LLC",50815,"ENG301",10089,,2020,8707,8703.21,583212.52,,1.964,0.001,389091.776,0.059,71.907,0.0218,6547243.387,"Pipeline Natural Gas",,"Combined cycle",,"Dry Low NOx Burners",,,"ARP, CSOSG2"
"TX","Odyssey Energy Altura Cogen, LLC",50815,"ENG401",10090,,2020,8619,8610.3,575482.3,,1.931,0.001,382491.185,0.059,60.294,0.0184,6436178.132,"Pipeline Natural Gas",,"Combined cycle",,"Dry Low NOx Burners",,,"ARP, CSOSG2"
"TX","Odyssey Energy Altura Cogen, LLC",50815,"ENG501",10091,,2020,8528,8522.6,566139.94,,1.918,0.001,379948.245,0.059,51.233,0.0158,6393292.881,"Pipeline Natural Gas",,"Combined cycle",,"Dry Low NOx Burners",,,"ARP, CSOSG2"
"TX","Odyssey Energy Altura Cogen, LLC",50815,"ENG601",10092,,2020,8683,8679.52,546835.4,,1.829,0.001,362294.117,0.059,56.928,0.0188,6096185.99,"Pipeline Natural Gas",,"Combined cycle",,"Dry Low NOx Burners",,,"ARP, CSOSG2"
"MI","TES Filer City Station",50835,"1",90183,,2020,8606,8600.72,,2535503.5,56.605,0.0348,,,681.648,0.4147,3285271.254,"Coal","Pipeline Natural Gas, Tire Derived Fuel, Wood","Stoker","Dry Lime FGD",,"Baghouse",,"CSNOX, CSOSG2, CSSO2G1, MATS"
"MI","TES Filer City Station",50835,"2",90184,,2020,8505,8498.45,,2496672.83,51.034,0.0302,,,660.088,0.3841,3434683.948,"Coal","Pipeline Natural Gas, Tire Derived Fuel, Wood","Stoker","Dry Lime FGD",,"Baghouse",,"CSNOX, CSOSG2, CSSO2G1, MATS"
"NJ","Elmwood Power LLC",50852,"002001",3698,,2020,29,22.45,1131.79,,0.004,0.001,719.89,0.0591,0.413,0.1053,12117.073,"Pipeline Natural Gas","Diesel Oil","Combined cycle",,"Water Injection",,,"CSNOX, CSOSG2, CSSO2G1, RGGI"
"CA","Sargent Canyon Cogen Facility",50864,"1",89974,,2020,0,0,,,,,,,,,,"Pipeline Natural Gas",,"Combustion turbine",,"Dry Low NOx Burners|Selective Catalytic Reduction",,,"ARP"
"CA","Salinas River Cogeneration Facility",50865,"1",89975,,2020,7520,7504.99,259777.89,,1.002,0.001,198378.541,0.0592,17.383,0.0106,3338059.135,"Pipeline Natural Gas",,"Combustion turbine",,"Dry Low NOx Burners|Selective Catalytic Reduction",,,"ARP"
"PA","Wheelabrator Frackville Energy",50879,"GEN1",3701,,2020,1417,1413.81,,466951.48,76.492,0.1754,97675.364,0.112,64.394,0.1479,869858.641,"Coal","Diesel Oil","Circulating fluidized bed boiler","Fluidized Bed Limestone Injection","Other","Baghouse|Cyclone",,"ARP, CSNOX, CSSO2G1, MATS"
"PA","Northampton Generating Plant",50888,"NGC01",3702,,2020,175,171.32,10732,,5.12,0.0843,13887.83,0.0897,4.631,0.0557,117014.551,"Coal Refuse","Coal, Other Solid Fuel, Petroleum Coke, Tire Derived Fuel, Wood","Circulating fluidized bed boiler","Fluidized Bed Limestone Injection","Ammonia Injection","Baghouse",,"ARP, CSNOX, CSOSG2, CSSO2G1, MATS"
"VA","WestRock Virginia Corp Covington Ops",50900,"001",10093,"CS001",2020,8492,8476.74,,2017157.69,,,,,532.309,0.4011,2676455.221,"Coal","Natural Gas","Dry bottom wall-fired boiler",,"Low NOx Burner Technology (Dry Bottom only)","Electrostatic Precipitator",,"SIPNOX"
"VA","WestRock Virginia Corp Covington Ops",50900,"004",10097,"CS001",2020,7576,7564.47,,2678285.91,,,,,748.971,0.4213,3618092.46,"Coal",,"Tangentially-fired",,"Overfire Air","Electrostatic Precipitator",,"SIPNOX"
"VA","WestRock Virginia Corp Covington Ops",50900,"005",10098,,2020,3648,3645.22,,476039.19,,,,,45.773,0.137,654204.096,"Natural Gas","Diesel Oil","Dry bottom wall-fired boiler",,,,,"SIPNOX"
"VA","WestRock Virginia Corp Covington Ops",50900,"011",10094,,2020,2955,2949.99,,452465.45,,,,,9.971,0.0313,610647.508,"Natural Gas",,"Dry bottom wall-fired boiler",,"Low NOx Burner Technology (Dry Bottom only)",,,"SIPNOX"
"FL","Hardee Power Station",50949,"CT2B",3703,,2020,214,182.58,11807.95,,0.048,0.001,9346.594,0.059,1.948,0.0337,157271.376,"Pipeline Natural Gas","Diesel Oil","Combustion turbine",,"Dry Low NOx Burners|Water Injection",,,"ARP"
"UT","Sunnyside Cogeneration Associates",50951,"1",90986,,2020,6557,6544.36,367272.81,,,,,,,,,"Coal","Diesel Oil","Circulating fluidized bed boiler","Wet Limestone",,"Baghouse",,"MATS"
"TN","Resolute Forest Products - Calhoun Ops",50956,"11",88296,,2020,3312,3305.93,,518728.42,,,,,94.921,0.1009,1904765.958,"Pipeline Natural Gas",,"Dry bottom wall-fired boiler",,,"Electrostatic Precipitator",,"SIPNOX"
"TN","Resolute Forest Products - Calhoun Ops",50956,"12",88297,,2020,0,0,,,,,,,,,,"Pipeline Natural Gas",,"Dry bottom wall-fired boiler",,,"Electrostatic Precipitator",,"SIPNOX"
"PA","Scrubgrass Generating Plant",50974,"1",3706,,2020,289,281.28,,32465.04,106.847,5.4767,6595.258,0.101,8.715,0.175,63409.483,"Coal",,"Circulating fluidized bed boiler","Fluidized Bed Limestone Injection","Selective Non-catalytic Reduction",,,"ARP, CSNOX, CSOSG2, CSSO2G1, MATS"
"PA","Scrubgrass Generating Plant",50974,"2",3707,,2020,220,213.89,,40248.96,228.657,11.7982,6077.614,0.0874,3.277,0.1119,57359.373,"Coal",,"Circulating fluidized bed boiler","Fluidized Bed Limestone Injection","Selective Non-catalytic Reduction",,,"ARP, CSNOX, CSOSG2, CSSO2G1, MATS"
"FL","Indiantown Cogeneration, LP",50976,"01",89972,,2020,0,0,,,,,,,,,,"Coal","Diesel Oil, Natural Gas, Other Gas","Dry bottom wall-fired boiler","Dry Lime FGD","Low NOx Burner Technology w/ Overfire Air|Selective Catalytic Reduction","Baghouse",,"MATS"
"NY","Carr Street Generating Station",50978,"A",3708,,2020,1601,1413.17,36823.92,,0.141,0.001,27914.14,0.0593,6.05,0.0271,469674.775,"Pipeline Natural Gas","Diesel Oil","Combined cycle",,"Water Injection|Ammonia Injection",,,"ARP, CSNOX, CSOSG2, CSSO2G1, RGGI"
"NY","Carr Street Generating Station",50978,"B",3709,,2020,1569,1418.37,36597.51,,0.141,0.001,27830.924,0.0593,6.109,0.0273,468319.342,"Pipeline Natural Gas","Diesel Oil","Combined cycle",,"Water Injection|Ammonia Injection",,,"ARP, CSNOX, CSOSG2, CSSO2G1, RGGI"
"RI","Ocean State Power",51030,"1",3710,,2020,3344,2959.01,217939.21,,0.785,0.001,155564.226,0.0594,36.407,0.0297,2615146.864,"Pipeline Natural Gas","Diesel Oil","Combined cycle",,"Water Injection|Selective Catalytic Reduction",,,"ARP, RGGI, SIPNOX"
"RI","Ocean State Power",51030,"2",3711,,2020,3301,2937.37,211066.08,,0.768,0.001,152198.143,0.0591,36.177,0.03,2559944.208,"Pipeline Natural Gas","Diesel Oil","Combined cycle",,"Water Injection|Selective Catalytic Reduction",,,"ARP, RGGI, SIPNOX"
"VA","Doswell Limited Partnership",52019,"501",10033,,2020,7898,7852.83,1216063.28,,3.153,0.001,623011.141,0.059,172.941,0.0335,10483076.502,"Pipeline Natural Gas","Diesel Oil","Combined cycle",,"Dry Low NOx Burners|Selective Catalytic Reduction|Steam Injection",,,"ARP, CSNOX, CSOSG2, CSSO2G1"
"VA","Doswell Limited Partnership",52019,"502",10034,,2020,7874,7832.81,1211488.26,,3.059,0.001,604589.142,0.059,170.171,0.034,10173117.719,"Pipeline Natural Gas","Diesel Oil","Combined cycle",,"Dry Low NOx Burners|Selective Catalytic Reduction|Steam Injection",,,"ARP, CSNOX, CSOSG2, CSSO2G1"
"VA","Doswell Limited Partnership",52019,"601",10035,,2020,7169,7132.93,1120008.05,,2.847,0.001,560881.502,0.059,155.219,0.0336,9437356.696,"Pipeline Natural Gas","Diesel Oil","Combined cycle",,"Dry Low NOx Burners|Selective Catalytic Reduction|Steam Injection",,,"ARP, CSNOX, CSOSG2, CSSO2G1"
"VA","Doswell Limited Partnership",52019,"602",10036,,2020,7817,7752.91,1174651.87,,3.055,0.001,604141.613,0.059,171.874,0.035,10165644.714,"Pipeline Natural Gas","Diesel Oil","Combined cycle",,"Dry Low NOx Burners|Selective Catalytic Reduction|Steam Injection",,,"ARP, CSNOX, CSOSG2, CSSO2G1"
"VA","Doswell Limited Partnership",52019,"CT1",3712,,2020,2624,2400.89,354588.24,,1.268,0.001,241086.777,0.059,63.402,0.0381,4054878.433,"Pipeline Natural Gas","Diesel Oil","Combustion turbine",,"Dry Low NOx Burners|Water Injection",,,"ARP, CSNOX, CSOSG2, CSSO2G1"
"VA","Doswell Limited Partnership",52019,"CT2",91240,,2020,2510,2290,342665.64,,1.174,0.001,232515.55,0.059,63.792,0.0404,3912474.104,"Pipeline Natural Gas",,"Combustion turbine",,"Dry Low NOx Burners",,,"ARP, CSNOX, CSOSG2, CSSO2G1"
"VA","Doswell Limited Partnership",52019,"CT3",91239,,2020,2478,2269.03,344522.26,,1.168,0.001,231394.895,0.059,65.829,0.0418,3893652.107,"Pipeline Natural Gas",,"Combustion turbine",,"Dry Low NOx Burners",,,"ARP, CSNOX, CSOSG2, CSSO2G1"
"MA","Dartmouth Power",52026,"1",3713,,2020,886,791.86,39405.94,,0.096,0.001,19074.079,0.0593,4.83,0.0356,320573.587,"Pipeline Natural Gas","Diesel Oil","Combined cycle",,"Water Injection|Selective Catalytic Reduction",,,"ARP, RGGI, SIPNOX"
"MA","Dartmouth Power",52026,"2",90589,,2020,542,460.77,8822.78,,,,5851.057,0.0595,0.557,0.0118,98265.099,"Pipeline Natural Gas","Diesel Oil","Combustion turbine",,"Water Injection|Selective Catalytic Reduction",,,"SIPNOX"
"NY","Nassau Energy Corporation",52056,"00004",3714,,2020,4668,4644.63,141516.45,,0.605,0.0011,105527.713,0.0592,120.277,0.1356,1775502.244,"Pipeline Natural Gas","Diesel Oil","Combined cycle",,"Steam Injection",,,"CSNOX, CSOSG2, CSSO2G1, RGGI"
"VA","Elizabeth River Combustion Turbine Sta",52087,"CT-1",88298,"CP0",2020,117,103.86,8931.07,,0.26,0.0066,6747.4,0.0612,8.608,0.3026,111199.3,"Pipeline Natural Gas","Diesel Oil","Combustion turbine",,"Water Injection",,,"ARP, CSNOX, CSOSG2, CSSO2G1"
"VA","Elizabeth River Combustion Turbine Sta",52087,"CT-2",88299,"CP0",2020,140,126.61,11477.57,,0.252,0.0043,8628.6,0.0603,10.436,0.2689,143336.9,"Pipeline Natural Gas","Diesel Oil","Combustion turbine",,"Water Injection",,,"ARP, CSNOX, CSOSG2, CSSO2G1"
"VA","Elizabeth River Combustion Turbine Sta",52087,"CT-3",88300,"CP0",2020,755,692.71,65123.03,,0.244,0.0009,47678.9,0.0589,47.087,0.2113,808180,"Pipeline Natural Gas","Diesel Oil","Combustion turbine",,"Water Injection",,,"ARP, CSNOX, CSOSG2, CSSO2G1"
"TX","Texas City Cogeneration",52088,"GT-A",89949,,2020,3647,3529.74,570931.7,,1.271,0.001,251699.34,0.059,226.108,0.111,4235320.147,"Pipeline Natural Gas",,"Combined cycle",,"Steam Injection",,,"ARP, CSOSG2"
"TX","Texas City Cogeneration",52088,"GT-B",89950,,2020,5982,5899.27,910912.11,,2.057,0.001,407427.991,0.059,102.386,0.032,6855721.098,"Pipeline Natural Gas",,"Combined cycle",,"Dry Low NOx Burners",,,"ARP, CSOSG2"
"TX","Texas City Cogeneration",52088,"GT-C",89951,,2020,6510,6446.72,1004673.58,,2.275,0.001,450556.036,0.059,109.634,0.0305,7581431.703,"Pipeline Natural Gas",,"Combined cycle",,"Dry Low NOx Burners",,,"ARP, CSOSG2"
"VA","Celanese Acetate LLC",52089,"BLR010",91197,"CP01",2020,3671,3671,,,,,,,12.821,0.03,854207.5,"Pipeline Natural Gas","Diesel Oil","Other boiler",,,,,"SIPNOX"
"VA","Celanese Acetate LLC",52089,"BLR011",91198,"CP01",2020,3397,3397,,,,,,,11.152,0.0289,769044.3,"Pipeline Natural Gas","Diesel Oil","Other boiler",,,,,"SIPNOX"
"VA","Celanese Acetate LLC",52089,"BLR012",91199,"CP01",2020,3265,3265,,,,,,,10.508,0.03,700122.2,"Pipeline Natural Gas","Diesel Oil","Other boiler",,,,,"SIPNOX"
"VA","Celanese Acetate LLC",52089,"BLR013",91200,"CP01",2020,3671,3671,,,,,,,12.063,0.0321,753624,"Pipeline Natural Gas","Diesel Oil","Other boiler",,,,,"SIPNOX"
"VA","Celanese Acetate LLC",52089,"BLR014",91201,"CP01",2020,3531,3531,,,,,,,11.37,0.031,733734.3,"Pipeline Natural Gas","Diesel Oil","Other boiler",,,,,"SIPNOX"
"PA","Philadelphia Refinery",52106,"150137",3718,"CS0001",2020,35,33.8,,2407,,,,,0.039,0.0224,3302.23,"Process Gas",,"Dry bottom wall-fired boiler",,"Low NOx Burner Technology (Dry Bottom only)",,,"SIPNOX"
"PA","Philadelphia Refinery",52106,"150138",3719,"CS0001",2020,0,0,,,,,,,,,,"Process Gas",,"Dry bottom wall-fired boiler",,"Low NOx Burner Technology (Dry Bottom only)",,,
"PA","Philadelphia Refinery",52106,"150139",3720,"CS0001",2020,7431,7419.72,,1674574.21,,,,,30.807,0.0316,1790315.487,"Process Gas",,"Dry bottom wall-fired boiler",,"Low NOx Burner Technology (Dry Bottom only)",,,"SIPNOX"
"PA","Philadelphia Refinery",52106,"150140",3721,"CS0001",2020,0,0,,,,,,,,,,"Process Gas",,"Dry bottom wall-fired boiler",,"Low NOx Burner Technology (Dry Bottom only)",,,
"PA","Philadelphia Refinery",52106,"150145",90978,,2020,4582,4563.89,,555995.84,,,,,3.928,0.0119,586550.881,"Process Gas",,"Dry bottom wall-fired boiler",,"Low NOx Burner Technology (Dry Bottom only)|Selective Catalytic Reduction",,,"SIPNOX"
"IN","BP Whiting Business Unit",52130,"3SPS31",88349,"CP3SPS",2020,1766,1764.03,,553020.65,,,,,10.422,0.0197,1074505.459,"Process Gas",,"Dry bottom wall-fired boiler",,"Other|Overfire Air|Selective Catalytic Reduction",,,"SIPNOX"
"IN","BP Whiting Business Unit",52130,"3SPS32",88350,"CP3SPS",2020,2374,2372.89,,748254.98,,,,,12.487,0.0175,1426191.874,"Process Gas",,"Dry bottom wall-fired boiler",,"Other|Overfire Air|Selective Catalytic Reduction",,,"SIPNOX"
"IN","BP Whiting Business Unit",52130,"3SPS33",88351,"CP3SPS",2020,3672,3672,,1174423,,,,,20.517,0.0182,2255820.5,"Process Gas",,"Dry bottom wall-fired boiler",,"Other|Overfire Air|Selective Catalytic Reduction",,,"SIPNOX"
"IN","BP Whiting Business Unit",52130,"3SPS34",88352,"CP3SPS",2020,3672,3672,,1172344,,,,,20.623,0.0183,2254285.9,"Process Gas",,"Dry bottom wall-fired boiler",,"Other|Overfire Air|Selective Catalytic Reduction",,,"SIPNOX"
"IN","BP Whiting Business Unit",52130,"3SPS36",88353,"CP3SPS",2020,3672,3672,,1180081,,,,,20.184,0.0181,2230820,"Process Gas",,"Dry bottom wall-fired boiler",,"Other|Overfire Air|Selective Catalytic Reduction",,,"SIPNOX"
"AL","International Paper-Prattville Mill",52140,"Z006",88248,"MS1N, MS1S",2020,8685,8675.12,,2330659.13,,,,,459.523,0.3385,2765112.706,"Pipeline Natural Gas","Other Gas, Wood","Other boiler",,,"Electrostatic Precipitator",,"SIPNOX"
"AL","International Paper-Prattville Mill",52140,"Z008",88249,"MS2N, MS2S",2020,8604,8595.09,,3218080.4,,,,,336.382,0.1846,3649025.288,"Coal","Other Gas, Other Oil, Wood","Other boiler",,,"Electrostatic Precipitator",,"SIPNOX"
"PA","Merck & Company - West Point",52149,"039",3722,,2020,1908,1876.86,48785.76,,,,,,28.601,0.0858,664980.259,"Pipeline Natural Gas",,"Combustion turbine",,"Water Injection",,,"SIPNOX"
"PA","Merck & Company - West Point",52149,"040",3723,,2020,7295,7289.83,241505.96,,,,,,40.441,0.026,3106570.459,"Pipeline Natural Gas",,"Combustion turbine",,"Dry Low NOx Burners",,,"SIPNOX"
"SC","International Paper-Eastover Mill",52151,"001",88301,,2020,3521,3518.71,,752417.2,,,,,34.036,0.0764,970255.626,"Natural Gas",,"Tangentially-fired",,,"Cyclone",,"SIPNOX"
"NY","Riverbay Corp. - Co-Op City",52168,"00001",89608,,2020,3430,3425.75,,335579,,,,,17.032,0.0779,436872.075,"Pipeline Natural Gas","Residual Oil","Dry bottom wall-fired boiler",,"Low NOx Burner Technology (Dry Bottom only)",,,"SIPNOX"
"NY","Riverbay Corp. - Co-Op City",52168,"00004",90513,,2020,2135,2116.75,24192.25,,,,,,0.539,0.0041,273961.45,"Pipeline Natural Gas","Diesel Oil","Combined cycle",,"Dry Low NOx Burners|Selective Catalytic Reduction",,,"SIPNOX"
"NY","Riverbay Corp. - Co-Op City",52168,"00006",90514,,2020,2598,2585.5,30375.5,,,,,,1.804,0.0114,357555.075,"Pipeline Natural Gas","Diesel Oil","Combined cycle",,"Dry Low NOx Burners|Selective Catalytic Reduction",,,"SIPNOX"
"NY","Riverbay Corp. - Co-Op City",52168,"0003HP",90512,,2020,3369,3358.5,,229701,,,,,6.326,0.0439,307856.825,"Pipeline Natural Gas","Diesel Oil","Other boiler",,"Low NOx Burner Technology (Dry Bottom only)",,,"SIPNOX"
"TX","C. R. Wing Cogeneration Plant",52176,"1",89347,,2020,4078,4057.3,327104.12,,0.95,0.001,187030.056,0.059,190.024,0.1226,3147075.386,"Pipeline Natural Gas","Diesel Oil","Combined cycle",,"Steam Injection",,,"ARP, CSOSG2"
"TX","C. R. Wing Cogeneration Plant",52176,"2",89348,,2020,3913,3881.2,315118.45,,0.901,0.001,178448.869,0.059,188.01,0.1263,3002755.711,"Pipeline Natural Gas","Diesel Oil","Combined cycle",,"Steam Injection",,,"ARP, CSOSG2"
"DE","Delaware City Refinery",52193,"DCPP4",3736,,2020,8281,8276.16,,2371189.92,5.592,0.0037,177475.899,0.0579,67.138,0.043,3063615.359,"Process Gas",,"Dry bottom wall-fired boiler",,,,,"ARP, SIPNOX"
"NY","Rensselaer Cogen",54034,"1GTDBS",3742,,2020,70,67.11,4819.96,,0.013,0.001,2559.018,0.059,0.782,0.0545,43062.602,"Pipeline Natural Gas","Diesel Oil","Combined cycle",,"Selective Catalytic Reduction|Steam Injection",,,"ARP, CSNOX, CSOSG2, CSSO2G1, RGGI"
"NY","Lockport",54041,"011854",3743,,2020,1210,1165.1,42406.56,,0.165,0.0009,33361.919,0.0591,26.589,0.0981,561458.401,"Pipeline Natural Gas","Diesel Oil","Combined cycle",,"Steam Injection",,,"ARP, CSNOX, CSOSG2, CSSO2G1, RGGI"
"NY","Lockport",54041,"011855",3744,,2020,1038,967.04,35610.09,,0.14,0.001,27684.708,0.0591,25.661,0.1168,465806.539,"Pipeline Natural Gas","Diesel Oil","Combined cycle",,"Steam Injection",,,"ARP, CSNOX, CSOSG2, CSSO2G1, RGGI"
"NY","Lockport",54041,"011856",3745,,2020,1126,1063.79,38323.76,,0.151,0.0009,30452.191,0.0591,22.865,0.0938,512469.728,"Pipeline Natural Gas","Diesel Oil","Combined cycle",,"Steam Injection",,,"ARP, CSNOX, CSOSG2, CSSO2G1, RGGI"
"RI","Pawtucket Power Associates, LP",54056,"1",3746,,2020,140,120.09,5439.37,,0.008,0,3047.98,0.0595,0.775,0.0438,51068.158,"Natural Gas","Diesel Oil","Combined cycle",,"Water Injection|Selective Catalytic Reduction",,,"ARP, RGGI, SIPNOX"
"NY","Indeck-Olean Energy Center",54076,"1",3747,,2020,1474,1412.25,85750,,0.224,0.001,44458.975,0.0591,14.478,0.0462,748123.95,"Pipeline Natural Gas","Diesel Oil","Combined cycle",,"Selective Catalytic Reduction|Steam Injection",,,"ARP, CSNOX, CSOSG2, CSSO2G1, RGGI"
"VA","Spruance Operating Services, LLC",54081,"BLR01A",88188,"CS001",2020,0,0,,,,,,,,,,"Coal",,"Stoker","Dry Lime FGD","Other","Baghouse",,"ARP, CSNOX, CSOSG2, CSSO2G1, MATS"
"VA","Spruance Operating Services, LLC",54081,"BLR01B",88189,"CS001",2020,0,0,,,,,,,,,,"Coal",,"Stoker","Dry Lime FGD","Other","Baghouse",,"ARP, CSNOX, CSOSG2, CSSO2G1, MATS"
"VA","Spruance Operating Services, LLC",54081,"BLR02A",88190,"CS002",2020,0,0,,,,,,,,,,"Coal",,"Stoker","Dry Lime FGD","Other","Baghouse",,"ARP, CSNOX, CSOSG2, CSSO2G1, MATS"
"VA","Spruance Operating Services, LLC",54081,"BLR02B",88191,"CS002",2020,0,0,,,,,,,,,,"Coal",,"Stoker","Dry Lime FGD","Other","Baghouse",,"ARP, CSNOX, CSOSG2, CSSO2G1, MATS"
"VA","Spruance Operating Services, LLC",54081,"BLR03A",88192,,2020,7624,7612.54,,1114936.22,0.406,0.001,80478.697,0.0594,21.858,0.0323,1354226.82,"Pipeline Natural Gas",,"Stoker",,"Other",,,"ARP, CSNOX, CSOSG2, CSSO2G1"
"VA","Spruance Operating Services, LLC",54081,"BLR03B",88193,,2020,7722,7717.7,,1126351.2,0.416,0.001,82350.179,0.0594,21.775,0.0314,1385709.151,"Pipeline Natural Gas",,"Stoker",,"Other",,,"ARP, CSNOX, CSOSG2, CSSO2G1"
"VA","Spruance Operating Services, LLC",54081,"BLR04A",88194,,2020,7812,7802.63,,1212249.59,0.449,0.001,88982.537,0.0594,23.006,0.0308,1497325.842,"Pipeline Natural Gas",,"Stoker",,"Other",,,"ARP, CSNOX, CSOSG2, CSSO2G1"
"VA","Spruance Operating Services, LLC",54081,"BLR04B",88195,,2020,7711,7699.73,,1152790.78,0.435,0.001,86146.831,0.0594,22.868,0.0316,1449596.594,"Pipeline Natural Gas",,"Stoker",,"Other",,,"ARP, CSNOX, CSOSG2, CSSO2G1"
"AL","International Paper-Riverdale Mill",54096,"X026",88302,,2020,2338,2337.18,64748.81,,,,,,155.556,0.3495,866766.637,"Pipeline Natural Gas","Diesel Oil","Combined cycle",,"Steam Injection",,,"SIPNOX"
"AL","International Paper-Riverdale Mill",54096,"Z007",88303,,2020,1717,1638.92,,155646.14,,,,,76.411,0.678,225393.466,"Pipeline Natural Gas","Diesel Oil","Dry bottom wall-fired boiler",,,,,"SIPNOX"
"NY","Ticonderoga Mill",54099,"000044",3751,,2020,8181,8162.86,,2055081.62,,,,,270.262,0.173,3099057.624,"Residual Oil","Natural Gas, Wood","Dry bottom wall-fired boiler",,"Low NOx Burner Technology w/ Overfire Air","Wet Scrubber|Wet ESP",,"SIPNOX"
"NY","KIAC Cogeneration",54114,"GT1",3752,,2020,6968,6935.54,309573.67,,0.928,0.001,183892.74,0.0592,40.56,0.0268,3094359.947,"Pipeline Natural Gas","Diesel Oil","Combined cycle",,"Water Injection|Selective Catalytic Reduction",,,"CSNOX, CSOSG2, CSSO2G1, RGGI"
"NY","KIAC Cogeneration",54114,"GT2",3753,,2020,3644,3517.38,119757.83,,0.497,0.0012,72729.434,0.0593,15.737,0.0273,1222503.911,"Pipeline Natural Gas","Diesel Oil","Combined cycle",,"Water Injection|Selective Catalytic Reduction",,,"CSNOX, CSOSG2, CSSO2G1, RGGI"
"NY","World Generation X, LLC",54131,"NTCT1",3754,,2020,440,420.74,11735.57,,0.06,0.001,10981.236,0.0592,6.482,0.0776,184773.137,"Pipeline Natural Gas","Diesel Oil","Combined cycle",,"Steam Injection",,,"CSNOX, CSOSG2, CSSO2G1, RGGI"
"NY","Nissequogue Energy Center",54149,"1",3757,,2020,8345,8332.01,350125.99,,1.001,0.001,198180.252,0.0592,130.311,0.0784,3334709.923,"Pipeline Natural Gas","Diesel Oil","Combustion turbine",,"Water Injection",,,"CSNOX, CSOSG2, CSSO2G1, RGGI"
"OH","Cleveland-Cliffs Warren",54207,"B001",9264,,2020,0,0,,,,,,,,,,"Other Gas","Pipeline Natural Gas","Dry bottom wall-fired boiler",,,"Baghouse",,"SIPNOX"
"OH","Cleveland-Cliffs Warren",54207,"B002",89332,,2020,61,60.45,,4956.15,,,,,6.495,0.151,86038.485,"Other Gas","Natural Gas","Dry bottom wall-fired boiler",,,,,"SIPNOX"
"OH","Cleveland-Cliffs Warren",54207,"B004",9265,,2020,3672,3672,,621931,,,,,40.873,0.0687,1186587,"Other Gas","Natural Gas","Dry bottom wall-fired boiler",,,,,"SIPNOX"
"CA","DTE Stockton",54238,"BIOMS1",90649,,2020,8347,8337.49,405882.53,,0.122,0.0004,620839.189,0.1036,103.809,0.0348,5953988.993,"Wood",,"Stoker","Wet Lime FGD","Selective Catalytic Reduction","Electrostatic Precipitator",,"ARP"
"NC","University of NC Chapel Hill",54276,"ES001",9943,,2020,3006,2997.03,,326947.69,,,,,38.817,0.1453,444782.282,"Coal","Diesel Oil, Pipeline Natural Gas","Circulating fluidized bed boiler","Fluidized Bed Limestone Injection",,"Baghouse",,"SIPNOX"
"NC","University of NC Chapel Hill",54276,"ES002",9944,,2020,2616,2610.93,,266643.12,,,,,24.01,0.1187,394961.501,"Coal","Diesel Oil, Pipeline Natural Gas","Circulating fluidized bed boiler","Fluidized Bed Limestone Injection",,"Baghouse",,"SIPNOX"
"NC","University of NC Chapel Hill",54276,"ES003",9945,,2020,240,228.64,,16407.2,,,,,0.633,0.0503,24532.325,"Pipeline Natural Gas","Diesel Oil","Dry bottom wall-fired boiler",,,,,"SIPNOX"
"VA","Birchwood Power Facility",54304,"001",10104,,2020,889,862.15,99461.54,,44.131,0.0778,108615.784,0.1029,48.128,0.0972,1058633.744,"Coal",,"Tangentially-fired","Dry Lime FGD","Selective Catalytic Reduction","Baghouse",,"ARP, CSNOX, CSOSG2, CSSO2G1, MATS"
"RI","Ocean State Power II",54324,"3",3760,,2020,3297,2917.78,204520.03,,0.774,0.001,153239.773,0.0592,38.937,0.0315,2577850.364,"Pipeline Natural Gas","Diesel Oil","Combined cycle",,"Water Injection|Selective Catalytic Reduction",,,"ARP, RGGI, SIPNOX"
"RI","Ocean State Power II",54324,"4",3761,,2020,3146,2782.68,202945.97,,0.749,0.001,148351.612,0.0591,39.724,0.0338,2495647.812,"Pipeline Natural Gas","Diesel Oil","Combined cycle",,"Water Injection|Selective Catalytic Reduction",,,"ARP, RGGI, SIPNOX"
"FL","Orange Cogeneration Facility",54365,"1",3762,,2020,4937,4430.5,220683.07,,0.509,0.001,100804.308,0.0592,44.268,0.0531,1696240.922,"Pipeline Natural Gas",,"Combined cycle",,"Water Injection|Dry Low NOx Burners",,,"ARP"
"FL","Orange Cogeneration Facility",54365,"2",3763,,2020,5051,4459.4,225946.96,,0.517,0.001,102309.31,0.0592,44.576,0.0529,1721558.831,"Pipeline Natural Gas",,"Combined cycle",,"Water Injection|Dry Low NOx Burners",,,"ARP"
"MI","Cadillac Renewable Energy",54415,"EUBLR",90201,,2020,3601,3594.42,50988,,22.814,0.0453,,,70.735,0.1439,983377.653,"Wood",,"Stoker",,"Selective Non-catalytic Reduction","Cyclone|Electrostatic Precipitator",,"CSNOX, CSOSG2, CSSO2G1"
"FL","Mulberry Cogeneration Facility",54426,"1",3772,,2020,4396,3966.68,446341.32,,1.055,0.001,208992.09,0.059,69.165,0.0445,3516748.231,"Pipeline Natural Gas","Diesel Oil","Combined cycle",,"Dry Low NOx Burners",,,"ARP"
"FL","Orlando CoGen",54466,"1",3773,,2020,7976,7956.82,970861.97,,2.201,0.001,435944.713,0.0593,187.44,0.0516,7335540.345,"Pipeline Natural Gas",,"Combined cycle",,"Dry Low NOx Burners",,,"ARP"
"WA","Sumas Generating Station",54476,"CT-1",90428,,2020,4428,4346.86,335209.77,,4.093,0.002,249258.094,0.059,33.908,0.0168,4194252.959,"Natural Gas",,"Combined cycle",,"Selective Catalytic Reduction|Steam Injection",,,"ARP"
"WA","Ferndale Generating Station",54537,"CT-1A",90752,,2020,5088,5038.97,376488.65,,4.602,0.002,279103.92,0.059,56.594,0.0248,4696529.054,"Natural Gas","Diesel Oil","Combined cycle",,"Selective Catalytic Reduction|Steam Injection",,,"ARP"
"WA","Ferndale Generating Station",54537,"CT-1B",90753,,2020,5129,5077.96,376681.02,,4.642,0.002,281566.943,0.059,58.436,0.0255,4737933.094,"Natural Gas","Diesel Oil","Combined cycle",,"Selective Catalytic Reduction|Steam Injection",,,"ARP"
"NY","Independence",54547,"1",3774,,2020,4606,4425.1,1000777.82,,2.122,0.001,420283.595,0.059,63.537,0.0263,7072111.37,"Pipeline Natural Gas",,"Combined cycle",,"Dry Low NOx Burners|Selective Catalytic Reduction",,,"ARP, CSNOX, CSOSG2, CSSO2G1, RGGI"
"NY","Independence",54547,"2",3775,,2020,5226,5134.58,1159893.48,,2.481,0.001,491435.017,0.059,65.8,0.0199,8269395.063,"Pipeline Natural Gas",,"Combined cycle",,"Dry Low NOx Burners|Selective Catalytic Reduction",,,"ARP, CSNOX, CSOSG2, CSSO2G1, RGGI"
"NY","Independence",54547,"3",3776,,2020,4846,4670.05,1021607.96,,2.159,0.001,427599.069,0.059,66.669,0.0272,7195203.443,"Pipeline Natural Gas",,"Combined cycle",,"Dry Low NOx Burners|Selective Catalytic Reduction",,,"ARP, CSNOX, CSOSG2, CSSO2G1, RGGI"
"NY","Independence",54547,"4",3777,,2020,4749,4574.71,991293.42,,2.116,0.001,419151.668,0.059,61.255,0.025,7053021.997,"Pipeline Natural Gas",,"Combined cycle",,"Dry Low NOx Burners|Selective Catalytic Reduction",,,"ARP, CSNOX, CSOSG2, CSSO2G1, RGGI"
"IL","Ingredion Incorporated Argo Plant",54556,"B06",10116,,2020,3773,3763.42,,848027.44,,,,,27.462,0.0533,1175855.041,"Pipeline Natural Gas",,"Other boiler",,"Other",,,"SIPNOX"
"IL","Ingredion Incorporated Argo Plant",54556,"B07",88140,,2020,5187,5177.33,,723445.89,,,,,25.499,0.0581,913932.434,"Pipeline Natural Gas",,"Other boiler",,"Other",,,"SIPNOX"
"IL","Ingredion Incorporated Argo Plant",54556,"B08",88141,,2020,6344,6332.32,,1074675.74,,,,,5.066,0.0066,1532082.29,"Pipeline Natural Gas",,"Other boiler",,"Low NOx Burner Technology (Dry Bottom only)|Selective Catalytic Reduction",,,"SIPNOX"
"IL","Ingredion Incorporated Argo Plant",54556,"B10",89733,,2020,7271,7266.44,,4270085.19,,,,,285.672,0.1089,5396218.881,"Coal",,"Circulating fluidized bed boiler","Fluidized Bed Limestone Injection","Selective Non-catalytic Reduction","Baghouse",,"SIPNOX"
"PA","North East Cogeneration Plant",54571,"001",3778,,2020,0,0,,,,,,,,,,"Pipeline Natural Gas",,"Combined cycle",,"Steam Injection",,,"ARP, CSNOX, CSOSG2, CSSO2G1"
"PA","North East Cogeneration Plant",54571,"002",3779,,2020,0,0,,,,,,,,,,"Pipeline Natural Gas",,"Combined cycle",,"Steam Injection",,,"ARP, CSNOX, CSOSG2, CSSO2G1"
"NY","Saranac Power Partners, LP",54574,"00001",3780,,2020,271,253.68,22697.07,,0.062,0.001,12336.61,0.059,3.448,0.0469,207580.001,"Pipeline Natural Gas",,"Combined cycle",,"Selective Catalytic Reduction",,,"ARP, CSNOX, CSOSG2, CSSO2G1, RGGI"
"NY","Saranac Power Partners, LP",54574,"00002",3781,,2020,134,126.39,12335.07,,0.033,0.001,6600.4,0.059,1.688,0.0432,111075.218,"Pipeline Natural Gas",,"Combined cycle",,"Selective Catalytic Reduction",,,"ARP, CSNOX, CSOSG2, CSSO2G1, RGGI"
"MA","Tanner Street Generation, LLC",54586,"2",90384,,2020,437,364.84,20991.9,,0.056,0.001,11177.651,0.0597,2.5,0.0677,187712.413,"Pipeline Natural Gas","Diesel Oil","Combined cycle",,"Water Injection|Selective Catalytic Reduction",,,"ARP, RGGI, SIPNOX"
"NY","Massena Energy Facility",54592,"001",3783,,2020,23,20.1,578.48,,0.003,0.001,679.074,0.0591,0.384,0.1755,11426.832,"Pipeline Natural Gas","Diesel Oil","Combined cycle",,"Selective Catalytic Reduction|Steam Injection",,,"ARP, CSNOX, CSOSG2, CSSO2G1, RGGI"
"NY","Batavia Energy",54593,"1",3784,,2020,183,159.96,5105.66,,0.019,0.001,3843.732,0.0592,4.311,0.1564,64677.204,"Pipeline Natural Gas",,"Combined cycle",,"Steam Injection",,,"ARP, CSNOX, CSOSG2, CSSO2G1, RGGI"
"CT","Pratt & Whitney, East Hartford",54605,"001",3785,,2020,4598,4579.91,85677.64,,,,58569.66,0.0593,11.158,0.0227,985538.778,"Pipeline Natural Gas","Diesel Oil","Combustion turbine",,"Water Injection|Selective Catalytic Reduction",,,"RGGI, SIPNOX"
"PA","St. Nicholas Cogeneration Project",54634,"1",3787,,2020,8307,8289.87,,5675386.24,1017.092,0.1903,1256720.221,0.117,300.631,0.0569,10773360.581,"Coal Refuse","Residual Oil","Circulating fluidized bed boiler","Fluidized Bed Limestone Injection",,"Baghouse",,"ARP, CSNOX, CSOSG2, CSSO2G1, MATS"
"PA","Domtar Paper Company, LLC",54638,"040",3788,"CS1",2020,3515,3513.57,,410730.37,,,,,15.978,0.0649,514307.116,"Coal, Natural Gas","Diesel Oil, Natural Gas","Dry bottom wall-fired boiler",,"Low NOx Burner Technology (Dry Bottom only)","Electrostatic Precipitator (Retired Mar 31, 2020)",,"SIPNOX"
"PA","Domtar Paper Company, LLC",54638,"041",3789,"CS1",2020,3672,3670.68,,448151.22,,,,,17.544,0.0653,560079.908,"Coal, Natural Gas","Diesel Oil, Natural Gas","Dry bottom wall-fired boiler",,"Low NOx Burner Technology (Dry Bottom only)","Electrostatic Precipitator (Retired Mar 31, 2020)",,"SIPNOX"
"NJ","Lakewood",54640,"001001",3790,,2020,1109,1055.55,81991,,0.299,0.001,59143.823,0.059,9.329,0.0244,995228.607,"Pipeline Natural Gas","Diesel Oil","Combined cycle",,"Water Injection|Selective Catalytic Reduction",,,"ARP, CSNOX, CSOSG2, CSSO2G1, RGGI"
"NJ","Lakewood",54640,"002001",3791,,2020,1043,997.15,78381.04,,0.285,0.001,56374.421,0.059,8.739,0.0212,948632.24,"Pipeline Natural Gas","Diesel Oil","Combined cycle",,"Water Injection|Selective Catalytic Reduction",,,"ARP, CSNOX, CSOSG2, CSSO2G1, RGGI"
"AZ","Yuma Cogeneration Associates",54694,"4101",91085,,2020,2960,2852.59,112901.06,,0.312,0.001,61884.789,0.0592,43.939,0.087,1041395.097,"Pipeline Natural Gas",,"Combined cycle",,"Steam Injection",,,"ARP"
"CA","Goal Line",54749,"1",3795,,2020,522,452.87,19665.16,,0.051,0.001,10156.825,0.0592,1.734,0.0282,170920.884,"Pipeline Natural Gas",,"Combined cycle",,"Water Injection|Selective Catalytic Reduction",,,"ARP"
"MI","Genesee Power Station",54751,"01",90200,,2020,8229,8208.68,107644.45,,66.051,0.0789,,,147.35,0.1734,1692388.921,"Wood","Tire Derived Fuel","Stoker",,"Selective Non-catalytic Reduction","Cyclone|Electrostatic Precipitator",,"CSNOX, CSOSG2, CSSO2G1"
"OR","Hermiston",54761,"1",3796,,2020,4689,4668.64,933619.52,,2.14,0.001,423810.294,0.059,52.495,0.0168,7131366.236,"Pipeline Natural Gas",,"Combined cycle",,"Selective Catalytic Reduction",,,"ARP"
"OR","Hermiston",54761,"2",3797,,2020,6968,6926.65,1333367.72,,3.096,0.001,613371.059,0.059,74.327,0.0156,10321070.252,"Pipeline Natural Gas",,"Combined cycle",,"Selective Catalytic Reduction",,,"ARP"
"CA","Live Oak Limited",54768,"GT1",91245,,2020,629,557.25,21467.75,,0.059,0.001,11659.3,0.0591,10.949,0.1066,196218.7,"Pipeline Natural Gas",,"Combustion turbine",,"Selective Catalytic Reduction",,,"ARP"
"PA","Grays Ferry Cogen Partnership",54785,"2",3798,,2020,8107,8090.72,865144.12,,3.223,0.001,638441.926,0.059,157.891,0.0297,10743016.067,"Pipeline Natural Gas","Diesel Oil","Combined cycle",,"Dry Low NOx Burners|Selective Catalytic Reduction",,,"ARP, CSNOX, CSOSG2, CSSO2G1"
"PA","Grays Ferry Cogen Partnership",54785,"25",3799,,2020,8317,8306.37,,1527751.61,0.639,0.001,,,56.091,0.0518,2103667.681,"Pipeline Natural Gas","Diesel Oil","Dry bottom wall-fired boiler",,"Low NOx Burner Technology (Dry Bottom only)|Other",,,"CSNOX, CSOSG2, CSSO2G1"
"MD","American Sugar Refining, Inc.",54795,"C6",91290,,2020,5294,5218.54,,701770.62,,,,,14.728,0.0356,944415.925,"Natural Gas",,"Dry bottom wall-fired boiler",,"Combustion Modification/Fuel Reburning",,,"SIPNOX"
"AL","WestRock Coated Board - Mahrt Mill",54802,"X022",10117,,2020,3622,3614.73,72268.02,,,,,,39.705,0.068,1167932.775,"Pipeline Natural Gas",,"Combustion turbine",,"Dry Low NOx Burners",,,"SIPNOX"
"AL","WestRock Coated Board - Mahrt Mill",54802,"Z008",10118,,2020,3588,3526.99,,223108.97,,,,,45.32,0.197,362926.325,"Pipeline Natural Gas","Diesel Oil","Dry bottom wall-fired boiler",,,,,"SIPNOX"
"MA","Milford Power, LLC",54805,"1",3800,,2020,1549,1446.34,204201.21,,0.527,0.001,104361.763,0.059,24.607,0.049,1756061.57,"Pipeline Natural Gas",,"Combined cycle",,"Selective Catalytic Reduction|Steam Injection",,,"ARP, RGGI, SIPNOX"
"TX","Johnson County Generation Facility",54817,"EAST",3804,,2020,5548,5427.04,933017.84,,2.226,0.001,440824.707,0.059,123.032,0.0358,7417756.133,"Pipeline Natural Gas","Diesel Oil","Combined cycle",,"Selective Catalytic Reduction",,,"ARP, CSOSG2"
"MD","Brandywine Power Facility",54832,"1",3806,,2020,3583,3287.64,296467.57,,0.733,0.001,145105.602,0.0592,38.861,0.0418,2440033.693,"Pipeline Natural Gas","Diesel Oil, Liquified Petroleum Gas","Combined cycle",,"Water Injection|Other",,,"ARP, CSNOX, CSOSG2, CSSO2G1, RGGI"
"MD","Brandywine Power Facility",54832,"2",3807,,2020,3816,3503.55,311236.81,,0.737,0.001,145853.373,0.0591,39.164,0.0414,2452602.492,"Pipeline Natural Gas","Diesel Oil, Liquified Petroleum Gas","Combined cycle",,"Water Injection|Other",,,"ARP, CSNOX, CSOSG2, CSSO2G1, RGGI"
"VA","Gordonsville Power Station",54844,"1",10119,,2020,5459,5443.33,585160.12,,1.733,0.0012,291903.527,0.0591,64.947,0.0274,4907536.135,"Pipeline Natural Gas","Diesel Oil","Combined cycle",,"Dry Low NOx Burners|Water Injection|Selective Catalytic Reduction",,,"ARP, CSNOX, CSOSG2, CSSO2G1"
"VA","Gordonsville Power Station",54844,"2",10120,,2020,5631,5617.27,604072.43,,1.78,0.0011,302465.899,0.0591,67.434,0.0273,5085293.582,"Pipeline Natural Gas","Diesel Oil","Combined cycle",,"Dry Low NOx Burners|Water Injection|Selective Catalytic Reduction",,,"ARP, CSNOX, CSOSG2, CSSO2G1"
"NV","Sun Peak Generating Station",54854,"3",90972,,2020,940,765.76,51180.33,,0.199,0.001,39474.257,0.0591,46.291,0.1365,664216.195,"Pipeline Natural Gas","Diesel Oil","Combustion turbine",,"Water Injection",,,"ARP"
"NV","Sun Peak Generating Station",54854,"4",90973,,2020,643,514.88,34257.78,,0.133,0.001,26309.762,0.0591,30.775,0.1341,442727.596,"Pipeline Natural Gas","Diesel Oil","Combustion turbine",,"Water Injection",,,"ARP"
"NV","Sun Peak Generating Station",54854,"5",90974,,2020,635,498.1,33305.76,,0.127,0.001,25106.895,0.0591,29.444,0.1343,422459.04,"Pipeline Natural Gas","Diesel Oil","Combustion turbine",,"Water Injection",,,"ARP"
"MA","MIT Central Utility Plant",54907,"1",3808,,2020,5415,5409.16,158198.4,,,,,,43.907,0.0716,1230432.796,"Pipeline Natural Gas","Diesel Oil","Combustion turbine",,"Combustion Modification/Fuel Reburning|Water Injection",,,"SIPNOX"
"NY","Brooklyn Navy Yard Cogeneration",54914,"1",3809,,2020,7382,7371.68,746064.61,,3.124,0.0016,507431.919,0.059,30.391,0.0074,8538156.459,"Pipeline Natural Gas","Diesel Oil","Combined cycle",,"Dry Low NOx Burners|Water Injection|Selective Catalytic Reduction",,,"ARP, CSNOX, CSOSG2, CSSO2G1, RGGI"
"NY","Brooklyn Navy Yard Cogeneration",54914,"2",3810,,2020,8350,8337.55,869673.27,,2.946,0.001,583640.608,0.059,32.795,0.0069,9820849.18,"Pipeline Natural Gas","Diesel Oil","Combined cycle",,"Dry Low NOx Burners|Water Injection|Selective Catalytic Reduction",,,"ARP, CSNOX, CSOSG2, CSSO2G1, RGGI"
"MI","Michigan Power Limited Partnership",54915,"1",3811,,2020,8671,8668.85,1084416.02,,2.835,0.001,561589.46,0.059,132.224,0.028,9449816.174,"Pipeline Natural Gas",,"Combined cycle",,"Dry Low NOx Burners",,,"ARP, CSNOX, CSOSG2, CSSO2G1"
"MN","Cottage Grove Cogeneration",55010,"01",3812,,2020,4098,3864.63,710294.01,,1.673,0.001,331309.643,0.059,30.612,0.013,5574905.349,"Pipeline Natural Gas","Diesel Oil","Combined cycle",,"Selective Catalytic Reduction",,,"ARP, CSNOX, CSSO2G2"
"WI","Whitewater Cogeneration Facility",55011,"01",3813,,2020,4481,4197.88,893054.23,,2.161,0.001,428152.137,0.059,60.653,0.0227,7202000.849,"Pipeline Natural Gas","Diesel Oil","Combined cycle",,"Selective Catalytic Reduction",,,"ARP, CSNOX, CSOSG2, CSSO2G1"
"TX","Sweeny Cogeneration Facility",55015,"1",3814,"CP1",2020,7156,7142.33,724571.2,,4.063,0.0009,676271.499,0.059,280.057,0.0493,11379130.357,"Pipeline Natural Gas","Other Gas, Process Gas","Combustion turbine",,"Dry Low NOx Burners",,,"ARP, CSOSG2"
"TX","Sweeny Cogeneration Facility",55015,"2",3815,"CP1",2020,8366,8359.21,843937.18,,4.885,0.0007,928288.116,0.059,217.667,0.0267,15619803.913,"Pipeline Natural Gas","Other Gas, Process Gas","Combustion turbine",,"Dry Low NOx Burners",,,"ARP, CSOSG2"
"TX","Sweeny Cogeneration Facility",55015,"3",3816,"CP1",2020,8202,8197.83,856061.81,,4.912,0.0007,925890,0.059,134.629,0.0169,15579436.315,"Pipeline Natural Gas","Other Gas, Process Gas","Combustion turbine",,"Dry Low NOx Burners",,,"ARP, CSOSG2"
"TX","Sweeny Cogeneration Facility",55015,"4",3817,"CP1",2020,7854,7842.56,817955.53,,4.314,0.0007,797371.384,0.059,123.999,0.0184,13416906.327,"Pipeline Natural Gas","Other Gas, Process Gas","Combustion turbine",,"Dry Low NOx Burners",,,"ARP, CSOSG2"
"MA","Dighton",55026,"1",3818,,2020,1594,1530.26,214964.61,,0.507,0.001,100391.37,0.059,14.057,0.0314,1689282.333,"Pipeline Natural Gas",,"Combined cycle",,"Selective Catalytic Reduction",,,"ARP, RGGI, SIPNOX"
"WI","Depere Energy Center",55029,"B01",3819,,2020,913,820.75,122874.64,,0.403,0.001,79382.394,0.059,57.09,0.0879,1335709.702,"Pipeline Natural Gas","Diesel Oil","Combustion turbine",,"Water Injection",,,"ARP, CSNOX, CSOSG2, CSSO2G1"
"ME","Androscoggin Energy",55031,"CT01",3820,,2020,3343,3288.42,137471.43,,0.71,0.0013,98839.217,0.0593,13.435,0.0184,1660115.067,"Pipeline Natural Gas","Diesel Oil","Combustion turbine",,"Selective Catalytic Reduction",,,"ARP, RGGI"
"ME","Androscoggin Energy",55031,"CT02",3821,,2020,5020,4992.89,209266.66,,0.83,0.001,158969.379,0.0591,18.271,0.0141,2674569.478,"Pipeline Natural Gas","Diesel Oil","Combustion turbine",,"Selective Catalytic Reduction",,,"ARP, RGGI"
"ME","Androscoggin Energy",55031,"CT03",3822,,2020,696,670.46,26855.51,,0.19,0.0017,19926.659,0.0594,2.695,0.0223,333994.024,"Pipeline Natural Gas","Diesel Oil","Combustion turbine",,"Selective Catalytic Reduction",,,"ARP, RGGI"
"NM","Rio Bravo Generating Station",55039,"GT-1",3824,,2020,1510,1271.96,126523.33,,0.481,0.0012,89766.982,0.0595,28.33,0.0518,1508569.722,"Pipeline Natural Gas","Diesel Oil","Combustion turbine",,"Dry Low NOx Burners|Water Injection",,,"ARP"
"GA","Mid-Georgia Cogeneration",55040,"1",3825,,2020,561,508.17,70076.73,,0.288,0.0014,35800.896,0.0592,10.159,0.0411,600866.89,"Pipeline Natural Gas","Diesel Oil","Combined cycle",,"Dry Low NOx Burners|Water Injection|Selective Catalytic Reduction",,,"ARP, CSNOX, CSOSG1, CSSO2G2"
"GA","Mid-Georgia Cogeneration",55040,"2",3826,,2020,601,553.83,73938.78,,0.235,0.0014,35712.782,0.0592,13.989,0.0616,600155.029,"Pipeline Natural Gas","Diesel Oil","Combined cycle",,"Dry Low NOx Burners|Water Injection|Selective Catalytic Reduction",,,"ARP, CSNOX, CSOSG1, CSSO2G2"
"MA","Berkshire Power",55041,"1",3827,,2020,3104,3070.59,633482.68,,1.358,0.001,268970.39,0.059,26.339,0.0186,4525904.71,"Pipeline Natural Gas",,"Combined cycle",,"Selective Catalytic Reduction",,,"ARP, RGGI, SIPNOX"
"CT","Bridgeport Energy",55042,"BE1",3828,,2020,4391,4319.89,966435.58,,1.963,0.001,388886.684,0.059,63.495,0.0205,6543767.57,"Pipeline Natural Gas",,"Combined cycle",,"Selective Catalytic Reduction",,,"ARP, RGGI, SIPNOX"
"CT","Bridgeport Energy",55042,"BE2",3829,,2020,4514,4452.72,994306.2,,2.026,0.001,401374.742,0.059,67.164,0.021,6753912.49,"Pipeline Natural Gas",,"Combined cycle",,"Selective Catalytic Reduction",,,"ARP, RGGI, SIPNOX"
"SC","Cherokee County Cogen",55043,"CCCP1",3830,,2020,3828,3799.99,238287.88,,0.826,0.001,165015.424,0.059,39.881,0.0303,2776713.647,"Pipeline Natural Gas",,"Combined cycle",,"Selective Catalytic Reduction",,,"ARP, CSNOX, CSSO2G2, SIPNOX"
"TX","Pasadena Power Plant",55047,"CG-1",3831,,2020,7785,7782.82,1922087.39,,3.827,0.001,758010.347,0.059,93.162,0.0146,12754931.65,"Pipeline Natural Gas",,"Combined cycle",,"Dry Low NOx Burners|Selective Catalytic Reduction",,,"ARP, CSOSG2"
"TX","Pasadena Power Plant",55047,"CG-2",3832,,2020,4653,4599.12,1094398.84,,2.279,0.001,451368.797,0.059,119.252,0.032,7595080.367,"Pipeline Natural Gas",,"Combined cycle",,"Dry Low NOx Burners|Selective Catalytic Reduction",,,"ARP, CSOSG2"
"TX","Pasadena Power Plant",55047,"CG-3",3833,,2020,5012,4978.44,1269697.01,,2.435,0.001,482282.926,0.059,86.447,0.0219,8115334.652,"Pipeline Natural Gas",,"Combined cycle",,"Dry Low NOx Burners|Selective Catalytic Reduction",,,"ARP, CSOSG2"
"RI","Tiverton Power, LLC",55048,"1",3836,,2020,6848,6814.08,1633464.28,,3.407,0.001,674833.269,0.059,54.042,0.0115,11355303.976,"Pipeline Natural Gas",,"Combined cycle",,"Selective Catalytic Reduction",,,"ARP, RGGI, SIPNOX"
"GA","Tenaska Georgia Generating Station",55061,"CT1",3837,,2020,81,68.54,9924.19,,0.031,0.0011,6066.284,0.0599,1.702,0.0424,101858.358,"Pipeline Natural Gas","Diesel Oil","Combustion turbine",,"Dry Low NOx Burners|Water Injection",,,"ARP, CSNOX, CSOSG1, CSSO2G2"
"GA","Tenaska Georgia Generating Station",55061,"CT2",3838,,2020,46,40.52,5716.73,,0.018,0.001,3540.532,0.0595,1.169,0.0517,59399.811,"Pipeline Natural Gas","Diesel Oil","Combustion turbine",,"Dry Low NOx Burners|Water Injection",,,"ARP, CSNOX, CSOSG1, CSSO2G2"
"GA","Tenaska Georgia Generating Station",55061,"CT3",3839,,2020,148,133.49,19616.67,,0.061,0.001,11989.871,0.0593,2.799,0.0346,201600.292,"Pipeline Natural Gas","Diesel Oil","Combustion turbine",,"Dry Low NOx Burners|Water Injection",,,"ARP, CSNOX, CSOSG1, CSSO2G2"
"GA","Tenaska Georgia Generating Station",55061,"CT4",3840,,2020,120,108.73,16194.56,,0.05,0.001,9803.545,0.0592,3.198,0.0431,164758.282,"Pipeline Natural Gas","Diesel Oil","Combustion turbine",,"Dry Low NOx Burners|Water Injection",,,"ARP, CSNOX, CSOSG1, CSSO2G2"
"GA","Tenaska Georgia Generating Station",55061,"CT5",3841,,2020,43,38.87,5853.97,,0.018,0.001,3536.27,0.0595,1.098,0.0447,59345.461,"Pipeline Natural Gas","Diesel Oil","Combustion turbine",,"Dry Low NOx Burners|Water Injection",,,"ARP, CSNOX, CSOSG1, CSSO2G2"
"GA","Tenaska Georgia Generating Station",55061,"CT6",3842,,2020,93,84.47,12409.13,,0.041,0.001,7684.638,0.0597,1.959,0.042,128558.281,"Pipeline Natural Gas","Diesel Oil","Combustion turbine",,"Dry Low NOx Burners|Water Injection",,,"ARP, CSNOX, CSOSG1, CSSO2G2"
"TX","Tenaska Frontier Generating Station",55062,"1",3843,,2020,5462,5325.05,1229262.92,,2.674,0.001,529591.02,0.059,168.02,0.0415,8911328.881,"Pipeline Natural Gas","Diesel Oil","Combined cycle",,"Dry Low NOx Burners",,,"ARP, CSOSG2"
"TX","Tenaska Frontier Generating Station",55062,"2",3844,,2020,5287,5148.09,1219368.15,,2.613,0.001,517556.625,0.059,154.684,0.0408,8708849.236,"Pipeline Natural Gas","Diesel Oil","Combined cycle",,"Dry Low NOx Burners",,,"ARP, CSOSG2"
"TX","Tenaska Frontier Generating Station",55062,"3",3845,,2020,5828,5690.74,1324037.61,,2.84,0.001,562484.876,0.059,171.032,0.0392,9464885.709,"Pipeline Natural Gas","Diesel Oil","Combined cycle",,"Dry Low NOx Burners",,,"ARP, CSOSG2"
"MS","Batesville Generation Facility",55063,"1",3846,,2020,5329,5237.44,1259425.56,,2.964,0.001,587107.334,0.059,126.373,0.0266,9879149.218,"Pipeline Natural Gas",,"Combined cycle",,"Selective Catalytic Reduction",,,"ARP, CSOSG2"
"MS","Batesville Generation Facility",55063,"2",3847,,2020,6093,6010.91,1465822.21,,3.47,0.001,687302.773,0.059,144.025,0.0257,11565097.612,"Pipeline Natural Gas",,"Combined cycle",,"Selective Catalytic Reduction",,,"ARP, CSOSG2"
"MS","Batesville Generation Facility",55063,"3",3848,,2020,5279,5196.49,1232455.52,,2.877,0.001,569818.358,0.059,121.662,0.0264,9588342.923,"Pipeline Natural Gas",,"Combined cycle",,"Selective Catalytic Reduction",,,"ARP, CSOSG2"
"TX","Blackhawk Station",55064,"001",3849,,2020,8365,8356.32,915137.29,,31.462,0.0072,503189.761,0.059,202.465,0.0477,8508155.366,"Pipeline Natural Gas","Process Gas","Combustion turbine",,"Selective Catalytic Reduction|Dry Low NOx Burners",,,"ARP, CSOSG2"
"TX","Blackhawk Station",55064,"002",3850,,2020,8688,8680.29,959108.64,,29.387,0.006,561327.98,0.059,237.217,0.0504,9483695.461,"Pipeline Natural Gas","Process Gas","Combustion turbine",,"Selective Catalytic Reduction|Dry Low NOx Burners",,,"ARP, CSOSG2"
"TX","Mustang Station",55065,"1",3851,,2020,5290,5228.73,963508.49,,2.278,0.001,451205.688,0.059,179.298,0.0499,7592418.991,"Pipeline Natural Gas",,"Combined cycle",,"Dry Low NOx Burners",,,"ARP, CSOSG2"
"TX","Mustang Station",55065,"2",3852,,2020,5397,5338.06,969025.22,,2.321,0.001,459794.09,0.059,131.195,0.0351,7736895.274,"Pipeline Natural Gas",,"Combined cycle",,"Dry Low NOx Burners",,,"ARP, CSOSG2"
"ME","Maine Independence Station",55068,"1",3853,,2020,391,358.94,35465.13,,0.129,0.001,25637.81,0.059,4.441,0.0334,431408.789,"Pipeline Natural Gas",,"Combined cycle",,"Dry Low NOx Burners|Selective Catalytic Reduction",,,"ARP, RGGI"
"ME","Maine Independence Station",55068,"2",3854,,2020,853,791.18,77233.1,,0.284,0.001,56317.056,0.059,10.062,0.0341,947636.152,"Pipeline Natural Gas",,"Combined cycle",,"Dry Low NOx Burners|Selective Catalytic Reduction",,,"ARP, RGGI"
"AR","Pine Bluff Energy Center",55075,"CT-1",3855,,2020,7877,7845.95,1821994.49,,3.758,0.001,744360.373,0.059,226.074,0.0369,12525257.621,"Pipeline Natural Gas",,"Combined cycle",,"Dry Low NOx Burners",,,"ARP, CSOSG2"
"MS","Red Hills Generation Facility",55076,"AA001",3856,"CS001",2020,6242,6224.75,,8724067.75,1047.54,0.2068,1162041.85,0.1077,652.364,0.1236,10690044.575,"Coal","Natural Gas","Circulating fluidized bed boiler","Fluidized Bed Limestone Injection","Other","Baghouse","Untreated PAC Sorbent Injection","ARP, CSOSG2, MATS"
"MS","Red Hills Generation Facility",55076,"AA002",3857,"CS001",2020,6430,6409.75,,9171092.75,1296.593,0.1727,1671874.975,0.1077,943.365,0.1233,15368749.425,"Coal","Natural Gas","Circulating fluidized bed boiler","Fluidized Bed Limestone Injection","Other","Baghouse","Untreated PAC Sorbent Injection","ARP, CSOSG2, MATS"
"NV","Desert Star Energy Center",55077,"EDE1",3860,,2020,2974,2819.03,525269.1,,1.2,0.001,237666.537,0.059,28.399,0.0176,3999165.249,"Pipeline Natural Gas",,"Combined cycle",,"Selective Catalytic Reduction",,,"ARP"
"NV","Desert Star Energy Center",55077,"EDE2",3861,,2020,2986,2835.38,522855.06,,1.208,0.001,239347.595,0.059,28.632,0.0176,4027501.468,"Pipeline Natural Gas",,"Combined cycle",,"Selective Catalytic Reduction",,,"ARP"
"MA","Millennium Power",55079,"1",3862,,2020,3792,3769.09,685691.31,,2.268,0.001,449275.269,0.059,51.197,0.016,7559875.478,"Pipeline Natural Gas","Diesel Oil","Combined cycle",,"Water Injection|Selective Catalytic Reduction",,,"ARP, RGGI, SIPNOX"
"TN","Brownsville Combustion Turbine Plant",55081,"AA-001",1456,,2020,1007,928.52,96682.94,,0.337,0.001,66831.196,0.059,28.458,0.059,1124549.212,"Pipeline Natural Gas",,"Combustion turbine",,"Steam Injection",,,"ARP, CSNOX, CSOSG2, CSSO2G1"
"TN","Brownsville Combustion Turbine Plant",55081,"AA-002",1457,,2020,977,899.02,92066.75,,0.295,0.001,58486.856,0.059,25.925,0.0598,984168.633,"Pipeline Natural Gas",,"Combustion turbine",,"Steam Injection",,,"ARP, CSNOX, CSOSG2, CSSO2G1"
"TN","Brownsville Combustion Turbine Plant",55081,"AA-003",1458,,2020,717,660.89,72707.41,,0.267,0.001,52834.089,0.059,39.733,0.0881,889020.159,"Pipeline Natural Gas",,"Combustion turbine",,"Water Injection",,,"ARP, CSNOX, CSOSG2, CSSO2G1"
"TN","Brownsville Combustion Turbine Plant",55081,"AA-004",1459,,2020,683,622.65,67738.6,,0.251,0.001,49721.527,0.059,37.065,0.0906,836691.608,"Pipeline Natural Gas",,"Combustion turbine",,"Water Injection",,,"ARP, CSNOX, CSOSG2, CSSO2G1"
"TX","Gregory Power Facility",55086,"101",3863,,2020,1592,1547.12,290918.42,,0.608,0.001,120543.623,0.059,25.857,0.0296,2028372.1,"Pipeline Natural Gas",,"Combined cycle",,"Dry Low NOx Burners",,,"ARP, CSOSG2"
"TX","Gregory Power Facility",55086,"102",3864,,2020,1886,1826.28,348192.95,,0.737,0.001,144756.797,0.059,33.534,0.0311,2435819.692,"Pipeline Natural Gas",,"Combined cycle",,"Dry Low NOx Burners",,,"ARP, CSOSG2"
"MI","Zeeland Generating Station",55087,"CC1",3865,,2020,3074,2997.44,386184.91,,1.365,0.001,270409.181,0.059,72.911,0.0343,4550172.557,"Pipeline Natural Gas",,"Combustion turbine",,"Dry Low NOx Burners",,,"ARP, CSNOX, CSOSG2, CSSO2G1"
"MI","Zeeland Generating Station",55087,"CC2",3866,,2020,1808,1720.4,214342.95,,0.753,0.001,149206.38,0.059,41.832,0.0382,2510734.289,"Pipeline Natural Gas",,"Combustion turbine",,"Dry Low NOx Burners",,,"ARP, CSNOX, CSOSG2, CSSO2G1"
"MI","Zeeland Generating Station",55087,"CC3",3867,,2020,7156,7133.89,1815930.18,,3.909,0.001,774306.358,0.059,72.948,0.0125,13029157.729,"Pipeline Natural Gas",,"Combined cycle",,"Dry Low NOx Burners|Selective Catalytic Reduction",,,"ARP, CSNOX, CSOSG2, CSSO2G1"
"MI","Zeeland Generating Station",55087,"CC4",3868,,2020,6837,6820.31,1726764.89,,3.87,0.001,766563.361,0.059,71.947,0.0123,12898907.598,"Pipeline Natural Gas",,"Combined cycle",,"Dry Low NOx Burners|Selective Catalytic Reduction",,,"ARP, CSNOX, CSOSG2, CSSO2G1"
"MI","Dearborn Industrial Generation",55088,"BL1100",89291,,2020,6159,6134.5,,1653624,285.761,0.1836,,,49.222,0.0371,2939121.65,"Other Gas","Pipeline Natural Gas","Other boiler",,"Low NOx Burner Technology (Dry Bottom only)",,,"CSNOX, CSOSG2, CSSO2G1"
"MI","Dearborn Industrial Generation",55088,"BL2100",89292,,2020,5691,5675.75,,1481697.25,219.53,0.1694,,,51.695,0.0406,2597019.125,"Other Gas","Pipeline Natural Gas","Other boiler",,"Low NOx Burner Technology (Dry Bottom only)",,,"CSNOX, CSOSG2, CSSO2G1"
"MI","Dearborn Industrial Generation",55088,"BL3100",89293,,2020,4137,4123.5,,1147931.75,193.342,0.1859,,,24.831,0.0258,2047569.725,"Other Gas","Pipeline Natural Gas","Other boiler",,"Low NOx Burner Technology (Dry Bottom only)",,,"CSNOX, CSOSG2, CSSO2G1"
"MI","Dearborn Industrial Generation",55088,"GT2100",89289,,2020,7386,7372.5,1298504.75,,3.816,0.001,755943.325,0.059,179.761,0.0284,12720215.725,"Pipeline Natural Gas",,"Combined cycle",,"Dry Low NOx Burners",,,"ARP, CSNOX, CSOSG2, CSSO2G1"
"MI","Dearborn Industrial Generation",55088,"GT3100",89290,,2020,7168,7153.5,1248546.5,,3.966,0.001,785569.6,0.059,174.379,0.0265,13218782.2,"Pipeline Natural Gas",,"Combined cycle",,"Dry Low NOx Burners",,,"ARP, CSNOX, CSOSG2, CSSO2G1"
"MI","Dearborn Industrial Generation",55088,"GTP1",3869,,2020,6376,6253.25,1016285.75,,2.983,0.001,590889.95,0.059,130.464,0.0266,9942892.475,"Pipeline Natural Gas",,"Combustion turbine",,"Dry Low NOx Burners",,,"ARP, CSNOX, CSOSG2, CSSO2G1"
"LA","Taft Cogeneration Facility",55089,"CT1",3870,,2020,8611,8605.94,1274787.3,,4.485,0.001,888361.268,0.059,198.315,0.0268,14948493.787,"Pipeline Natural Gas","Other Gas","Combined cycle",,"Dry Low NOx Burners",,,"ARP, CSOSG2"
"LA","Taft Cogeneration Facility",55089,"CT2",3871,,2020,7467,7459.95,1107845.75,,3.906,0.001,773800.491,0.059,188.001,0.0296,13020753.518,"Pipeline Natural Gas","Other Gas","Combined cycle",,"Dry Low NOx Burners",,,"ARP, CSOSG2"
"LA","Taft Cogeneration Facility",55089,"CT3",3872,,2020,8478,8473.24,1269776.89,,4.493,0.001,889999.061,0.059,217.285,0.0292,14976029.072,"Pipeline Natural Gas","Other Gas","Combined cycle",,"Dry Low NOx Burners",,,"ARP, CSOSG2"
"TX","Midlothian Energy",55091,"STK1",3873,,2020,3166,2925.53,595867.85,,1.337,0.001,264936.641,0.059,33.579,0.0262,4458012.919,"Pipeline Natural Gas","Diesel Oil","Combined cycle",,"Dry Low NOx Burners|Water Injection|Selective Catalytic Reduction",,,"ARP, CSOSG2"
"TX","Midlothian Energy",55091,"STK2",3874,,2020,4257,3944.05,794871.22,,1.782,0.001,352960.625,0.059,43.166,0.0223,5939231.437,"Pipeline Natural Gas","Diesel Oil","Combined cycle",,"Dry Low NOx Burners|Water Injection|Selective Catalytic Reduction",,,"ARP, CSOSG2"
"TX","Midlothian Energy",55091,"STK3",3875,,2020,3280,3049.46,617837.11,,1.354,0.001,268160.573,0.059,34.978,0.0306,4512333.002,"Pipeline Natural Gas","Diesel Oil","Combined cycle",,"Dry Low NOx Burners|Water Injection|Selective Catalytic Reduction",,,"ARP, CSOSG2"
"TX","Midlothian Energy",55091,"STK4",3876,,2020,2524,2336.69,476744.75,,1.073,0.001,212550.368,0.059,27.69,0.0246,3576588.964,"Pipeline Natural Gas",,"Combined cycle",,"Dry Low NOx Burners|Selective Catalytic Reduction",,,"ARP, CSOSG2"
"TX","Midlothian Energy",55091,"STK5",3877,,2020,4277,4016.97,890793.58,,2.013,0.001,398799.876,0.059,54.537,0.0293,6710551.186,"Pipeline Natural Gas",,"Combined cycle",,"Dry Low NOx Burners|Selective Catalytic Reduction",,,"ARP, CSOSG2"
"TX","Midlothian Energy",55091,"STK6",3878,,2020,3213,3009.29,641881.42,,1.465,0.001,290148.499,0.059,37.426,0.0291,4882329.096,"Pipeline Natural Gas",,"Combined cycle",,"Dry Low NOx Burners|Selective Catalytic Reduction",,,"ARP, CSOSG2"
"IN","Portside Energy",55096,"BLR1",9948,,2020,2019,2015.5,,77970.5,,,,,3.532,0.047,153386.2,"Pipeline Natural Gas",,"Other boiler",,,,,"SIPNOX"
"IN","Portside Energy",55096,"BLR2",9949,,2020,2409,2405,,86288.25,,,,,4,0.0451,181688,"Pipeline Natural Gas",,"Other boiler",,,,,"SIPNOX"
"IN","Portside Energy",55096,"CT",9950,,2020,3136,3132,78705.25,,,,,,21.132,0.0374,1130900.8,"Pipeline Natural Gas",,"Combustion turbine",,"Dry Low NOx Burners",,,"SIPNOX"
"TX","Lamar Power Plant",55097,"1",3879,,2020,7609,7420.13,1838743.19,,3.85,0.001,762531.891,0.059,201.524,0.0348,12831055.215,"Pipeline Natural Gas",,"Combined cycle",,"Dry Low NOx Burners",,,"ARP, CSOSG2"
"TX","Lamar Power Plant",55097,"2",3880,,2020,7657,7425.9,1826010.95,,3.817,0.001,756016.707,0.059,206.876,0.0358,12721484.695,"Pipeline Natural Gas",,"Combined cycle",,"Dry Low NOx Burners",,,"ARP, CSOSG2"
"TX","Lamar Power Plant",55097,"3",3881,,2020,7114,6922.57,1719574.82,,3.624,0.001,717838.741,0.059,191.957,0.034,12078916.057,"Pipeline Natural Gas",,"Combined cycle",,"Dry Low NOx Burners",,,"ARP, CSOSG2"
"TX","Lamar Power Plant",55097,"4",3882,,2020,7213,6993.81,1736036.09,,3.613,0.001,715682.952,0.059,194.996,0.0366,12042758.148,"Pipeline Natural Gas",,"Combined cycle",,"Dry Low NOx Burners",,,"ARP, CSOSG2"
"TX","Frontera Generation Facility",55098,"1",3883,,2020,7305,7288.82,1678866.97,,3.435,0.001,680350.312,0.059,107.949,0.0192,11448232.063,"Pipeline Natural Gas",,"Combined cycle",,"Dry Low NOx Burners",,,"ARP, CSOSG2"
"TX","Frontera Generation Facility",55098,"2",3884,,2020,6439,6426.94,1486434.87,,3.037,0.001,601563.635,0.059,103.137,0.0207,10122471.732,"Pipeline Natural Gas",,"Combined cycle",,"Dry Low NOx Burners",,,"ARP, CSOSG2"
"ME","Rumford Power",55100,"1",3893,,2020,1020,973.28,166510.07,,0.376,0.001,74514.703,0.059,13.212,0.035,1253848.768,"Pipeline Natural Gas",,"Combined cycle",,"Selective Catalytic Reduction",,,"ARP, RGGI"
"MI","Kalamazoo River Generating Station",55101,"1",3894,,2020,1208,1142.52,77351.8,,0.288,0.001,57002.899,0.059,23.956,0.0498,959163.599,"Pipeline Natural Gas",,"Combustion turbine",,"Other",,,"ARP, CSNOX, CSOSG2, CSSO2G1"
"MI","Livingston Generating Station",55102,"1",3895,,2020,40,29.53,710.39,,0.004,0.001,723.442,0.0591,1.683,0.2735,12173.618,"Pipeline Natural Gas",,"Combustion turbine",,"Water Injection",,,"ARP, CSNOX, CSOSG2, CSSO2G1"
"MI","Livingston Generating Station",55102,"2",3896,,2020,59,42.93,1265.17,,0.006,0.001,1209.419,0.0592,2.816,0.2673,20348.8,"Pipeline Natural Gas",,"Combustion turbine",,"Water Injection",,,"ARP, CSNOX, CSOSG2, CSSO2G1"
"MI","Livingston Generating Station",55102,"3",3897,,2020,79,63.51,1969.21,,0.009,0.001,1866.153,0.0585,3.646,0.2304,31405.402,"Pipeline Natural Gas",,"Combustion turbine",,"Water Injection",,,"ARP, CSNOX, CSOSG2, CSSO2G1"
"MI","Livingston Generating Station",55102,"4",3898,,2020,10,3.22,77.47,,0,0.001,81.269,0.0592,0.187,0.2515,1367.178,"Pipeline Natural Gas",,"Combustion turbine",,"Water Injection",,,"ARP, CSNOX, CSOSG2, CSSO2G1"
"OR","Klamath Cogeneration Project",55103,"CT1",3899,,2020,6723,6658.68,1428700.27,,3.155,0.001,625050.194,0.059,80.33,0.0157,10517594.091,"Pipeline Natural Gas",,"Combined cycle",,"Selective Catalytic Reduction",,,"ARP"
"OR","Klamath Cogeneration Project",55103,"CT2",3900,,2020,6429,6330.67,1365886.44,,3.02,0.001,598271.586,0.059,77.821,0.016,10067016.784,"Pipeline Natural Gas",,"Combined cycle",,"Selective Catalytic Reduction",,,"ARP"
"TX","Sabine Cogeneration Facility",55104,"SAB-1",3901,,2020,1535,1532.14,55411.13,,0.234,0.001,46317.659,0.0591,7.419,0.0192,779365.575,"Pipeline Natural Gas",,"Combined cycle",,"Selective Catalytic Reduction",,,"ARP"
"TX","Sabine Cogeneration Facility",55104,"SAB-2",3902,,2020,1594,1592.23,58745.98,,0.242,0.001,47881.359,0.0591,6.921,0.0173,805703.912,"Pipeline Natural Gas",,"Combined cycle",,"Selective Catalytic Reduction",,,"ARP"
"RI","Rhode Island State Energy Center",55107,"RISEP1",3903,,2020,7204,7116.83,1811769.76,,3.677,0.001,728377.849,0.059,34.075,0.0069,12256337.415,"Pipeline Natural Gas",,"Combined cycle",,"Dry Low NOx Burners|Selective Catalytic Reduction",,,"ARP, RGGI, SIPNOX"
"RI","Rhode Island State Energy Center",55107,"RISEP2",3904,,2020,7546,7460.45,1889556.5,,3.837,0.001,760012.036,0.059,38.951,0.0073,12788683.761,"Pipeline Natural Gas",,"Combined cycle",,"Dry Low NOx Burners|Selective Catalytic Reduction",,,"ARP, RGGI, SIPNOX"
"IL","Rocky Road Power, LLC",55109,"T1",3908,,2020,336,289.88,26862.79,,0.097,0.001,19328.681,0.06,14.155,0.0918,323692.565,"Pipeline Natural Gas",,"Combustion turbine",,"Dry Low NOx Burners",,,"ARP, CSNOX, CSOSG2, CSSO2G1"
"IL","Rocky Road Power, LLC",55109,"T2",3909,,2020,317,269.02,25290.99,,0.089,0.001,17737.838,0.06,12.239,0.0855,297039.971,"Pipeline Natural Gas",,"Combustion turbine",,"Dry Low NOx Burners",,,"ARP, CSNOX, CSOSG2, CSSO2G1"
"IL","Rocky Road Power, LLC",55109,"T3",3910,,2020,202,167,4388,,0.014,0.001,2834.216,0.06,3.405,0.1389,47461.138,"Pipeline Natural Gas",,"Combustion turbine",,"Water Injection",,,"ARP, CSNOX, CSOSG2, CSSO2G1"
"IL","Rocky Road Power, LLC",55109,"T4",3911,,2020,273,231.1,21824.25,,0.078,0.001,15570.568,0.06,10.772,0.0793,260754.593,"Pipeline Natural Gas",,"Combustion turbine",,"Dry Low NOx Burners",,,"ARP, CSNOX, CSOSG2, CSSO2G1"
"OH","Madison Generating Station",55110,"1",3912,,2020,725,642.47,36211.42,,0.138,0.001,27377.108,0.059,6.711,0.0395,460707.112,"Pipeline Natural Gas",,"Combustion turbine",,"Dry Low NOx Burners",,,"ARP, CSNOX, CSOSG2, CSSO2G1"
"OH","Madison Generating Station",55110,"2",3913,,2020,626,557.63,31385.66,,0.12,0.001,23739.216,0.059,6.814,0.0433,399474.075,"Pipeline Natural Gas",,"Combustion turbine",,"Dry Low NOx Burners",,,"ARP, CSNOX, CSOSG2, CSSO2G1"
"OH","Madison Generating Station",55110,"3",3914,,2020,895,794.43,45078.86,,0.17,0.001,33758.684,0.0591,11.055,0.049,568068.948,"Pipeline Natural Gas",,"Combustion turbine",,"Dry Low NOx Burners",,,"ARP, CSNOX, CSOSG2, CSSO2G1"
"OH","Madison Generating Station",55110,"4",3915,,2020,801,717.72,40799.94,,0.153,0.001,30324.231,0.059,10.02,0.0487,510279.721,"Pipeline Natural Gas",,"Combustion turbine",,"Dry Low NOx Burners",,,"ARP, CSNOX, CSOSG2, CSSO2G1"
"OH","Madison Generating Station",55110,"5",3916,,2020,888,789.87,45050.57,,0.172,0.001,33994.629,0.059,9.918,0.0442,572042.455,"Pipeline Natural Gas",,"Combustion turbine",,"Dry Low NOx Burners",,,"ARP, CSNOX, CSOSG2, CSSO2G1"
"OH","Madison Generating Station",55110,"6",3917,,2020,817,730.25,41933.49,,0.159,0.001,31455.564,0.059,9.389,0.045,529327.295,"Pipeline Natural Gas",,"Combustion turbine",,"Dry Low NOx Burners",,,"ARP, CSNOX, CSOSG2, CSSO2G1"
"OH","Madison Generating Station",55110,"7",3918,,2020,903,802.85,46051.28,,0.174,0.001,34549.344,0.059,9.113,0.0419,581357.991,"Pipeline Natural Gas",,"Combustion turbine",,"Dry Low NOx Burners",,,"ARP, CSNOX, CSOSG2, CSSO2G1"
"OH","Madison Generating Station",55110,"8",3919,,2020,713,618.2,35656.85,,0.133,0.001,26322.976,0.059,7.861,0.0463,442940.713,"Pipeline Natural Gas",,"Combustion turbine",,"Dry Low NOx Burners",,,"ARP, CSNOX, CSOSG2, CSSO2G1"
"IN","Vermillion Generating Station",55111,"1",3920,,2020,492,444.22,26374.65,,0.095,0.001,18848.173,0.059,4.968,0.0371,317166.634,"Pipeline Natural Gas",,"Combustion turbine",,"Dry Low NOx Burners",,,"ARP, CSNOX, CSOSG2, CSSO2G1"
"IN","Vermillion Generating Station",55111,"2",3921,,2020,471,413.82,24594.79,,0.093,0.001,18328.786,0.059,5.187,0.0415,308412.768,"Pipeline Natural Gas",,"Combustion turbine",,"Dry Low NOx Burners",,,"ARP, CSNOX, CSOSG2, CSSO2G1"
"IN","Vermillion Generating Station",55111,"3",3922,,2020,472,415.77,24173.46,,0.092,0.001,18242.822,0.0591,5.02,0.0423,306982.894,"Pipeline Natural Gas",,"Combustion turbine",,"Dry Low NOx Burners",,,"ARP, CSNOX, CSOSG2, CSSO2G1"
"IN","Vermillion Generating Station",55111,"4",3923,,2020,414,360.61,21406.28,,0.082,0.001,16289.458,0.059,4.488,0.0424,274094.961,"Pipeline Natural Gas",,"Combustion turbine",,"Dry Low NOx Burners",,,"ARP, CSNOX, CSOSG2, CSSO2G1"
"IN","Vermillion Generating Station",55111,"5",3924,,2020,332,292.28,17109.37,,0.065,0.001,12893.532,0.0591,3.201,0.0393,216948.848,"Pipeline Natural Gas",,"Combustion turbine",,"Dry Low NOx Burners",,,"ARP, CSNOX, CSOSG2, CSSO2G1"
"IN","Vermillion Generating Station",55111,"6",3925,,2020,199,166.8,9799.12,,0.037,0.001,7365.55,0.0591,2.286,0.0481,123945.073,"Pipeline Natural Gas",,"Combustion turbine",,"Dry Low NOx Burners",,,"ARP, CSNOX, CSOSG2, CSSO2G1"
"IN","Vermillion Generating Station",55111,"7",3926,,2020,459,402.76,23997.71,,0.09,0.001,17895.511,0.059,4.478,0.0391,301141.799,"Pipeline Natural Gas",,"Combustion turbine",,"Dry Low NOx Burners",,,"ARP, CSNOX, CSOSG2, CSSO2G1"
"IN","Vermillion Generating Station",55111,"8",3927,,2020,439,382.47,22799.84,,0.086,0.001,17063.384,0.059,4.39,0.0396,287123.587,"Pipeline Natural Gas",,"Combustion turbine",,"Dry Low NOx Burners",,,"ARP, CSNOX, CSOSG2, CSSO2G1"
"CA","Calpine Sutter Energy Center",55112,"CT01",3928,,2020,2835,2777.58,608870.72,,1.24,0.001,245528.71,0.059,21.298,0.0133,4131506.607,"Pipeline Natural Gas",,"Combined cycle",,"Dry Low NOx Burners|Selective Catalytic Reduction",,,"ARP"
"CA","Calpine Sutter Energy Center",55112,"CT02",3929,,2020,1868,1820.92,393098.83,,0.794,0.001,157318.521,0.059,13.557,0.0133,2647213.4,"Pipeline Natural Gas",,"Combined cycle",,"Dry Low NOx Burners|Selective Catalytic Reduction",,,"ARP"
"NC","Rockingham County Combustion Turbine",55116,"CT1",3935,,2020,774,665.96,97203.46,,0.308,0.001,61179.316,0.059,25.163,0.0535,1028138.582,"Pipeline Natural Gas","Diesel Oil","Combustion turbine",,"Dry Low NOx Burners|Water Injection",,,"ARP, CSNOX, CSSO2G1, SIPNOX"
"NC","Rockingham County Combustion Turbine",55116,"CT2",3936,,2020,1384,1202.92,179388.09,,0.564,0.001,112447.661,0.0592,44.593,0.0489,1888216.291,"Pipeline Natural Gas","Diesel Oil","Combustion turbine",,"Dry Low NOx Burners|Water Injection",,,"ARP, CSNOX, CSSO2G1, SIPNOX"
"NC","Rockingham County Combustion Turbine",55116,"CT3",3937,,2020,1121,964.03,143582.15,,0.45,0.001,89619.019,0.0592,36.505,0.0529,1505304.399,"Pipeline Natural Gas","Diesel Oil","Combustion turbine",,"Dry Low NOx Burners|Water Injection",,,"ARP, CSNOX, CSSO2G1, SIPNOX"
"NC","Rockingham County Combustion Turbine",55116,"CT4",3938,,2020,1021,882.07,129023.58,,0.413,0.001,82181.315,0.0592,32.313,0.048,1380707.862,"Pipeline Natural Gas","Diesel Oil","Combustion turbine",,"Dry Low NOx Burners|Water Injection",,,"ARP, CSNOX, CSSO2G1, SIPNOX"
"NC","Rockingham County Combustion Turbine",55116,"CT5",3939,,2020,787,681.54,99920,,0.317,0.001,63154.685,0.0591,26.452,0.0533,1060550.877,"Pipeline Natural Gas","Diesel Oil","Combustion turbine",,"Dry Low NOx Burners|Water Injection",,,"ARP, CSNOX, CSSO2G1, SIPNOX"
"LA","R S Cogen LLC",55117,"RS-5",3940,,2020,7264,7261.06,1382920.72,,3.817,0.001,756085.567,0.059,362.661,0.0569,12722585.35,"Pipeline Natural Gas",,"Combined cycle",,"Dry Low NOx Burners|Selective Catalytic Reduction",,,"ARP, CSOSG2"
"LA","R S Cogen LLC",55117,"RS-6",3941,,2020,7318,7310.76,1397599.52,,3.869,0.001,766339.387,0.059,359.678,0.056,12895234.908,"Pipeline Natural Gas",,"Combined cycle",,"Dry Low NOx Burners|Selective Catalytic Reduction",,,"ARP, CSOSG2"
"TX","SRO Cogen Limited Partnership",55120,"CTG-1",3945,,2020,6125,6122.62,1367374.4,,3.166,0.001,686955.244,0.0652,100.604,0.0194,10553288.31,"Pipeline Natural Gas","Process Gas","Combined cycle",,"Dry Low NOx Burners|Selective Catalytic Reduction",,,"ARP, CSOSG2"
"TX","SRO Cogen Limited Partnership",55120,"CTG-2",3946,,2020,5445,5438.81,1210617.57,,2.813,0.001,609984.67,0.0652,88.194,0.0195,9377382.73,"Pipeline Natural Gas","Process Gas","Combined cycle",,"Dry Low NOx Burners|Selective Catalytic Reduction",,,"ARP, CSOSG2"
"TX","Magic Valley Generating Station",55123,"CTG-1",3951,,2020,5533,5446.45,1760478.7,,3.47,0.001,687422.149,0.059,82.949,0.0172,11567175.655,"Pipeline Natural Gas",,"Combined cycle",,"Selective Catalytic Reduction",,,"ARP, CSOSG2"
"TX","Magic Valley Generating Station",55123,"CTG-2",3952,,2020,5461,5382.48,1739860.78,,3.434,0.001,680200.11,0.059,85.041,0.0184,11445684.229,"Pipeline Natural Gas",,"Combined cycle",,"Selective Catalytic Reduction",,,"ARP, CSOSG2"
"AZ","Griffith Energy Project",55124,"P1",3953,,2020,5371,5289.59,1173512.51,,2.469,0.001,489121.28,0.059,46.032,0.0148,8230396.111,"Pipeline Natural Gas",,"Combined cycle",,"Dry Low NOx Burners|Selective Catalytic Reduction",,,"ARP"
"AZ","Griffith Energy Project",55124,"P2",3954,,2020,5786,5751.09,1270108.13,,2.665,0.001,527807.132,0.059,37.408,0.0095,8881412.417,"Pipeline Natural Gas",,"Combined cycle",,"Dry Low NOx Burners|Selective Catalytic Reduction",,,"ARP"
"CT","Milford Power Company LLC",55126,"CT01",3956,,2020,7869,7781.44,1813290.47,,3.931,0.001,778753.544,0.059,54.483,0.0151,13103994.378,"Pipeline Natural Gas","Diesel Oil","Combined cycle",,"Water Injection|Selective Catalytic Reduction",,,"ARP, RGGI, SIPNOX"
"CT","Milford Power Company LLC",55126,"CT02",3957,,2020,7829,7789.44,1775170.57,,3.772,0.001,747127.973,0.059,44.389,0.0105,12571849.103,"Pipeline Natural Gas","Diesel Oil","Combined cycle",,"Water Injection|Selective Catalytic Reduction",,,"ARP, RGGI, SIPNOX"
"CO","Manchief Generating Station",55127,"CT1",3958,,2020,2710,2494.72,266100.55,,0.877,0.001,173666.37,0.059,80.622,0.0624,2922281.41,"Pipeline Natural Gas",,"Combustion turbine",,"Dry Low NOx Burners",,,"ARP"
"CO","Manchief Generating Station",55127,"CT2",3959,,2020,1925,1750.92,188345.4,,0.606,0.001,119970.256,0.059,57.239,0.0618,2018731.861,"Pipeline Natural Gas",,"Combustion turbine",,"Dry Low NOx Burners",,,"ARP"
"GA","Walton County Power",55128,"T1",3960,,2020,728,658.26,96420.39,,0.298,0.001,59069.801,0.059,28.57,0.0613,993956.474,"Pipeline Natural Gas",,"Combustion turbine",,"Dry Low NOx Burners",,,"ARP, CSNOX, CSOSG1, CSSO2G2"
"GA","Walton County Power",55128,"T2",3961,,2020,805,729.7,107386.47,,0.328,0.001,64902.098,0.059,29.156,0.0593,1092107.977,"Pipeline Natural Gas",,"Combustion turbine",,"Dry Low NOx Burners",,,"ARP, CSNOX, CSOSG1, CSSO2G2"
"GA","Walton County Power",55128,"T3",3962,,2020,784,705.87,105019.3,,0.32,0.001,63303.76,0.059,25.132,0.0513,1065216.343,"Pipeline Natural Gas",,"Combustion turbine",,"Dry Low NOx Burners",,,"ARP, CSNOX, CSOSG1, CSSO2G2"
"AZ","Desert Basin Generating Station",55129,"DBG1",3964,,2020,3167,3147.79,749258.89,,1.717,0.001,340180.164,0.059,31.67,0.0126,5724156.236,"Pipeline Natural Gas",,"Combined cycle",,"Selective Catalytic Reduction",,,"ARP"
"AZ","Desert Basin Generating Station",55129,"DBG2",3965,,2020,4690,4549.65,1099495.13,,2.49,0.001,493214.559,0.059,47.366,0.0137,8299428.945,"Pipeline Natural Gas",,"Combined cycle",,"Selective Catalytic Reduction",,,"ARP"
"IL","Kendall Energy Facility",55131,"GTG-1",3966,,2020,7790,7695.32,1961841.19,,4.295,0.001,850800.586,0.059,99.661,0.0177,14316324.06,"Pipeline Natural Gas",,"Combined cycle",,"Dry Low NOx Burners|Selective Catalytic Reduction|Steam Injection",,,"ARP, CSNOX, CSOSG2, CSSO2G1"
"IL","Kendall Energy Facility",55131,"GTG-2",3967,,2020,7392,7229.53,1850122.41,,4.006,0.001,793462.635,0.059,95.012,0.0204,13351590.033,"Pipeline Natural Gas",,"Combined cycle",,"Dry Low NOx Burners|Selective Catalytic Reduction|Steam Injection",,,"ARP, CSNOX, CSOSG2, CSSO2G1"
"IL","Kendall Energy Facility",55131,"GTG-3",3968,,2020,7862,7773.49,2013490.11,,4.398,0.001,871201.028,0.059,101.552,0.0175,14659633.108,"Pipeline Natural Gas",,"Combined cycle",,"Dry Low NOx Burners|Selective Catalytic Reduction|Steam Injection",,,"ARP, CSNOX, CSOSG2, CSSO2G1"
"IL","Kendall Energy Facility",55131,"GTG-4",3969,,2020,7538,7399.08,1931763.49,,4.238,0.001,839434.389,0.059,109.894,0.0223,14125056.728,"Pipeline Natural Gas",,"Combined cycle",,"Dry Low NOx Burners|Selective Catalytic Reduction|Steam Injection",,,"ARP, CSNOX, CSOSG2, CSSO2G1"
"TX","Tenaska Gateway Generating Station",55132,"OGTDB1",3970,,2020,6191,6139.91,1374540.67,,2.943,0.001,582515.579,0.059,179.969,0.0378,9801927.59,"Pipeline Natural Gas","Diesel Oil","Combined cycle",,"Dry Low NOx Burners",,,"ARP, CSOSG2"
"TX","Tenaska Gateway Generating Station",55132,"OGTDB2",3971,,2020,6362,6305.49,1425404.24,,3.374,0.0011,605128.615,0.059,179.16,0.0374,10176916.237,"Pipeline Natural Gas","Diesel Oil","Combined cycle",,"Dry Low NOx Burners",,,"ARP, CSOSG2"
"TX","Tenaska Gateway Generating Station",55132,"OGTDB3",3972,,2020,6341,6276.42,1407173.79,,3.071,0.001,602922.955,0.059,181.345,0.0376,10144743.808,"Pipeline Natural Gas","Diesel Oil","Combined cycle",,"Dry Low NOx Burners",,,"ARP, CSOSG2"
"WI","Neenah Energy Facility",55135,"CT01",3973,,2020,1710,1545.48,212988.82,,0.722,0.0009,142163.7,0.059,62.605,0.1401,2409610.4,"Pipeline Natural Gas",,"Combustion turbine",,"Dry Low NOx Burners",,,"ARP, CSNOX, CSOSG2, CSSO2G1"
"WI","Neenah Energy Facility",55135,"CT02",3974,,2020,1560,1424.06,200919.88,,0.673,0.0009,132608.6,0.059,66.133,0.1418,2247585.8,"Pipeline Natural Gas",,"Combustion turbine",,"Dry Low NOx Burners",,,"ARP, CSNOX, CSOSG2, CSSO2G1"
"TX","Rio Nogales Power Project, LP",55137,"CTG-1",3975,,2020,6679,6668.42,1532721.71,,3.027,0.001,599566.85,0.059,79.919,0.0161,10088872.137,"Pipeline Natural Gas",,"Combined cycle",,"Dry Low NOx Burners",,,"ARP, CSOSG2"
"TX","Rio Nogales Power Project, LP",55137,"CTG-2",3976,,2020,6197,6183.04,1352557.85,,2.688,0.001,532401.927,0.059,131.43,0.0296,8958642.556,"Pipeline Natural Gas",,"Combined cycle",,"Dry Low NOx Burners",,,"ARP, CSOSG2"
"TX","Rio Nogales Power Project, LP",55137,"CTG-3",3977,,2020,6564,6555.63,1518006.07,,3.026,0.001,599466.309,0.059,90.357,0.0182,10087224.047,"Pipeline Natural Gas",,"Combined cycle",,"Dry Low NOx Burners",,,"ARP, CSOSG2"
"AL","Walton Discover Power Facility",55138,"1A",88304,,2020,3,1.59,22.86,,0,0.001,,,0.042,0.2467,329.98,"Pipeline Natural Gas",,"Combustion turbine",,"Water Injection",,,"CSNOX, CSOSG2, CSSO2G2"
"AL","Walton Discover Power Facility",55138,"1B",88305,,2020,3,1.52,21.91,,0,0.001,,,0.087,1.1747,326.482,"Pipeline Natural Gas",,"Combustion turbine",,"Water Injection",,,"CSNOX, CSOSG2, CSSO2G2"
"AL","Walton Discover Power Facility",55138,"2A",88306,,2020,2,1.03,18.6,,0,0.001,,,0.04,1.0015,249.916,"Pipeline Natural Gas",,"Combustion turbine",,"Water Injection",,,"CSNOX, CSOSG2, CSSO2G2"
"AL","Walton Discover Power Facility",55138,"2B",88307,,2020,2,0.93,14.94,,0,0.001,,,0.027,0.1675,223.726,"Pipeline Natural Gas",,"Combustion turbine",,"Water Injection",,,"CSNOX, CSOSG2, CSSO2G2"
"TX","Wolf Hollow Generating Station",55139,"CTG1",3981,,2020,3454,3381.88,1056547.79,,2.327,0.001,460921.858,0.059,106.5,0.0351,7755920.999,"Pipeline Natural Gas",,"Combined cycle",,"Selective Catalytic Reduction",,,"ARP, CSOSG2"
"TX","Wolf Hollow Generating Station",55139,"CTG2",3982,,2020,3583,3520.96,1078209.7,,2.362,0.001,467798.629,0.059,100.077,0.029,7871606.447,"Pipeline Natural Gas",,"Combined cycle",,"Selective Catalytic Reduction",,,"ARP, CSOSG2"
"GA","Hawk Road Energy Facility",55141,"CT1",3991,,2020,1567,1412.94,214250.07,,0.72,0.001,142672.119,0.059,55.563,0.0513,2400713.665,"Pipeline Natural Gas",,"Combustion turbine",,"Dry Low NOx Burners",,,"ARP, CSNOX, CSOSG1, CSSO2G2"
"GA","Hawk Road Energy Facility",55141,"CT2",3992,,2020,1261,1149.62,173993.54,,0.585,0.001,115790.355,0.059,46.244,0.0508,1948367.952,"Pipeline Natural Gas",,"Combustion turbine",,"Dry Low NOx Burners",,,"ARP, CSNOX, CSOSG1, CSSO2G2"
"GA","Hawk Road Energy Facility",55141,"CT3",3993,,2020,1739,1551.68,238520.82,,0.806,0.001,159627.247,0.059,63.776,0.053,2686037.702,"Pipeline Natural Gas",,"Combustion turbine",,"Dry Low NOx Burners",,,"ARP, CSNOX, CSOSG1, CSSO2G2"
"TX","Hays Energy Facility",55144,"STK1",4002,,2020,2445,2280.99,428507.49,,0.973,0.001,192660.177,0.059,27.565,0.0308,3241868.144,"Pipeline Natural Gas",,"Combined cycle",,"Selective Catalytic Reduction",,,"ARP, CSOSG2"
"TX","Hays Energy Facility",55144,"STK2",4003,,2020,2706,2525.14,487596.43,,1.11,0.001,219840.943,0.059,34.412,0.0324,3699244.848,"Pipeline Natural Gas",,"Combined cycle",,"Selective Catalytic Reduction",,,"ARP, CSOSG2"
"TX","Hays Energy Facility",55144,"STK3",4004,,2020,2842,2677.49,548677.94,,1.238,0.001,245141.35,0.059,29.771,0.0234,4124970.414,"Pipeline Natural Gas",,"Combined cycle",,"Selective Catalytic Reduction",,,"ARP, CSOSG2"
"TX","Hays Energy Facility",55144,"STK4",4005,,2020,4944,4738.81,984809.3,,2.161,0.001,428019.551,0.059,62.649,0.0222,7202208.923,"Pipeline Natural Gas",,"Combined cycle",,"Selective Catalytic Reduction",,,"ARP, CSOSG2"
"OK","Green Country Energy, LLC",55146,"CTGEN1",4006,,2020,6606,6516.49,1560814.62,,3.347,0.001,663074.605,0.059,144.039,0.0362,11157541.715,"Pipeline Natural Gas",,"Combined cycle",,"Selective Catalytic Reduction",,,"ARP, CSOSG2"
"OK","Green Country Energy, LLC",55146,"CTGEN2",4007,,2020,6733,6656.09,1582769.99,,3.429,0.001,679183.949,0.059,144.088,0.0328,11428624.954,"Pipeline Natural Gas",,"Combined cycle",,"Selective Catalytic Reduction",,,"ARP, CSOSG2"
"OK","Green Country Energy, LLC",55146,"CTGEN3",4008,,2020,4837,4792.12,1170145.76,,2.503,0.001,495794.699,0.059,100.711,0.0309,8342718.785,"Pipeline Natural Gas",,"Combined cycle",,"Selective Catalytic Reduction",,,"ARP, CSOSG2"
"IN","Worthington Generation",55148,"1",4017,,2020,876,755.98,23840.78,,0.075,0.001,14781.298,0.0592,10.548,0.0834,248726.797,"Pipeline Natural Gas",,"Combustion turbine",,"Water Injection",,,"ARP, CSNOX, CSOSG2, CSSO2G1"
"IN","Worthington Generation",55148,"2",4018,,2020,777,661.17,20798.67,,0.065,0.001,12935.398,0.0593,9.532,0.0868,217662.222,"Pipeline Natural Gas",,"Combustion turbine",,"Water Injection",,,"ARP, CSNOX, CSOSG2, CSSO2G1"
"IN","Worthington Generation",55148,"3",4019,,2020,855,720.67,23201.93,,0.074,0.001,14675.534,0.0593,10.494,0.0825,246925.744,"Pipeline Natural Gas",,"Combustion turbine",,"Water Injection",,,"ARP, CSNOX, CSOSG2, CSSO2G1"
"IN","Worthington Generation",55148,"4",4020,,2020,827,698.06,21356.39,,0.067,0.001,13292.113,0.0593,9.795,0.0875,223667.253,"Pipeline Natural Gas",,"Combustion turbine",,"Water Injection",,,"ARP, CSNOX, CSOSG2, CSSO2G1"
"CT","Lake Road Generating Company",55149,"LRG1",4021,,2020,7998,7933.02,1173232.71,,3.854,0.001,763299.317,0.059,40.684,0.0081,12844581.56,"Pipeline Natural Gas","Diesel Oil","Combined cycle",,"Dry Low NOx Burners|Water Injection|Selective Catalytic Reduction",,,"ARP, RGGI, SIPNOX"
"CT","Lake Road Generating Company",55149,"LRG2",4022,,2020,8455,8434.75,1269179.25,,4.116,0.001,815236.963,0.059,43.048,0.0069,13718596.743,"Pipeline Natural Gas","Diesel Oil","Combined cycle",,"Dry Low NOx Burners|Water Injection|Selective Catalytic Reduction",,,"ARP, RGGI, SIPNOX"
"CT","Lake Road Generating Company",55149,"LRG3",4023,,2020,8198,8132.05,1170443.52,,3.963,0.001,784962.199,0.059,35.461,0.007,13209072.909,"Pipeline Natural Gas","Diesel Oil","Combined cycle",,"Dry Low NOx Burners|Water Injection|Selective Catalytic Reduction",,,"ARP, RGGI, SIPNOX"
"CA","La Paloma Generating Plant",55151,"CTG-1",4024,,2020,2594,2520.4,523871.5,,1.138,0.001,225371.16,0.059,14.739,0.0118,3792272.032,"Pipeline Natural Gas",,"Combined cycle",,"Dry Low NOx Burners|Selective Catalytic Reduction",,,"ARP"
"CA","La Paloma Generating Plant",55151,"CTG-2",4025,,2020,2444,2358.61,469683.5,,1.035,0.001,205086.307,0.059,15.029,0.0133,3450970.164,"Pipeline Natural Gas",,"Combined cycle",,"Dry Low NOx Burners|Selective Catalytic Reduction",,,"ARP"
"CA","La Paloma Generating Plant",55151,"CTG-3",4026,,2020,2536,2420.25,398451.38,,0.888,0.001,175858.475,0.059,7.537,0.0077,2959058.63,"Pipeline Natural Gas",,"Combined cycle",,"Dry Low NOx Burners|Selective Catalytic Reduction",,,"ARP"
"CA","La Paloma Generating Plant",55151,"CTG-4",4027,,2020,1939,1819.85,274204.69,,0.637,0.001,126277.86,0.059,8.303,0.0155,2124815.336,"Pipeline Natural Gas",,"Combined cycle",,"Dry Low NOx Burners|Selective Catalytic Reduction",,,"ARP"
"TX","Guadalupe Generating Station",55153,"CTG-1",4028,,2020,6201,6136.12,1476305.28,,3.415,0.001,676472.403,0.059,178.106,0.0327,11382995.502,"Pipeline Natural Gas",,"Combined cycle",,"Dry Low NOx Burners",,,"ARP, CSOSG2"
"TX","Guadalupe Generating Station",55153,"CTG-2",4029,,2020,6310,6231.24,1475650.5,,3.354,0.001,664372.75,0.059,177.91,0.0335,11179384.909,"Pipeline Natural Gas",,"Combined cycle",,"Dry Low NOx Burners",,,"ARP, CSOSG2"
"TX","Guadalupe Generating Station",55153,"CTG-3",4030,,2020,7056,6995.55,1624873,,3.828,0.001,758190.288,0.059,201.25,0.0324,12757981.246,"Pipeline Natural Gas",,"Combined cycle",,"Dry Low NOx Burners",,,"ARP, CSOSG2"
"TX","Guadalupe Generating Station",55153,"CTG-4",4031,,2020,7188,7137.03,1638408.6,,3.828,0.001,758230.556,0.059,210.112,0.0336,12758752.85,"Pipeline Natural Gas",,"Combined cycle",,"Dry Low NOx Burners",,,"ARP, CSOSG2"
"TX","Lost Pines 1",55154,"1",4032,,2020,6368,6233.86,957651.15,,3.131,0.001,620151.939,0.059,98.412,0.0201,10435287.395,"Pipeline Natural Gas",,"Combined cycle",,"Selective Catalytic Reduction",,,"ARP, CSOSG2"
"TX","Lost Pines 1",55154,"2",4033,,2020,6409,6340.35,975878.69,,3.191,0.001,632060.071,0.059,99.014,0.0192,10635618.107,"Pipeline Natural Gas",,"Combined cycle",,"Selective Catalytic Reduction",,,"ARP, CSOSG2"
"KY","Bluegrass Generating Station",55164,"GTG1",4034,,2020,238,201.7,28950.91,,0.103,0.001,20502.988,0.0624,11.5,0.0749,327772.323,"Pipeline Natural Gas","Diesel Oil","Combustion turbine",,"Dry Low NOx Burners|Selective Catalytic Reduction",,,"ARP, CSNOX, CSOSG2, CSSO2G1"
"KY","Bluegrass Generating Station",55164,"GTG2",4035,,2020,328,281.91,39656.41,,0.141,0.001,27964.128,0.0618,15.289,0.0759,451067.761,"Pipeline Natural Gas","Diesel Oil","Combustion turbine",,"Dry Low NOx Burners|Selective Catalytic Reduction",,,"ARP, CSNOX, CSOSG2, CSSO2G1"
"KY","Bluegrass Generating Station",55164,"GTG3",8446,,2020,132,101.45,14275.62,,0.054,0.0009,10616.599,0.0672,6.961,0.0795,162454.419,"Pipeline Natural Gas","Diesel Oil","Combustion turbine",,"Dry Low NOx Burners",,,"ARP, CSNOX, CSOSG2, CSSO2G1"
"LA","Calcasieu Plant",55165,"GTG1",4036,,2020,636,607.92,64978.52,,0.227,0.001,44907.497,0.059,39.212,0.1083,755676.902,"Pipeline Natural Gas",,"Combustion turbine",,"Dry Low NOx Burners",,,"ARP, CSOSG2"
"LA","Calcasieu Plant",55165,"GTG2",4037,,2020,193,175.84,17832.16,,0.067,0.001,13175.217,0.059,10.314,0.0954,221703.429,"Pipeline Natural Gas",,"Combustion turbine",,"Dry Low NOx Burners",,,"ARP, CSOSG2"
"SC","Broad River Energy Center",55166,"CT-1",4041,,2020,500,424.15,66528.45,,0.209,0.001,41354.24,0.059,14.766,0.0593,695859.991,"Pipeline Natural Gas","Diesel Oil","Combustion turbine",,"Dry Low NOx Burners",,,"ARP, CSNOX, CSSO2G2, SIPNOX"
"SC","Broad River Energy Center",55166,"CT-2",4042,,2020,426,362.39,53761.35,,0.172,0.001,34062.106,0.059,10.128,0.0481,573139.996,"Pipeline Natural Gas","Diesel Oil","Combustion turbine",,"Dry Low NOx Burners",,,"ARP, CSNOX, CSSO2G2, SIPNOX"
"SC","Broad River Energy Center",55166,"CT-3",4043,,2020,443,375.62,54915.15,,0.184,0.0012,35289.392,0.0591,10.849,0.0457,593720.401,"Pipeline Natural Gas","Diesel Oil","Combustion turbine",,"Dry Low NOx Burners",,,"ARP, CSNOX, CSSO2G2, SIPNOX"
"SC","Broad River Energy Center",55166,"CT-4",8448,,2020,448,379.66,58776.12,,0.186,0.001,36918.807,0.059,10.813,0.0431,621240.325,"Pipeline Natural Gas","Diesel Oil","Combustion turbine",,"Dry Low NOx Burners",,,"ARP, CSNOX, CSSO2G2, SIPNOX"
"SC","Broad River Energy Center",55166,"CT-5",8450,,2020,442,375.2,57333.83,,0.185,0.0013,36644.089,0.0592,10.772,0.0444,616581.63,"Pipeline Natural Gas","Diesel Oil","Combustion turbine",,"Dry Low NOx Burners",,,"ARP, CSNOX, CSSO2G2, SIPNOX"
"TX","Bastrop Clean Energy Center",55168,"CTG-1A",4046,,2020,6144,6029.2,1326105.92,,2.825,0.001,559687.225,0.059,135.602,0.0312,9417727.727,"Pipeline Natural Gas",,"Combined cycle",,"Dry Low NOx Burners",,,"ARP, CSOSG2"
"TX","Bastrop Clean Energy Center",55168,"CTG-1B",4047,,2020,6079,5956.16,1315662.98,,2.798,0.001,554249.758,0.059,137.082,0.0319,9326244.355,"Pipeline Natural Gas",,"Combined cycle",,"Dry Low NOx Burners",,,"ARP, CSOSG2"
"NH","Granite Ridge Energy",55170,"0001",4048,,2020,5245,5153.26,984673.33,,3.152,0.001,624407.754,0.059,45.632,0.0105,10506864.22,"Pipeline Natural Gas",,"Combined cycle",,"Dry Low NOx Burners|Ammonia Injection",,,"ARP, NHNOX, RGGI"
"NH","Granite Ridge Energy",55170,"0002",4049,,2020,5890,5805.64,1126131.68,,3.618,0.001,716618.18,0.059,53.448,0.0104,12058464.857,"Pipeline Natural Gas",,"Combined cycle",,"Dry Low NOx Burners|Ammonia Injection",,,"ARP, NHNOX, RGGI"
"TX","Bosque County Power Plant",55172,"GT-1",4054,,2020,6509,6448.9,1491824.04,,3.016,0.001,597421.032,0.059,53.728,0.0131,10052730.248,"Pipeline Natural Gas",,"Combined cycle",,"Selective Catalytic Reduction|Dry Low NOx Burners",,,"ARP, CSOSG2"
"TX","Bosque County Power Plant",55172,"GT-2",4055,,2020,6485,6410.31,1470946.76,,3.003,0.001,594788.439,0.059,57.839,0.0145,10008498.579,"Pipeline Natural Gas",,"Combined cycle",,"Selective Catalytic Reduction|Dry Low NOx Burners",,,"ARP, CSOSG2"
"TX","Bosque County Power Plant",55172,"GT-3",4056,,2020,7059,6997.5,1001163.5,,3.172,0.001,628377.547,0.059,169.457,0.036,10573566.493,"Pipeline Natural Gas",,"Combined cycle",,"Dry Low NOx Burners",,,"ARP, CSOSG2"
"LA","Acadia Power Station",55173,"CT1",4058,,2020,6948,6917.01,1727417.4,,3.246,0.001,642922.631,0.059,54.098,0.0102,10818422.203,"Pipeline Natural Gas",,"Combined cycle",,"Selective Catalytic Reduction",,,"ARP, CSOSG2"
"LA","Acadia Power Station",55173,"CT2",4059,,2020,7042,7016.95,1742370.98,,3.212,0.001,636327.218,0.059,53.504,0.0102,10707407.145,"Pipeline Natural Gas",,"Combined cycle",,"Selective Catalytic Reduction",,,"ARP, CSOSG2"
"LA","Acadia Power Station",55173,"CT3",4060,,2020,4996,4966.2,1305599.53,,2.776,0.001,549892.638,0.059,42.171,0.0095,9252990.721,"Pipeline Natural Gas",,"Combined cycle",,"Selective Catalytic Reduction",,,"ARP, CSOSG2"
"LA","Acadia Power Station",55173,"CT4",4061,,2020,5213,5187.19,1345515.62,,2.872,0.001,568960.885,0.059,46.05,0.0099,9573870.418,"Pipeline Natural Gas",,"Combined cycle",,"Selective Catalytic Reduction",,,"ARP, CSOSG2"
"TX","Eastman Cogeneration Facility",55176,"1",4065,,2020,8028,8018.09,1324369.55,,3.865,0.001,765691.578,0.059,181.801,0.0296,12884096.325,"Pipeline Natural Gas","Other Gas, Process Gas","Combined cycle",,"Dry Low NOx Burners",,,"ARP, CSOSG2"
"TX","Eastman Cogeneration Facility",55176,"2",4066,,2020,7693,7681.53,1235129.93,,3.603,0.001,713741.973,0.059,139.385,0.0228,12010082.329,"Pipeline Natural Gas","Other Gas, Process Gas","Combined cycle",,"Dry Low NOx Burners",,,"ARP, CSOSG2"
"AZ","South Point Energy Center, LLC",55177,"A",4067,,2020,7490,7480.29,1607963.44,,3.541,0.001,701399.656,0.059,53.003,0.0091,11802402.719,"Pipeline Natural Gas",,"Combined cycle",,"Dry Low NOx Burners|Selective Catalytic Reduction",,,"ARP"
"AZ","South Point Energy Center, LLC",55177,"B",4068,,2020,7124,7111.19,1555483.24,,3.449,0.001,683158.769,0.059,51.575,0.0091,11495416.051,"Pipeline Natural Gas",,"Combined cycle",,"Dry Low NOx Burners|Selective Catalytic Reduction",,,"ARP"
"MO","Dogwood Energy Facility",55178,"CT-1",4069,,2020,4616,4444.19,1113150.48,,2.47,0.001,489343.78,0.059,61.946,0.0184,8234131.247,"Pipeline Natural Gas",,"Combined cycle",,"Dry Low NOx Burners|Selective Catalytic Reduction",,,"ARP, CSNOX, CSOSG2, CSSO2G1"
"MO","Dogwood Energy Facility",55178,"CT-2",4070,,2020,4447,4329.22,1083309.08,,2.357,0.001,466932.536,0.059,62.206,0.0189,7857093.984,"Pipeline Natural Gas",,"Combined cycle",,"Dry Low NOx Burners|Selective Catalytic Reduction",,,"ARP, CSNOX, CSOSG2, CSSO2G1"
"ID","Rathdrum Power, LLC",55179,"CTGEN1",4071,,2020,7140,7109.57,1713057.77,,3.581,0.001,709316.606,0.059,74.151,0.0142,11935557.032,"Pipeline Natural Gas",,"Combined cycle",,"Dry Low NOx Burners|Selective Catalytic Reduction",,,"ARP"
"CA","Sunrise Power Company",55182,"CTG1",8458,,2020,6670,6554.8,1512492.43,,3.117,0.001,617492.459,0.059,30.351,0.0067,10390483.529,"Pipeline Natural Gas",,"Combined cycle",,"Selective Catalytic Reduction|Dry Low NOx Burners",,,"ARP"
"CA","Sunrise Power Company",55182,"CTG2",8460,,2020,6756,6643.27,1531668.93,,3.128,0.001,619600.719,0.059,27.55,0.006,10426016.914,"Pipeline Natural Gas",,"Combined cycle",,"Selective Catalytic Reduction|Dry Low NOx Burners",,,"ARP"
"IL","Nelson Energy Center",55183,"1",4073,,2020,7402,7343.05,2003341.62,,4.083,0.001,808820.326,0.059,113.723,0.019,13609994.97,"Pipeline Natural Gas",,"Combined cycle",,"Dry Low NOx Burners|Selective Catalytic Reduction",,,"ARP, CSNOX, CSOSG2, CSSO2G1"
"IL","Nelson Energy Center",55183,"2",4074,,2020,7268,7176.97,1958346.3,,3.967,0.001,785755.47,0.059,108.567,0.0192,13221811.857,"Pipeline Natural Gas",,"Combined cycle",,"Dry Low NOx Burners|Selective Catalytic Reduction",,,"ARP, CSNOX, CSOSG2, CSSO2G1"
"TX","Channelview Cogeneration Facility",55187,"CHV1",4077,,2020,7005,7001.44,1821571.55,,3.763,0.001,745413.08,0.059,68.5,0.011,12542977.759,"Pipeline Natural Gas",,"Combined cycle",,"Selective Catalytic Reduction",,,"ARP, CSOSG2"
"TX","Channelview Cogeneration Facility",55187,"CHV2",4078,,2020,7990,7986.61,2087767.27,,4.337,0.001,859190.443,0.059,75.739,0.0106,14457549.341,"Pipeline Natural Gas",,"Combined cycle",,"Selective Catalytic Reduction",,,"ARP, CSOSG2"
"TX","Channelview Cogeneration Facility",55187,"CHV3",4079,,2020,7275,7271.73,1874029.23,,3.885,0.001,769604.935,0.059,73.157,0.0114,12950077.251,"Pipeline Natural Gas",,"Combined cycle",,"Selective Catalytic Reduction",,,"ARP, CSOSG2"
"TX","Channelview Cogeneration Facility",55187,"CHV4",4080,,2020,7501,7490.58,1917278.88,,3.901,0.001,772674.767,0.059,66.751,0.0105,13001725.245,"Pipeline Natural Gas",,"Combined cycle",,"Selective Catalytic Reduction",,,"ARP, CSOSG2"
"IL","Cordova Energy Company",55188,"1",4081,,2020,4285,4261.52,1023518.58,,2.041,0.001,404204.864,0.059,44.7,0.0137,6801385.855,"Pipeline Natural Gas",,"Combined cycle",,"Dry Low NOx Burners|Selective Catalytic Reduction",,,"ARP, CSNOX, CSOSG2, CSSO2G1"
"IL","Cordova Energy Company",55188,"2",4082,,2020,4193,4167.85,1014443.19,,2.021,0.001,400357.681,0.059,43.704,0.0135,6736746.941,"Pipeline Natural Gas",,"Combined cycle",,"Dry Low NOx Burners|Selective Catalytic Reduction",,,"ARP, CSNOX, CSOSG2, CSSO2G1"
"FL","Osceola",55192,"OSC1",8462,,2020,0,0,,,,,,,,,,"Pipeline Natural Gas","Diesel Oil","Combustion turbine",,"Dry Low NOx Burners|Water Injection",,,"ARP"
"FL","Osceola",55192,"OSC2",8464,,2020,0,0,,,,,,,,,,"Pipeline Natural Gas","Diesel Oil","Combustion turbine",,"Dry Low NOx Burners|Water Injection",,,"ARP"
"FL","Osceola",55192,"OSC3",8466,,2020,0,0,,,,,,,,,,"Pipeline Natural Gas","Diesel Oil","Combustion turbine",,"Dry Low NOx Burners|Water Injection",,,"ARP"
"PA","Ontelaunee Energy Center",55193,"CT1",4089,,2020,7361,7346.02,1989380.37,,4.172,0.001,826447.2,0.059,47.427,0.0072,13906564.124,"Pipeline Natural Gas",,"Combined cycle",,"Dry Low NOx Burners|Selective Catalytic Reduction",,,"ARP, CSNOX, CSOSG2, CSSO2G1"
"PA","Ontelaunee Energy Center",55193,"CT2",4090,,2020,7549,7538.78,2034970.54,,4.23,0.001,837981.614,0.059,43.012,0.0062,14100640.972,"Pipeline Natural Gas",,"Combined cycle",,"Dry Low NOx Burners|Selective Catalytic Reduction",,,"ARP, CSNOX, CSOSG2, CSSO2G1"
"PA","Springdale Generating Station (55196)",55196,"1",4100,,2020,2149,1949.91,82769.41,,0.248,0.001,49157.612,0.0592,30.934,0.0822,827162.345,"Pipeline Natural Gas",,"Combustion turbine",,"Water Injection",,,"ARP, CSNOX, CSOSG2, CSSO2G1"
"PA","Springdale Generating Station (55196)",55196,"2",4101,,2020,2025,1852.37,80663.61,,0.241,0.001,47688.553,0.0592,31.09,0.0856,802449.534,"Pipeline Natural Gas",,"Combustion turbine",,"Water Injection",,,"ARP, CSNOX, CSOSG2, CSSO2G1"
"MS","Caledonia",55197,"AA-001",4102,,2020,6317,6231.31,1570905,,3.189,0.001,631698.543,0.0591,65.129,0.0149,10629531.554,"Pipeline Natural Gas",,"Combined cycle",,"Dry Low NOx Burners|Selective Catalytic Reduction",,,"ARP, CSOSG2"
"MS","Caledonia",55197,"AA-002",4103,,2020,6028,5970.54,1512395.26,,3.13,0.001,619950.933,0.059,60.106,0.0137,10431823.989,"Pipeline Natural Gas",,"Combined cycle",,"Dry Low NOx Burners|Selective Catalytic Reduction",,,"ARP, CSOSG2"
"MS","Caledonia",55197,"AA-003",4104,,2020,6029,5976.44,1520522.77,,3.1,0.001,614146.839,0.059,55.347,0.0124,10334241.936,"Pipeline Natural Gas",,"Combined cycle",,"Dry Low NOx Burners|Selective Catalytic Reduction",,,"ARP, CSOSG2"
"KY","Riverside Generating Company",55198,"GTG101",4105,,2020,758,672.96,98357.72,,0.333,0.001,65934.455,0.059,25.534,0.0498,1109481.288,"Pipeline Natural Gas",,"Combustion turbine",,"Dry Low NOx Burners",,,"ARP, CSNOX, CSOSG2, CSSO2G1"
"KY","Riverside Generating Company",55198,"GTG201",4106,,2020,705,619.56,89155.37,,0.305,0.001,60383.458,0.0589,23.893,0.0507,1016080.041,"Pipeline Natural Gas",,"Combustion turbine",,"Dry Low NOx Burners",,,"ARP, CSNOX, CSOSG2, CSSO2G1"
"KY","Riverside Generating Company",55198,"GTG301",4107,,2020,720,640.98,92442.21,,0.32,0.001,63392.052,0.059,30.09,0.0595,1066683.413,"Pipeline Natural Gas",,"Combustion turbine",,"Dry Low NOx Burners",,,"ARP, CSNOX, CSOSG2, CSSO2G1"
"KY","Riverside Generating Company",55198,"GTG401",4108,,2020,788,700.87,102070.31,,0.353,0.001,69884.903,0.059,30.508,0.0565,1175950.648,"Pipeline Natural Gas",,"Combustion turbine",,"Dry Low NOx Burners|Water Injection|Selective Catalytic Reduction",,,"ARP, CSNOX, CSOSG2, CSSO2G1"
"KY","Riverside Generating Company",55198,"GTG501",4109,,2020,754,674.54,99048.85,,0.34,0.001,67379.375,0.059,29.427,0.0569,1133782.888,"Pipeline Natural Gas",,"Combustion turbine",,"Dry Low NOx Burners|Water Injection|Selective Catalytic Reduction",,,"ARP, CSNOX, CSOSG2, CSSO2G1"
"IL","Elwood Energy Facility",55199,"1",4110,,2020,355,317.32,39468.41,,0.137,0.001,27082.78,0.059,10.511,0.0512,455719.785,"Pipeline Natural Gas",,"Combustion turbine",,"Dry Low NOx Burners",,,"ARP, CSNOX, CSOSG2, CSSO2G1"
"IL","Elwood Energy Facility",55199,"2",4116,,2020,269,241.68,30129.67,,0.107,0.001,21150.354,0.059,6.77,0.0448,355897.428,"Pipeline Natural Gas",,"Combustion turbine",,"Dry Low NOx Burners",,,"ARP, CSNOX, CSOSG2, CSSO2G1"
"IL","Elwood Energy Facility",55199,"3",4117,,2020,495,432.41,56539.35,,0.197,0.001,39097.162,0.059,13.108,0.0527,657891.953,"Pipeline Natural Gas",,"Combustion turbine",,"Dry Low NOx Burners",,,"ARP, CSNOX, CSOSG2, CSSO2G1"
"IL","Elwood Energy Facility",55199,"4",4118,,2020,328,289.33,38308,,0.133,0.001,26439.335,0.059,8.157,0.0472,444886.824,"Pipeline Natural Gas",,"Combustion turbine",,"Dry Low NOx Burners",,,"ARP, CSNOX, CSOSG2, CSSO2G1"
"IL","Elwood Energy Facility",55199,"5",4119,,2020,302,265.25,33444.97,,0.113,0.001,22331.046,0.059,6.238,0.0433,375763.324,"Pipeline Natural Gas",,"Combustion turbine",,"Dry Low NOx Burners",,,"ARP, CSNOX, CSOSG2, CSSO2G1"
"IL","Elwood Energy Facility",55199,"6",4120,,2020,365,327.14,42254.16,,0.143,0.001,28262.052,0.0587,8.145,0.0406,475581.084,"Pipeline Natural Gas",,"Combustion turbine",,"Dry Low NOx Burners",,,"ARP, CSNOX, CSOSG2, CSSO2G1"
"IL","Elwood Energy Facility",55199,"7",4121,,2020,294,261.33,33360.68,,0.109,0.001,21534.261,0.0591,5.732,0.0391,362348.995,"Pipeline Natural Gas",,"Combustion turbine",,"Dry Low NOx Burners",,,"ARP, CSNOX, CSOSG2, CSSO2G1"
"IL","Elwood Energy Facility",55199,"8",4122,,2020,512,450.12,59975.71,,0.196,0.001,38805.719,0.0588,10.351,0.0406,653013.403,"Pipeline Natural Gas",,"Combustion turbine",,"Dry Low NOx Burners",,,"ARP, CSNOX, CSOSG2, CSSO2G1"
"IL","Elwood Energy Facility",55199,"9",4123,,2020,497,438.47,59045.27,,0.188,0.001,37328.502,0.059,10.275,0.0415,628148.402,"Pipeline Natural Gas",,"Combustion turbine",,"Dry Low NOx Burners",,,"ARP, CSNOX, CSOSG2, CSSO2G1"
"CO","Arapahoe Combustion Turbine Facility",55200,"CT5",4124,,2020,3294,3151.11,113005.59,,0.284,0.001,56253.029,0.0593,10.756,0.0262,946600.842,"Pipeline Natural Gas",,"Combined cycle",,"Selective Catalytic Reduction",,,"ARP"
"CO","Arapahoe Combustion Turbine Facility",55200,"CT6",4125,,2020,3281,3140.91,112949.42,,0.294,0.001,58145.763,0.0593,12.572,0.0293,978399.616,"Pipeline Natural Gas",,"Combined cycle",,"Selective Catalytic Reduction",,,"ARP"
"IL","Gibson City Energy Center, LLC",55201,"GCTG1",4126,,2020,1217,1120.93,107075.98,,0.378,0.001,74817.668,0.059,40.941,0.0712,1258975.564,"Pipeline Natural Gas","Diesel Oil","Combustion turbine",,"Dry Low NOx Burners|Water Injection",,,"ARP, CSNOX, CSOSG2, CSSO2G1"
"IL","Gibson City Energy Center, LLC",55201,"GCTG2",4127,,2020,1125,1034.26,97138.77,,0.368,0.001,72816.218,0.059,48.867,0.084,1225286.903,"Pipeline Natural Gas","Diesel Oil","Combustion turbine",,"Dry Low NOx Burners|Water Injection",,,"ARP, CSNOX, CSOSG2, CSSO2G1"
"IL","Pinckneyville Power Plant",55202,"CT01",4128,,2020,547,463.57,19656.4,,0.056,0.001,11141.83,0.0593,8.831,0.1002,187483.971,"Pipeline Natural Gas",,"Combustion turbine",,"Water Injection",,,"ARP, CSNOX, CSOSG2, CSSO2G1"
"IL","Pinckneyville Power Plant",55202,"CT02",4129,,2020,560,470.44,19817.22,,0.056,0.001,11082.488,0.0593,8.825,0.1018,186484.454,"Pipeline Natural Gas",,"Combustion turbine",,"Water Injection",,,"ARP, CSNOX, CSOSG2, CSSO2G1"
"IL","Pinckneyville Power Plant",55202,"CT03",4130,,2020,563,472.66,20064.09,,0.057,0.001,11252.407,0.0592,8.904,0.1027,189344.392,"Pipeline Natural Gas",,"Combustion turbine",,"Water Injection",,,"ARP, CSNOX, CSOSG2, CSSO2G1"
"IL","Pinckneyville Power Plant",55202,"CT04",4131,,2020,500,424.23,17924.11,,0.053,0.001,10400.853,0.0593,8.133,0.101,174997.739,"Pipeline Natural Gas",,"Combustion turbine",,"Water Injection",,,"ARP, CSNOX, CSOSG2, CSSO2G1"
"IL","Pinckneyville Power Plant",55202,"CT05",4132,,2020,27,21.41,697.11,,0.002,0.001,455.991,0.0608,0.088,0.0215,7671.534,"Pipeline Natural Gas",,"Combustion turbine",,"Dry Low NOx Burners",,,"ARP, CSNOX, CSOSG2, CSSO2G1"
"IL","Pinckneyville Power Plant",55202,"CT06",4133,,2020,27,21.53,701.56,,0.002,0.001,459.492,0.0607,0.139,0.0346,7734.164,"Pipeline Natural Gas",,"Combustion turbine",,"Dry Low NOx Burners",,,"ARP, CSNOX, CSOSG2, CSSO2G1"
"IL","Pinckneyville Power Plant",55202,"CT07",4134,,2020,31,23.44,749.18,,0.003,0.0009,540.773,0.0645,0.119,0.0254,9099.384,"Pipeline Natural Gas",,"Combustion turbine",,"Dry Low NOx Burners",,,"ARP, CSNOX, CSOSG2, CSSO2G1"
"IL","Pinckneyville Power Plant",55202,"CT08",4135,,2020,32,25.24,815.2,,0.003,0.0009,545.295,0.0631,0.17,0.0364,9175.878,"Pipeline Natural Gas",,"Combustion turbine",,"Dry Low NOx Burners",,,"ARP, CSNOX, CSOSG2, CSSO2G1"
"IL","Kinmundy Power Plant",55204,"KCTG1",4136,,2020,171,159.29,13260.04,,0.046,0.001,9223.183,0.059,5.856,0.0796,155199.459,"Pipeline Natural Gas","Diesel Oil","Combustion turbine",,"Dry Low NOx Burners|Water Injection",,,"ARP, CSNOX, CSOSG2, CSSO2G1"
"IL","Kinmundy Power Plant",55204,"KCTG2",4137,,2020,63,55.83,4549.66,,0.016,0.001,3147.537,0.0591,1.647,0.0683,52958.195,"Pipeline Natural Gas","Diesel Oil","Combustion turbine",,"Dry Low NOx Burners|Water Injection",,,"ARP, CSNOX, CSOSG2, CSSO2G1"
"TX","Corpus Christi Energy Center",55206,"CU1",4138,,2020,6357,6334.97,1472219.04,,3.333,0.001,660193.706,0.059,186.661,0.0344,11109039.863,"Pipeline Natural Gas","Other Gas","Combined cycle",,"Dry Low NOx Burners",,,"ARP, CSOSG2"
"TX","Corpus Christi Energy Center",55206,"CU2",4139,,2020,5865,5822.57,1267757.11,,3.034,0.001,601299.199,0.059,166.831,0.0346,10117996.944,"Pipeline Natural Gas","Other Gas","Combined cycle",,"Dry Low NOx Burners",,,"ARP, CSOSG2"
"CO","Valmont Combustion Turbine Facility",55207,"CT7",4141,,2020,336,249.78,5337.46,,0.017,0.0009,3331.318,0.0567,2.944,0.1531,56059.035,"Pipeline Natural Gas",,"Combustion turbine",,"Water Injection",,,"ARP"
"CO","Valmont Combustion Turbine Facility",55207,"CT8",8478,,2020,294,215.3,4800.08,,0.017,0.001,3366.429,0.0598,3.114,0.138,56637.736,"Pipeline Natural Gas",,"Combustion turbine",,"Water Injection",,,"ARP"
"NM","Afton Generating Station",55210,"0001",4144,,2020,5781,5614.58,948673.4,,2.171,0.001,430082.228,0.059,80.891,0.0299,7236969.873,"Pipeline Natural Gas","Diesel Oil","Combined cycle",,"Selective Catalytic Reduction|Dry Low NOx Burners|Water Injection",,,"ARP"
"MA","Bellingham Power Generation LLC",55211,"1",4145,,2020,4048,4003.79,466656.04,,1.619,0.001,320652.316,0.0589,20.9,0.0131,5395598.448,"Pipeline Natural Gas",,"Combined cycle",,"Dry Low NOx Burners|Selective Catalytic Reduction",,,"ARP, RGGI, SIPNOX"
"MA","Bellingham Power Generation LLC",55211,"2",4146,,2020,4210,4082.78,501407.39,,1.659,0.001,328628.054,0.0589,28.646,0.0262,5529798.748,"Pipeline Natural Gas",,"Combined cycle",,"Dry Low NOx Burners|Selective Catalytic Reduction",,,"ARP, RGGI, SIPNOX"
"MA","Blackstone Power Generation LLC",55212,"1",4147,,2020,4060,3978.48,482963.85,,1.624,0.001,321726.611,0.059,23.695,0.0168,5413721.27,"Pipeline Natural Gas",,"Combined cycle",,"Dry Low NOx Burners|Selective Catalytic Reduction",,,"ARP, RGGI, SIPNOX"
"MA","Blackstone Power Generation LLC",55212,"2",4148,,2020,3701,3615.38,463297.19,,1.531,0.001,303336.866,0.059,22.444,0.0188,5104210.388,"Pipeline Natural Gas",,"Combined cycle",,"Dry Low NOx Burners|Selective Catalytic Reduction",,,"ARP, RGGI, SIPNOX"
"TX","Odessa Ector Generating Station",55215,"GT1",4149,,2020,7533,7362.22,1825201.72,,3.708,0.001,734582.154,0.059,164.997,0.0318,12360696.966,"Pipeline Natural Gas",,"Combined cycle",,"Dry Low NOx Burners",,,"ARP, CSOSG2"
"TX","Odessa Ector Generating Station",55215,"GT2",4150,,2020,7230,7074.82,1813513.74,,3.688,0.001,730569.006,0.059,167.17,0.0299,12293214.942,"Pipeline Natural Gas",,"Combined cycle",,"Dry Low NOx Burners",,,"ARP, CSOSG2"
"TX","Odessa Ector Generating Station",55215,"GT3",4151,,2020,6874,6679.14,1632376.7,,3.367,0.001,667009.386,0.059,167.148,0.0347,11223742.972,"Pipeline Natural Gas",,"Combined cycle",,"Dry Low NOx Burners",,,"ARP, CSOSG2"
"TX","Odessa Ector Generating Station",55215,"GT4",4152,,2020,6741,6605.87,1635861.88,,3.361,0.001,665752.408,0.059,159.583,0.0311,11202509.441,"Pipeline Natural Gas",,"Combined cycle",,"Dry Low NOx Burners",,,"ARP, CSOSG2"
"IL","Morris Cogeneration, LLC",55216,"B-5",89518,,2020,3193,3191.35,,52350.72,,,,,1.764,0.0509,66215.756,"Pipeline Natural Gas",,"Dry bottom wall-fired boiler",,"Low NOx Burner Technology (Dry Bottom only)",,,"SIPNOX"
"IL","Morris Cogeneration, LLC",55216,"B-6",89519,,2020,2693,2686.85,,38016.19,,,,,1.072,0.044,46926.411,"Pipeline Natural Gas",,"Dry bottom wall-fired boiler",,"Low NOx Burner Technology (Dry Bottom only)",,,"SIPNOX"
"IL","Morris Cogeneration, LLC",55216,"CTG1",89477,,2020,4397,4390.19,156969.25,,0.598,0.001,,,41.383,0.0412,1992384.315,"Pipeline Natural Gas",,"Combined cycle",,"Dry Low NOx Burners",,,"CSNOX, CSOSG2, CSSO2G1, SIPNOX"
"IL","Morris Cogeneration, LLC",55216,"CTG2",89478,,2020,6932,6918.02,253543.91,,0.908,0.001,,,70.728,0.0466,3025649.968,"Pipeline Natural Gas",,"Combined cycle",,"Dry Low NOx Burners",,,"CSNOX, CSOSG2, CSSO2G1, SIPNOX"
"IL","Morris Cogeneration, LLC",55216,"CTG3",89479,,2020,6472,6459.57,214586.73,,0.814,0.001,,,65.456,0.0483,2713212.858,"Pipeline Natural Gas",,"Combined cycle",,"Dry Low NOx Burners",,,"CSNOX, CSOSG2, CSSO2G1, SIPNOX"
"CA","Los Medanos Energy Center, LLC",55217,"X724",4153,,2020,6529,6470.95,1507536.75,,3.306,0.001,654881.251,0.059,41.106,0.0092,11019606.252,"Pipeline Natural Gas",,"Combined cycle",,"Selective Catalytic Reduction",,,"ARP"
"CA","Los Medanos Energy Center, LLC",55217,"X725",4154,,2020,7026,6974.13,1742975.37,,3.595,0.001,712194.198,0.059,44.137,0.0085,11984055.914,"Pipeline Natural Gas",,"Combined cycle",,"Selective Catalytic Reduction",,,"ARP"
"MS","Hinds Energy Facility",55218,"2",91299,,2020,342,277.65,6719.97,,0.021,0.001,4254.308,0.0578,2.319,0.08,71583.583,"Pipeline Natural Gas",,"Combustion turbine",,"Dry Low NOx Burners",,,"ARP, CSOSG2"
"MS","Hinds Energy Facility",55218,"H01",4155,,2020,6617,6610.49,1531226.27,,3.133,0.001,620573.651,0.059,53.141,0.0106,10442301.955,"Pipeline Natural Gas",,"Combined cycle",,"Dry Low NOx Burners|Selective Catalytic Reduction",,,"ARP, CSOSG2"
"MS","Hinds Energy Facility",55218,"H02",4156,,2020,6626,6616.03,1547353.52,,3.139,0.001,621831.093,0.059,51.206,0.0102,10463496.45,"Pipeline Natural Gas",,"Combined cycle",,"Dry Low NOx Burners|Selective Catalytic Reduction",,,"ARP, CSOSG2"
"MS","Attala Generating Plant",55220,"A01",4165,,2020,4251,4232.86,997315.27,,2.081,0.001,412155.194,0.059,37.718,0.0127,6935311.92,"Pipeline Natural Gas",,"Combined cycle",,"Dry Low NOx Burners|Selective Catalytic Reduction",,,"ARP, CSOSG2"
"MS","Attala Generating Plant",55220,"A02",4166,,2020,4304,4289.59,993585.91,,2.103,0.001,416524.831,0.0589,42.234,0.0141,7008840.215,"Pipeline Natural Gas",,"Combined cycle",,"Dry Low NOx Burners|Selective Catalytic Reduction",,,"ARP, CSOSG2"
"AR","Oswald Generating Station",55221,"G1",4167,,2020,1336,1185.08,57083.36,,0.129,0.001,25565.583,0.0593,24.462,0.2436,430213.508,"Pipeline Natural Gas",,"Combined cycle",,"Steam Injection",,,"ARP, CSOSG2"
"AR","Oswald Generating Station",55221,"G2",4168,,2020,1308,1160.93,57055.28,,0.126,0.001,25051.552,0.0593,23.702,0.1994,421468.606,"Pipeline Natural Gas",,"Combined cycle",,"Steam Injection",,,"ARP, CSOSG2"
"AR","Oswald Generating Station",55221,"G3",4169,,2020,1328,1178.75,58840.52,,0.131,0.001,26009.505,0.0593,24.96,0.2013,437633.465,"Pipeline Natural Gas",,"Combined cycle",,"Steam Injection",,,"ARP, CSOSG2"
"AR","Oswald Generating Station",55221,"G4",4170,,2020,1327,1175.7,58500.98,,0.132,0.001,26222.409,0.0593,24.367,0.1992,441249.278,"Pipeline Natural Gas",,"Combined cycle",,"Steam Injection",,,"ARP, CSOSG2"
"AR","Oswald Generating Station",55221,"G5",4171,,2020,1213,1077.33,53291.63,,0.117,0.001,23217.607,0.0592,21.49,0.1968,390734.409,"Pipeline Natural Gas",,"Combined cycle",,"Steam Injection",,,"ARP, CSOSG2"
"AR","Oswald Generating Station",55221,"G6",4172,,2020,1292,1137.8,55441.67,,0.123,0.001,24287.804,0.0592,21.232,0.196,408699.82,"Pipeline Natural Gas",,"Combined cycle",,"Steam Injection",,,"ARP, CSOSG2"
"AR","Oswald Generating Station",55221,"G7",4173,,2020,1432,1322.2,110738.45,,0.304,0.001,60223.569,0.0591,30.381,0.1417,1013325.676,"Pipeline Natural Gas",,"Combined cycle",,"Dry Low NOx Burners",,,"ARP, CSOSG2"
"IL","Lincoln Generating Facility",55222,"CTG-1",4174,,2020,22,14.92,661.2,,0.003,0.001,599.665,0.0591,0.116,0.0227,10089.24,"Pipeline Natural Gas",,"Combustion turbine",,"Dry Low NOx Burners",,,"ARP, CSNOX, CSOSG2, CSSO2G1"
"IL","Lincoln Generating Facility",55222,"CTG-2",4175,,2020,22,14.85,673.04,,0.003,0.001,610.863,0.0591,0.129,0.0246,10277.107,"Pipeline Natural Gas",,"Combustion turbine",,"Dry Low NOx Burners",,,"ARP, CSNOX, CSOSG2, CSSO2G1"
"IL","Lincoln Generating Facility",55222,"CTG-3",4176,,2020,23,15.9,727.97,,0.003,0.001,654.509,0.0591,0.14,0.0246,11013.224,"Pipeline Natural Gas",,"Combustion turbine",,"Dry Low NOx Burners",,,"ARP, CSNOX, CSOSG2, CSSO2G1"
"IL","Lincoln Generating Facility",55222,"CTG-4",4177,,2020,17,11.89,552.92,,0.003,0.001,497.213,0.0592,0.102,0.0234,8365.06,"Pipeline Natural Gas",,"Combustion turbine",,"Dry Low NOx Burners",,,"ARP, CSNOX, CSOSG2, CSSO2G1"
"IL","Lincoln Generating Facility",55222,"CTG-5",4178,,2020,15,10.43,403.07,,0.002,0.001,387.426,0.0592,0.075,0.022,6518.163,"Pipeline Natural Gas",,"Combustion turbine",,"Dry Low NOx Burners",,,"ARP, CSNOX, CSOSG2, CSSO2G1"
"IL","Lincoln Generating Facility",55222,"CTG-6",4179,,2020,16,11.1,400.12,,0.002,0.001,393.637,0.0591,0.065,0.0193,6624.43,"Pipeline Natural Gas",,"Combustion turbine",,"Dry Low NOx Burners",,,"ARP, CSNOX, CSOSG2, CSSO2G1"
"IL","Lincoln Generating Facility",55222,"CTG-7",4180,,2020,14,9.49,369.69,,0.002,0.001,355.947,0.0591,0.07,0.0226,5990.538,"Pipeline Natural Gas",,"Combustion turbine",,"Dry Low NOx Burners",,,"ARP, CSNOX, CSOSG2, CSSO2G1"
"IL","Lincoln Generating Facility",55222,"CTG-8",4181,,2020,11,6.65,241.13,,0.001,0.001,238.278,0.059,0.051,0.0241,4009.863,"Pipeline Natural Gas",,"Combustion turbine",,"Dry Low NOx Burners",,,"ARP, CSNOX, CSOSG2, CSSO2G1"
"TX","Ennis Power Company, LLC",55223,"GT-1",4182,,2020,3122,3025.08,853936.82,,2.104,0.001,416834.635,0.059,95.025,0.0332,7014038.985,"Pipeline Natural Gas",,"Combined cycle",,"Selective Catalytic Reduction",,,"ARP, CSOSG2"
"IN","Wheatland Generating Facility LLC",55224,"EU-01",4183,,2020,465,419.42,38144.09,,0.148,0.001,29287.09,0.059,43.119,0.175,492788.04,"Pipeline Natural Gas",,"Combustion turbine",,"Water Injection",,,"ARP, CSNOX, CSOSG2, CSSO2G1"
"IN","Wheatland Generating Facility LLC",55224,"EU-02",4184,,2020,481,435.41,40164.34,,0.157,0.001,31082.287,0.059,42.709,0.1703,523012.145,"Pipeline Natural Gas",,"Combustion turbine",,"Water Injection",,,"ARP, CSNOX, CSOSG2, CSSO2G1"
"IN","Wheatland Generating Facility LLC",55224,"EU-03",4185,,2020,468,423.25,38473.86,,0.152,0.001,30187.467,0.059,48.51,0.1924,507934.626,"Pipeline Natural Gas",,"Combustion turbine",,"Water Injection",,,"ARP, CSNOX, CSOSG2, CSSO2G1"
"IN","Wheatland Generating Facility LLC",55224,"EU-04",4186,,2020,460,413.39,38435.08,,0.152,0.001,30197.614,0.059,34.654,0.1434,508116.819,"Pipeline Natural Gas",,"Combustion turbine",,"Water Injection",,,"ARP, CSNOX, CSOSG2, CSSO2G1"
"OK","Oneta Energy Center",55225,"CTG-1",4187,,2020,6860,6691.05,1573840.34,,3.456,0.001,684536.696,0.059,190.528,0.0377,11518651.884,"Pipeline Natural Gas",,"Combined cycle",,"Dry Low NOx Burners",,,"ARP, CSOSG2"
"OK","Oneta Energy Center",55225,"CTG-2",4188,,2020,6731,6600.1,1554478.04,,3.38,0.001,669509.474,0.059,185.755,0.0362,11265756.897,"Pipeline Natural Gas",,"Combined cycle",,"Dry Low NOx Burners",,,"ARP, CSOSG2"
"OK","Oneta Energy Center",55225,"CTG-3",4189,,2020,7127,7005.24,1676359.75,,3.608,0.001,714724.357,0.059,199.33,0.0362,12026606.437,"Pipeline Natural Gas",,"Combined cycle",,"Dry Low NOx Burners",,,"ARP, CSOSG2"
"OK","Oneta Energy Center",55225,"CTG-4",4190,,2020,7235,7115.14,1719885.44,,3.722,0.001,737364.43,0.059,203.001,0.0361,12407549.28,"Pipeline Natural Gas",,"Combined cycle",,"Dry Low NOx Burners",,,"ARP, CSOSG2"
"TX","Freestone Power Generation",55226,"GT1",4192,,2020,6341,6323.86,1579709.71,,3.224,0.001,638675.011,0.059,155.144,0.0296,10746909.219,"Pipeline Natural Gas",,"Combined cycle",,"Dry Low NOx Burners",,,"ARP, CSOSG2"
"TX","Freestone Power Generation",55226,"GT2",4193,,2020,6353,6336.41,1596396.8,,3.273,0.001,648316.433,0.059,152.046,0.0283,10909174.029,"Pipeline Natural Gas",,"Combined cycle",,"Dry Low NOx Burners",,,"ARP, CSOSG2"
"TX","Freestone Power Generation",55226,"GT3",4194,,2020,8205,8189.91,1918904.57,,4.002,0.001,792787.203,0.059,203.446,0.0307,13340222.182,"Pipeline Natural Gas",,"Combined cycle",,"Dry Low NOx Burners",,,"ARP, CSOSG2"
"TX","Freestone Power Generation",55226,"GT4",4195,,2020,8146,8136.9,1917852.72,,4.042,0.001,800623.411,0.059,206.06,0.0308,13472089.697,"Pipeline Natural Gas",,"Combined cycle",,"Dry Low NOx Burners",,,"ARP, CSOSG2"
"OH","Greenville Electric Gen Station",55228,"G1CT1",4212,,2020,747,646.43,16095.79,,0.059,0.0009,10493.2,0.0592,7.917,0.1046,177786.6,"Pipeline Natural Gas","Diesel Oil","Combustion turbine",,"Water Injection",,,"ARP, CSNOX, CSOSG2, CSSO2G1"
"OH","Greenville Electric Gen Station",55228,"G1CT2",4213,,2020,728,633.88,16687.4,,0.06,0.0009,10110.1,0.0591,7.682,0.0984,171234.7,"Pipeline Natural Gas","Diesel Oil","Combustion turbine",,"Water Injection",,,"ARP, CSNOX, CSOSG2, CSSO2G1"
"OH","Greenville Electric Gen Station",55228,"G2CT1",4214,,2020,586,496.52,12692.25,,0.047,0.0012,7461.8,0.0591,5.672,0.1061,126477.5,"Pipeline Natural Gas","Diesel Oil","Combustion turbine",,"Water Injection",,,"ARP, CSNOX, CSOSG2, CSSO2G1"
"OH","Greenville Electric Gen Station",55228,"G2CT2",4215,,2020,585,495.78,11922.9,,0.039,0.0008,7315.8,0.0591,5.576,0.1026,124143.4,"Pipeline Natural Gas","Diesel Oil","Combustion turbine",,"Water Injection",,,"ARP, CSNOX, CSOSG2, CSSO2G1"
"OH","Greenville Electric Gen Station",55228,"G3CT1",4216,,2020,446,379.27,9688.74,,0.035,0.001,5833.1,0.0591,4.437,0.1059,98719.7,"Pipeline Natural Gas","Diesel Oil","Combustion turbine",,"Water Injection",,,"ARP, CSNOX, CSOSG2, CSSO2G1"
"OH","Greenville Electric Gen Station",55228,"G3CT2",4217,,2020,465,389.36,9215.54,,0.034,0.0009,5778.3,0.0591,4.449,0.1144,97923.9,"Pipeline Natural Gas","Diesel Oil","Combustion turbine",,"Water Injection",,,"ARP, CSNOX, CSOSG2, CSSO2G1"
"OH","Greenville Electric Gen Station",55228,"G4CT1",4218,,2020,500,416,9789.26,,0.037,0.001,6047.7,0.0591,4.495,0.1101,102396.2,"Pipeline Natural Gas","Diesel Oil","Combustion turbine",,"Water Injection",,,"ARP, CSNOX, CSOSG2, CSSO2G1"
"OH","Greenville Electric Gen Station",55228,"G4CT2",4219,,2020,502,421.5,10505.77,,0.04,0.0012,6345,0.0593,4.758,0.114,107556.3,"Pipeline Natural Gas","Diesel Oil","Combustion turbine",,"Water Injection",,,"ARP, CSNOX, CSOSG2, CSSO2G1"
"IN","Montpelier Electric Gen Station",55229,"G1CT1",4220,,2020,1197,1045.85,21114.1,,0.088,0.0011,11608.2,0.0583,22.298,0.321,196554,"Pipeline Natural Gas","Diesel Oil","Combustion turbine",,"Water Injection",,,"ARP, CSNOX, CSOSG2, CSSO2G1"
"IN","Montpelier Electric Gen Station",55229,"G1CT2",4221,,2020,1153,1005.95,19533.89,,0.103,0.0012,12443.1,0.0586,18.055,0.2605,210897.5,"Pipeline Natural Gas","Diesel Oil","Combustion turbine",,"Water Injection",,,"ARP, CSNOX, CSOSG2, CSSO2G1"
"IN","Montpelier Electric Gen Station",55229,"G2CT1",4222,,2020,1163,1011.93,19926.08,,0.067,0.0007,12869.9,0.0584,24.223,0.3128,218291,"Pipeline Natural Gas","Diesel Oil","Combustion turbine",,"Water Injection",,,"ARP, CSNOX, CSOSG2, CSSO2G1"
"IN","Montpelier Electric Gen Station",55229,"G2CT2",4223,,2020,1157,1005.38,20678.21,,0.067,0.0007,12838.3,0.0582,26.105,0.3274,217711.8,"Pipeline Natural Gas","Diesel Oil","Combustion turbine",,"Water Injection",,,"ARP, CSNOX, CSOSG2, CSSO2G1"
"IN","Montpelier Electric Gen Station",55229,"G3CT1",4224,,2020,807,683.92,14626.33,,0.1,0.0014,9291.2,0.0579,21.566,0.3747,157370.7,"Pipeline Natural Gas","Diesel Oil","Combustion turbine",,"Water Injection",,,"ARP, CSNOX, CSOSG2, CSSO2G1"
"IN","Montpelier Electric Gen Station",55229,"G3CT2",4225,,2020,436,357.32,6412,,0.052,0.0018,4173.9,0.0581,9.668,0.3701,70621.2,"Pipeline Natural Gas","Diesel Oil","Combustion turbine",,"Water Injection",,,"ARP, CSNOX, CSOSG2, CSSO2G1"
"IN","Montpelier Electric Gen Station",55229,"G4CT1",4226,,2020,1188,1034.4,21295.54,,0.072,0.0007,13662.3,0.0584,19.79,0.262,231615.4,"Pipeline Natural Gas","Diesel Oil","Combustion turbine",,"Water Injection",,,"ARP, CSNOX, CSOSG2, CSSO2G1"
"IN","Montpelier Electric Gen Station",55229,"G4CT2",4227,,2020,1186,1034.45,20926.13,,0.071,0.0007,13439.8,0.0585,25.213,0.3118,227812.2,"Pipeline Natural Gas","Diesel Oil","Combustion turbine",,"Water Injection",,,"ARP, CSNOX, CSOSG2, CSSO2G1"
"TX","Jack County Generation Facility",55230,"CT-1",4236,,2020,5074,4874.64,1004376.64,,2.159,0.001,427761.956,0.059,78.789,0.0303,7197987.009,"Pipeline Natural Gas",,"Combined cycle",,"Dry Low NOx Burners|Ammonia Injection|Selective Catalytic Reduction",,,"ARP, CSOSG2"
"TX","Jack County Generation Facility",55230,"CT-2",4237,,2020,4123,3943.3,820569.26,,1.778,0.001,352236.63,0.059,65.832,0.0302,5927034.504,"Pipeline Natural Gas",,"Combined cycle",,"Dry Low NOx Burners|Ammonia Injection|Selective Catalytic Reduction",,,"ARP, CSOSG2"
"TX","Jack County Generation Facility",55230,"CT-3",90582,,2020,3988,3824.14,807529.78,,1.693,0.001,335293.094,0.059,31.313,0.0198,5641910.201,"Pipeline Natural Gas",,"Combined cycle",,"Dry Low NOx Burners|Ammonia Injection|Selective Catalytic Reduction",,,"ARP, CSOSG2"
"TX","Jack County Generation Facility",55230,"CT-4",90583,,2020,3865,3692.71,782088.89,,1.622,0.001,321257.694,0.059,28.015,0.0185,5405802.038,"Pipeline Natural Gas",,"Combined cycle",,"Dry Low NOx Burners|Ammonia Injection|Selective Catalytic Reduction",,,"ARP, CSOSG2"
"PA","Liberty Electric Power Plant",55231,"0001",4238,,2020,7179,7165.24,1266488.96,,4.283,0.001,848437.34,0.059,91.13,0.0131,14276564.243,"Pipeline Natural Gas",,"Combined cycle",,"Dry Low NOx Burners|Selective Catalytic Reduction",,,"ARP, CSNOX, CSOSG2, CSSO2G1"
"PA","Liberty Electric Power Plant",55231,"0002",4239,,2020,6753,6729.76,1144229.51,,3.942,0.001,780893.45,0.059,81.611,0.0129,13139899.107,"Pipeline Natural Gas",,"Combined cycle",,"Dry Low NOx Burners|Selective Catalytic Reduction",,,"ARP, CSNOX, CSOSG2, CSSO2G1"
"KY","Marshall County",55232,"CT1",4240,,2020,56,45.57,3019.33,,0.051,0.0041,2272.775,0.0611,0.65,0.0435,37399.49,"Pipeline Natural Gas","Diesel Oil","Combustion turbine",,"Water Injection|Dry Low NOx Burners",,,"ARP, CSNOX, CSOSG2, CSSO2G1"
"KY","Marshall County",55232,"CT2",4241,,2020,60,51.31,3474.89,,0.045,0.0028,2579.877,0.0615,0.697,0.0392,42474.2,"Pipeline Natural Gas","Diesel Oil","Combustion turbine",,"Water Injection|Dry Low NOx Burners",,,"ARP, CSNOX, CSOSG2, CSSO2G1"
"KY","Marshall County",55232,"CT3",4242,,2020,65,54.8,3667.75,,0.108,0.0064,2805.102,0.0635,0.983,0.0494,45031.014,"Pipeline Natural Gas","Diesel Oil","Combustion turbine",,"Water Injection|Dry Low NOx Burners",,,"ARP, CSNOX, CSOSG2, CSSO2G1"
"KY","Marshall County",55232,"CT4",4243,,2020,64,53.63,3568.17,,0.103,0.0053,2777.834,0.0622,0.981,0.0527,44657.367,"Pipeline Natural Gas","Diesel Oil","Combustion turbine",,"Water Injection|Dry Low NOx Burners",,,"ARP, CSNOX, CSOSG2, CSSO2G1"
"KY","Marshall County",55232,"CT5",4244,,2020,52,41.57,2740.47,,0.045,0.0035,2067.073,0.0623,0.626,0.0463,33766.472,"Pipeline Natural Gas","Diesel Oil","Combustion turbine",,"Water Injection|Dry Low NOx Burners",,,"ARP, CSNOX, CSOSG2, CSSO2G1"
"KY","Marshall County",55232,"CT6",4245,,2020,48,37.41,2554.27,,0.045,0.0035,1943.934,0.0623,0.532,0.045,31669.968,"Pipeline Natural Gas","Diesel Oil","Combustion turbine",,"Water Injection|Dry Low NOx Burners",,,"ARP, CSNOX, CSOSG2, CSSO2G1"
"KY","Marshall County",55232,"CT7",4246,,2020,69,54.14,3443.97,,0.092,0.0048,2728.57,0.0629,1.014,0.0558,43833.292,"Pipeline Natural Gas","Diesel Oil","Combustion turbine",,"Water Injection|Dry Low NOx Burners",,,"ARP, CSNOX, CSOSG2, CSSO2G1"
"KY","Marshall County",55232,"CT8",4247,,2020,63,49.82,3296.15,,0.102,0.0056,2593.39,0.0629,1.045,0.0578,41213.067,"Pipeline Natural Gas","Diesel Oil","Combustion turbine",,"Water Injection|Dry Low NOx Burners",,,"ARP, CSNOX, CSOSG2, CSSO2G1"
"PA","Handsome Lake Energy",55233,"EU-1A",4248,"CP100",2020,790,643,11106.12,,0.041,0.0006,8103.9,0.0578,28.215,0.4783,137277.9,"Pipeline Natural Gas",,"Combustion turbine",,"Water Injection",,,"ARP, CSNOX, CSOSG2, CSSO2G1"
"PA","Handsome Lake Energy",55233,"EU-1B",4249,"CP100",2020,772,627.07,10788.27,,0.04,0.0006,7868.9,0.0579,28.635,0.5062,133285.6,"Pipeline Natural Gas",,"Combustion turbine",,"Water Injection",,,"ARP, CSNOX, CSOSG2, CSSO2G1"
"PA","Handsome Lake Energy",55233,"EU-2A",4250,"CP100",2020,992,816.36,15572.64,,0.057,0.0007,11339.8,0.058,45.822,0.5244,192060.6,"Pipeline Natural Gas",,"Combustion turbine",,"Water Injection",,,"ARP, CSNOX, CSOSG2, CSSO2G1"
"PA","Handsome Lake Energy",55233,"EU-2B",4251,"CP100",2020,742,603.59,10378.77,,0.038,0.0006,7590.8,0.0576,28.05,0.501,128569.5,"Pipeline Natural Gas",,"Combustion turbine",,"Water Injection",,,"ARP, CSNOX, CSOSG2, CSSO2G1"
"PA","Handsome Lake Energy",55233,"EU-3A",4252,"CP100",2020,867,708.1,11841.08,,0.044,0.0006,8613.2,0.0578,29.588,0.4627,145927.7,"Pipeline Natural Gas",,"Combustion turbine",,"Water Injection",,,"ARP, CSNOX, CSOSG2, CSSO2G1"
"PA","Handsome Lake Energy",55233,"EU-3B",4253,"CP100",2020,874,714.32,12046.64,,0.045,0.0006,8762,0.0578,28.752,0.4669,148454.4,"Pipeline Natural Gas",,"Combustion turbine",,"Water Injection",,,"ARP, CSNOX, CSOSG2, CSSO2G1"
"PA","Handsome Lake Energy",55233,"EU-4A",4254,"CP100",2020,852,696.64,11780.79,,0.043,0.0006,8569.3,0.0582,28.776,0.4682,145172.7,"Pipeline Natural Gas",,"Combustion turbine",,"Water Injection",,,"ARP, CSNOX, CSOSG2, CSSO2G1"
"PA","Handsome Lake Energy",55233,"EU-4B",4255,"CP100",2020,853,697.12,11799.21,,0.043,0.0006,8581.6,0.0583,31.586,0.4922,145380.9,"Pipeline Natural Gas",,"Combustion turbine",,"Water Injection",,,"ARP, CSNOX, CSOSG2, CSSO2G1"
"PA","Handsome Lake Energy",55233,"EU-5A",4256,"CP100",2020,876,720.4,13166.59,,0.048,0.0006,9579.2,0.0581,38.397,0.5292,162246.1,"Pipeline Natural Gas",,"Combustion turbine",,"Water Injection",,,"ARP, CSNOX, CSOSG2, CSSO2G1"
"PA","Handsome Lake Energy",55233,"EU-5B",4257,"CP100",2020,889,733.49,13485.54,,0.049,0.0006,9810.9,0.0581,38.408,0.5203,166174.7,"Pipeline Natural Gas",,"Combustion turbine",,"Water Injection",,,"ARP, CSNOX, CSOSG2, CSSO2G1"
"MO","Audrain Power Plant",55234,"CT1",4258,,2020,65,53.91,3137.4,,0.011,0.001,2258.034,0.0573,0.496,0.0258,37994.121,"Pipeline Natural Gas",,"Combustion turbine",,"Dry Low NOx Burners",,,"ARP, CSNOX, CSOSG2, CSSO2G1"
"MO","Audrain Power Plant",55234,"CT2",4259,,2020,64,54.85,3238.5,,0.012,0.001,2310.147,0.0591,0.524,0.0262,38873.981,"Pipeline Natural Gas",,"Combustion turbine",,"Dry Low NOx Burners",,,"ARP, CSNOX, CSOSG2, CSSO2G1"
"MO","Audrain Power Plant",55234,"CT3",4260,,2020,56,47.05,2744.4,,0.01,0.001,1987.777,0.0589,0.41,0.0243,33449.303,"Pipeline Natural Gas",,"Combustion turbine",,"Dry Low NOx Burners",,,"ARP, CSNOX, CSOSG2, CSSO2G1"
"MO","Audrain Power Plant",55234,"CT4",4261,,2020,54,46.38,2717.99,,0.01,0.001,1953.832,0.0579,0.364,0.0225,32876.041,"Pipeline Natural Gas",,"Combustion turbine",,"Dry Low NOx Burners",,,"ARP, CSNOX, CSOSG2, CSSO2G1"
"MO","Audrain Power Plant",55234,"CT5",4262,,2020,61,51.64,3039.76,,0.011,0.001,2181.388,0.058,0.409,0.0222,36701.669,"Pipeline Natural Gas",,"Combustion turbine",,"Dry Low NOx Burners",,,"ARP, CSNOX, CSOSG2, CSSO2G1"
"MO","Audrain Power Plant",55234,"CT6",4263,,2020,53,45.31,2691.07,,0.01,0.001,1957.152,0.0568,0.425,0.0256,32930.478,"Pipeline Natural Gas",,"Combustion turbine",,"Dry Low NOx Burners",,,"ARP, CSNOX, CSOSG2, CSSO2G1"
"MO","Audrain Power Plant",55234,"CT7",4264,,2020,54,46.43,2737.34,,0.01,0.001,2014.442,0.0591,0.464,0.0268,33891.169,"Pipeline Natural Gas",,"Combustion turbine",,"Dry Low NOx Burners",,,"ARP, CSNOX, CSOSG2, CSSO2G1"
"MO","Audrain Power Plant",55234,"CT8",4265,,2020,47,39.31,2315.15,,0.009,0.001,1694.626,0.0579,0.336,0.0234,28515.366,"Pipeline Natural Gas",,"Combustion turbine",,"Dry Low NOx Burners",,,"ARP, CSNOX, CSOSG2, CSSO2G1"
"IL","Lee County Generating Station, LLC",55236,"CT1",4266,,2020,511,446.36,24527.15,,0.097,0.001,19283.74,0.059,5.11,0.0372,324469.741,"Pipeline Natural Gas",,"Combustion turbine",,"Dry Low NOx Burners",,,"ARP, CSNOX, CSOSG2, CSSO2G1"
"IL","Lee County Generating Station, LLC",55236,"CT2",4267,,2020,766,671.3,40991.38,,0.158,0.001,31244.643,0.0589,8.268,0.0359,525739.638,"Pipeline Natural Gas",,"Combustion turbine",,"Dry Low NOx Burners",,,"ARP, CSNOX, CSOSG2, CSSO2G1"
"IL","Lee County Generating Station, LLC",55236,"CT3",4268,,2020,594,521.28,28985.72,,0.114,0.001,22520.36,0.0595,6.225,0.0379,378950.136,"Pipeline Natural Gas",,"Combustion turbine",,"Dry Low NOx Burners",,,"ARP, CSNOX, CSOSG2, CSSO2G1"
"IL","Lee County Generating Station, LLC",55236,"CT4",4269,,2020,572,503.82,27762,,0.109,0.001,21655.853,0.0591,6.125,0.0377,364383.896,"Pipeline Natural Gas",,"Combustion turbine",,"Dry Low NOx Burners",,,"ARP, CSNOX, CSOSG2, CSSO2G1"
"IL","Lee County Generating Station, LLC",55236,"CT5",4270,,2020,684,595.29,35616.02,,0.138,0.001,27334.279,0.059,6.462,0.0335,459934.723,"Pipeline Natural Gas",,"Combustion turbine",,"Dry Low NOx Burners",,,"ARP, CSNOX, CSOSG2, CSSO2G1"
"IL","Lee County Generating Station, LLC",55236,"CT6",4271,,2020,785,687.69,41266.48,,0.158,0.001,31393.95,0.059,7.615,0.0335,528275.06,"Pipeline Natural Gas",,"Combustion turbine",,"Dry Low NOx Burners",,,"ARP, CSNOX, CSOSG2, CSSO2G1"
"IL","Lee County Generating Station, LLC",55236,"CT7",4272,,2020,665,580.53,32535.53,,0.128,0.001,25325.199,0.0591,7.217,0.0393,426123.897,"Pipeline Natural Gas",,"Combustion turbine",,"Dry Low NOx Burners",,,"ARP, CSNOX, CSOSG2, CSSO2G1"
"IL","Lee County Generating Station, LLC",55236,"CT8",4273,,2020,580,507.2,29030.21,,0.114,0.001,22547.228,0.059,6.185,0.0374,379419.061,"Pipeline Natural Gas",,"Combustion turbine",,"Dry Low NOx Burners",,,"ARP, CSNOX, CSOSG2, CSSO2G1"
"IL","Shelby County",55237,"SCE1",4274,,2020,597,502.43,22182.31,,0.07,0.0008,12631.9,0.0585,11.591,0.2261,214209.6,"Pipeline Natural Gas",,"Combustion turbine",,"Water Injection",,,"ARP, CSNOX, CSOSG2, CSSO2G1"
"IL","Shelby County",55237,"SCE2",4275,,2020,1198,1026.91,44022.19,,0.144,0.0008,25284.6,0.0588,24.344,0.2186,428600.6,"Pipeline Natural Gas",,"Combustion turbine",,"Water Injection",,,"ARP, CSNOX, CSOSG2, CSSO2G1"
"IL","Shelby County",55237,"SCE3",4276,,2020,923,771.96,32586.94,,0.107,0.0008,18951.2,0.0588,18.614,0.2359,321109,"Pipeline Natural Gas",,"Combustion turbine",,"Water Injection",,,"ARP, CSNOX, CSOSG2, CSSO2G1"
"IL","Shelby County",55237,"SCE4",4277,,2020,1153,976.78,41964.93,,0.13,0.0008,23493.9,0.0582,23.277,0.2281,397976.4,"Pipeline Natural Gas",,"Combustion turbine",,"Water Injection",,,"ARP, CSNOX, CSOSG2, CSSO2G1"
"IL","Shelby County",55237,"SCE5",4278,,2020,1225,1054.02,46499.17,,0.148,0.0008,26105.7,0.0589,24.102,0.2122,442183.3,"Pipeline Natural Gas",,"Combustion turbine",,"Water Injection",,,"ARP, CSNOX, CSOSG2, CSSO2G1"
"IL","Shelby County",55237,"SCE6",4279,,2020,1173,1003.75,44306.17,,0.142,0.0008,25565.9,0.0587,23.981,0.2168,433404.7,"Pipeline Natural Gas",,"Combustion turbine",,"Water Injection",,,"ARP, CSNOX, CSOSG2, CSSO2G1"
"IL","Shelby County",55237,"SCE7",4280,,2020,1187,1018.51,44500.45,,0.143,0.0008,25122.5,0.0589,24.214,0.2177,425844.6,"Pipeline Natural Gas",,"Combustion turbine",,"Water Injection",,,"ARP, CSNOX, CSOSG2, CSSO2G1"
"IL","Shelby County",55237,"SCE8",4281,,2020,1113,952.98,41051.85,,0.135,0.0008,23966.8,0.059,22.008,0.2147,406467.3,"Pipeline Natural Gas",,"Combustion turbine",,"Water Injection",,,"ARP, CSNOX, CSOSG2, CSSO2G1"
"IL","Rockford Energy Center",55238,"0001",4282,,2020,594,509.29,65670.22,,0.216,0.001,42834.787,0.059,18.952,0.0523,720790.889,"Pipeline Natural Gas",,"Combustion turbine",,"Dry Low NOx Burners",,,"ARP, CSNOX, CSOSG2, CSSO2G1"
"IL","Rockford Energy Center",55238,"0002",4283,,2020,544,478.7,63475.17,,0.202,0.001,40079.427,0.059,17.182,0.0501,674420.085,"Pipeline Natural Gas",,"Combustion turbine",,"Dry Low NOx Burners",,,"ARP, CSNOX, CSOSG2, CSSO2G1"
"NJ","Red Oak Power, LLC",55239,"1",8480,,2020,4160,4126.49,638221.73,,2.062,0.001,408423.555,0.059,38.901,0.0126,6872481.733,"Pipeline Natural Gas",,"Combined cycle",,"Dry Low NOx Burners|Ammonia Injection|Selective Catalytic Reduction",,,"ARP, CSNOX, CSOSG2, CSSO2G1, RGGI"
"NJ","Red Oak Power, LLC",55239,"2",8482,,2020,3897,3838.77,603494.73,,1.937,0.001,383660.943,0.059,36.56,0.0128,6455826.779,"Pipeline Natural Gas",,"Combined cycle",,"Dry Low NOx Burners|Ammonia Injection|Selective Catalytic Reduction",,,"ARP, CSNOX, CSOSG2, CSSO2G1, RGGI"
"NJ","Red Oak Power, LLC",55239,"3",8484,,2020,4065,4011.52,626412.23,,2.012,0.001,398568.116,0.059,37.77,0.0125,6706668.903,"Pipeline Natural Gas",,"Combined cycle",,"Dry Low NOx Burners|Ammonia Injection|Selective Catalytic Reduction",,,"ARP, CSNOX, CSOSG2, CSSO2G1, RGGI"
"AL","Hog Bayou Energy Center",55241,"COG01",4286,,2020,7972,7955.59,1678539.05,,3.796,0.001,751871.215,0.059,61.739,0.0102,12651626.193,"Pipeline Natural Gas","Diesel Oil","Combined cycle",,"Dry Low NOx Burners|Water Injection|Selective Catalytic Reduction",,,"ARP, CSNOX, CSOSG2, CSSO2G2"
"FL","Santa Rosa Energy Center",55242,"CT-1",4287,,2020,6812,6798.54,1557506.9,,3.348,0.001,663271.781,0.059,166.214,0.0305,11160881.175,"Pipeline Natural Gas",,"Combined cycle",,"Dry Low NOx Burners",,,"ARP"
"NY","Astoria Gas Turbine Power",55243,"CT0005",3490,,2020,0,0,,,,,,,,,,"Diesel Oil",,"Combustion turbine",,,,,"SIPNOX"
"NY","Astoria Gas Turbine Power",55243,"CT0007",3491,,2020,0,0,,,,,,,,,,"Diesel Oil",,"Combustion turbine",,,,,"SIPNOX"
"NY","Astoria Gas Turbine Power",55243,"CT0008",3492,,2020,0,0,,,,,,,,,,"Diesel Oil",,"Combustion turbine",,,,,"SIPNOX"
"NY","Astoria Gas Turbine Power",55243,"CT0010",3494,,2020,0,0,,,,,,,,,,"Diesel Oil",,"Combustion turbine",,,,,"SIPNOX"
"NY","Astoria Gas Turbine Power",55243,"CT0011",3495,,2020,0,0,,,,,,,,,,"Diesel Oil",,"Combustion turbine",,,,,"SIPNOX"
"NY","Astoria Gas Turbine Power",55243,"CT0012",3496,,2020,0,0,,,,,,,,,,"Diesel Oil",,"Combustion turbine",,,,,"SIPNOX"
"NY","Astoria Gas Turbine Power",55243,"CT0013",3497,,2020,0,0,,,,,,,,,,"Diesel Oil",,"Combustion turbine",,,,,"SIPNOX"
"NY","Astoria Gas Turbine Power",55243,"CT2-1A",3498,"CP0002",2020,111,57.84,1085.2,,0.023,0.0094,916.4,0.0587,3.828,0.4976,15508.5,"Pipeline Natural Gas","Diesel Oil","Combustion turbine",,,,,"CSNOX, CSOSG2, CSSO2G1, RGGI"
"NY","Astoria Gas Turbine Power",55243,"CT2-1B",10215,"CP0002",2020,111,57.84,1085.2,,0.023,0.0094,916.4,0.0587,3.801,0.4926,15508.5,"Pipeline Natural Gas","Diesel Oil","Combustion turbine",,,,,"CSNOX, CSOSG2, CSSO2G1, RGGI"
"NY","Astoria Gas Turbine Power",55243,"CT2-2A",3499,"CP0002",2020,40,16.64,298.04,,0.008,0.038,250.9,0.0594,1.049,0.5144,4246.2,"Pipeline Natural Gas","Diesel Oil","Combustion turbine",,,,,"CSNOX, CSOSG2, CSSO2G1, RGGI"
"NY","Astoria Gas Turbine Power",55243,"CT2-2B",10217,"CP0002",2020,40,16.64,298.04,,0.008,0.038,250.9,0.0594,1.042,0.5115,4246.2,"Pipeline Natural Gas","Diesel Oil","Combustion turbine",,,,,"CSNOX, CSOSG2, CSSO2G1, RGGI"
"NY","Astoria Gas Turbine Power",55243,"CT2-3A",3500,"CP0002",2020,89,44.25,781.47,,0.012,0.006,663.1,0.0607,2.768,0.4931,11223.3,"Pipeline Natural Gas","Diesel Oil","Combustion turbine",,,,,"CSNOX, CSOSG2, CSSO2G1, RGGI"
"NY","Astoria Gas Turbine Power",55243,"CT2-3B",10219,"CP0002",2020,89,44.25,781.47,,0.012,0.006,663.1,0.0607,2.752,0.4916,11223.3,"Pipeline Natural Gas","Diesel Oil","Combustion turbine",,,,,"CSNOX, CSOSG2, CSSO2G1, RGGI"
"NY","Astoria Gas Turbine Power",55243,"CT2-4A",3501,"CP0002",2020,83,36.98,689.4,,0.005,0.0064,583.3,0.0596,2.433,0.4962,9880.9,"Pipeline Natural Gas","Diesel Oil","Combustion turbine",,,,,"CSNOX, CSOSG2, CSSO2G1, RGGI"
"NY","Astoria Gas Turbine Power",55243,"CT2-4B",10221,"CP0002",2020,83,36.98,689.4,,0.005,0.0064,583.3,0.0596,2.418,0.4945,9880.9,"Pipeline Natural Gas","Diesel Oil","Combustion turbine",,,,,"CSNOX, CSOSG2, CSSO2G1, RGGI"
"NY","Astoria Gas Turbine Power",55243,"CT3-1A",3502,"CP0003",2020,46,18.83,324.82,,0.207,0.0654,289.6,0.0621,1.278,0.5359,4599.5,"Pipeline Natural Gas","Diesel Oil","Combustion turbine",,,,,"CSNOX, CSOSG2, CSSO2G1, RGGI"
"NY","Astoria Gas Turbine Power",55243,"CT3-1B",10223,"CP0003",2020,46,18.83,322.82,,0.207,0.0654,287.8,0.0621,1.274,0.5377,4569,"Pipeline Natural Gas","Diesel Oil","Combustion turbine",,,,,"CSNOX, CSOSG2, CSSO2G1, RGGI"
"NY","Astoria Gas Turbine Power",55243,"CT3-2A",3503,"CP0003",2020,103,46.2,855.65,,0.017,0.0273,719.7,0.06,3.006,0.5099,12178.4,"Pipeline Natural Gas","Diesel Oil","Combustion turbine",,,,,"CSNOX, CSOSG2, CSSO2G1, RGGI"
"NY","Astoria Gas Turbine Power",55243,"CT3-2B",10225,"CP0003",2020,103,46.2,855.65,,0.017,0.0273,719.7,0.06,2.948,0.5046,12178.4,"Pipeline Natural Gas","Diesel Oil","Combustion turbine",,,,,"CSNOX, CSOSG2, CSSO2G1, RGGI"
"NY","Astoria Gas Turbine Power",55243,"CT3-3A",3504,"CP0003",2020,115,60.86,1087.25,,0.108,0.0225,905,0.0599,3.817,0.5076,15190.3,"Pipeline Natural Gas","Diesel Oil","Combustion turbine",,,,,"CSNOX, CSOSG2, CSSO2G1, RGGI"
"NY","Astoria Gas Turbine Power",55243,"CT3-3B",10227,"CP0003",2020,115,60.86,1087.25,,0.108,0.0225,905,0.0599,3.814,0.509,15190.3,"Pipeline Natural Gas","Diesel Oil","Combustion turbine",,,,,"CSNOX, CSOSG2, CSSO2G1, RGGI"
"NY","Astoria Gas Turbine Power",55243,"CT3-4A",3505,"CP0003",2020,75,34.03,596.88,,0.014,0.0409,496.8,0.0604,2.077,0.5229,8403.1,"Pipeline Natural Gas","Diesel Oil","Combustion turbine",,,,,"CSNOX, CSOSG2, CSSO2G1, RGGI"
"NY","Astoria Gas Turbine Power",55243,"CT3-4B",10229,"CP0003",2020,75,34.03,596.88,,0.014,0.0409,496.8,0.0604,2.066,0.5287,8403.1,"Pipeline Natural Gas","Diesel Oil","Combustion turbine",,,,,"CSNOX, CSOSG2, CSSO2G1, RGGI"
"NY","Astoria Gas Turbine Power",55243,"CT4-1A",3506,"CP0004",2020,143,76.27,1286.27,,0.12,0.0144,1189.5,0.0602,4.777,0.479,19968.9,"Pipeline Natural Gas","Diesel Oil","Combustion turbine",,,,,"CSNOX, CSOSG2, CSSO2G1, RGGI"
"NY","Astoria Gas Turbine Power",55243,"CT4-1B",10231,"CP0004",2020,143,76.27,1286.27,,0.12,0.0144,1189.5,0.0602,4.777,0.4792,19968.9,"Pipeline Natural Gas","Diesel Oil","Combustion turbine",,,,,"CSNOX, CSOSG2, CSSO2G1, RGGI"
"NY","Astoria Gas Turbine Power",55243,"CT4-2A",3507,"CP0004",2020,102,53.4,943.18,,0.121,0.0201,872.5,0.0612,3.293,0.4549,14597,"Pipeline Natural Gas","Diesel Oil","Combustion turbine",,,,,"CSNOX, CSOSG2, CSSO2G1, RGGI"
"NY","Astoria Gas Turbine Power",55243,"CT4-2B",10233,"CP0004",2020,102,53.4,943.18,,0.121,0.0201,872.5,0.0612,3.456,0.476,14597,"Pipeline Natural Gas","Diesel Oil","Combustion turbine",,,,,"CSNOX, CSOSG2, CSSO2G1, RGGI"
"NY","Astoria Gas Turbine Power",55243,"CT4-3A",3508,"CP0004",2020,109,55.37,994.13,,0.031,0.0158,910.7,0.0581,3.801,0.5015,15371,"Pipeline Natural Gas","Diesel Oil","Combustion turbine",,,,,"CSNOX, CSOSG2, CSSO2G1, RGGI"
"NY","Astoria Gas Turbine Power",55243,"CT4-3B",10235,"CP0004",2020,109,55.37,994.13,,0.031,0.0158,910.7,0.0581,3.783,0.5003,15371,"Pipeline Natural Gas","Diesel Oil","Combustion turbine",,,,,"CSNOX, CSOSG2, CSSO2G1, RGGI"
"NY","Astoria Gas Turbine Power",55243,"CT4-4A",3509,"CP0004",2020,107,51.64,910.06,,0.088,0.0195,839.9,0.0597,3.53,0.5033,14083.4,"Pipeline Natural Gas","Diesel Oil","Combustion turbine",,,,,"CSNOX, CSOSG2, CSSO2G1, RGGI"
"NY","Astoria Gas Turbine Power",55243,"CT4-4B",10237,"CP0004",2020,107,51.64,910.06,,0.088,0.0195,839.9,0.0597,3.524,0.504,14083.4,"Pipeline Natural Gas","Diesel Oil","Combustion turbine",,,,,"CSNOX, CSOSG2, CSSO2G1, RGGI"
"GA","Doyle Energy Facility",55244,"CTG-1",4308,,2020,0,0,,,,,,,,,,"Pipeline Natural Gas",,"Combustion turbine",,"Dry Low NOx Burners",,,
"GA","Doyle Energy Facility",55244,"CTG-2",4309,,2020,303,244.09,13271.03,,0.054,0.001,10635.576,0.0588,9.028,0.1006,178954.174,"Pipeline Natural Gas",,"Combustion turbine",,"Dry Low NOx Burners",,,"ARP, CSNOX, CSOSG1, CSSO2G2"
"GA","Doyle Energy Facility",55244,"CTG-3",4310,,2020,242,195.61,10609.55,,0.043,0.001,8477.199,0.0593,7.192,0.1014,142650.65,"Pipeline Natural Gas",,"Combustion turbine",,"Dry Low NOx Burners",,,"ARP, CSNOX, CSOSG1, CSSO2G2"
"GA","Doyle Energy Facility",55244,"CTG-4",4311,,2020,793,666.43,46721.92,,0.164,0.001,32499.537,0.0591,8.255,0.0377,546869.419,"Pipeline Natural Gas",,"Combustion turbine",,"Dry Low NOx Burners",,,"ARP, CSNOX, CSOSG1, CSSO2G2"
"GA","Doyle Energy Facility",55244,"CTG-5",4312,,2020,712,596.66,40716.49,,0.144,0.001,28523.097,0.0591,7.299,0.0386,479961.093,"Pipeline Natural Gas",,"Combustion turbine",,"Dry Low NOx Burners",,,"ARP, CSNOX, CSOSG1, CSSO2G2"
"OH","Darby Electric Generating Station",55247,"CT1",4313,,2020,997,881.96,64210.42,,0.68,0.0026,45662.9,0.0588,49.561,0.2303,767117.3,"Pipeline Natural Gas","Diesel Oil","Combustion turbine",,"Dry Low NOx Burners|Water Injection",,,"ARP, CSNOX, CSOSG2, CSSO2G1"
"OH","Darby Electric Generating Station",55247,"CT2",4314,,2020,1045,922.02,66974.99,,0.268,0.0013,47294.8,0.0581,47.484,0.22,801258.7,"Pipeline Natural Gas","Diesel Oil","Combustion turbine",,"Dry Low NOx Burners|Water Injection",,,"ARP, CSNOX, CSOSG2, CSSO2G1"
"OH","Darby Electric Generating Station",55247,"CT3",4315,,2020,1048,929.47,67938.84,,0.262,0.001,48452.3,0.0584,45.952,0.2034,821079.4,"Pipeline Natural Gas","Diesel Oil","Combustion turbine",,"Dry Low NOx Burners|Water Injection",,,"ARP, CSNOX, CSOSG2, CSSO2G1"
"OH","Darby Electric Generating Station",55247,"CT4",4316,,2020,1036,922.87,66632.67,,0.247,0.001,47155.8,0.0585,48.528,0.2134,799153,"Pipeline Natural Gas","Diesel Oil","Combustion turbine",,"Dry Low NOx Burners|Water Injection",,,"ARP, CSNOX, CSOSG2, CSSO2G1"
"OH","Darby Electric Generating Station",55247,"CT5",4317,,2020,1011,901.93,65715.47,,0.239,0.001,45684.5,0.0586,43.411,0.2042,774228.6,"Pipeline Natural Gas","Diesel Oil","Combustion turbine",,"Dry Low NOx Burners|Water Injection",,,"ARP, CSNOX, CSOSG2, CSSO2G1"
"OH","Darby Electric Generating Station",55247,"CT6",4318,,2020,1033,920.86,66699.52,,0.37,0.0015,46902.6,0.0588,44.096,0.2059,793269,"Pipeline Natural Gas","Diesel Oil","Combustion turbine",,"Dry Low NOx Burners|Water Injection",,,"ARP, CSNOX, CSOSG2, CSSO2G1"
"OH","Tait Electric Generating Station",55248,"CT4",4319,,2020,2760,2447.93,170043.94,,0.647,0.0009,126750.9,0.0589,78.622,0.1691,2148391.7,"Pipeline Natural Gas","Diesel Oil","Combustion turbine",,"Water Injection|Dry Low NOx Burners",,,"ARP, CSNOX, CSOSG2, CSSO2G1"
"OH","Tait Electric Generating Station",55248,"CT5",4320,,2020,2872,2554.62,182583.26,,0.675,0.0009,132385.9,0.0589,83.716,0.1665,2243759.1,"Pipeline Natural Gas","Diesel Oil","Combustion turbine",,"Water Injection|Dry Low NOx Burners",,,"ARP, CSNOX, CSOSG2, CSSO2G1"
"OH","Tait Electric Generating Station",55248,"CT6",4321,,2020,2807,2483.94,171984.74,,0.656,0.0009,129375.3,0.0589,72.73,0.1597,2193043.8,"Pipeline Natural Gas","Diesel Oil","Combustion turbine",,"Water Injection|Dry Low NOx Burners",,,"ARP, CSNOX, CSOSG2, CSSO2G1"
"OH","Tait Electric Generating Station",55248,"CT7",4322,,2020,2846,2531.01,175653.13,,0.609,0.0009,120393.2,0.0589,70.589,0.1595,2040787,"Pipeline Natural Gas","Diesel Oil","Combustion turbine",,"Water Injection|Dry Low NOx Burners",,,"ARP, CSNOX, CSOSG2, CSSO2G1"
"IL","University Park Energy",55250,"UP1",4323,"CP100",2020,1398,1220.27,27041.92,,0.094,0.0007,17457.8,0.0589,29.01,0.2401,295942.7,"Pipeline Natural Gas",,"Combustion turbine",,"Water Injection",,,"ARP, CSNOX, CSOSG2, CSSO2G1"
"IL","University Park Energy",55250,"UP10",4324,"CP100",2020,1294,1098.22,24924.84,,0.087,0.0007,16123,0.0587,25.153,0.2148,273325.5,"Pipeline Natural Gas",,"Combustion turbine",,"Water Injection",,,"ARP, CSNOX, CSOSG2, CSSO2G1"
"IL","University Park Energy",55250,"UP11",4325,"CP100",2020,1813,1611.46,35116.57,,0.121,0.0007,22647.9,0.059,34.759,0.2153,383911.9,"Pipeline Natural Gas",,"Combustion turbine",,"Water Injection",,,"ARP, CSNOX, CSOSG2, CSSO2G1"
"IL","University Park Energy",55250,"UP12",4326,"CP100",2020,1738,1549.57,33352.43,,0.114,0.0007,21535,0.0589,33.127,0.2133,364896,"Pipeline Natural Gas",,"Combustion turbine",,"Water Injection",,,"ARP, CSNOX, CSOSG2, CSSO2G1"
"IL","University Park Energy",55250,"UP2",4327,"CP100",2020,1621,1417.62,30310.56,,0.107,0.0007,19573.8,0.059,31.258,0.2302,331524.7,"Pipeline Natural Gas",,"Combustion turbine",,"Water Injection",,,"ARP, CSNOX, CSOSG2, CSSO2G1"
"IL","University Park Energy",55250,"UP3",4328,"CP100",2020,1891,1641.8,36667.4,,0.128,0.0008,23599.2,0.0589,36.566,0.2173,399986.3,"Pipeline Natural Gas",,"Combustion turbine",,"Water Injection",,,"ARP, CSNOX, CSOSG2, CSSO2G1"
"IL","University Park Energy",55250,"UP4",4329,"CP100",2020,1828,1617.71,35741.06,,0.126,0.0007,23014.8,0.0589,34.789,0.2102,389927.1,"Pipeline Natural Gas",,"Combustion turbine",,"Water Injection",,,"ARP, CSNOX, CSOSG2, CSSO2G1"
"IL","University Park Energy",55250,"UP5",4330,"CP100",2020,1986,1755.98,39364.02,,0.136,0.0007,25390.8,0.059,38.319,0.2117,430471.3,"Pipeline Natural Gas",,"Combustion turbine",,"Water Injection",,,"ARP, CSNOX, CSOSG2, CSSO2G1"
"IL","University Park Energy",55250,"UP6",4331,"CP100",2020,1973,1750.02,37557.79,,0.131,0.0007,24240.7,0.0591,37.025,0.2143,410616,"Pipeline Natural Gas",,"Combustion turbine",,"Water Injection",,,"ARP, CSNOX, CSOSG2, CSSO2G1"
"IL","University Park Energy",55250,"UP7",4332,"CP100",2020,1896,1674.52,38407.88,,0.133,0.0008,24785.6,0.0589,37.514,0.2148,420214.8,"Pipeline Natural Gas",,"Combustion turbine",,"Water Injection",,,"ARP, CSNOX, CSOSG2, CSSO2G1"
"IL","University Park Energy",55250,"UP8",4333,"CP100",2020,1904,1692.52,36946.63,,0.131,0.0007,23854,0.0591,36.215,0.2135,404134.4,"Pipeline Natural Gas",,"Combustion turbine",,"Water Injection",,,"ARP, CSNOX, CSOSG2, CSSO2G1"
"IL","University Park Energy",55250,"UP9",4334,"CP100",2020,1319,1107.85,23581.4,,0.084,0.0007,15266.8,0.0589,25.305,0.2263,258661.2,"Pipeline Natural Gas",,"Combustion turbine",,"Water Injection",,,"ARP, CSNOX, CSOSG2, CSSO2G1"
"TN","Gleason Combustion Turbine Plant",55251,"CTG-1",4335,,2020,1246,1153.9,188219.56,,0.606,0.001,120044.576,0.059,72.56,0.0719,2020009.007,"Pipeline Natural Gas",,"Combustion turbine",,"Dry Low NOx Burners",,,"ARP, CSNOX, CSOSG2, CSSO2G1"
"TN","Gleason Combustion Turbine Plant",55251,"CTG-2",4336,,2020,1061,988.66,162598.37,,0.524,0.001,103726.537,0.059,58.996,0.0678,1745435.525,"Pipeline Natural Gas",,"Combustion turbine",,"Dry Low NOx Burners",,,"ARP, CSNOX, CSOSG2, CSSO2G1"
"TN","Gleason Combustion Turbine Plant",55251,"CTG-3",4337,,2020,753,690.78,104695.12,,0.34,0.001,67386.992,0.059,39.026,0.0687,1133920.625,"Pipeline Natural Gas",,"Combustion turbine",,"Dry Low NOx Burners",,,"ARP, CSNOX, CSOSG2, CSSO2G1"
"IL","Crete Energy Park",55253,"GT1",4339,,2020,126,100.29,5969.16,,0.024,0.001,4675.372,0.059,1.109,0.0282,78677.36,"Pipeline Natural Gas",,"Combustion turbine",,"Dry Low NOx Burners",,,"ARP, CSNOX, CSOSG2, CSSO2G1"
"IL","Crete Energy Park",55253,"GT2",4340,,2020,265,219.84,15308.37,,0.057,0.001,11257.538,0.059,2.429,0.0253,189470.852,"Pipeline Natural Gas",,"Combustion turbine",,"Dry Low NOx Burners",,,"ARP, CSNOX, CSOSG2, CSSO2G1"
"IL","Crete Energy Park",55253,"GT3",4341,,2020,229,193.53,13863.47,,0.051,0.001,10058.794,0.059,2.311,0.0269,169288.299,"Pipeline Natural Gas",,"Combustion turbine",,"Dry Low NOx Burners",,,"ARP, CSNOX, CSOSG2, CSSO2G1"
"IL","Crete Energy Park",55253,"GT4",4342,,2020,93,77.79,4599.13,,0.019,0.001,3747.64,0.059,0.809,0.0254,63061.007,"Pipeline Natural Gas",,"Combustion turbine",,"Dry Low NOx Burners",,,"ARP, CSNOX, CSOSG2, CSSO2G1"
"IN","Whiting Clean Energy, Inc.",55259,"CT1",4357,,2020,8365,8360.07,1118460.53,,3.849,0.001,762437.854,0.059,51.332,0.0081,12829433.977,"Pipeline Natural Gas",,"Combined cycle",,"Dry Low NOx Burners|Selective Catalytic Reduction",,,"ARP, CSNOX, CSOSG2, CSSO2G1"
"IN","Whiting Clean Energy, Inc.",55259,"CT2",4358,,2020,8432,8429.8,1140756.16,,3.967,0.001,785765.463,0.059,52.14,0.0079,13222029.44,"Pipeline Natural Gas",,"Combined cycle",,"Dry Low NOx Burners|Selective Catalytic Reduction",,,"ARP, CSNOX, CSOSG2, CSSO2G1"
"OH","AMP-Ohio Gas Turbines Bowling Green",55262,"CT1",4361,,2020,129,104.64,1996.84,,0.008,0.0006,1673.9,0.059,2.127,0.15,28358.2,"Pipeline Natural Gas",,"Combustion turbine",,"Selective Catalytic Reduction",,,"ARP, CSNOX, CSOSG2, CSSO2G1"
"OH","AMP-Ohio Gas Turbines Galion",55263,"CT1",4363,,2020,115,94.28,1830.79,,0.01,0.0008,1993.4,0.0591,2.533,0.1501,33758.6,"Pipeline Natural Gas",,"Combustion turbine",,"Selective Catalytic Reduction",,,"ARP, CSNOX, CSOSG2, CSSO2G1"
"OH","AMP-Ohio Gas Turbines Napoleon",55264,"CT1",4365,,2020,54,47.15,1103.57,,0.006,0.0009,1192.8,0.0591,1.515,0.15,20202.7,"Pipeline Natural Gas",,"Combustion turbine",,"Selective Catalytic Reduction",,,"ARP, CSNOX, CSOSG2, CSSO2G1"
"GA","Edward L Addison Generating Plant",55267,"1",4369,,2020,23,17.27,2180.96,,0.008,0.0012,1438.593,0.0584,0.422,0.0513,24070.128,"Pipeline Natural Gas","Diesel Oil","Combustion turbine",,"Dry Low NOx Burners",,,"ARP, CSNOX, CSOSG1, CSSO2G2"
"GA","Edward L Addison Generating Plant",55267,"2",4370,,2020,1504,1317.37,185010.47,,0.618,0.001,120503.183,0.0592,35.576,0.0446,2025238.967,"Pipeline Natural Gas","Diesel Oil","Combustion turbine",,"Dry Low NOx Burners",,,"ARP, CSNOX, CSOSG1, CSSO2G2"
"GA","Edward L Addison Generating Plant",55267,"3",4371,,2020,22,16.92,2137.17,,0.008,0.0013,1428.708,0.0612,0.627,0.0993,23766.085,"Pipeline Natural Gas","Diesel Oil","Combustion turbine",,"Dry Low NOx Burners",,,"ARP, CSNOX, CSOSG1, CSSO2G2"
"GA","Edward L Addison Generating Plant",55267,"4",4372,,2020,1344,1189.54,163908.72,,0.549,0.001,108542.616,0.0591,33.502,0.0443,1826226.68,"Pipeline Natural Gas","Diesel Oil","Combustion turbine",,"Dry Low NOx Burners",,,"ARP, CSNOX, CSOSG1, CSSO2G2"
"MS","Southaven Combined Cycle Plant",55269,"AA-001",4373,,2020,6565,6481.82,1604134.68,,3.272,0.001,648096.515,0.059,68.169,0.0148,10905533.652,"Pipeline Natural Gas",,"Combined cycle",,"Dry Low NOx Burners|Selective Catalytic Reduction",,,"ARP, CSOSG2"
"MS","Southaven Combined Cycle Plant",55269,"AA-002",4374,,2020,6546,6460.02,1602496.33,,3.284,0.001,650531.829,0.059,62.216,0.0133,10946470.957,"Pipeline Natural Gas",,"Combined cycle",,"Dry Low NOx Burners|Selective Catalytic Reduction",,,"ARP, CSOSG2"
"MS","Southaven Combined Cycle Plant",55269,"AA-003",4375,,2020,6507,6451.03,1607516.47,,3.187,0.001,631215.482,0.059,61.768,0.0129,10621404.051,"Pipeline Natural Gas",,"Combined cycle",,"Dry Low NOx Burners|Selective Catalytic Reduction",,,"ARP, CSOSG2"
"MI","Jackson Generating Station",55270,"7EA",4376,,2020,4754,4570.27,553480.89,,1.257,0.001,248962.445,0.059,57.586,0.0327,4189224.32,"Pipeline Natural Gas",,"Combined cycle",,"Dry Low NOx Burners",,,"ARP, CSNOX, CSOSG2, CSSO2G1"
"MI","Jackson Generating Station",55270,"LM1",4377,,2020,4768,4499.03,223880.61,,0.54,0.001,106948.248,0.0592,68.648,0.0868,1799613.243,"Pipeline Natural Gas",,"Combined cycle",,"Steam Injection",,,"ARP, CSNOX, CSOSG2, CSSO2G1"
"MI","Jackson Generating Station",55270,"LM2",4378,,2020,4692,4434.59,213759.17,,0.532,0.001,105282.171,0.0592,66.174,0.0817,1771560.429,"Pipeline Natural Gas",,"Combined cycle",,"Steam Injection",,,"ARP, CSNOX, CSOSG2, CSSO2G1"
"MI","Jackson Generating Station",55270,"LM3",4379,,2020,4453,4177.55,207568.02,,0.505,0.001,100027.106,0.0592,62.916,0.0877,1683115.966,"Pipeline Natural Gas",,"Combined cycle",,"Steam Injection",,,"ARP, CSNOX, CSOSG2, CSSO2G1"
"MI","Jackson Generating Station",55270,"LM4",4380,,2020,4380,4129.6,205408.19,,0.514,0.001,101868.468,0.0592,63.062,0.0811,1714130.454,"Pipeline Natural Gas",,"Combined cycle",,"Steam Injection",,,"ARP, CSNOX, CSOSG2, CSSO2G1"
"MI","Jackson Generating Station",55270,"LM5",4381,,2020,4820,4560.46,226336.39,,0.556,0.001,110148.588,0.0592,69.745,0.0864,1853468.97,"Pipeline Natural Gas",,"Combined cycle",,"Steam Injection",,,"ARP, CSNOX, CSOSG2, CSSO2G1"
"MI","Jackson Generating Station",55270,"LM6",4382,,2020,4560,4300.54,217678.83,,0.537,0.001,106356.437,0.0592,65.466,0.0805,1789617.798,"Pipeline Natural Gas",,"Combined cycle",,"Steam Injection",,,"ARP, CSNOX, CSOSG2, CSSO2G1"
"AL","Lindsay Hill Generating Station",55271,"CT1",4383,,2020,1325,1314.96,342395.5,,0.916,0.001,181468.403,0.059,10.913,0.0082,3053528.036,"Pipeline Natural Gas","Diesel Oil","Combined cycle",,"Dry Low NOx Burners|Water Injection|Selective Catalytic Reduction",,,"ARP, CSNOX, CSOSG2, CSSO2G2"
"AL","Lindsay Hill Generating Station",55271,"CT2",4384,,2020,2264,2247.76,575204.65,,1.258,0.001,249135.13,0.059,16.208,0.0095,4191970.433,"Pipeline Natural Gas","Diesel Oil","Combined cycle",,"Dry Low NOx Burners|Water Injection|Selective Catalytic Reduction",,,"ARP, CSNOX, CSOSG2, CSSO2G2"
"AL","Lindsay Hill Generating Station",55271,"CT3",4385,,2020,3752,3736.53,955434.69,,2.174,0.001,430575.013,0.059,26.76,0.0085,7244966.626,"Pipeline Natural Gas","Diesel Oil","Combined cycle",,"Dry Low NOx Burners|Water Injection|Selective Catalytic Reduction",,,"ARP, CSNOX, CSOSG2, CSSO2G2"
"WV","Ceredo Generating Station",55276,"01",4397,"CP01",2020,340,286.94,18042.91,,0.069,0.0008,13470.9,0.0576,3.821,0.1315,228331.8,"Pipeline Natural Gas",,"Combustion turbine",,"Combustion Modification/Fuel Reburning",,,"ARP, CSNOX, CSOSG2, CSSO2G1"
"WV","Ceredo Generating Station",55276,"02",4398,"CP01",2020,329,279.52,17729.22,,0.068,0.0009,13231.1,0.0586,3.706,0.1271,224268.4,"Pipeline Natural Gas",,"Combustion turbine",,"Combustion Modification/Fuel Reburning",,,"ARP, CSNOX, CSOSG2, CSSO2G1"
"WV","Ceredo Generating Station",55276,"03",4399,"CP01",2020,332,280.74,17906.37,,0.069,0.0008,13361.3,0.059,4.012,0.1302,226470.2,"Pipeline Natural Gas",,"Combustion turbine",,"Combustion Modification/Fuel Reburning",,,"ARP, CSNOX, CSOSG2, CSSO2G1"
"WV","Ceredo Generating Station",55276,"04",4400,"CP01",2020,346,294.95,18868.41,,0.072,0.0009,14081,0.0583,3.906,0.1222,238678,"Pipeline Natural Gas",,"Combustion turbine",,"Combustion Modification/Fuel Reburning",,,"ARP, CSNOX, CSOSG2, CSSO2G1"
"WV","Ceredo Generating Station",55276,"05",4401,"CP01",2020,314,266.35,17067.28,,0.065,0.0009,12727.2,0.0581,3.558,0.1186,215727.2,"Pipeline Natural Gas",,"Combustion turbine",,"Combustion Modification/Fuel Reburning",,,"ARP, CSNOX, CSOSG2, CSSO2G1"
"WV","Ceredo Generating Station",55276,"06",4402,"CP01",2020,322,271.3,17381.88,,0.067,0.0009,12965.5,0.0583,3.633,0.1276,219766.9,"Pipeline Natural Gas",,"Combustion turbine",,"Combustion Modification/Fuel Reburning",,,"ARP, CSNOX, CSOSG2, CSSO2G1"
"IL","Aurora",55279,"AGS01",4407,,2020,727,650.6,97125,,0.327,0.001,64677.524,0.059,23.832,0.0509,1088314.929,"Pipeline Natural Gas",,"Combustion turbine",,"Dry Low NOx Burners",,,"ARP, CSNOX, CSOSG2, CSSO2G1"
"IL","Aurora",55279,"AGS02",4409,,2020,776,693.62,104390.3,,0.333,0.001,66033.234,0.059,19.79,0.042,1111146.826,"Pipeline Natural Gas",,"Combustion turbine",,"Dry Low NOx Burners",,,"ARP, CSNOX, CSOSG2, CSSO2G1"
"IL","Aurora",55279,"AGS03",4410,,2020,683,605.55,90475.3,,0.257,0.001,50961.404,0.0591,17.769,0.0493,857533.506,"Pipeline Natural Gas",,"Combustion turbine",,"Dry Low NOx Burners",,,"ARP, CSNOX, CSOSG2, CSSO2G1"
"IL","Aurora",55279,"AGS04",4411,,2020,776,701.3,104658.46,,0.301,0.001,59525.713,0.059,19.295,0.0455,1001667.911,"Pipeline Natural Gas",,"Combustion turbine",,"Dry Low NOx Burners",,,"ARP, CSNOX, CSOSG2, CSSO2G1"
"IL","Aurora",55279,"AGS05",4412,,2020,1929,1716.08,67331.55,,0.192,0.001,38029.387,0.0593,28.142,0.0987,639944.189,"Pipeline Natural Gas",,"Combustion turbine",,"Water Injection",,,"ARP, CSNOX, CSOSG2, CSSO2G1"
"IL","Aurora",55279,"AGS06",4413,,2020,1920,1707.74,67348.2,,0.194,0.001,38364.498,0.0593,27.936,0.0975,645539.294,"Pipeline Natural Gas",,"Combustion turbine",,"Water Injection",,,"ARP, CSNOX, CSOSG2, CSSO2G1"
"IL","Aurora",55279,"AGS07",4414,,2020,1627,1462.69,60045.86,,0.169,0.001,33488.22,0.0593,23.529,0.0932,563500.394,"Pipeline Natural Gas",,"Combustion turbine",,"Water Injection",,,"ARP, CSNOX, CSOSG2, CSSO2G1"
"IL","Aurora",55279,"AGS08",4415,,2020,1898,1688.04,66600.88,,0.193,0.001,38139.255,0.0593,27.655,0.0954,641777.799,"Pipeline Natural Gas",,"Combustion turbine",,"Water Injection",,,"ARP, CSNOX, CSOSG2, CSSO2G1"
"IL","Aurora",55279,"AGS09",4416,,2020,1849,1647.72,64656.26,,0.186,0.001,36906.399,0.0593,26.241,0.0939,621016.409,"Pipeline Natural Gas",,"Combustion turbine",,"Water Injection",,,"ARP, CSNOX, CSOSG2, CSSO2G1"
"IL","Aurora",55279,"AGS10",4408,,2020,1779,1585.54,62707.31,,0.18,0.001,35678.686,0.0593,25.31,0.0948,600377.375,"Pipeline Natural Gas",,"Combustion turbine",,"Water Injection",,,"ARP, CSNOX, CSOSG2, CSSO2G1"
"IL","Southeast Chicago Energy Project",55281,"CTG10",8488,"CP1",2020,0,0,,,,,,,,,,"Pipeline Natural Gas",,"Combustion turbine",,"Dry Low NOx Burners",,,"ARP, CSNOX, CSOSG2, CSSO2G1"
"IL","Southeast Chicago Energy Project",55281,"CTG11",8490,"CP1",2020,0,0,,,,,,,,,,"Pipeline Natural Gas",,"Combustion turbine",,"Dry Low NOx Burners",,,"ARP, CSNOX, CSOSG2, CSSO2G1"
"IL","Southeast Chicago Energy Project",55281,"CTG12",8492,"CP1",2020,0,0,,,,,,,,,,"Pipeline Natural Gas",,"Combustion turbine",,"Dry Low NOx Burners",,,"ARP, CSNOX, CSOSG2, CSSO2G1"
"IL","Southeast Chicago Energy Project",55281,"CTG5",8494,"CP1",2020,0,0,,,,,,,,,,"Pipeline Natural Gas",,"Combustion turbine",,"Dry Low NOx Burners",,,"ARP, CSNOX, CSOSG2, CSSO2G1"
"IL","Southeast Chicago Energy Project",55281,"CTG6",8496,"CP1",2020,0,0,,,,,,,,,,"Pipeline Natural Gas",,"Combustion turbine",,"Dry Low NOx Burners",,,"ARP, CSNOX, CSOSG2, CSSO2G1"
"IL","Southeast Chicago Energy Project",55281,"CTG7",8498,"CP1",2020,0,0,,,,,,,,,,"Pipeline Natural Gas",,"Combustion turbine",,"Dry Low NOx Burners",,,"ARP, CSNOX, CSOSG2, CSSO2G1"
"IL","Southeast Chicago Energy Project",55281,"CTG8",8500,"CP1",2020,0,0,,,,,,,,,,"Pipeline Natural Gas",,"Combustion turbine",,"Dry Low NOx Burners",,,"ARP, CSNOX, CSOSG2, CSSO2G1"
"IL","Southeast Chicago Energy Project",55281,"CTG9",8502,"CP1",2020,0,0,,,,,,,,,,"Pipeline Natural Gas",,"Combustion turbine",,"Dry Low NOx Burners",,,"ARP, CSNOX, CSOSG2, CSSO2G1"
"AZ","Arlington Valley Energy Facility",55282,"CTG1",4420,,2020,4759,4692.04,1056910.39,,2.26,0.001,447712.585,0.059,31.8,0.0107,7533632.974,"Pipeline Natural Gas",,"Combined cycle",,"Dry Low NOx Burners|Selective Catalytic Reduction",,,"ARP"
"AZ","Arlington Valley Energy Facility",55282,"CTG2",4421,,2020,5139,5081.36,1134033.13,,2.408,0.001,477069.339,0.059,29.904,0.0095,8027583.61,"Pipeline Natural Gas",,"Combined cycle",,"Dry Low NOx Burners|Selective Catalytic Reduction",,,"ARP"
"CO","Front Range Power Plant",55283,"1",4422,,2020,8139,8126.79,1573580.45,,3.789,0.001,750473.529,0.059,212.108,0.0333,12628181.905,"Pipeline Natural Gas",,"Combined cycle",,"Dry Low NOx Burners",,,"ARP"
"CO","Front Range Power Plant",55283,"2",4423,,2020,6761,6748.02,1336127.16,,2.964,0.001,587142.092,0.059,175.557,0.0356,9879844.248,"Pipeline Natural Gas",,"Combined cycle",,"Dry Low NOx Burners",,,"ARP"
"WV","Big Sandy Peaker Plant",55284,"GS01",4424,"CP100",2020,1434,1111.92,20088.18,,0.071,0.0007,13270.1,0.0552,25.321,0.359,224803.9,"Pipeline Natural Gas",,"Combustion turbine",,"Water Injection",,,"ARP, CSNOX, CSOSG2, CSSO2G1"
"WV","Big Sandy Peaker Plant",55284,"GS02",4425,"CP100",2020,1490,1159.38,21247.1,,0.074,0.0006,14018.5,0.056,23.194,0.3372,237436,"Pipeline Natural Gas",,"Combustion turbine",,"Water Injection",,,"ARP, CSNOX, CSOSG2, CSSO2G1"
"WV","Big Sandy Peaker Plant",55284,"GS03",4426,"CP100",2020,1521,1154.03,20120.01,,0.071,0.0006,13228.2,0.0548,24.36,0.3562,224159,"Pipeline Natural Gas",,"Combustion turbine",,"Water Injection",,,"ARP, CSNOX, CSOSG2, CSSO2G1"
"WV","Big Sandy Peaker Plant",55284,"GS04",4427,"CP100",2020,1439,1135.98,20107.11,,0.071,0.0007,13223.1,0.0574,24.269,0.3465,223961.7,"Pipeline Natural Gas",,"Combustion turbine",,"Water Injection",,,"ARP, CSNOX, CSOSG2, CSSO2G1"
"WV","Big Sandy Peaker Plant",55284,"GS05",4428,"CP100",2020,1292,983.1,17088.74,,0.059,0.0006,11202.9,0.0558,36.855,0.4591,189793.3,"Pipeline Natural Gas",,"Combustion turbine",,"Water Injection",,,"ARP, CSNOX, CSOSG2, CSSO2G1"
"WV","Big Sandy Peaker Plant",55284,"GS06",4429,"CP100",2020,1328,999.41,16254.87,,0.057,0.0006,10649.6,0.0554,24.104,0.3962,180459.9,"Pipeline Natural Gas",,"Combustion turbine",,"Water Injection",,,"ARP, CSNOX, CSOSG2, CSSO2G1"
"WV","Big Sandy Peaker Plant",55284,"GS07",4430,"CP100",2020,1357,1048.85,18554.49,,0.065,0.0006,12131.1,0.0551,25.246,0.3727,205500.9,"Pipeline Natural Gas",,"Combustion turbine",,"Water Injection",,,"ARP, CSNOX, CSOSG2, CSSO2G1"
"WV","Big Sandy Peaker Plant",55284,"GS08",4431,"CP100",2020,1295,1006.77,17594.99,,0.062,0.0006,11495.7,0.0551,25.386,0.3803,194721.4,"Pipeline Natural Gas",,"Combustion turbine",,"Water Injection",,,"ARP, CSNOX, CSOSG2, CSSO2G1"
"WV","Big Sandy Peaker Plant",55284,"GS09",4432,"CP100",2020,1610,1251.1,23437.08,,0.082,0.0006,15341.4,0.0556,29.655,0.3579,260058.2,"Pipeline Natural Gas",,"Combustion turbine",,"Water Injection",,,"ARP, CSNOX, CSOSG2, CSSO2G1"
"WV","Big Sandy Peaker Plant",55284,"GS10",4433,"CP100",2020,1579,1229.19,21968.62,,0.078,0.0006,14387.4,0.0559,26.635,0.3497,243701.1,"Pipeline Natural Gas",,"Combustion turbine",,"Water Injection",,,"ARP, CSNOX, CSOSG2, CSSO2G1"
"WV","Big Sandy Peaker Plant",55284,"GS11",4434,"CP100",2020,1479,1186.4,22027.61,,0.08,0.0007,14422.7,0.0557,30.126,0.3608,244390.5,"Pipeline Natural Gas",,"Combustion turbine",,"Water Injection",,,"ARP, CSNOX, CSOSG2, CSSO2G1"
"WV","Big Sandy Peaker Plant",55284,"GS12",4435,"CP100",2020,1531,1220.21,23292.69,,0.084,0.0007,15254.2,0.0559,31.436,0.3576,258503.9,"Pipeline Natural Gas",,"Combustion turbine",,"Water Injection",,,"ARP, CSNOX, CSOSG2, CSSO2G1"
"VA","Wolf Hills Energy",55285,"WH01",4436,"CP100",2020,833,657.75,10551.35,,0.038,0.0007,7222.1,0.0569,15.506,0.3688,122503.9,"Pipeline Natural Gas",,"Combustion turbine",,"Water Injection",,,"ARP, CSNOX, CSOSG2, CSSO2G1"
"VA","Wolf Hills Energy",55285,"WH02",4437,"CP100",2020,923,659.07,10877.16,,0.039,0.0006,7446,0.053,15.546,0.3987,126287.6,"Pipeline Natural Gas",,"Combustion turbine",,"Water Injection",,,"ARP, CSNOX, CSOSG2, CSSO2G1"
"VA","Wolf Hills Energy",55285,"WH03",4438,"CP100",2020,808,627.18,9710.92,,0.035,0.0006,6649.1,0.0566,13.909,0.3689,112824.7,"Pipeline Natural Gas",,"Combustion turbine",,"Water Injection",,,"ARP, CSNOX, CSOSG2, CSSO2G1"
"VA","Wolf Hills Energy",55285,"WH04",4439,"CP100",2020,883,625.89,10293.33,,0.037,0.0006,7051.2,0.0518,14.813,0.403,119592.1,"Pipeline Natural Gas",,"Combustion turbine",,"Water Injection",,,"ARP, CSNOX, CSOSG2, CSSO2G1"
"VA","Wolf Hills Energy",55285,"WH05",4440,"CP100",2020,806,630.21,10083.12,,0.036,0.0007,6903.5,0.0567,14.825,0.3697,117094.5,"Pipeline Natural Gas",,"Combustion turbine",,"Water Injection",,,"ARP, CSNOX, CSOSG2, CSSO2G1"
"VA","Wolf Hills Energy",55285,"WH06",4441,"CP100",2020,909,633.07,9624.28,,0.035,0.0006,6584,0.0517,14.217,0.4091,111764,"Pipeline Natural Gas",,"Combustion turbine",,"Water Injection",,,"ARP, CSNOX, CSOSG2, CSSO2G1"
"VA","Wolf Hills Energy",55285,"WH07",4442,"CP100",2020,546,409.8,9201.02,,0.034,0.0007,6298.4,0.0571,15.787,0.4083,106758.2,"Pipeline Natural Gas",,"Combustion turbine",,"Water Injection",,,"ARP, CSNOX, CSOSG2, CSSO2G1"
"VA","Wolf Hills Energy",55285,"WH08",4443,"CP100",2020,688,445.01,9545.73,,0.036,0.0006,6534.1,0.0492,15.639,0.4508,110783.3,"Pipeline Natural Gas",,"Combustion turbine",,"Water Injection",,,"ARP, CSNOX, CSOSG2, CSSO2G1"
"VA","Wolf Hills Energy",55285,"WH09",4444,"CP100",2020,804,635.32,10043.61,,0.036,0.0007,6876.2,0.0575,14.363,0.3607,116601.8,"Pipeline Natural Gas",,"Combustion turbine",,"Water Injection",,,"ARP, CSNOX, CSOSG2, CSSO2G1"
"VA","Wolf Hills Energy",55285,"WH10",4445,"CP100",2020,791,631.9,9791.63,,0.035,0.0007,6701.5,0.0578,14.095,0.358,113670.1,"Pipeline Natural Gas",,"Combustion turbine",,"Water Injection",,,"ARP, CSNOX, CSOSG2, CSSO2G1"
"FL","Oleander Power Project",55286,"O-1",4446,,2020,480,436.35,64899.35,,0.211,0.001,41804.514,0.059,8.653,0.0248,703470.479,"Pipeline Natural Gas",,"Combustion turbine",,"Dry Low NOx Burners|Water Injection",,,"ARP"
"FL","Oleander Power Project",55286,"O-2",4447,,2020,78,66.66,9560.55,,0.114,0.0108,6155.218,0.0592,1.681,0.0509,103517.151,"Pipeline Natural Gas",,"Combustion turbine",,"Dry Low NOx Burners|Water Injection",,,"ARP"
"FL","Oleander Power Project",55286,"O-3",4448,,2020,12,8.85,1260.45,,0.004,0.001,826.52,0.0591,0.188,0.0273,13910.03,"Pipeline Natural Gas",,"Combustion turbine",,"Dry Low NOx Burners|Water Injection",,,"ARP"
"FL","Oleander Power Project",55286,"O-4",4449,,2020,17,12.65,1885.96,,0.006,0.001,1204.015,0.0591,0.25,0.0256,20257.094,"Pipeline Natural Gas",,"Combustion turbine",,"Dry Low NOx Burners|Water Injection",,,"ARP"
"FL","Oleander Power Project",55286,"O-5",4450,,2020,201,186.01,22654.7,,0.078,0.001,15415.901,0.059,3.52,0.0271,259407.744,"Pipeline Natural Gas",,"Combustion turbine",,"Dry Low NOx Burners|Water Injection",,,"ARP"
"AL","Decatur Energy Center",55292,"CTG-1",4459,,2020,2545,2456.76,494869.31,,1.051,0.001,208136.783,0.059,15.494,0.0106,3502260.618,"Pipeline Natural Gas",,"Combined cycle",,"Dry Low NOx Burners|Selective Catalytic Reduction",,,"ARP, CSNOX, CSOSG2, CSSO2G2"
"AL","Decatur Energy Center",55292,"CTG-2",4460,,2020,2731,2643.15,529419.33,,1.134,0.001,224676.344,0.059,16.97,0.011,3780617.958,"Pipeline Natural Gas",,"Combined cycle",,"Dry Low NOx Burners|Selective Catalytic Reduction",,,"ARP, CSNOX, CSOSG2, CSSO2G2"
"AL","Decatur Energy Center",55292,"CTG-3",4461,,2020,2775,2697.67,509299.88,,1.118,0.001,221409.927,0.059,18.288,0.012,3725658.883,"Pipeline Natural Gas",,"Combined cycle",,"Dry Low NOx Burners|Selective Catalytic Reduction",,,"ARP, CSNOX, CSOSG2, CSSO2G2"
"AL","Morgan Energy Center",55293,"CT-1",4462,,2020,4764,4722.52,1017131.25,,2.314,0.001,458451.514,0.059,26.207,0.0073,7714340.23,"Pipeline Natural Gas",,"Combined cycle",,"Dry Low NOx Burners|Selective Catalytic Reduction",,,"ARP, CSNOX, CSOSG2, CSSO2G2"
"AL","Morgan Energy Center",55293,"CT-2",4463,,2020,4553,4492.62,966128.03,,2.19,0.001,433742.981,0.059,27.948,0.0086,7298576.659,"Pipeline Natural Gas",,"Combined cycle",,"Dry Low NOx Burners|Selective Catalytic Reduction",,,"ARP, CSNOX, CSOSG2, CSSO2G2"
"AL","Morgan Energy Center",55293,"CT-3",4464,,2020,4578,4526.36,970783.16,,2.183,0.001,432336.953,0.059,25.711,0.0079,7274932.974,"Pipeline Natural Gas",,"Combined cycle",,"Dry Low NOx Burners|Selective Catalytic Reduction",,,"ARP, CSNOX, CSOSG2, CSSO2G2"
"ME","Westbrook Energy Center",55294,"1",4465,,2020,2479,2307.84,541819.87,,1.025,0.001,203041.075,0.059,31.66,0.0382,3416575.462,"Pipeline Natural Gas",,"Combined cycle",,"Selective Catalytic Reduction",,,"ARP, RGGI"
"ME","Westbrook Energy Center",55294,"2",4466,,2020,2605,2407.58,561889.52,,1.063,0.001,210649.76,0.059,31.361,0.0368,3544601.583,"Pipeline Natural Gas",,"Combined cycle",,"Selective Catalytic Reduction",,,"ARP, RGGI"
"CA","Blythe Energy",55295,"1",4467,,2020,4539,4461.37,595733.97,,1.947,0.001,385649.586,0.059,25.511,0.0111,6489265.736,"Pipeline Natural Gas",,"Combined cycle",,"Selective Catalytic Reduction",,,"ARP"
"CA","Blythe Energy",55295,"2",4468,,2020,5244,5158.17,695498.14,,2.309,0.001,457298.831,0.059,30.186,0.0099,7694950.535,"Pipeline Natural Gas",,"Combined cycle",,"Selective Catalytic Reduction",,,"ARP"
"IL","Calumet Energy Team, LLC",55296,"**1",4469,,2020,80,61.79,7728.49,,0.024,0.001,4737.842,0.058,3.83,0.0887,81562.752,"Pipeline Natural Gas",,"Combustion turbine",,"Dry Low NOx Burners",,,"ARP, CSNOX, CSOSG2, CSSO2G1"
"IL","Calumet Energy Team, LLC",55296,"**2",4470,,2020,75,54.96,7366.34,,0.023,0.001,4494.563,0.058,3.375,0.0839,77375.356,"Pipeline Natural Gas",,"Combustion turbine",,"Dry Low NOx Burners",,,"ARP, CSNOX, CSOSG2, CSSO2G1"
"MI","Covert Generating Station",55297,"001",4471,,2020,6999,6988.23,2195666.98,,4.638,0.001,918630.773,0.059,60.024,0.0082,15457753.369,"Pipeline Natural Gas",,"Combined cycle",,"Dry Low NOx Burners|Selective Catalytic Reduction",,,"ARP, CSNOX, CSOSG2, CSSO2G1"
"MI","Covert Generating Station",55297,"002",4472,,2020,8300,8293.66,2593207.75,,5.433,0.001,1076266.754,0.059,68.47,0.0077,18110201.858,"Pipeline Natural Gas",,"Combined cycle",,"Dry Low NOx Burners|Selective Catalytic Reduction",,,"ARP, CSNOX, CSOSG2, CSSO2G1"
"MI","Covert Generating Station",55297,"003",4473,,2020,8098,8084.49,2620066.44,,5.46,0.001,1081533.125,0.059,68.959,0.0079,18198883.803,"Pipeline Natural Gas",,"Combined cycle",,"Dry Low NOx Burners|Selective Catalytic Reduction",,,"ARP, CSNOX, CSOSG2, CSSO2G1"
"PA","Fairless Energy Center",55298,"1A",4475,,2020,7843,7833.39,2154376.22,,4.26,0.001,843807.143,0.059,48.238,0.0071,14198679.22,"Pipeline Natural Gas",,"Combined cycle",,"Dry Low NOx Burners|Selective Catalytic Reduction",,,"ARP, CSNOX, CSOSG2, CSSO2G1"
"PA","Fairless Energy Center",55298,"1B",4476,,2020,7840,7831.12,2121725.27,,4.266,0.001,845080.717,0.059,49.251,0.0072,14220165.333,"Pipeline Natural Gas",,"Combined cycle",,"Dry Low NOx Burners|Selective Catalytic Reduction",,,"ARP, CSNOX, CSOSG2, CSSO2G1"
"PA","Fairless Energy Center",55298,"2A",88254,,2020,7290,7272.95,1892873.78,,3.819,0.001,756398.874,0.059,46.118,0.0077,12727824.326,"Pipeline Natural Gas",,"Combined cycle",,"Dry Low NOx Burners|Selective Catalytic Reduction",,,"ARP, CSNOX, CSOSG2, CSSO2G1"
"PA","Fairless Energy Center",55298,"2B",88255,,2020,7392,7379.07,1926997.52,,3.949,0.001,782284.14,0.059,45.256,0.0075,13163501.583,"Pipeline Natural Gas",,"Combined cycle",,"Dry Low NOx Burners|Selective Catalytic Reduction",,,"ARP, CSNOX, CSOSG2, CSSO2G1"
"TX","Channel Energy Center",55299,"CTG1",4477,,2020,7849,7840.38,2072601.48,,2.129,0.0002,702649.175,0.059,70.088,0.012,11823500.226,"Other Gas",,"Combined cycle",,"Selective Catalytic Reduction",,,"ARP, CSOSG2"
"TX","Channel Energy Center",55299,"CTG2",4478,,2020,7976,7925.07,2360621.95,,2.067,0,1025702.207,0.059,101.846,0.0122,17259384.639,"Other Gas",,"Combined cycle",,"Selective Catalytic Reduction",,,"ARP, CSOSG2"
"TX","Channel Energy Center",55299,"CTG3",4479,,2020,7213,7147.24,1878835.31,,3.66,0.001,726296.535,0.059,39.057,0.0068,12221417.003,"Pipeline Natural Gas","Other Gas","Combined cycle",,"Selective Catalytic Reduction",,,"ARP, CSOSG2"
"GA","Baconton Power",55304,"CT1",4484,,2020,1093,937.32,43302.32,,0.127,0.001,25112.638,0.0592,21.167,0.1114,422527.465,"Pipeline Natural Gas","Diesel Oil","Combustion turbine",,"Water Injection",,,"ARP, CSNOX, CSOSG1, CSSO2G2"
"GA","Baconton Power",55304,"CT4",4485,,2020,1237,1066.37,49093.98,,0.144,0.001,28483.04,0.0592,22.557,0.1034,479292.854,"Pipeline Natural Gas","Diesel Oil","Combustion turbine",,"Water Injection",,,"ARP, CSNOX, CSOSG1, CSSO2G2"
"GA","Baconton Power",55304,"CT5",4486,,2020,815,685.57,31295.97,,0.092,0.001,18146.347,0.0591,15.385,0.1125,305321.484,"Pipeline Natural Gas","Diesel Oil","Combustion turbine",,"Water Injection",,,"ARP, CSNOX, CSOSG1, CSSO2G2"
"GA","Baconton Power",55304,"CT6",4487,,2020,665,566.37,25927.42,,0.076,0.001,14982.101,0.0592,12.252,0.1044,252099.496,"Pipeline Natural Gas","Diesel Oil","Combustion turbine",,"Water Injection",,,"ARP, CSNOX, CSOSG1, CSSO2G2"
"AZ","Gila River Power Station",55306,"1CTGA",8508,,2020,7269,7187.25,1683764.99,,3.607,0.001,714551.034,0.059,53.043,0.0109,12023593.243,"Pipeline Natural Gas",,"Combined cycle",,"Dry Low NOx Burners|Selective Catalytic Reduction",,,"ARP"
"AZ","Gila River Power Station",55306,"1CTGB",8510,,2020,6950,6836.3,1562088.48,,3.356,0.001,664817.327,0.0591,48.475,0.0111,11186872.804,"Pipeline Natural Gas",,"Combined cycle",,"Dry Low NOx Burners|Selective Catalytic Reduction",,,"ARP"
"AZ","Gila River Power Station",55306,"2CTGA",8512,,2020,6600,6577.15,1386637.61,,2.982,0.001,590779.786,0.0593,41.279,0.0113,9940993.091,"Pipeline Natural Gas",,"Combined cycle",,"Dry Low NOx Burners|Selective Catalytic Reduction",,,"ARP"
"AZ","Gila River Power Station",55306,"2CTGB",8514,,2020,6527,6510.9,1402647.22,,3.001,0.001,594542.508,0.059,39.692,0.0101,10004313.637,"Pipeline Natural Gas",,"Combined cycle",,"Dry Low NOx Burners|Selective Catalytic Reduction",,,"ARP"
"AZ","Gila River Power Station",55306,"3CTGA",8516,,2020,6908,6886.6,1457566.7,,3.138,0.001,621680.991,0.059,38.294,0.0081,10460981.932,"Pipeline Natural Gas",,"Combined cycle",,"Dry Low NOx Burners|Selective Catalytic Reduction",,,"ARP"
"AZ","Gila River Power Station",55306,"3CTGB",8518,,2020,7049,7020.15,1498728.66,,3.185,0.001,630999.347,0.059,49.769,0.0101,10617809.801,"Pipeline Natural Gas",,"Combined cycle",,"Dry Low NOx Burners|Selective Catalytic Reduction",,,"ARP"
"AZ","Gila River Power Station",55306,"4CTGA",8520,,2020,5700,5600.14,1303928.28,,2.833,0.001,561118.177,0.0591,41.09,0.012,9441840.664,"Pipeline Natural Gas",,"Combined cycle",,"Dry Low NOx Burners|Selective Catalytic Reduction",,,"ARP"
"AZ","Gila River Power Station",55306,"4CTGB",8522,,2020,5502,5391.54,1261291.67,,2.725,0.001,539809.873,0.0591,43.568,0.0133,9083375.872,"Pipeline Natural Gas",,"Combined cycle",,"Dry Low NOx Burners|Selective Catalytic Reduction",,,"ARP"
"KY","DTE Calvert City, LLC",55308,"A",88081,,2020,3371,3369.17,,345970.7,,,,,8.821,0.077,229003.6,"Pipeline Natural Gas",,"Other boiler",,,,,"SIPNOX"
"KY","DTE Calvert City, LLC",55308,"B",88082,,2020,2220,2219.25,,235727.08,,,,,6.984,0.0839,166522.6,"Pipeline Natural Gas",,"Other boiler",,,,,"SIPNOX"
"KY","DTE Calvert City, LLC",55308,"C",88083,,2020,3573,3571.47,77073.18,,,,,,37.777,0.0843,868812.222,"Pipeline Natural Gas",,"Combustion turbine",,,,,"SIPNOX"
"MA","Fore River Energy Center",55317,"11",4488,,2020,4853,4757.73,1558704.71,,3.297,0.001,653186.081,0.059,39.883,0.0103,10988852.063,"Pipeline Natural Gas","Diesel Oil","Combined cycle",,"Dry Low NOx Burners|Water Injection|Selective Catalytic Reduction",,,"ARP, RGGI, SIPNOX"
"MA","Fore River Energy Center",55317,"12",4489,,2020,5472,5426.52,1844039.6,,4.148,0.001,822659.023,0.0591,46.174,0.0082,13827039.718,"Pipeline Natural Gas","Diesel Oil","Combined cycle",,"Dry Low NOx Burners|Water Injection|Selective Catalytic Reduction",,,"ARP, RGGI, SIPNOX"
"TX","Wise County Power Company, LLC",55320,"GT-1",8524,,2020,4401,4206.11,1251309.25,,2.732,0.001,541148.794,0.059,78.35,0.021,9105826.501,"Pipeline Natural Gas",,"Combined cycle",,"Dry Low NOx Burners|Selective Catalytic Reduction",,,"ARP, CSOSG2"
"TX","Wise County Power Company, LLC",55320,"GT-2",8526,,2020,4417,4242.52,1258352.14,,2.732,0.001,541212.576,0.059,79.522,0.022,9106955.236,"Pipeline Natural Gas",,"Combined cycle",,"Dry Low NOx Burners|Selective Catalytic Reduction",,,"ARP, CSOSG2"
"NV","Chuck Lenzie Generating Station",55322,"CTG-1",9006,,2020,8092,8052.8,1775865.14,,3.925,0.001,777443.412,0.059,63.723,0.0106,13081984.325,"Pipeline Natural Gas",,"Combined cycle",,"Dry Low NOx Burners|Selective Catalytic Reduction",,,"ARP"
"NV","Chuck Lenzie Generating Station",55322,"CTG-2",9007,,2020,8012,7969.47,1769060.43,,3.91,0.001,774511.442,0.059,67.718,0.0114,13032640.289,"Pipeline Natural Gas",,"Combined cycle",,"Dry Low NOx Burners|Selective Catalytic Reduction",,,"ARP"
"NV","Chuck Lenzie Generating Station",55322,"CTG-3",9008,,2020,6911,6829.29,1422187.51,,3.167,0.001,627271.294,0.059,55.004,0.0139,10555003.204,"Pipeline Natural Gas",,"Combined cycle",,"Dry Low NOx Burners|Selective Catalytic Reduction",,,"ARP"
"NV","Chuck Lenzie Generating Station",55322,"CTG-4",9009,,2020,6617,6564.95,1376022.06,,3.06,0.001,606098.203,0.059,53.815,0.0131,10198719.411,"Pipeline Natural Gas",,"Combined cycle",,"Dry Low NOx Burners|Selective Catalytic Reduction",,,"ARP"
"TX","Baytown Energy Center",55327,"CTG-1",4097,,2020,6495,6386.52,1555761.77,,3.312,0.001,656036.906,0.059,58.184,0.0113,11039085.891,"Pipeline Natural Gas",,"Combined cycle",,"Selective Catalytic Reduction",,,"ARP, CSOSG2"
"TX","Baytown Energy Center",55327,"CTG-2",4098,,2020,7537,7480.19,1742081.47,,3.74,0.001,740738.133,0.059,62.59,0.0103,12464353.608,"Pipeline Natural Gas",,"Combined cycle",,"Selective Catalytic Reduction",,,"ARP, CSOSG2"
"TX","Baytown Energy Center",55327,"CTG-3",4099,,2020,7753,7718.44,1834119.93,,3.963,0.001,785029.77,0.059,63.852,0.0098,13209699.45,"Pipeline Natural Gas",,"Combined cycle",,"Selective Catalytic Reduction",,,"ARP, CSOSG2"
"OR","Hermiston Power Plant",55328,"CTG-1",4493,,2020,7176,7148.39,2012509.53,,4.32,0.001,855649.655,0.059,109.953,0.0158,14397944.183,"Pipeline Natural Gas",,"Combined cycle",,"Dry Low NOx Burners|Selective Catalytic Reduction",,,"ARP"
"OR","Hermiston Power Plant",55328,"CTG-2",4494,,2020,7261,7228.13,2038408.03,,4.375,0.001,866655.14,0.059,112.083,0.0159,14583153.683,"Pipeline Natural Gas",,"Combined cycle",,"Dry Low NOx Burners|Selective Catalytic Reduction",,,"ARP"
"GA","Washington County Power",55332,"T1",4503,,2020,214,192.65,28082.32,,0.091,0.001,17989.569,0.059,5.427,0.0491,302701.813,"Pipeline Natural Gas",,"Combustion turbine",,"Dry Low NOx Burners",,,"ARP, CSNOX, CSOSG1, CSSO2G2"
"GA","Washington County Power",55332,"T2",4504,,2020,277,250.82,39028.25,,0.123,0.001,24298.274,0.059,9.316,0.0516,408859.683,"Pipeline Natural Gas",,"Combustion turbine",,"Dry Low NOx Burners",,,"ARP, CSNOX, CSOSG1, CSSO2G2"
"GA","Washington County Power",55332,"T3",4505,,2020,278,250.39,39121.92,,0.122,0.001,24217.824,0.059,8.937,0.0506,407513.154,"Pipeline Natural Gas",,"Combustion turbine",,"Dry Low NOx Burners",,,"ARP, CSNOX, CSOSG1, CSSO2G2"
"GA","Washington County Power",55332,"T4",4506,,2020,50,42.68,6275.1,,0.02,0.001,3979.94,0.059,2.25,0.0768,66977.48,"Pipeline Natural Gas",,"Combustion turbine",,"Dry Low NOx Burners",,,"ARP, CSNOX, CSOSG1, CSSO2G2"
"CA","Delta Energy Center, LLC",55333,"1",3739,,2020,6223,6100.33,1514652.49,,3.11,0.001,616108.375,0.059,47.441,0.0118,10367266.058,"Pipeline Natural Gas",,"Combined cycle",,"Ammonia Injection",,,"ARP"
"CA","Delta Energy Center, LLC",55333,"2",3740,,2020,5380,5241.2,1263121.93,,2.597,0.001,514382.225,0.059,38.202,0.011,8655517.283,"Pipeline Natural Gas",,"Combined cycle",,"Ammonia Injection",,,"ARP"
"CA","Delta Energy Center, LLC",55333,"3",3741,,2020,5215,5015,1195879.83,,2.533,0.001,501844.873,0.059,35.589,0.0109,8444517.036,"Pipeline Natural Gas",,"Combined cycle",,"Ammonia Injection",,,"ARP"
"IL","Holland Energy Facility",55334,"CTG1",4508,,2020,5300,5211.28,1190731.86,,2.54,0.001,503053.418,0.059,56.742,0.0164,8464817.36,"Pipeline Natural Gas",,"Combined cycle",,"Dry Low NOx Burners|Selective Catalytic Reduction",,,"ARP, CSNOX, CSOSG2, CSSO2G1"
"IL","Holland Energy Facility",55334,"CTG2",4509,,2020,5336,5235.56,1190703.82,,2.519,0.001,499080.297,0.059,56.452,0.0162,8397897.4,"Pipeline Natural Gas",,"Combined cycle",,"Dry Low NOx Burners|Selective Catalytic Reduction",,,"ARP, CSNOX, CSOSG2, CSSO2G1"
"PA","Helix Ironwood LLC",55337,"0001",88084,,2020,7069,7053.91,1622686.42,,5.284,0.001,1046596.934,0.059,120.758,0.014,17611045.306,"Pipeline Natural Gas",,"Combined cycle",,"Dry Low NOx Burners|Ammonia Injection",,,"ARP, CSNOX, CSOSG2, CSSO2G1"
"PA","Helix Ironwood LLC",55337,"0002",88085,,2020,7329,7315.67,1677547.28,,5.499,0.001,1089263.591,0.059,125.483,0.0139,18328978.594,"Pipeline Natural Gas",,"Combined cycle",,"Dry Low NOx Burners|Ammonia Injection",,,"ARP, CSNOX, CSOSG2, CSSO2G1"
"AR","Dell Power Plant",55340,"1",4517,,2020,6041,5986.99,1441356.18,,3.202,0.001,634236.344,0.059,46.175,0.0108,10672243.458,"Pipeline Natural Gas","Diesel Oil","Combined cycle",,"Dry Low NOx Burners|Selective Catalytic Reduction",,,"ARP, CSOSG2"
"AR","Dell Power Plant",55340,"2",4518,,2020,5941,5902.34,1442124.82,,3.222,0.001,641583.083,0.059,44.513,0.0108,10795809.596,"Pipeline Natural Gas","Diesel Oil","Combined cycle",,"Dry Low NOx Burners|Selective Catalytic Reduction",,,"ARP, CSOSG2"
"NM","Luna Energy Facility",55343,"CTG1",4521,,2020,8315,8308.04,1703849.83,,3.457,0.001,684779.411,0.059,61.839,0.0111,11522706.623,"Pipeline Natural Gas",,"Combined cycle",,"Dry Low NOx Burners|Selective Catalytic Reduction",,,"ARP"
"NM","Luna Energy Facility",55343,"CTG2",4522,,2020,8240,8221.52,1687204.24,,3.446,0.001,682548.276,0.059,57.631,0.0102,11485214.729,"Pipeline Natural Gas",,"Combined cycle",,"Dry Low NOx Burners|Selective Catalytic Reduction",,,"ARP"
"CA","Otay Mesa Energy Center, LLC",55345,"CTG-1",4523,,2020,4869,4603.88,1027364.8,,2.161,0.001,428107.336,0.059,23.228,0.0095,7203653.815,"Pipeline Natural Gas",,"Combined cycle",,"Dry Low NOx Burners|Selective Catalytic Reduction",,,"ARP"
"CA","Otay Mesa Energy Center, LLC",55345,"CTG-2",4524,,2020,5453,5227.02,1144758.36,,2.424,0.001,480064.478,0.059,21.331,0.0073,8078002.837,"Pipeline Natural Gas",,"Combined cycle",,"Dry Low NOx Burners|Selective Catalytic Reduction",,,"ARP"
"PA","Armstrong Power, LLC",55347,"1",4531,,2020,1715,1557.06,234095,,0.728,0.001,142417.429,0.0591,37.345,0.0405,2394434.543,"Pipeline Natural Gas","Diesel Oil","Combustion turbine",,"Dry Low NOx Burners|Water Injection",,,"ARP, CSNOX, CSOSG2, CSSO2G1"
"PA","Armstrong Power, LLC",55347,"2",4532,,2020,2300,2082.29,322737.77,,1.001,0.001,197080.195,0.0591,52.648,0.0422,3315057.723,"Pipeline Natural Gas","Diesel Oil","Combustion turbine",,"Dry Low NOx Burners|Water Injection",,,"ARP, CSNOX, CSOSG2, CSSO2G1"
"PA","Armstrong Power, LLC",55347,"3",4533,,2020,2034,1866.32,286732.36,,0.897,0.001,176515.322,0.059,45.458,0.0392,2968923.158,"Pipeline Natural Gas","Diesel Oil","Combustion turbine",,"Dry Low NOx Burners|Water Injection",,,"ARP, CSNOX, CSOSG2, CSSO2G1"
"PA","Armstrong Power, LLC",55347,"4",4534,,2020,2259,2060.79,317628.35,,0.992,0.001,195225.919,0.0591,51.814,0.0388,3283675.793,"Pipeline Natural Gas","Diesel Oil","Combustion turbine",,"Dry Low NOx Burners|Water Injection",,,"ARP, CSNOX, CSOSG2, CSSO2G1"
"OH","Troy Energy, LLC",55348,"1",4535,,2020,1431,1306.15,197547.44,,0.641,0.001,123813.077,0.0591,36.128,0.0428,2080890.824,"Pipeline Natural Gas","Diesel Oil","Combustion turbine",,"Dry Low NOx Burners|Water Injection",,,"ARP, CSNOX, CSOSG2, CSSO2G1"
"OH","Troy Energy, LLC",55348,"2",4536,,2020,1704,1551.11,237251.39,,0.764,0.001,149962.877,0.0591,44.765,0.0455,2522131.783,"Pipeline Natural Gas","Diesel Oil","Combustion turbine",,"Dry Low NOx Burners|Water Injection",,,"ARP, CSNOX, CSOSG2, CSSO2G1"
"OH","Troy Energy, LLC",55348,"3",4537,,2020,1839,1683.89,255904.05,,0.832,0.001,160912.539,0.059,45.737,0.0432,2706598.327,"Pipeline Natural Gas","Diesel Oil","Combustion turbine",,"Dry Low NOx Burners|Water Injection",,,"ARP, CSNOX, CSOSG2, CSSO2G1"
"OH","Troy Energy, LLC",55348,"4",4538,,2020,1570,1434.42,216749.39,,0.716,0.001,137103.601,0.0591,39.668,0.0431,2305647.945,"Pipeline Natural Gas","Diesel Oil","Combustion turbine",,"Dry Low NOx Burners|Water Injection",,,"ARP, CSNOX, CSOSG2, CSSO2G1"
"WV","Pleasants Energy, LLC",55349,"1",4539,,2020,5787,5565.61,935128.56,,2.827,0.001,559959.488,0.059,137.515,0.0315,9421908.144,"Pipeline Natural Gas","Diesel Oil","Combustion turbine",,"Dry Low NOx Burners|Water Injection",,,"ARP, CSNOX, CSOSG2, CSSO2G1"
"WV","Pleasants Energy, LLC",55349,"2",4540,,2020,4679,4478.03,749284.12,,2.3,0.001,455507.595,0.059,108.224,0.0308,7664524.47,"Pipeline Natural Gas","Diesel Oil","Combustion turbine",,"Dry Low NOx Burners|Water Injection",,,"ARP, CSNOX, CSOSG2, CSSO2G1"
"OH","Dresden Energy Facility",55350,"1A",8528,,2020,8163,8153.6,2350414.59,,4.484,0.001,888290.812,0.059,86.782,0.0132,14947201.048,"Pipeline Natural Gas",,"Combined cycle",,"Dry Low NOx Burners|Selective Catalytic Reduction",,,"ARP, CSNOX, CSOSG2, CSSO2G1"
"OH","Dresden Energy Facility",55350,"1B",8530,,2020,8257,8250.34,2376836.22,,4.544,0.001,900139.806,0.059,88.775,0.0123,15146546.32,"Pipeline Natural Gas",,"Combined cycle",,"Dry Low NOx Burners|Selective Catalytic Reduction",,,"ARP, CSNOX, CSOSG2, CSSO2G1"
"TX","Brazos Valley Energy, LP",55357,"CTG1",4543,,2020,6975,6835.97,1764868.14,,3.739,0.001,740673.045,0.059,78.876,0.0168,12463246.107,"Pipeline Natural Gas",,"Combined cycle",,"Dry Low NOx Burners|Selective Catalytic Reduction",,,"ARP, CSOSG2"
"TX","Brazos Valley Energy, LP",55357,"CTG2",4544,,2020,7039,6919.59,1752504.51,,3.73,0.001,738800.912,0.059,78.245,0.0156,12431797.588,"Pipeline Natural Gas",,"Combined cycle",,"Dry Low NOx Burners|Selective Catalytic Reduction",,,"ARP, CSOSG2"
"TX","Cottonwood Energy Project",55358,"CT1",4545,,2020,7322,7283.57,1677149.87,,3.651,0.001,722397.627,0.059,63.809,0.0115,12155768.039,"Pipeline Natural Gas",,"Combined cycle",,"Dry Low NOx Burners|Selective Catalytic Reduction",,,"ARP, CSOSG2"
"TX","Cottonwood Energy Project",55358,"CT2",4546,,2020,6802,6774.36,1567863.49,,3.366,0.001,665528.173,0.059,64.147,0.0121,11198788.857,"Pipeline Natural Gas",,"Combined cycle",,"Dry Low NOx Burners|Selective Catalytic Reduction",,,"ARP, CSOSG2"
"TX","Cottonwood Energy Project",55358,"CT3",4547,,2020,6654,6637.3,1549907.28,,3.303,0.001,652871.294,0.059,61.801,0.0116,10985726.387,"Pipeline Natural Gas",,"Combined cycle",,"Dry Low NOx Burners|Selective Catalytic Reduction",,,"ARP, CSOSG2"
"TX","Cottonwood Energy Project",55358,"CT4",4548,,2020,6454,6424.71,1504505.78,,3.224,0.001,638192.099,0.059,61.758,0.0121,10738814.184,"Pipeline Natural Gas",,"Combined cycle",,"Dry Low NOx Burners|Selective Catalytic Reduction",,,"ARP, CSOSG2"
"IN","Sugar Creek Generating Station",55364,"CT11",4555,,2020,6974,6961.71,1722430.59,,3.603,0.001,713628.639,0.059,52.512,0.0096,12007962.922,"Pipeline Natural Gas",,"Combined cycle",,"Selective Catalytic Reduction|Dry Low NOx Burners",,,"ARP, CSNOX, CSOSG2, CSSO2G1"
"IN","Sugar Creek Generating Station",55364,"CT12",4556,,2020,6906,6886.74,1692938.08,,3.513,0.001,695790.661,0.059,50.647,0.0096,11708178.404,"Pipeline Natural Gas",,"Combined cycle",,"Selective Catalytic Reduction|Dry Low NOx Burners",,,"ARP, CSNOX, CSOSG2, CSSO2G1"
"TX","LaPorte Generating Station",55365,"GT-1",4559,"CP1",2020,847,713.59,24681.83,,0.101,0.0009,19022.8,0.0591,25.542,0.2491,322508.4,"Pipeline Natural Gas",,"Combustion turbine",,"Dry Low NOx Burners",,,"ARP, CSOSG2"
"TX","LaPorte Generating Station",55365,"GT-2",4560,"CP1",2020,830,685.61,23678.88,,0.097,0.0009,18263.1,0.059,25.61,0.2545,309619.2,"Pipeline Natural Gas",,"Combustion turbine",,"Dry Low NOx Burners",,,"ARP, CSOSG2"
"TX","LaPorte Generating Station",55365,"GT-3",4561,"CP1",2020,828,688.86,22917.15,,0.096,0.0009,17678.9,0.059,25.796,0.2691,299535.6,"Pipeline Natural Gas",,"Combustion turbine",,"Dry Low NOx Burners",,,"ARP, CSOSG2"
"TX","LaPorte Generating Station",55365,"GT-4",4562,"CP1",2020,607,497.4,14837.69,,0.062,0.0009,11422.3,0.0589,18.616,0.2928,193546.1,"Pipeline Natural Gas",,"Combustion turbine",,"Dry Low NOx Burners",,,"ARP, CSOSG2"
"AZ","New Harquahala Generating Company",55372,"CTG1",8536,,2020,0,0,,,,,,,,,,"Pipeline Natural Gas",,"Combined cycle",,"Dry Low NOx Burners|Selective Catalytic Reduction",,,"ARP"
"AZ","New Harquahala Generating Company",55372,"CTG2",8538,,2020,0,0,,,,,,,,,,"Pipeline Natural Gas",,"Combined cycle",,"Dry Low NOx Burners|Selective Catalytic Reduction",,,"ARP"
"AZ","New Harquahala Generating Company",55372,"CTG3",8540,,2020,0,0,,,,,,,,,,"Pipeline Natural Gas",,"Combined cycle",,"Dry Low NOx Burners|Selective Catalytic Reduction",,,"ARP"
"NY","Astoria Energy",55375,"CT1",4581,,2020,6220,6178.92,1353915.82,,2.816,0.001,557798.995,0.059,26.739,0.0074,9385804.534,"Pipeline Natural Gas","Diesel Oil","Combined cycle",,"Dry Low NOx Burners|Water Injection|Selective Catalytic Reduction",,,"ARP, CSNOX, CSOSG2, CSSO2G1, RGGI"
"NY","Astoria Energy",55375,"CT2",4582,,2020,6193,6136.56,1317504.37,,2.74,0.001,542735.645,0.059,28.373,0.0091,9132081.27,"Pipeline Natural Gas","Diesel Oil","Combined cycle",,"Dry Low NOx Burners|Water Injection|Selective Catalytic Reduction",,,"ARP, CSNOX, CSOSG2, CSSO2G1, RGGI"
"NY","Astoria Energy",55375,"CT3",4583,,2020,6424,6321.96,1480734.85,,3.339,0.001,661282.337,0.059,44.424,0.0123,11126413.754,"Pipeline Natural Gas","Diesel Oil","Combined cycle",,"Dry Low NOx Burners|Water Injection|Selective Catalytic Reduction",,,"ARP, CSNOX, CSOSG2, CSSO2G1, RGGI"
"NY","Astoria Energy",55375,"CT4",4584,,2020,6532,6429.23,1503828.67,,3.341,0.001,661612.731,0.059,46.445,0.0137,11131868.794,"Pipeline Natural Gas","Diesel Oil","Combined cycle",,"Dry Low NOx Burners|Water Injection|Selective Catalytic Reduction",,,"ARP, CSNOX, CSOSG2, CSSO2G1, RGGI"
"PA","Gans Generating Facility",55377,"8",4585,,2020,2516,2287.23,97540.13,,0.304,0.001,60134.751,0.0592,39.492,0.0822,1011896.138,"Pipeline Natural Gas","Diesel Oil","Combustion turbine",,"Water Injection",,,"ARP, CSNOX, CSOSG2, CSSO2G1"
"PA","Gans Generating Facility",55377,"9",4586,,2020,2538,2308.49,99864.16,,0.301,0.001,59519.002,0.0592,38.071,0.0801,1001514.005,"Pipeline Natural Gas","Diesel Oil","Combustion turbine",,"Water Injection",,,"ARP, CSNOX, CSOSG2, CSSO2G1"
"AR","Union Power Station",55380,"CTG-1",4590,,2020,5903,5879.97,1518439.13,,3.228,0.001,639482.674,0.059,61.678,0.0128,10760507.699,"Pipeline Natural Gas",,"Combined cycle",,"Selective Catalytic Reduction",,,"ARP, CSOSG2"
"AR","Union Power Station",55380,"CTG-2",4592,,2020,5854,5829.1,1518243.06,,3.286,0.001,651004.531,0.059,62.876,0.0131,10954397.066,"Pipeline Natural Gas",,"Combined cycle",,"Selective Catalytic Reduction",,,"ARP, CSOSG2"
"AR","Union Power Station",55380,"CTG-3",4593,,2020,5491,5471.04,1369628.22,,2.979,0.001,590037.071,0.059,60.008,0.0149,9928507.513,"Pipeline Natural Gas",,"Combined cycle",,"Selective Catalytic Reduction",,,"ARP, CSOSG2"
"AR","Union Power Station",55380,"CTG-4",4594,,2020,5156,5130.73,1283387.18,,2.782,0.001,551121.974,0.059,56.162,0.0149,9273706.84,"Pipeline Natural Gas",,"Combined cycle",,"Selective Catalytic Reduction",,,"ARP, CSOSG2"
"AR","Union Power Station",55380,"CTG-5",4595,,2020,3945,3916.53,987384.65,,2.092,0.001,414317.614,0.059,42.884,0.0171,6971716.11,"Pipeline Natural Gas",,"Combined cycle",,"Selective Catalytic Reduction",,,"ARP, CSOSG2"
"AR","Union Power Station",55380,"CTG-6",4596,,2020,3941,3918.79,994245.82,,2.115,0.001,419019.659,0.059,43.21,0.0156,7050839.567,"Pipeline Natural Gas",,"Combined cycle",,"Selective Catalytic Reduction",,,"ARP, CSOSG2"
"AR","Union Power Station",55380,"CTG-7",4597,,2020,4265,4236.26,1054676.05,,2.251,0.001,445847.526,0.059,44.557,0.0145,7502170.961,"Pipeline Natural Gas",,"Combined cycle",,"Selective Catalytic Reduction",,,"ARP, CSOSG2"
"AR","Union Power Station",55380,"CTG-8",4598,,2020,4302,4278.92,1080015.38,,2.313,0.001,458196.479,0.059,45.133,0.0137,7710043.036,"Pipeline Natural Gas",,"Combined cycle",,"Selective Catalytic Reduction",,,"ARP, CSOSG2"
"VA","Commonwealth Chesapeake",55381,"CT-001",4600,,2020,131,96.05,4036.31,,0.074,0.004,3123.628,0.081,2.566,0.1301,38497.518,"Diesel Oil",,"Combustion turbine",,"Water Injection",,,"ARP, CSNOX, CSOSG2, CSSO2G1"
"VA","Commonwealth Chesapeake",55381,"CT-002",4601,,2020,139,111.54,4878.33,,0.084,0.0039,3802.231,0.081,3.045,0.1286,46858.11,"Diesel Oil",,"Combustion turbine",,"Water Injection",,,"ARP, CSNOX, CSOSG2, CSSO2G1"
"VA","Commonwealth Chesapeake",55381,"CT-003",4602,,2020,151,122.53,5359.13,,0.094,0.004,4065.211,0.081,3.2,0.1279,50099.588,"Diesel Oil",,"Combustion turbine",,"Water Injection",,,"ARP, CSNOX, CSOSG2, CSSO2G1"
"VA","Commonwealth Chesapeake",55381,"CT-004",4603,,2020,296,110.16,2381.47,,0.045,0.0027,2247.326,0.0811,1.622,0.1132,27697.794,"Diesel Oil",,"Combustion turbine",,"Water Injection",,,"ARP, CSNOX, CSOSG2, CSSO2G1"
"VA","Commonwealth Chesapeake",55381,"CT-005",4604,,2020,301,111.01,2243.22,,0.043,0.0026,2158.677,0.0811,1.366,0.0967,26603.711,"Diesel Oil",,"Combustion turbine",,"Water Injection",,,"ARP, CSNOX, CSOSG2, CSSO2G1"
"VA","Commonwealth Chesapeake",55381,"CT-006",4605,,2020,280,112.5,2687.91,,0.048,0.0027,2376.686,0.0811,1.775,0.1056,29294.057,"Diesel Oil",,"Combustion turbine",,"Water Injection",,,"ARP, CSNOX, CSOSG2, CSSO2G1"
"VA","Commonwealth Chesapeake",55381,"CT-007",4606,,2020,278,124.35,3435.32,,0.059,0.0028,2984.13,0.0809,1.919,0.0954,36773.231,"Diesel Oil",,"Combustion turbine",,"Water Injection",,,"ARP, CSNOX, CSOSG2, CSSO2G1"
"GA","Thomas A. Smith Energy Facility",55382,"CCCT1",4607,,2020,6565,6492.14,1694367.64,,3.664,0.001,725769.889,0.059,57.924,0.0111,12212561.394,"Pipeline Natural Gas",,"Combined cycle",,"Dry Low NOx Burners|Selective Catalytic Reduction",,,"ARP, CSNOX, CSOSG1, CSSO2G2"
"GA","Thomas A. Smith Energy Facility",55382,"CCCT2",4608,,2020,6874,6842.48,1765067.07,,3.832,0.001,759052.058,0.059,60.181,0.0103,12772439.254,"Pipeline Natural Gas",,"Combined cycle",,"Dry Low NOx Burners|Selective Catalytic Reduction",,,"ARP, CSNOX, CSOSG1, CSSO2G2"
"GA","Thomas A. Smith Energy Facility",55382,"CCCT3",4609,,2020,7341,7297.94,1941651.68,,4.152,0.001,822439.911,0.059,63.113,0.0099,13839127.184,"Pipeline Natural Gas",,"Combined cycle",,"Dry Low NOx Burners|Selective Catalytic Reduction",,,"ARP, CSNOX, CSOSG1, CSSO2G2"
"GA","Thomas A. Smith Energy Facility",55382,"CCCT4",4610,,2020,7338,7325.33,1948121.38,,4.166,0.001,825290.139,0.059,60.93,0.009,13887111.185,"Pipeline Natural Gas",,"Combined cycle",,"Dry Low NOx Burners|Selective Catalytic Reduction",,,"ARP, CSNOX, CSOSG1, CSSO2G2"
"SC","Columbia Energy Center (SC)",55386,"B-1",4634,,2020,1062,1046.31,,38139.26,,,,,1.226,0.0343,77346.722,"Pipeline Natural Gas","Diesel Oil","Dry bottom wall-fired boiler",,"Low NOx Burner Technology (Dry Bottom only)",,,"SIPNOX"
"SC","Columbia Energy Center (SC)",55386,"B-2",4635,,2020,3900,3883.47,,206544.9,,,,,4.417,0.0313,286133.201,"Pipeline Natural Gas","Diesel Oil","Dry bottom wall-fired boiler",,"Low NOx Burner Technology (Dry Bottom only)",,,"SIPNOX"
"SC","Columbia Energy Center (SC)",55386,"B-3",89404,,2020,3584,3568.8,,426686.94,,,,,8.42,0.0302,561830.861,"Pipeline Natural Gas","Diesel Oil","Dry bottom wall-fired boiler",,"Low NOx Burner Technology (Dry Bottom only)",,,"SIPNOX"
"SC","Columbia Energy Center (SC)",55386,"CT-1",4636,,2020,6876,6863.04,1506736.84,,3.48,0.001,689414.873,0.059,64.839,0.0117,11600628.645,"Pipeline Natural Gas","Diesel Oil","Combined cycle",,"Dry Low NOx Burners|Water Injection|Selective Catalytic Reduction",,,"ARP, CSNOX, CSSO2G2, SIPNOX"
"SC","Columbia Energy Center (SC)",55386,"CT-2",4637,,2020,6619,6607.62,1471754.3,,3.722,0.0014,675513.405,0.059,63.609,0.0117,11366479.971,"Pipeline Natural Gas","Diesel Oil","Combined cycle",,"Dry Low NOx Burners|Water Injection|Selective Catalytic Reduction",,,"ARP, CSNOX, CSSO2G2, SIPNOX"
"WI","Rockgen Energy Center",55391,"CT-1",4652,,2020,1055,954.39,139158.22,,0.477,0.001,94546.763,0.0591,36.305,0.0503,1589189.551,"Pipeline Natural Gas","Diesel Oil","Combustion turbine",,"Dry Low NOx Burners|Water Injection",,,"ARP, CSNOX, CSOSG2, CSSO2G1"
"WI","Rockgen Energy Center",55391,"CT-2",4653,,2020,1156,1039.67,152379.72,,0.512,0.001,101603.652,0.0592,35.974,0.0503,1708376.922,"Pipeline Natural Gas","Diesel Oil","Combustion turbine",,"Dry Low NOx Burners|Water Injection",,,"ARP, CSNOX, CSOSG2, CSSO2G1"
"WI","Rockgen Energy Center",55391,"CT-3",4654,,2020,1131,1005.48,146730.94,,0.499,0.001,99014.238,0.0592,33.5,0.0468,1665128.158,"Pipeline Natural Gas","Diesel Oil","Combustion turbine",,"Dry Low NOx Burners|Water Injection",,,"ARP, CSNOX, CSOSG2, CSSO2G1"
"IL","Zion Energy Center",55392,"CT-1",4660,,2020,1634,1468.32,230335.97,,0.776,0.0011,145604.775,0.0593,41.364,0.0464,2446916.489,"Pipeline Natural Gas","Diesel Oil","Combustion turbine",,"Dry Low NOx Burners|Water Injection",,,"ARP, CSNOX, CSOSG2, CSSO2G1"
"IL","Zion Energy Center",55392,"CT-2",4661,,2020,1336,1181.1,182861.35,,0.65,0.0012,117783.327,0.0594,32.5,0.0477,1977815.49,"Pipeline Natural Gas","Diesel Oil","Combustion turbine",,"Dry Low NOx Burners|Water Injection",,,"ARP, CSNOX, CSOSG2, CSSO2G1"
"IL","Zion Energy Center",55392,"CT-3",4662,,2020,1075,957.57,142565.33,,0.519,0.0013,94692.514,0.0596,29.113,0.0507,1590411.576,"Pipeline Natural Gas","Diesel Oil","Combustion turbine",,"Dry Low NOx Burners|Water Injection",,,"ARP, CSNOX, CSOSG2, CSSO2G1"
"CA","Metcalf Energy Center",55393,"1",4665,,2020,5519,5370.53,1260671.31,,2.7,0.001,534773.04,0.059,32.048,0.0088,8998594.451,"Pipeline Natural Gas",,"Combined cycle",,"Dry Low NOx Burners|Selective Catalytic Reduction",,,"ARP"
"CA","Metcalf Energy Center",55393,"2",4666,,2020,5424,5198.33,1207466.16,,2.588,0.001,512647.359,0.059,34.392,0.0104,8626246.652,"Pipeline Natural Gas",,"Combined cycle",,"Dry Low NOx Burners|Selective Catalytic Reduction",,,"ARP"
"MS","Crossroads Energy Center (CPU)",55395,"CT01",9056,,2020,628,564.23,29149.83,,0.118,0.001,23372.796,0.0591,5.847,0.0335,393301.58,"Pipeline Natural Gas",,"Combustion turbine",,"Dry Low NOx Burners",,,"ARP, CSOSG2"
"MS","Crossroads Energy Center (CPU)",55395,"CT02",9057,,2020,657,587.89,30759.71,,0.122,0.001,24239.793,0.0592,6.141,0.0348,407775.335,"Pipeline Natural Gas",,"Combustion turbine",,"Dry Low NOx Burners",,,"ARP, CSOSG2"
"MS","Crossroads Energy Center (CPU)",55395,"CT03",9058,,2020,697,628.47,32804.33,,0.131,0.001,25963.149,0.0591,6.575,0.0343,436932.754,"Pipeline Natural Gas",,"Combustion turbine",,"Dry Low NOx Burners",,,"ARP, CSOSG2"
"MS","Crossroads Energy Center (CPU)",55395,"CT04",9059,,2020,566,505.26,26180,,0.102,0.001,20151.105,0.0591,4.801,0.0338,339072.838,"Pipeline Natural Gas",,"Combustion turbine",,"Dry Low NOx Burners",,,"ARP, CSOSG2"
"OH","Washington Power Company LLC",55397,"CT1",9212,,2020,8263,8242.61,2561203.84,,5.456,0.001,1080679.782,0.059,91.297,0.0104,18184542.99,"Pipeline Natural Gas",,"Combined cycle",,"Dry Low NOx Burners|Selective Catalytic Reduction",,,"ARP, CSNOX, CSOSG2, CSSO2G1"
"OH","Washington Power Company LLC",55397,"CT2",9213,,2020,8234,8222.45,2552093.86,,5.446,0.001,1078787.199,0.059,90.982,0.0103,18152713.805,"Pipeline Natural Gas",,"Combined cycle",,"Dry Low NOx Burners|Selective Catalytic Reduction",,,"ARP, CSNOX, CSOSG2, CSSO2G1"
"CA","Elk Hills Power",55400,"CTG-1",88308,,2020,7530,7518.1,1816898.63,,4.047,0.001,801735.531,0.059,38.541,0.0059,13489616.355,"Pipeline Natural Gas",,"Combined cycle",,"Dry Low NOx Burners|Selective Catalytic Reduction",,,"ARP"
"CA","Elk Hills Power",55400,"CTG-2",88309,,2020,7239,7226.67,1735236.82,,3.882,0.001,768917.346,0.059,37.639,0.006,12937663.402,"Pipeline Natural Gas",,"Combined cycle",,"Dry Low NOx Burners|Selective Catalytic Reduction",,,"ARP"
"OH","Rolling Hills Generating LLC",55401,"CT-1",4669,,2020,619,554.6,87948.37,,0.297,0.001,58820.659,0.059,22.586,0.0495,989803.726,"Pipeline Natural Gas",,"Combustion turbine",,"Dry Low NOx Burners|Water Injection|Selective Catalytic Reduction",,,"ARP, CSNOX, CSOSG2, CSSO2G1"
"OH","Rolling Hills Generating LLC",55401,"CT-2",4670,,2020,637,569.5,89462.21,,0.301,0.001,59627.903,0.059,22.934,0.0495,1003374.901,"Pipeline Natural Gas",,"Combustion turbine",,"Dry Low NOx Burners|Water Injection|Selective Catalytic Reduction",,,"ARP, CSNOX, CSOSG2, CSSO2G1"
"OH","Rolling Hills Generating LLC",55401,"CT-3",4671,,2020,327,293.3,46966.44,,0.157,0.001,31163.528,0.059,11.67,0.0486,524396.293,"Pipeline Natural Gas",,"Combustion turbine",,"Dry Low NOx Burners|Water Injection",,,"ARP, CSNOX, CSOSG2, CSSO2G1"
"OH","Rolling Hills Generating LLC",55401,"CT-4",4672,,2020,76,66.22,10642.4,,0.036,0.001,7065.811,0.059,2.811,0.0513,118892.551,"Pipeline Natural Gas",,"Combustion turbine",,"Dry Low NOx Burners|Water Injection",,,"ARP, CSNOX, CSOSG2, CSSO2G1"
"OH","Rolling Hills Generating LLC",55401,"CT-5",4673,,2020,226,204.04,32435.98,,0.11,0.001,21724.389,0.059,8.152,0.0488,365545.969,"Pipeline Natural Gas",,"Combustion turbine",,"Dry Low NOx Burners|Water Injection",,,"ARP, CSNOX, CSOSG2, CSSO2G1"
"MI","Renaissance Power",55402,"CT1",4674,,2020,2333,2313.21,361500.59,,1.165,0.001,230688.89,0.059,97.281,0.0507,3881762.423,"Pipeline Natural Gas",,"Combustion turbine",,"Dry Low NOx Burners",,,"ARP, CSNOX, CSOSG2, CSSO2G1"
"MI","Renaissance Power",55402,"CT2",4675,,2020,1783,1762,271444.1,,0.889,0.001,176157.282,0.059,72.665,0.0496,2964189.237,"Pipeline Natural Gas",,"Combustion turbine",,"Dry Low NOx Burners",,,"ARP, CSNOX, CSOSG2, CSSO2G1"
"MI","Renaissance Power",55402,"CT3",4676,,2020,1701,1679.14,261783.53,,0.852,0.001,168738.144,0.059,71.038,0.0505,2839374.676,"Pipeline Natural Gas",,"Combustion turbine",,"Dry Low NOx Burners",,,"ARP, CSNOX, CSOSG2, CSSO2G1"
"MI","Renaissance Power",55402,"CT4",4677,,2020,1833,1812.25,283055.2,,0.913,0.001,180889.867,0.059,75.944,0.0503,3043814.206,"Pipeline Natural Gas",,"Combustion turbine",,"Dry Low NOx Burners",,,"ARP, CSNOX, CSOSG2, CSSO2G1"
"LA","Carville Energy Center",55404,"COG01",4678,,2020,6133,6049.55,1391117.97,,3.178,0.001,629481.137,0.059,170.71,0.0338,10592270.519,"Pipeline Natural Gas",,"Combined cycle",,"Dry Low NOx Burners",,,"ARP, CSOSG2"
"LA","Carville Energy Center",55404,"COG02",4679,,2020,5803,5745.86,1311383.03,,3.004,0.001,595132.98,0.059,165.017,0.034,10014251.997,"Pipeline Natural Gas",,"Combined cycle",,"Dry Low NOx Burners",,,"ARP, CSOSG2"
"NY","Athens Generating Company",55405,"1",8542,,2020,1732,1715.31,551691.23,,1.145,0.001,226806.617,0.059,15.04,0.0114,3816437.165,"Pipeline Natural Gas","Diesel Oil","Combined cycle",,"Dry Low NOx Burners|Water Injection|Selective Catalytic Reduction",,,"ARP, CSNOX, CSOSG2, CSSO2G1, RGGI"
"NY","Athens Generating Company",55405,"2",8544,,2020,1849,1824.75,543530.8,,1.141,0.001,225995.829,0.059,16.71,0.0135,3802846.083,"Pipeline Natural Gas","Diesel Oil","Combined cycle",,"Dry Low NOx Burners|Water Injection|Selective Catalytic Reduction",,,"ARP, CSNOX, CSOSG2, CSSO2G1, RGGI"
"NY","Athens Generating Company",55405,"3",8546,,2020,2940,2924.91,907680.6,,1.944,0.001,385025.031,0.059,26.485,0.0103,6478753.786,"Pipeline Natural Gas","Diesel Oil","Combined cycle",,"Dry Low NOx Burners|Water Injection|Selective Catalytic Reduction",,,"ARP, CSNOX, CSOSG2, CSSO2G1, RGGI"
"GA","Bobby C. Smith Jr. Energy Facility",55406,"1",4680,,2020,6166,6103.22,962134.38,,3.186,0.001,631122.771,0.059,41.87,0.0101,10619859.453,"Pipeline Natural Gas",,"Combined cycle",,"Dry Low NOx Burners|Selective Catalytic Reduction",,,"ARP, CSNOX, CSOSG1, CSSO2G2"
"GA","Bobby C. Smith Jr. Energy Facility",55406,"2",4681,,2020,6047,6001.83,942484.37,,3.044,0.001,602973.58,0.059,42.68,0.0102,10146186.602,"Pipeline Natural Gas",,"Combined cycle",,"Dry Low NOx Burners|Selective Catalytic Reduction",,,"ARP, CSNOX, CSOSG1, CSSO2G2"
"AL","Calhoun Generating Facility",55409,"CT1",4688,,2020,126,107.16,14059.41,,0.047,0.001,9285.566,0.061,2.835,0.0538,153244.844,"Pipeline Natural Gas","Diesel Oil","Combustion turbine",,"Dry Low NOx Burners|Water Injection",,,"ARP, CSNOX, CSOSG2, CSSO2G2"
"AL","Calhoun Generating Facility",55409,"CT2",4689,,2020,32,24.24,3133.74,,0.01,0.001,1965.742,0.0626,0.655,0.0685,32515.365,"Pipeline Natural Gas","Diesel Oil","Combustion turbine",,"Dry Low NOx Burners|Water Injection",,,"ARP, CSNOX, CSOSG2, CSSO2G2"
"AL","Calhoun Generating Facility",55409,"CT3",4690,,2020,36,29.82,3435.68,,0.011,0.001,2244.48,0.0609,0.65,0.0614,37408.83,"Pipeline Natural Gas","Diesel Oil","Combustion turbine",,"Dry Low NOx Burners|Water Injection",,,"ARP, CSNOX, CSOSG2, CSSO2G2"
"AL","Calhoun Generating Facility",55409,"CT4",4691,,2020,158,140.84,18455.78,,0.061,0.001,12051.556,0.0611,3.724,0.0488,199502.221,"Pipeline Natural Gas","Diesel Oil","Combustion turbine",,"Dry Low NOx Burners|Water Injection",,,"ARP, CSNOX, CSOSG2, CSSO2G2"
"AL","Hillabee Energy Center",55411,"CT1",4695,,2020,7368,7339.26,2674626.98,,5.477,0.001,1084863.087,0.059,66.689,0.0076,18254967.77,"Pipeline Natural Gas",,"Combined cycle",,"Dry Low NOx Burners|Selective Catalytic Reduction",,,"ARP, CSNOX, CSOSG2, CSSO2G2"
"AL","Hillabee Energy Center",55411,"CT2",4696,,2020,7474,7451,2744852.55,,5.557,0.001,1100744.267,0.059,70.129,0.0078,18522136.826,"Pipeline Natural Gas",,"Combined cycle",,"Dry Low NOx Burners|Selective Catalytic Reduction",,,"ARP, CSNOX, CSOSG2, CSSO2G2"
"FL","Osprey Energy Center",55412,"CT1",8548,,2020,5442,5336.99,1255751.79,,2.686,0.001,532073.76,0.059,51.039,0.0126,8953146.473,"Pipeline Natural Gas",,"Combined cycle",,"Dry Low NOx Burners|Selective Catalytic Reduction",,,"ARP"
"FL","Osprey Energy Center",55412,"CT2",8550,,2020,5096,4983.95,1181198.38,,2.51,0.001,497233.32,0.059,51.717,0.0136,8366877.08,"Pipeline Natural Gas",,"Combined cycle",,"Dry Low NOx Burners|Selective Catalytic Reduction",,,"ARP"
"FL","Shady Hills",55414,"GT101",4697,,2020,367,320.42,47155.34,,0.184,0.0013,28807.234,0.0592,9.123,0.0496,483995.777,"Pipeline Natural Gas","Diesel Oil","Combustion turbine",,"Dry Low NOx Burners|Water Injection",,,"ARP"
"FL","Shady Hills",55414,"GT201",4698,,2020,694,644.82,93423.48,,0.324,0.0011,58675.751,0.0591,15.731,0.0375,986784.007,"Pipeline Natural Gas","Diesel Oil","Combustion turbine",,"Dry Low NOx Burners|Water Injection",,,"ARP"
"FL","Shady Hills",55414,"GT301",4699,,2020,542,494.93,72693.04,,0.25,0.0012,43210.866,0.0591,11.856,0.0394,726481.75,"Pipeline Natural Gas","Diesel Oil","Combustion turbine",,"Dry Low NOx Burners|Water Injection",,,"ARP"
"FL","Vandolah Power Project",55415,"GT101",4700,,2020,855,772.97,116235.79,,2.413,0.0047,72628.967,0.0592,20.424,0.0387,1219530.868,"Pipeline Natural Gas","Diesel Oil","Combustion turbine",,"Dry Low NOx Burners|Water Injection",,,"ARP"
"FL","Vandolah Power Project",55415,"GT201",4701,,2020,971,882.66,137429.31,,3.909,0.0054,83955.306,0.0593,21.787,0.0353,1408518.463,"Pipeline Natural Gas","Diesel Oil","Combustion turbine",,"Dry Low NOx Burners|Water Injection",,,"ARP"
"FL","Vandolah Power Project",55415,"GT301",4702,,2020,1007,936.17,142919.02,,5.613,0.0074,89387.085,0.0592,23.112,0.0343,1499098.321,"Pipeline Natural Gas","Diesel Oil","Combustion turbine",,"Dry Low NOx Burners|Water Injection",,,"ARP"
"FL","Vandolah Power Project",55415,"GT401",4703,,2020,1196,1089.47,163165.55,,3.463,0.0045,102714.841,0.0591,26.797,0.0359,1724976.974,"Pipeline Natural Gas","Diesel Oil","Combustion turbine",,"Dry Low NOx Burners|Water Injection",,,"ARP"
"IL","Raccoon Creek Power Plant",55417,"CT-01",9216,,2020,41,34.12,1902.85,,0.007,0.001,1390.098,0.0592,0.293,0.025,23393.283,"Pipeline Natural Gas",,"Combustion turbine",,"Dry Low NOx Burners",,,"ARP, CSNOX, CSOSG2, CSSO2G1"
"IL","Raccoon Creek Power Plant",55417,"CT-02",9217,,2020,32,27.21,1541.93,,0.006,0.001,1182.655,0.0572,0.238,0.0232,19898.875,"Pipeline Natural Gas",,"Combustion turbine",,"Dry Low NOx Burners",,,"ARP, CSNOX, CSOSG2, CSSO2G1"
"IL","Raccoon Creek Power Plant",55417,"CT-03",9218,,2020,30,25.21,1435.78,,0.005,0.001,1029.155,0.0592,0.184,0.021,17316.803,"Pipeline Natural Gas",,"Combustion turbine",,"Dry Low NOx Burners",,,"ARP, CSNOX, CSOSG2, CSSO2G1"
"IL","Raccoon Creek Power Plant",55417,"CT-04",9219,,2020,13,9.97,548.74,,0.002,0.001,372.074,0.0592,0.071,0.0224,6260.319,"Pipeline Natural Gas",,"Combustion turbine",,"Dry Low NOx Burners",,,"ARP, CSNOX, CSOSG2, CSSO2G1"
"AR","Hot Spring Energy Facility",55418,"CT-1",4705,,2020,2228,2184.65,535890.99,,1.186,0.001,234834.172,0.059,21.672,0.0167,3951534.636,"Pipeline Natural Gas",,"Combined cycle",,"Dry Low NOx Burners|Selective Catalytic Reduction",,,"ARP, CSOSG2"
"AR","Hot Spring Energy Facility",55418,"CT-2",4706,,2020,2644,2596.96,642201.56,,1.412,0.001,279774.826,0.059,26.53,0.0183,4707759.505,"Pipeline Natural Gas",,"Combined cycle",,"Dry Low NOx Burners|Selective Catalytic Reduction",,,"ARP, CSOSG2"
"LA","Plaquemine Cogen Facility",55419,"500",4709,,2020,8067,8061.39,2638375.33,,2.29,0,800168.619,0.0575,128.111,0.0185,13946448.98,"Natural Gas","Process Gas","Combined cycle",,"Dry Low NOx Burners|Selective Catalytic Reduction",,,"ARP, CSOSG2"
"LA","Plaquemine Cogen Facility",55419,"600",4710,,2020,8784,8783.82,2870191.09,,2.561,0,904980.995,0.0575,129.922,0.0165,15729796.09,"Natural Gas","Process Gas","Combined cycle",,"Dry Low NOx Burners|Selective Catalytic Reduction",,,"ARP, CSOSG2"
"LA","Plaquemine Cogen Facility",55419,"700",4711,,2020,8133,8128.59,2611358.89,,2.32,0,811318.801,0.0557,116.23,0.016,14564677.558,"Natural Gas","Process Gas","Combined cycle",,"Dry Low NOx Burners|Selective Catalytic Reduction",,,"ARP, CSOSG2"
"LA","Plaquemine Cogen Facility",55419,"800",4712,,2020,7293,7285,2207043.02,,1.957,0,690440.208,0.0563,100.909,0.0164,12283803.99,"Natural Gas","Process Gas","Combined cycle",,"Dry Low NOx Burners|Selective Catalytic Reduction",,,"ARP, CSOSG2"
"LA","Bayou Cove Peaking Power Plant",55433,"CTG-1",8562,,2020,530,441.99,24701.79,,0.094,0.001,18680.95,0.059,6.574,0.0507,314350.821,"Pipeline Natural Gas",,"Combustion turbine",,"Dry Low NOx Burners",,,"ARP, CSOSG2"
"LA","Bayou Cove Peaking Power Plant",55433,"CTG-2",8564,,2020,283,244.33,8988.08,,0.038,0.001,7542.096,0.0591,3.576,0.0755,126908.384,"Pipeline Natural Gas",,"Combustion turbine",,"Dry Low NOx Burners",,,"ARP, CSOSG2"
"LA","Bayou Cove Peaking Power Plant",55433,"CTG-3",8566,,2020,318,266.38,13616.56,,0.051,0.001,10110.206,0.0591,4.416,0.0595,170135.605,"Pipeline Natural Gas",,"Combustion turbine",,"Dry Low NOx Burners",,,"ARP, CSOSG2"
"LA","Bayou Cove Peaking Power Plant",55433,"CTG-4",8568,,2020,194,161.87,7915.9,,0.031,0.001,6196.541,0.0591,2.336,0.0559,104261.146,"Pipeline Natural Gas",,"Combustion turbine",,"Dry Low NOx Burners",,,"ARP, CSOSG2"
"IL","Elgin Energy Center, LLC",55438,"CT01",4751,,2020,947,890.36,93295.14,,0.323,0.001,63953.06,0.059,29.219,0.0539,1076118.405,"Pipeline Natural Gas",,"Combustion turbine",,"Dry Low NOx Burners",,,"ARP, CSNOX, CSOSG2, CSSO2G1"
"IL","Elgin Energy Center, LLC",55438,"CT02",4752,,2020,1302,1203.98,125610.72,,0.433,0.001,85817.733,0.059,42.721,0.0596,1444061.93,"Pipeline Natural Gas",,"Combustion turbine",,"Dry Low NOx Burners",,,"ARP, CSNOX, CSOSG2, CSSO2G1"
"IL","Elgin Energy Center, LLC",55438,"CT03",4753,,2020,871,807.96,82865.85,,0.293,0.001,57992.218,0.059,26.385,0.054,975831.403,"Pipeline Natural Gas",,"Combustion turbine",,"Dry Low NOx Burners",,,"ARP, CSNOX, CSOSG2, CSSO2G1"
"IL","Elgin Energy Center, LLC",55438,"CT04",4754,,2020,836,777.11,80508.14,,0.277,0.001,54932.077,0.059,28.839,0.0638,924322.564,"Pipeline Natural Gas",,"Combustion turbine",,"Dry Low NOx Burners",,,"ARP, CSNOX, CSOSG2, CSSO2G1"
"VA","Tenaska Virginia Generating Station",55439,"CTGDB1",4755,,2020,5777,5605.08,1531408.1,,3.31,0.001,655003.084,0.059,42.693,0.0128,11021159.234,"Pipeline Natural Gas","Diesel Oil","Combined cycle",,"Dry Low NOx Burners|Water Injection|Selective Catalytic Reduction",,,"ARP, CSNOX, CSOSG2, CSSO2G1"
"VA","Tenaska Virginia Generating Station",55439,"CTGDB2",4756,,2020,5707,5587.48,1513070.24,,3.236,0.001,640455.305,0.059,49.302,0.0141,10776271.061,"Pipeline Natural Gas","Diesel Oil","Combined cycle",,"Dry Low NOx Burners|Water Injection|Selective Catalytic Reduction",,,"ARP, CSNOX, CSOSG2, CSSO2G1"
"VA","Tenaska Virginia Generating Station",55439,"CTGDB3",4757,,2020,5651,5525.02,1490581.21,,3.183,0.001,629866.061,0.059,45.052,0.0138,10598180.798,"Pipeline Natural Gas","Diesel Oil","Combined cycle",,"Dry Low NOx Burners|Water Injection|Selective Catalytic Reduction",,,"ARP, CSNOX, CSOSG2, CSSO2G1"
"AL","Central Alabama Gen Station",55440,"CTGDB1",4758,,2020,7083,6979.62,1767782.74,,3.987,0.001,789715.893,0.059,56.351,0.0097,13288471.42,"Pipeline Natural Gas","Diesel Oil","Combined cycle",,"Dry Low NOx Burners|Water Injection|Selective Catalytic Reduction",,,"ARP, CSNOX, CSOSG2, CSSO2G2"
"AL","Central Alabama Gen Station",55440,"CTGDB2",4759,,2020,7280,7235.24,1871060.6,,4.221,0.001,836215.37,0.059,60.446,0.0092,14070873.145,"Pipeline Natural Gas","Diesel Oil","Combined cycle",,"Dry Low NOx Burners|Water Injection|Selective Catalytic Reduction",,,"ARP, CSNOX, CSOSG2, CSSO2G2"
"AL","Central Alabama Gen Station",55440,"CTGDB3",4760,,2020,7062,6972.93,1754346.6,,3.867,0.001,766010.034,0.059,94.161,0.0158,12889568.241,"Pipeline Natural Gas","Diesel Oil","Combined cycle",,"Dry Low NOx Burners|Water Injection|Selective Catalytic Reduction",,,"ARP, CSNOX, CSOSG2, CSSO2G2"
"MO","Columbia Energy Center (MO)",55447,"CT01",4780,,2020,143,112,3714.85,,0.012,0.001,2421.307,0.0591,0.952,0.0759,40737.969,"Pipeline Natural Gas",,"Combustion turbine",,"Dry Low NOx Burners",,,"ARP, CSNOX, CSOSG2, CSSO2G1"
"MO","Columbia Energy Center (MO)",55447,"CT02",4781,,2020,145,111.88,3644.69,,0.012,0.001,2408.367,0.0589,0.977,0.0792,40520.623,"Pipeline Natural Gas",,"Combustion turbine",,"Dry Low NOx Burners",,,"ARP, CSNOX, CSOSG2, CSSO2G1"
"MO","Columbia Energy Center (MO)",55447,"CT03",4782,,2020,163,127.04,4261.12,,0.015,0.001,2885.98,0.0589,1.113,0.0784,48571.667,"Pipeline Natural Gas",,"Combustion turbine",,"Dry Low NOx Burners",,,"ARP, CSNOX, CSOSG2, CSSO2G1"
"MO","Columbia Energy Center (MO)",55447,"CT04",4783,,2020,138,109.19,3554.08,,0.013,0.001,2541.722,0.0584,1.471,0.0955,42763.789,"Pipeline Natural Gas",,"Combustion turbine",,"Dry Low NOx Burners",,,"ARP, CSNOX, CSOSG2, CSSO2G1"
"MS","Magnolia Combined Cycle Plant",55451,"CTG-1",4784,,2020,7319,7253.24,1972773.4,,4.355,0.001,862724.942,0.059,86.141,0.0139,14517020.623,"Pipeline Natural Gas",,"Combined cycle",,"Dry Low NOx Burners|Selective Catalytic Reduction",,,"ARP, CSOSG2"
"MS","Magnolia Combined Cycle Plant",55451,"CTG-2",4785,,2020,6994,6947.62,1848151.48,,4.05,0.001,802239.516,0.059,77.797,0.013,13499215.25,"Pipeline Natural Gas",,"Combined cycle",,"Dry Low NOx Burners|Selective Catalytic Reduction",,,"ARP, CSOSG2"
"MS","Magnolia Combined Cycle Plant",55451,"CTG-3",4786,,2020,6093,6067.87,1545425.08,,3.536,0.001,700407.104,0.059,73.22,0.0135,11785631.025,"Pipeline Natural Gas",,"Combined cycle",,"Dry Low NOx Burners|Selective Catalytic Reduction",,,"ARP, CSOSG2"
"CO","Fountain Valley Power Plant",55453,"1",4790,,2020,1797,1555.22,29357.53,,0.106,0.001,21047.676,0.0594,21.666,0.1355,354158.368,"Pipeline Natural Gas",,"Combustion turbine",,"Water Injection",,,"ARP"
"CO","Fountain Valley Power Plant",55453,"2",4791,,2020,1351,1168.5,23736.51,,0.084,0.001,16702.2,0.0595,15.533,0.1227,281020.065,"Pipeline Natural Gas",,"Combustion turbine",,"Water Injection",,,"ARP"
"CO","Fountain Valley Power Plant",55453,"3",4792,,2020,1716,1485.89,29010.42,,0.105,0.001,20757.676,0.0594,20.944,0.1325,349276.809,"Pipeline Natural Gas",,"Combustion turbine",,"Water Injection",,,"ARP"
"CO","Fountain Valley Power Plant",55453,"4",4793,,2020,1226,1049.43,20415.2,,0.072,0.001,14341.545,0.0595,12.276,0.117,241313.543,"Pipeline Natural Gas",,"Combustion turbine",,"Water Injection",,,"ARP"
"CO","Fountain Valley Power Plant",55453,"5",4794,,2020,1434,1237.64,23737.85,,0.084,0.001,16598.289,0.0594,15.07,0.1198,279318.184,"Pipeline Natural Gas",,"Combustion turbine",,"Water Injection",,,"ARP"
"CO","Fountain Valley Power Plant",55453,"6",4795,,2020,1441,1244.76,23669.44,,0.085,0.001,16885.071,0.0594,15.197,0.1205,284097.132,"Pipeline Natural Gas",,"Combustion turbine",,"Water Injection",,,"ARP"
"AZ","Redhawk Generating Facility",55455,"CC1A",4796,,2020,6946,6844.17,1429230.68,,2.916,0.001,577616.814,0.059,42.979,0.0116,9719493.191,"Pipeline Natural Gas",,"Combined cycle",,"Dry Low NOx Burners|Selective Catalytic Reduction",,,"ARP"
"AZ","Redhawk Generating Facility",55455,"CC1B",4797,,2020,6897,6787.83,1409707.96,,2.9,0.001,574492.249,0.059,43.07,0.0116,9666915.824,"Pipeline Natural Gas",,"Combined cycle",,"Dry Low NOx Burners|Selective Catalytic Reduction",,,"ARP"
"AZ","Redhawk Generating Facility",55455,"CC2A",4799,,2020,7139,7048.92,1472424.92,,2.977,0.001,589771.896,0.059,43.147,0.0109,9924000.207,"Pipeline Natural Gas",,"Combined cycle",,"Dry Low NOx Burners|Selective Catalytic Reduction",,,"ARP"
"AZ","Redhawk Generating Facility",55455,"CC2B",4800,,2020,6679,6589.44,1393567.62,,2.874,0.001,569301.166,0.059,41.677,0.0109,9579570.609,"Pipeline Natural Gas",,"Combined cycle",,"Dry Low NOx Burners|Selective Catalytic Reduction",,,"ARP"
"OK","McClain Energy Facility",55457,"CT1",4808,,2020,6598,6536.03,1013603.39,,3.125,0.001,619121.562,0.059,156.064,0.0314,10417876.488,"Pipeline Natural Gas",,"Combined cycle",,"Dry Low NOx Burners",,,"ARP, CSOSG2"
"OK","McClain Energy Facility",55457,"CT2",4809,,2020,6560,6483.92,1006056.19,,3.105,0.001,614959.066,0.059,149.074,0.03,10347900.601,"Pipeline Natural Gas",,"Combined cycle",,"Dry Low NOx Burners",,,"ARP, CSOSG2"
"OK","Redbud Power Plant",55463,"CT-01",4817,,2020,5778,5714.02,1500905.54,,3.326,0.001,658800.575,0.059,65.728,0.0144,11085664.431,"Pipeline Natural Gas",,"Combined cycle",,"Dry Low NOx Burners|Selective Catalytic Reduction",,,"ARP, CSOSG2"
"OK","Redbud Power Plant",55463,"CT-02",4818,,2020,5855,5716.23,1516822.63,,3.356,0.001,664829.157,0.059,67.101,0.0148,11187105.076,"Pipeline Natural Gas",,"Combined cycle",,"Dry Low NOx Burners|Selective Catalytic Reduction",,,"ARP, CSOSG2"
"OK","Redbud Power Plant",55463,"CT-03",4819,,2020,5868,5727.57,1522762.54,,3.395,0.001,672478.984,0.059,69.815,0.0162,11315748.775,"Pipeline Natural Gas",,"Combined cycle",,"Dry Low NOx Burners|Selective Catalytic Reduction",,,"ARP, CSOSG2"
"OK","Redbud Power Plant",55463,"CT-04",4820,,2020,5880,5808.45,1523875.59,,3.397,0.001,672957.584,0.059,68.073,0.015,11323833.723,"Pipeline Natural Gas",,"Combined cycle",,"Dry Low NOx Burners|Selective Catalytic Reduction",,,"ARP, CSOSG2"
"TX","Deer Park Energy Center",55464,"CTG1",4821,,2020,7150,7084.05,1467498.16,,4.508,0.001,892978.771,0.059,62.307,0.0092,15026107.537,"Pipeline Natural Gas",,"Combined cycle",,"Dry Low NOx Burners|Selective Catalytic Reduction",,,"ARP, CSOSG2"
"TX","Deer Park Energy Center",55464,"CTG2",4822,,2020,7703,7643.03,1549535.35,,4.523,0.001,895912.482,0.059,63.151,0.0092,15075396.771,"Pipeline Natural Gas",,"Combined cycle",,"Dry Low NOx Burners|Selective Catalytic Reduction",,,"ARP, CSOSG2"
"TX","Deer Park Energy Center",55464,"CTG3",4823,,2020,8065,8029.89,1644941.74,,5.105,0.001,1011242.325,0.059,77.81,0.0097,17016105.559,"Pipeline Natural Gas",,"Combined cycle",,"Dry Low NOx Burners|Selective Catalytic Reduction",,,"ARP, CSOSG2"
"TX","Deer Park Energy Center",55464,"CTG4",4824,,2020,7514,7424.04,1493338.86,,4.406,0.001,872802.465,0.059,61.251,0.0097,14686511.205,"Pipeline Natural Gas",,"Combined cycle",,"Dry Low NOx Burners|Selective Catalytic Reduction",,,"ARP, CSOSG2"
"TX","Deer Park Energy Center",55464,"CTG5",90258,,2020,7350,7339.17,1444009.86,,3.946,0.001,781656.018,0.059,37.817,0.006,13152892.94,"Pipeline Natural Gas",,"Combined cycle",,"Dry Low NOx Burners|Selective Catalytic Reduction",,,"ARP, CSOSG2"
"LA","Ouachita Plant",55467,"CTGEN1",4829,,2020,4260,4233.58,1045414.82,,2.326,0.001,460653.954,0.059,57.591,0.0171,7751371.853,"Pipeline Natural Gas",,"Combined cycle",,"Dry Low NOx Burners|Selective Catalytic Reduction",,,"ARP, CSOSG2"
"LA","Ouachita Plant",55467,"CTGEN2",4830,,2020,4522,4507.31,1100543.05,,2.487,0.001,492585.967,0.059,62.203,0.0166,8288692.992,"Pipeline Natural Gas",,"Combined cycle",,"Dry Low NOx Burners|Selective Catalytic Reduction",,,"ARP, CSOSG2"
"LA","Ouachita Plant",55467,"CTGEN3",4831,,2020,5819,5798.26,1338579.77,,3.134,0.001,620899.843,0.059,76.543,0.0159,10447864.037,"Pipeline Natural Gas",,"Combined cycle",,"Dry Low NOx Burners|Selective Catalytic Reduction",,,"ARP, CSOSG2"
"TX","South Houston Green Power Site",55470,"EPN801",4843,,2020,6746,6742.03,,4479898.68,16.895,0.0025,784019.095,0.059,69.963,0.0107,13192663.706,"Pipeline Natural Gas","Process Gas","Combined cycle",,"Dry Low NOx Burners|Selective Catalytic Reduction",,,"ARP, CSOSG2"
"TX","South Houston Green Power Site",55470,"EPN802",4844,,2020,8114,8111.87,1322462.8,,37.404,0.0041,1010084.321,0.059,88.95,0.0105,16996702.351,"Pipeline Natural Gas","Process Gas","Combined cycle",,"Dry Low NOx Burners|Selective Catalytic Reduction",,,"ARP, CSOSG2"
"TX","South Houston Green Power Site",55470,"EPN803",4845,,2020,8371,8363.79,,5974136.72,35.796,0.0037,1075399.2,0.059,98.311,0.0114,18095724.719,"Pipeline Natural Gas","Process Gas","Combined cycle",,"Dry Low NOx Burners|Selective Catalytic Reduction",,,"ARP, CSOSG2"
"WY","Neil Simpson II (CT2)",55477,"CT2",4849,,2020,715,596.37,15114.45,,0.051,0.001,10034.43,0.0593,4.926,0.0621,168852.662,"Pipeline Natural Gas",,"Combustion turbine",,"Dry Low NOx Burners",,,"ARP"
"SD","Lange",55478,"CT1",4850,,2020,1307,1136.33,37648.55,,0.113,0.001,22296.534,0.0593,13.667,0.0754,375206.784,"Pipeline Natural Gas",,"Combustion turbine",,"Dry Low NOx Burners",,,"ARP"
"WY","Wygen I",55479,"001",4852,,2020,8562,8546.19,770690.3,,426.375,0.0992,918861.708,0.105,600.05,0.1365,8761068.827,"Coal",,"Dry bottom wall-fired boiler","Dry Lime FGD","Low NOx Burner Technology w/ Overfire Air|Selective Catalytic Reduction","Baghouse",,"ARP, MATS"
"TX","Forney Power Plant",55480,"U1",4853,,2020,7572,7411.52,2055456.96,,4.293,0.001,850352.765,0.059,233.362,0.0373,14308839.308,"Pipeline Natural Gas",,"Combined cycle",,"Dry Low NOx Burners",,,"ARP, CSOSG2"
"TX","Forney Power Plant",55480,"U2",4854,,2020,7713,7522.96,2067845.71,,4.355,0.001,862720.903,0.059,218.916,0.0344,14516964.179,"Pipeline Natural Gas",,"Combined cycle",,"Dry Low NOx Burners",,,"ARP, CSOSG2"
"TX","Forney Power Plant",55480,"U3",4855,,2020,7565,7413.84,2038589.92,,4.27,0.001,845921.3,0.059,223.173,0.035,14234206.388,"Pipeline Natural Gas",,"Combined cycle",,"Dry Low NOx Burners",,,"ARP, CSOSG2"
"TX","Forney Power Plant",55480,"U4",4856,,2020,5969,5792.66,1459346.53,,3.161,0.001,626190.251,0.059,175.888,0.0392,10536791.08,"Pipeline Natural Gas",,"Combined cycle",,"Dry Low NOx Burners",,,"ARP, CSOSG2"
"TX","Forney Power Plant",55480,"U5",4857,,2020,6207,5977.16,1497378.65,,3.22,0.001,637770.187,0.059,173.479,0.0377,10731679.047,"Pipeline Natural Gas",,"Combined cycle",,"Dry Low NOx Burners",,,"ARP, CSOSG2"
"TX","Forney Power Plant",55480,"U6",4858,,2020,6073,5890.68,1485182.02,,3.218,0.001,637391.987,0.059,167.303,0.0379,10725374.558,"Pipeline Natural Gas",,"Combined cycle",,"Dry Low NOx Burners",,,"ARP, CSOSG2"
"AZ","Mesquite Generating Station",55481,"1",4859,,2020,6917,6808.72,1759013.76,,3.697,0.001,732305.769,0.059,53.399,0.0108,12322418.183,"Pipeline Natural Gas",,"Combined cycle",,"Dry Low NOx Burners|Selective Catalytic Reduction",,,"ARP"
"AZ","Mesquite Generating Station",55481,"2",4860,,2020,7015,6944.41,1742575.97,,3.707,0.001,734284.834,0.059,59.054,0.0113,12355775.177,"Pipeline Natural Gas",,"Combined cycle",,"Dry Low NOx Burners|Selective Catalytic Reduction",,,"ARP"
"AZ","Mesquite Generating Station",55481,"5",4861,,2020,8190,8183.64,2022937.68,,4.24,0.001,839857.159,0.059,56.715,0.0082,14132184.725,"Pipeline Natural Gas",,"Combined cycle",,"Dry Low NOx Burners|Selective Catalytic Reduction",,,"ARP"
"AZ","Mesquite Generating Station",55481,"6",4862,,2020,8126,8105.36,2004520.37,,4.152,0.001,822434.655,0.059,56.432,0.0087,13839043.606,"Pipeline Natural Gas",,"Combined cycle",,"Dry Low NOx Burners|Selective Catalytic Reduction",,,"ARP"
"WA","Goldendale Generating Station",55482,"CT-1",4863,,2020,7358,7324.62,2019912.64,,4.059,0.001,804092.697,0.059,51.184,0.0092,13530400.725,"Pipeline Natural Gas",,"Combined cycle",,"Dry Low NOx Burners|Selective Catalytic Reduction",,,"ARP"
"LA","Washington Parish Energy Center",55486,"CTG01",10121,,2020,20,14.02,2223.66,,0.006,0.001,1143.675,0.059,0.313,0.0482,19243.933,"Pipeline Natural Gas",,"Combustion turbine (Started Sep 19, 2020)",,"Dry Low NOx Burners",,,"ARP"
"LA","Washington Parish Energy Center",55486,"CTG02",10122,,2020,51,36.4,5371.71,,0.014,0.001,2812.494,0.0591,0.734,0.0448,47327.957,"Pipeline Natural Gas",,"Combustion turbine (Started Oct 01, 2020)",,"Dry Low NOx Burners",,,"ARP"
"IL","Goose Creek Power Plant",55496,"CT-01",10123,,2020,64,56.24,3350.37,,0.012,0.001,2288.002,0.059,0.412,0.0213,38500.922,"Pipeline Natural Gas",,"Combustion turbine",,"Dry Low NOx Burners",,,"ARP, CSNOX, CSOSG2, CSSO2G1"
"IL","Goose Creek Power Plant",55496,"CT-02",10124,,2020,63,54.22,3056.66,,0.011,0.001,2154.132,0.0599,0.405,0.0228,36248.333,"Pipeline Natural Gas",,"Combustion turbine",,"Dry Low NOx Burners",,,"ARP, CSNOX, CSOSG2, CSSO2G1"
"IL","Goose Creek Power Plant",55496,"CT-03",10125,,2020,73,62.26,3466.85,,0.012,0.001,2446.181,0.0592,0.384,0.0185,41163.113,"Pipeline Natural Gas",,"Combustion turbine",,"Dry Low NOx Burners",,,"ARP, CSNOX, CSOSG2, CSSO2G1"
"IL","Goose Creek Power Plant",55496,"CT-04",10126,,2020,77,65.78,3797.05,,0.014,0.001,2679.876,0.0591,0.52,0.0228,45097.958,"Pipeline Natural Gas",,"Combustion turbine",,"Dry Low NOx Burners",,,"ARP, CSNOX, CSOSG2, CSSO2G1"
"IL","Goose Creek Power Plant",55496,"CT-05",10127,,2020,68,57.93,3337.57,,0.012,0.001,2324.157,0.0592,0.435,0.0217,39108.874,"Pipeline Natural Gas",,"Combustion turbine",,"Dry Low NOx Burners",,,"ARP, CSNOX, CSOSG2, CSSO2G1"
"IL","Goose Creek Power Plant",55496,"CT-06",10128,,2020,72,63,3640.25,,0.013,0.001,2530.077,0.0591,0.451,0.0205,42567.722,"Pipeline Natural Gas",,"Combustion turbine",,"Dry Low NOx Burners",,,"ARP, CSNOX, CSOSG2, CSSO2G1"
"CA","CalPeak Power - Vaca Dixon",55499,"GT-1",4893,,2020,583,411.56,17269.04,,0.055,0.001,10726.271,0.058,1.238,0.0171,184207.621,"Pipeline Natural Gas",,"Combustion turbine",,"Dry Low NOx Burners|Ammonia Injection|Selective Catalytic Reduction",,,"ARP"
"OK","Tenaska Kiamichi Generating Station",55501,"CTGDB1",4899,,2020,6352,6326.99,1274771.77,,2.973,0.001,588876.472,0.059,160.627,0.033,9908941.956,"Pipeline Natural Gas",,"Combined cycle",,"Dry Low NOx Burners",,,"ARP, CSOSG2"
"OK","Tenaska Kiamichi Generating Station",55501,"CTGDB2",4900,,2020,6445,6421.85,1342406.21,,3.129,0.001,619871.936,0.059,156.633,0.0309,10430563.456,"Pipeline Natural Gas",,"Combined cycle",,"Dry Low NOx Burners",,,"ARP, CSOSG2"
"OK","Tenaska Kiamichi Generating Station",55501,"CTGDB3",4901,,2020,6512,6479.42,1353800.45,,3.103,0.001,614726.287,0.059,162.511,0.0318,10343937.411,"Pipeline Natural Gas",,"Combined cycle",,"Dry Low NOx Burners",,,"ARP, CSOSG2"
"OK","Tenaska Kiamichi Generating Station",55501,"CTGDB4",4902,,2020,6619,6583.04,1381925.68,,3.185,0.001,630827.667,0.059,162.607,0.0313,10614900.621,"Pipeline Natural Gas",,"Combined cycle",,"Dry Low NOx Burners",,,"ARP, CSOSG2"
"IN","Lawrenceburg Energy Facility",55502,"1",8612,,2020,8529,8512.58,2158785.61,,4.706,0.001,932189.486,0.059,71.999,0.0096,15685821.133,"Pipeline Natural Gas",,"Combined cycle",,"Dry Low NOx Burners|Selective Catalytic Reduction",,,"ARP, CSNOX, CSOSG2, CSSO2G1"
"IN","Lawrenceburg Energy Facility",55502,"2",8614,,2020,8494,8481.98,2174432.65,,4.676,0.001,926218.444,0.059,69.598,0.0093,15585447.349,"Pipeline Natural Gas",,"Combined cycle",,"Dry Low NOx Burners|Selective Catalytic Reduction",,,"ARP, CSNOX, CSOSG2, CSSO2G1"
"IN","Lawrenceburg Energy Facility",55502,"3",8616,,2020,8594,8587.76,2242651.07,,4.796,0.001,949956.899,0.059,73.183,0.0095,15984851.651,"Pipeline Natural Gas",,"Combined cycle",,"Dry Low NOx Burners|Selective Catalytic Reduction",,,"ARP, CSNOX, CSOSG2, CSSO2G1"
"IN","Lawrenceburg Energy Facility",55502,"4",8618,,2020,8531,8517.44,2202482.32,,4.683,0.001,927619.091,0.059,70.304,0.0095,15609033.813,"Pipeline Natural Gas",,"Combined cycle",,"Dry Low NOx Burners|Selective Catalytic Reduction",,,"ARP, CSNOX, CSOSG2, CSSO2G1"
"OH","Waterford Plant",55503,"1",8620,,2020,8362,8354.94,2274045.41,,4.649,0.001,920927.137,0.059,72.878,0.0096,15496308.314,"Pipeline Natural Gas",,"Combined cycle",,"Dry Low NOx Burners|Selective Catalytic Reduction",,,"ARP, CSNOX, CSOSG2, CSSO2G1"
"OH","Waterford Plant",55503,"2",8622,,2020,8388,8384.19,2260904.65,,4.638,0.001,918718.53,0.059,75.449,0.0099,15459313.705,"Pipeline Natural Gas",,"Combined cycle",,"Dry Low NOx Burners|Selective Catalytic Reduction",,,"ARP, CSNOX, CSOSG2, CSSO2G1"
"OH","Waterford Plant",55503,"3",8624,,2020,8368,8362.89,2264274.59,,4.634,0.001,917964.857,0.059,74.54,0.0098,15446470.635,"Pipeline Natural Gas",,"Combined cycle",,"Dry Low NOx Burners|Selective Catalytic Reduction",,,"ARP, CSNOX, CSOSG2, CSSO2G1"
"CO","Limon Generating Station",55504,"L1",4903,,2020,629,562.1,32469.39,,0.139,0.0014,23981.584,0.0597,5.251,0.039,402361.477,"Pipeline Natural Gas","Diesel Oil","Combustion turbine",,"Dry Low NOx Burners|Water Injection",,,"ARP"
"CO","Limon Generating Station",55504,"L2",4904,,2020,725,657.51,37997.07,,0.144,0.001,28096.32,0.0591,6.144,0.0345,472611.809,"Pipeline Natural Gas","Diesel Oil","Combustion turbine",,"Dry Low NOx Burners|Water Injection",,,"ARP"
"CO","Frank Knutson Station",55505,"BR1",4905,,2020,780,690.42,39692.39,,0.158,0.0011,29212.237,0.059,6.849,0.0368,490891.96,"Pipeline Natural Gas","Diesel Oil","Combustion turbine",,"Dry Low NOx Burners|Water Injection",,,"ARP"
"CO","Frank Knutson Station",55505,"BR2",4906,,2020,657,589.05,33710.18,,0.133,0.0011,25079.287,0.059,5.191,0.0341,421600.139,"Pipeline Natural Gas","Diesel Oil","Combustion turbine",,"Dry Low NOx Burners|Water Injection",,,"ARP"
"CA","CalPeak Power - Panoche",55508,"GT-1",4913,,2020,659,457.94,19226.51,,0.063,0.001,12248.977,0.059,1.217,0.0137,208728.341,"Pipeline Natural Gas",,"Combustion turbine",,"Dry Low NOx Burners|Ammonia Injection|Selective Catalytic Reduction",,,"ARP"
"CA","CalPeak Power - Border",55510,"GT-1",4917,,2020,698,466.41,16990.47,,0.054,0.001,10492.631,0.059,0.956,0.0128,178603.615,"Pipeline Natural Gas",,"Combustion turbine",,"Dry Low NOx Burners|Ammonia Injection|Selective Catalytic Reduction",,,"ARP"
"CA","Cuyamaca Peak Energy",55512,"GT-1",4921,,2020,272,201.47,7022,,0.023,0.001,4561.981,0.0586,0.503,0.0154,77963.961,"Pipeline Natural Gas",,"Combustion turbine",,"Dry Low NOx Burners|Ammonia Injection|Selective Catalytic Reduction",,,"ARP"
"CA","CalPeak Power - Enterprise",55513,"GT-1",4923,,2020,609,423.05,16138.21,,0.052,0.001,10150.828,0.0585,1.243,0.0165,173485.98,"Pipeline Natural Gas",,"Combustion turbine",,"Dry Low NOx Burners|Ammonia Injection|Selective Catalytic Reduction",,,"ARP"
"NV","Apex Generating Station",55514,"CTG01",4925,,2020,6680,6541.98,1439376.5,,2.928,0.001,579941.933,0.059,64.964,0.0208,9758725.035,"Pipeline Natural Gas",,"Combined cycle",,"Dry Low NOx Burners|Selective Catalytic Reduction",,,"ARP"
"NV","Apex Generating Station",55514,"CTG02",4926,,2020,6288,6131.54,1367541.04,,2.846,0.001,563710.6,0.059,59.125,0.0205,9485237.7,"Pipeline Natural Gas",,"Combined cycle",,"Dry Low NOx Burners|Selective Catalytic Reduction",,,"ARP"
"PA","Fayette Power Company LLC",55516,"CTG1",10129,,2020,8070,8059.5,2552458.43,,5.389,0.001,1067452.785,0.059,62.651,0.0073,17961976.882,"Pipeline Natural Gas",,"Combined cycle",,"Dry Low NOx Burners|Selective Catalytic Reduction",,,"ARP, CSNOX, CSOSG2, CSSO2G1"
"PA","Fayette Power Company LLC",55516,"CTG2",10130,,2020,8038,8026.39,2535476.47,,5.267,0.001,1043331.769,0.059,61.315,0.0072,17556040.253,"Pipeline Natural Gas",,"Combined cycle",,"Dry Low NOx Burners|Selective Catalytic Reduction",,,"ARP, CSNOX, CSOSG2, CSSO2G1"
"CT","Wallingford Energy, LLC",55517,"CT01",4927,,2020,790,613.13,25583.74,,0.079,0.0009,15061.84,0.0592,1.366,0.017,253451.695,"Pipeline Natural Gas",,"Combustion turbine",,"Water Injection|Selective Catalytic Reduction",,,"ARP, RGGI, SIPNOX"
"CT","Wallingford Energy, LLC",55517,"CT02",4928,,2020,629,486.77,19284.25,,0.057,0.0007,11599.576,0.0592,0.983,0.0161,195179.419,"Pipeline Natural Gas",,"Combustion turbine",,"Water Injection|Selective Catalytic Reduction",,,"ARP, RGGI, SIPNOX"
"CT","Wallingford Energy, LLC",55517,"CT03",4929,,2020,667,510,20904.95,,0.065,0.0008,12561.352,0.0592,1.102,0.0149,211367.078,"Pipeline Natural Gas",,"Combustion turbine",,"Water Injection|Selective Catalytic Reduction",,,"ARP, RGGI, SIPNOX"
"CT","Wallingford Energy, LLC",55517,"CT04",4930,,2020,714,560.8,23058.21,,0.074,0.0008,13951.427,0.0592,1.088,0.0136,234765.604,"Pipeline Natural Gas",,"Combustion turbine",,"Water Injection|Selective Catalytic Reduction",,,"ARP, RGGI, SIPNOX"
"CT","Wallingford Energy, LLC",55517,"CT05",4931,,2020,635,494.68,19961.79,,0.061,0.0008,11957.816,0.0592,1.019,0.0148,201218.16,"Pipeline Natural Gas",,"Combustion turbine",,"Water Injection|Selective Catalytic Reduction",,,"ARP, RGGI, SIPNOX"
"CT","Wallingford Energy, LLC",55517,"CT06",91275,,2020,906,701.98,29346.32,,0.09,0.0009,17138.211,0.0592,1.359,0.0154,288383.049,"Pipeline Natural Gas",,"Combustion turbine",,"Water Injection|Selective Catalytic Reduction",,,"ARP, RGGI, SIPNOX"
"CT","Wallingford Energy, LLC",55517,"CT07",91276,,2020,837,628.82,25618.02,,0.077,0.0008,14883.952,0.0592,1.465,0.0222,250452.347,"Pipeline Natural Gas",,"Combustion turbine",,"Water Injection|Selective Catalytic Reduction",,,"ARP, RGGI, SIPNOX"
"CA","High Desert Power Project",55518,"CTG1",4932,,2020,4904,4716.27,1090769.83,,2.382,0.001,471825.898,0.059,33.997,0.0101,7939392.311,"Pipeline Natural Gas",,"Combined cycle",,"Selective Catalytic Reduction",,,"ARP"
"CA","High Desert Power Project",55518,"CTG2",4933,,2020,4729,4566.43,1068855.94,,2.317,0.001,458873.824,0.059,33.164,0.01,7721449.291,"Pipeline Natural Gas",,"Combined cycle",,"Selective Catalytic Reduction",,,"ARP"
"CA","High Desert Power Project",55518,"CTG3",4934,,2020,4973,4782.78,1119990.68,,2.413,0.001,477992.21,0.059,34.575,0.0106,8043154.613,"Pipeline Natural Gas",,"Combined cycle",,"Selective Catalytic Reduction",,,"ARP"
"AZ","Sundance Power Plant",55522,"CT01",9951,,2020,1678,1321.26,48305.08,,0.162,0.001,32032.559,0.0592,4.627,0.0368,539018.518,"Pipeline Natural Gas",,"Combustion turbine",,"Water Injection|Selective Catalytic Reduction",,,"ARP"
"AZ","Sundance Power Plant",55522,"CT02",9952,,2020,1596,1256.66,46062.96,,0.15,0.001,29806.384,0.0592,4.025,0.0354,501549.004,"Pipeline Natural Gas",,"Combustion turbine",,"Water Injection|Selective Catalytic Reduction",,,"ARP"
"AZ","Sundance Power Plant",55522,"CT03",9953,,2020,1559,1247.61,45361.98,,0.147,0.001,29123.643,0.0593,4.173,0.0372,490061.849,"Pipeline Natural Gas",,"Combustion turbine",,"Water Injection|Selective Catalytic Reduction",,,"ARP"
"AZ","Sundance Power Plant",55522,"CT04",9954,,2020,1289,1025.74,37385.2,,0.123,0.001,24438.424,0.0592,3.657,0.042,411219.358,"Pipeline Natural Gas",,"Combustion turbine",,"Water Injection|Selective Catalytic Reduction",,,"ARP"
"AZ","Sundance Power Plant",55522,"CT05",9955,,2020,1445,1167.05,42924.36,,0.141,0.001,27885.405,0.0592,3.793,0.033,469223.027,"Pipeline Natural Gas",,"Combustion turbine",,"Water Injection|Selective Catalytic Reduction",,,"ARP"
"AZ","Sundance Power Plant",55522,"CT06",9956,,2020,1398,1110.19,40872.06,,0.133,0.001,26408.547,0.0592,3.876,0.0368,444366.588,"Pipeline Natural Gas",,"Combustion turbine",,"Water Injection|Selective Catalytic Reduction",,,"ARP"
"AZ","Sundance Power Plant",55522,"CT07",9957,,2020,1451,1175.62,43204.5,,0.141,0.001,27976.641,0.0592,3.908,0.0296,470751.15,"Pipeline Natural Gas",,"Combustion turbine",,"Water Injection|Selective Catalytic Reduction",,,"ARP"
"AZ","Sundance Power Plant",55522,"CT08",9958,,2020,1179,917.35,33771.18,,0.105,0.001,20758.592,0.0593,3.214,0.0432,349300.066,"Pipeline Natural Gas",,"Combustion turbine",,"Water Injection|Selective Catalytic Reduction",,,"ARP"
"AZ","Sundance Power Plant",55522,"CT09",9959,,2020,1593,1302.31,48290.27,,0.159,0.001,31415.255,0.0592,4.081,0.0313,528631.347,"Pipeline Natural Gas",,"Combustion turbine",,"Water Injection|Selective Catalytic Reduction",,,"ARP"
"AZ","Sundance Power Plant",55522,"CT10",9960,,2020,1482,1191.24,43757.33,,0.144,0.001,28586.364,0.0592,3.821,0.0293,481023.335,"Pipeline Natural Gas",,"Combustion turbine",,"Water Injection|Selective Catalytic Reduction",,,"ARP"
"PA","York Energy Center",55524,"1",4937,,2020,7356,7275.76,1082615.1,,2.496,0.001,494443.825,0.059,25.613,0.0071,8319763.87,"Pipeline Natural Gas","Diesel Oil","Combined cycle",,"Selective Catalytic Reduction",,,"ARP, CSNOX, CSOSG2, CSSO2G1"
"PA","York Energy Center",55524,"2",4938,,2020,7189,7069.53,1034995.07,,2.41,0.001,477418.648,0.059,25.067,0.0073,8033371.23,"Pipeline Natural Gas","Diesel Oil","Combined cycle",,"Selective Catalytic Reduction",,,"ARP, CSNOX, CSOSG2, CSSO2G1"
"PA","York Energy Center",55524,"3",4939,,2020,7197,7082.15,1042523.49,,2.436,0.001,482472.325,0.059,21.654,0.0062,8118273.127,"Pipeline Natural Gas","Diesel Oil","Combined cycle",,"Selective Catalytic Reduction",,,"ARP, CSNOX, CSOSG2, CSSO2G1"
"PA","York Energy Center",55524,"5",4940,,2020,7680,7667.78,2884608.93,,6.112,0.001,1210594.752,0.059,51.657,0.0054,20370315.824,"Pipeline Natural Gas","Diesel Oil","Combined cycle",,"Dry Low NOx Burners|Water Injection|Selective Catalytic Reduction",,,"ARP, CSNOX, CSOSG2, CSSO2G1"
"PA","York Energy Center",55524,"6",4941,,2020,7456,7436.15,2805303.08,,5.972,0.001,1182979.747,0.059,50.652,0.0056,19905734.505,"Pipeline Natural Gas","Diesel Oil","Combined cycle",,"Dry Low NOx Burners|Water Injection|Selective Catalytic Reduction",,,"ARP, CSNOX, CSOSG2, CSSO2G1"
"CA","Escondido Energy Center, LLC",55538,"CTG1",90893,,2020,575,384.89,13114.82,,0.041,0.001,8034.294,0.0592,0.903,0.0228,135204.052,"Pipeline Natural Gas",,"Combustion turbine",,"Water Injection",,,"ARP"
"CA","Chula Vista Energy Center",55540,"1A",4973,"CS001",2020,105,79.61,1221.14,,0.007,0.001,1339.564,0.0593,0.142,0.0178,22541.086,"Pipeline Natural Gas",,"Combustion turbine",,"Dry Low NOx Burners|Selective Catalytic Reduction",,,"ARP"
"CA","Chula Vista Energy Center",55540,"1B",4974,"CS001",2020,105,79.6,1244.17,,0.007,0.001,1364.217,0.0592,0.145,0.0178,22957.065,"Pipeline Natural Gas",,"Combustion turbine",,"Dry Low NOx Burners|Selective Catalytic Reduction",,,"ARP"
"CA","Indigo Generation Facility",55541,"1",8640,,2020,529,355.91,13118.35,,0.04,0.001,8003.57,0.0592,1.337,0.0415,134678.334,"Pipeline Natural Gas",,"Combustion turbine",,"Water Injection|Selective Catalytic Reduction",,,"ARP"
"CA","Indigo Generation Facility",55541,"2",8642,,2020,665,464.16,17162,,0.053,0.001,10509.177,0.0593,1.886,0.0414,176810.07,"Pipeline Natural Gas",,"Combustion turbine",,"Selective Catalytic Reduction",,,"ARP"
"CA","Indigo Generation Facility",55541,"3",8644,,2020,511,346.33,12353.96,,0.038,0.001,7471.825,0.0593,1.34,0.0499,125712.568,"Pipeline Natural Gas",,"Combustion turbine",,"Selective Catalytic Reduction",,,"ARP"
"CA","Larkspur Energy Facility",55542,"1",8646,,2020,693,494.11,19087.05,,0.058,0.001,11425.988,0.0592,1.653,0.0529,192278.701,"Pipeline Natural Gas","Diesel Oil","Combustion turbine",,"Selective Catalytic Reduction",,,"ARP"
"CA","Larkspur Energy Facility",55542,"2",8648,,2020,612,418.86,16268.43,,0.047,0.001,9366.784,0.0592,1.587,0.0682,157626.016,"Pipeline Natural Gas","Diesel Oil","Combustion turbine",,"Selective Catalytic Reduction",,,"ARP"
"OR","Klamath Generation Peakers",55544,"GT1",4975,,2020,273,200.73,3944.31,,0.013,0.001,2544.561,0.0594,0.535,0.0349,42812.845,"Pipeline Natural Gas",,"Combustion turbine",,"Water Injection",,,"ARP"
"OR","Klamath Generation Peakers",55544,"GT2",4976,,2020,511,385.75,7457.83,,0.025,0.001,4914.922,0.0594,0.887,0.0266,82707.408,"Pipeline Natural Gas",,"Combustion turbine",,"Water Injection",,,"ARP"
"OR","Klamath Generation Peakers",55544,"GT3",4977,,2020,859,671.1,13197.72,,0.042,0.001,8310.221,0.0594,1.519,0.0296,139845.183,"Pipeline Natural Gas",,"Combustion turbine",,"Water Injection",,,"ARP"
"OR","Klamath Generation Peakers",55544,"GT4",4978,,2020,871,683.03,13360.79,,0.043,0.001,8422.389,0.0594,1.585,0.0296,141716.261,"Pipeline Natural Gas",,"Combustion turbine",,"Water Injection",,,"ARP"
"WI","McKinley Paper and Packaging Company",55558,"B06",4988,,2020,8155,8116.03,509476.63,,1.123,0.001,222398.794,0.0592,20.763,0.0115,3742217.103,"Pipeline Natural Gas",,"Combined cycle",,"Water Injection|Selective Catalytic Reduction",,,"ARP, CSNOX, CSOSG2, CSSO2G1"
"LA","Perryville Power Station",55620,"1-1",3329,,2020,6490,6470.24,1619328.39,,3.401,0.001,673612.666,0.059,78.573,0.0154,11334779.721,"Pipeline Natural Gas",,"Combined cycle",,"Dry Low NOx Burners|Selective Catalytic Reduction",,,"ARP, CSOSG2"
"LA","Perryville Power Station",55620,"1-2",3330,,2020,6404,6383.02,1617768.49,,3.397,0.001,672901.429,0.059,77.492,0.0152,11322840.114,"Pipeline Natural Gas",,"Combined cycle",,"Dry Low NOx Burners|Selective Catalytic Reduction",,,"ARP, CSOSG2"
"LA","Perryville Power Station",55620,"2-1",3331,,2020,241,192.18,24921.1,,0.079,0.001,15576.957,0.059,3.835,0.0429,262106.86,"Pipeline Natural Gas",,"Combustion turbine",,"Dry Low NOx Burners",,,"ARP, CSOSG2"
"UT","West Valley Power Plant",55622,"U1",8650,,2020,2640,2193.25,61166.8,,0.2,0.001,39634.797,0.0593,7.003,0.0411,666923.61,"Pipeline Natural Gas",,"Combustion turbine",,"Water Injection|Selective Catalytic Reduction",,,"ARP"
"UT","West Valley Power Plant",55622,"U2",8652,,2020,2560,2138.62,58670.1,,0.196,0.001,38756.761,0.0593,6.1,0.0339,652172.042,"Pipeline Natural Gas",,"Combustion turbine",,"Water Injection|Selective Catalytic Reduction",,,"ARP"
"UT","West Valley Power Plant",55622,"U3",8654,,2020,2463,2062.6,58470.41,,0.185,0.001,36586.388,0.0593,5.643,0.0336,615624.291,"Pipeline Natural Gas",,"Combustion turbine",,"Water Injection|Selective Catalytic Reduction",,,"ARP"
"UT","West Valley Power Plant",55622,"U4",8656,,2020,2795,2342.11,65960.2,,0.215,0.001,42552.309,0.0593,6.631,0.0318,716031.163,"Pipeline Natural Gas",,"Combustion turbine",,"Water Injection|Selective Catalytic Reduction",,,"ARP"
"UT","West Valley Power Plant",55622,"U5",10041,,2020,2665,2238.12,63560.02,,0.21,0.001,41556.806,0.0593,6.426,0.0333,699244.377,"Pipeline Natural Gas",,"Combustion turbine",,"Water Injection|Selective Catalytic Reduction",,,"ARP"
"CA","Creed Energy Center",55625,"UNIT1",5005,,2020,891,683.65,16902.42,,0.059,0.001,11625.815,0.0593,1.339,0.034,195652.372,"Pipeline Natural Gas",,"Combustion turbine",,"Ammonia Injection|Selective Catalytic Reduction",,,"ARP"
"CA","Lambie Energy Center",55626,"UNIT1",5006,,2020,716,546.21,14505.89,,0.05,0.001,9816.498,0.0593,1.399,0.0443,165186.621,"Pipeline Natural Gas",,"Combustion turbine",,"Ammonia Injection|Selective Catalytic Reduction",,,"ARP"
"CA","Goose Haven Energy Center",55627,"UNIT1",5007,,2020,859,656.61,16453.44,,0.058,0.001,11475.355,0.0593,1.542,0.0434,193102.843,"Pipeline Natural Gas",,"Combustion turbine",,"Water Injection|Ammonia Injection|Selective Catalytic Reduction",,,"ARP"
"IL","LSP University Park, LLC",55640,"CT01",8660,,2020,1217,1034.75,38191.79,,0.109,0.0007,21983.925,0.0592,3.452,0.0267,369914.649,"Pipeline Natural Gas",,"Combustion turbine",,"Water Injection|Selective Catalytic Reduction",,,"ARP, CSNOX, CSOSG2, CSSO2G1"
"IL","LSP University Park, LLC",55640,"CT02",8668,,2020,1661,1444.65,56099.02,,0.183,0.0009,33580.676,0.0592,4.797,0.0275,565069.497,"Pipeline Natural Gas",,"Combustion turbine",,"Water Injection|Selective Catalytic Reduction",,,"ARP, CSNOX, CSOSG2, CSSO2G1"
"IL","LSP University Park, LLC",55640,"CT03",8670,,2020,1771,1562.72,60912.1,,0.203,0.0009,37260.461,0.0592,5.447,0.0248,626970.847,"Pipeline Natural Gas",,"Combustion turbine",,"Water Injection|Selective Catalytic Reduction",,,"ARP, CSNOX, CSOSG2, CSSO2G1"
"IL","LSP University Park, LLC",55640,"CT04",8672,,2020,1849,1608.1,63758.77,,0.213,0.0009,39183.772,0.0591,5.893,0.0282,659362.233,"Pipeline Natural Gas",,"Combustion turbine",,"Water Injection|Selective Catalytic Reduction",,,"ARP, CSNOX, CSOSG2, CSSO2G1"
"IL","LSP University Park, LLC",55640,"CT05",8674,,2020,2159,1901.39,74819.11,,0.201,0.0008,39417.568,0.0592,5.234,0.0199,663259.077,"Pipeline Natural Gas",,"Combustion turbine",,"Water Injection|Selective Catalytic Reduction",,,"ARP, CSNOX, CSOSG2, CSSO2G1"
"IL","LSP University Park, LLC",55640,"CT06",8676,,2020,2130,1878.65,73454.1,,0.232,0.0008,43396.04,0.0592,4.894,0.0211,730218.857,"Pipeline Natural Gas",,"Combustion turbine",,"Water Injection|Selective Catalytic Reduction",,,"ARP, CSNOX, CSOSG2, CSSO2G1"
"IL","LSP University Park, LLC",55640,"CT07",8678,,2020,2159,1904.71,74928.49,,0.243,0.0008,44668.846,0.0593,7.627,0.0288,751661.954,"Pipeline Natural Gas",,"Combustion turbine",,"Water Injection|Selective Catalytic Reduction",,,"ARP, CSNOX, CSOSG2, CSSO2G1"
"IL","LSP University Park, LLC",55640,"CT08",8680,,2020,2133,1888.11,75404.73,,0.239,0.0008,44278.002,0.0592,7.308,0.0267,745092.511,"Pipeline Natural Gas",,"Combustion turbine",,"Water Injection|Selective Catalytic Reduction",,,"ARP, CSNOX, CSOSG2, CSSO2G1"
"IL","LSP University Park, LLC",55640,"CT09",8682,,2020,2373,2105.45,83235.69,,0.263,0.0008,48966.931,0.0593,7.397,0.0253,823935.581,"Pipeline Natural Gas",,"Combustion turbine",,"Water Injection|Selective Catalytic Reduction",,,"ARP, CSNOX, CSOSG2, CSSO2G1"
"IL","LSP University Park, LLC",55640,"CT10",8662,,2020,2225,1955.99,76569.97,,0.212,0.0008,42214.14,0.0592,6.408,0.0261,709986.207,"Pipeline Natural Gas",,"Combustion turbine",,"Water Injection|Selective Catalytic Reduction",,,"ARP, CSNOX, CSOSG2, CSSO2G1"
"IL","LSP University Park, LLC",55640,"CT11",8664,,2020,2151,1873.32,72542.31,,0.231,0.0008,43162.276,0.0592,4.881,0.0209,726301.884,"Pipeline Natural Gas",,"Combustion turbine",,"Water Injection|Selective Catalytic Reduction",,,"ARP, CSNOX, CSOSG2, CSSO2G1"
"IL","LSP University Park, LLC",55640,"CT12",8666,,2020,2154,1889.14,74072.28,,0.241,0.0009,45834.901,0.0592,5.162,0.0225,771249.292,"Pipeline Natural Gas",,"Combustion turbine",,"Water Injection|Selective Catalytic Reduction",,,"ARP, CSNOX, CSOSG2, CSSO2G1"
"WI","Riverside Energy Center",55641,"CT-01",8684,,2020,4973,4932.74,1336103.02,,2.738,0.001,542298.897,0.059,24.713,0.0068,9125209.182,"Pipeline Natural Gas",,"Combined cycle",,"Dry Low NOx Burners|Selective Catalytic Reduction",,,"ARP, CSNOX, CSOSG2, CSSO2G1"
"WI","Riverside Energy Center",55641,"CT-02",8686,,2020,3861,3821.81,1040066.92,,2.135,0.001,423008.25,0.059,19.031,0.0068,7117915.873,"Pipeline Natural Gas",,"Combined cycle",,"Dry Low NOx Burners|Selective Catalytic Reduction",,,"ARP, CSNOX, CSOSG2, CSSO2G1"
"WI","Riverside Energy Center",55641,"CT-03",91315,,2020,3164,3112.88,896667.78,,1.85,0.001,366483.81,0.059,23.871,0.0128,6166818.922,"Pipeline Natural Gas",,"Combined cycle",,"Dry Low NOx Burners|Selective Catalytic Reduction",,,"ARP, CSNOX, CSOSG2, CSSO2G1, NSPS4T"
"WI","Riverside Energy Center",55641,"CT-04",91316,,2020,3836,3805.94,1079213.08,,2.297,0.001,454916.51,0.059,25.821,0.0093,7654895.461,"Pipeline Natural Gas",,"Combined cycle",,"Dry Low NOx Burners|Selective Catalytic Reduction",,,"ARP, CSNOX, CSOSG2, CSSO2G1, NSPS4T"
"CO","Blue Spruce Energy Center",55645,"CT-01",8706,,2020,2934,2734.98,283206.14,,1.043,0.001,205293.412,0.059,56.164,0.0396,3454198.501,"Pipeline Natural Gas","Diesel Oil","Combustion turbine",,"Dry Low NOx Burners|Water Injection",,,"ARP"
"CO","Blue Spruce Energy Center",55645,"CT-02",8708,,2020,2333,2174.67,223539.83,,0.829,0.001,162758.898,0.059,43.104,0.0383,2738383.569,"Pipeline Natural Gas","Diesel Oil","Combustion turbine",,"Dry Low NOx Burners|Water Injection",,,"ARP"
"OK","Spring Creek Power Plant",55651,"CT-01",5035,,2020,380,327.09,15843.76,,0.064,0.001,12683.12,0.0591,2.889,0.0271,213425.106,"Pipeline Natural Gas",,"Combustion turbine",,"Dry Low NOx Burners",,,"ARP, CSOSG2"
"OK","Spring Creek Power Plant",55651,"CT-02",5036,,2020,365,320.39,15027.79,,0.062,0.001,12183.282,0.0591,2.29,0.0223,204992.829,"Pipeline Natural Gas",,"Combustion turbine",,"Dry Low NOx Burners",,,"ARP, CSOSG2"
"OK","Spring Creek Power Plant",55651,"CT-03",5037,,2020,371,319.55,15200.42,,0.061,0.001,12026.318,0.0591,2.633,0.026,202370.743,"Pipeline Natural Gas",,"Combustion turbine",,"Dry Low NOx Burners",,,"ARP, CSOSG2"
"OK","Spring Creek Power Plant",55651,"CT-04",5038,,2020,359,312.63,14784.99,,0.06,0.001,11974.36,0.0591,2.481,0.0248,201497.033,"Pipeline Natural Gas",,"Combustion turbine",,"Dry Low NOx Burners",,,"ARP, CSOSG2"
"PA","Chambersburg Units 12 & 13",55654,"12",8766,,2020,2922,2691.61,118678.63,,0.352,0.001,69659.468,0.0592,45.792,0.0825,1172181.84,"Pipeline Natural Gas",,"Combustion turbine",,"Water Injection",,,"ARP, CSNOX, CSOSG2, CSSO2G1"
"PA","Chambersburg Units 12 & 13",55654,"13",8768,,2020,2965,2740.63,117951.79,,0.36,0.001,71343.388,0.0592,46.31,0.0824,1200528.363,"Pipeline Natural Gas",,"Combustion turbine",,"Water Injection",,,"ARP, CSNOX, CSOSG2, CSSO2G1"
"CA","Pastoria Energy Facility",55656,"CT001",8770,,2020,6623,6474.1,1279534.03,,3.405,0.001,674443.092,0.059,35.318,0.0079,11348761.459,"Pipeline Natural Gas",,"Combined cycle",,"Dry Low NOx Burners|Selective Catalytic Reduction",,,"ARP"
"CA","Pastoria Energy Facility",55656,"CT002",8772,,2020,6344,6132.06,1212964.43,,3.21,0.001,635778.375,0.059,38.171,0.0096,10698174.846,"Pipeline Natural Gas",,"Combined cycle",,"Dry Low NOx Burners|Selective Catalytic Reduction",,,"ARP"
"CA","Pastoria Energy Facility",55656,"CT004",8774,,2020,6806,6648.63,1528783.56,,3.438,0.001,680949.763,0.059,37.007,0.009,11458272.637,"Pipeline Natural Gas",,"Combined cycle",,"Dry Low NOx Burners|Selective Catalytic Reduction",,,"ARP"
"NH","Newington Energy",55661,"1",9222,,2020,1212,1127.66,244160.28,,0.979,0.0015,108066.686,0.0602,10.496,0.0217,1784469.713,"Pipeline Natural Gas","Diesel Oil","Combined cycle",,"Dry Low NOx Burners|Water Injection|Ammonia Injection|Selective Catalytic Reduction",,,"ARP, NHNOX, RGGI"
"NH","Newington Energy",55661,"2",9223,,2020,1250,1151.16,241113.46,,0.972,0.0015,106133.28,0.0602,11.133,0.0244,1751765.794,"Pipeline Natural Gas","Diesel Oil","Combined cycle",,"Dry Low NOx Burners|Water Injection|Ammonia Injection|Selective Catalytic Reduction",,,"ARP, NHNOX, RGGI"
"WA","Chehalis Generation Facility",55662,"CT1",8780,,2020,6092,5915.07,1195648.29,,6.2,0.0016,507708.944,0.059,48.777,0.0167,8543229.949,"Natural Gas",,"Combined cycle",,"Dry Low NOx Burners|Water Injection|Selective Catalytic Reduction",,,"ARP"
"WA","Chehalis Generation Facility",55662,"CT2",8782,,2020,6650,6509.55,1331225.52,,6.756,0.0016,553173.148,0.059,44.033,0.0127,9308182.154,"Natural Gas",,"Combined cycle",,"Dry Low NOx Burners|Water Injection|Selective Catalytic Reduction",,,"ARP"
"TX","Harrison County Power Project",55664,"GT-1",8788,,2020,6126,6058.47,1511605.97,,3.187,0.001,631276.951,0.059,84.287,0.0174,10622463.781,"Pipeline Natural Gas",,"Combined cycle",,"Dry Low NOx Burners|Selective Catalytic Reduction",,,"ARP, CSOSG2"
"TX","Harrison County Power Project",55664,"GT-2",8790,,2020,6047,5967.76,1478279.33,,3.153,0.001,624468.546,0.059,80.54,0.0175,10507897.989,"Pipeline Natural Gas",,"Combined cycle",,"Dry Low NOx Burners|Selective Catalytic Reduction",,,"ARP, CSOSG2"
"PA","Lower Mount Bethel Energy, LLC",55667,"CT01",8800,,2020,4202,4195.89,1211753.9,,2.53,0.001,501155.885,0.059,37.305,0.0091,8432896.212,"Pipeline Natural Gas",,"Combined cycle",,"Dry Low NOx Burners|Selective Catalytic Reduction",,,"ARP, CSNOX, CSOSG2, CSSO2G1"
"PA","Lower Mount Bethel Energy, LLC",55667,"CT02",8802,,2020,3596,3589.98,1012625.3,,2.109,0.001,417741.326,0.059,31.621,0.0093,7029257.839,"Pipeline Natural Gas",,"Combined cycle",,"Dry Low NOx Burners|Selective Catalytic Reduction",,,"ARP, CSNOX, CSOSG2, CSSO2G1"
"GA","AL Sandersville Energy Facility",55672,"CT1",8836,,2020,54,44.85,3062.29,,0.01,0.0008,2191.4,0.0595,0.918,0.1935,37151.3,"Pipeline Natural Gas",,"Combustion turbine",,"Dry Low NOx Burners",,,"ARP, CSNOX, CSOSG1, CSSO2G2"
"GA","AL Sandersville Energy Facility",55672,"CT2",8838,,2020,62,53.22,3784.85,,0.014,0.0009,2757,0.0581,0.93,0.139,46732.5,"Pipeline Natural Gas",,"Combustion turbine",,"Dry Low NOx Burners",,,"ARP, CSNOX, CSOSG1, CSSO2G2"
"GA","AL Sandersville Energy Facility",55672,"CT3",8840,,2020,112,93.91,6373.99,,0.024,0.0008,4684,0.0594,1.5,0.175,79388.8,"Pipeline Natural Gas",,"Combustion turbine",,"Dry Low NOx Burners",,,"ARP, CSNOX, CSOSG1, CSSO2G2"
"GA","AL Sandersville Energy Facility",55672,"CT4",8842,,2020,106,89.45,6046.88,,0.023,0.0008,4496.6,0.0595,1.427,0.1603,76222.1,"Pipeline Natural Gas",,"Combustion turbine",,"Dry Low NOx Burners",,,"ARP, CSNOX, CSOSG1, CSSO2G2"
"GA","AL Sandersville Energy Facility",55672,"CT5",8844,,2020,69,56.76,3901.65,,0.015,0.0008,2906.7,0.0595,1.259,0.1863,49251.4,"Pipeline Natural Gas",,"Combustion turbine",,"Dry Low NOx Burners",,,"ARP, CSNOX, CSOSG1, CSSO2G2"
"GA","AL Sandersville Energy Facility",55672,"CT6",8846,,2020,91,78.04,5489.8,,0.021,0.0008,4056,0.0586,1.409,0.151,68741,"Pipeline Natural Gas",,"Combustion turbine",,"Dry Low NOx Burners",,,"ARP, CSNOX, CSOSG1, CSSO2G2"
"GA","AL Sandersville Energy Facility",55672,"CT7",8848,,2020,72,63.24,4371.29,,0.015,0.0009,3196.7,0.0584,1.073,0.1306,54158,"Pipeline Natural Gas",,"Combustion turbine",,"Dry Low NOx Burners",,,"ARP, CSNOX, CSOSG1, CSSO2G2"
"GA","AL Sandersville Energy Facility",55672,"CT8",8850,,2020,46,40.55,2817.87,,0.01,0.0008,2072,0.0594,0.889,0.1515,35110.3,"Pipeline Natural Gas",,"Combustion turbine",,"Dry Low NOx Burners",,,"ARP, CSNOX, CSOSG1, CSSO2G2"
"NV","Walter M. Higgins III Generating Station",55687,"BHG1",10238,,2020,4716,4527.72,999746.6,,2.199,0.001,435566.267,0.0594,37.536,0.0128,7329192.353,"Pipeline Natural Gas",,"Combined cycle",,"Dry Low NOx Burners",,,"ARP"
"NV","Walter M. Higgins III Generating Station",55687,"BHG2",10239,,2020,4182,4063.57,832531.76,,1.845,0.001,365563.837,0.0599,32.579,0.0131,6151301.616,"Pipeline Natural Gas",,"Combined cycle",,"Dry Low NOx Burners",,,"ARP"
"PA","Bethlehem Power Plant",55690,"1",8894,,2020,5866,5810.47,867396.97,,2.094,0.001,405723.858,0.059,26.099,0.0084,6822584.209,"Pipeline Natural Gas","Diesel Oil","Combined cycle",,"Water Injection|Overfire Air|Selective Catalytic Reduction",,,"ARP, CSNOX, CSOSG2, CSSO2G1"
"PA","Bethlehem Power Plant",55690,"2",8896,,2020,5832,5753.38,858234.97,,2.003,0.001,396658.511,0.059,23.573,0.0083,6674397.2,"Pipeline Natural Gas","Diesel Oil","Combined cycle",,"Water Injection|Overfire Air|Selective Catalytic Reduction",,,"ARP, CSNOX, CSOSG2, CSSO2G1"
"PA","Bethlehem Power Plant",55690,"3",8898,,2020,5834,5772.22,858485.2,,2.05,0.001,406030.201,0.059,21.39,0.0072,6832127.521,"Pipeline Natural Gas","Diesel Oil","Combined cycle",,"Water Injection|Overfire Air|Selective Catalytic Reduction",,,"ARP, CSNOX, CSOSG2, CSSO2G1"
"PA","Bethlehem Power Plant",55690,"5",8902,,2020,7415,7333.78,1101639.95,,2.527,0.001,500533.788,0.0591,30.429,0.0082,8413756.869,"Pipeline Natural Gas","Diesel Oil","Combined cycle",,"Water Injection|Overfire Air|Selective Catalytic Reduction",,,"ARP, CSNOX, CSOSG2, CSSO2G1"
"PA","Bethlehem Power Plant",55690,"6",8904,,2020,7231,7164.41,1071290.69,,2.47,0.001,489327.561,0.059,23.393,0.0063,8233754.805,"Pipeline Natural Gas","Diesel Oil","Combined cycle",,"Water Injection|Overfire Air|Selective Catalytic Reduction",,,"ARP, CSNOX, CSOSG2, CSSO2G1"
"PA","Bethlehem Power Plant",55690,"7",8906,,2020,7072,7017.1,1064927.1,,2.504,0.001,495701.462,0.059,23.938,0.0065,8340892.667,"Pipeline Natural Gas","Diesel Oil","Combined cycle",,"Water Injection|Overfire Air|Selective Catalytic Reduction",,,"ARP, CSNOX, CSOSG2, CSSO2G1"
"MS","Ackerman Combined Cycle Plant",55694,"AA-001",8924,,2020,5361,5338.68,1475729.53,,3.169,0.001,627796.583,0.059,65.413,0.014,10563879.196,"Pipeline Natural Gas",,"Combined cycle",,"Dry Low NOx Burners|Selective Catalytic Reduction",,,"ARP, CSOSG2"
"MS","Ackerman Combined Cycle Plant",55694,"AA-002",8926,,2020,5681,5659.92,1558328.18,,3.418,0.001,677142.852,0.059,75.43,0.0148,11394251.418,"Pipeline Natural Gas",,"Combined cycle",,"Dry Low NOx Burners|Selective Catalytic Reduction",,,"ARP, CSOSG2"
"CA","Hanford Energy Park Peaker",55698,"HEP1",8954,,2020,732,520.74,12131.03,,0.04,0.001,7869.771,0.0594,0.73,0.0201,132408.688,"Pipeline Natural Gas",,"Combustion turbine",,"Water Injection|Selective Catalytic Reduction",,,"ARP"
"CA","Hanford Energy Park Peaker",55698,"HEP2",8956,,2020,453,313.33,7467.58,,0.025,0.001,4856.162,0.0594,0.653,0.0257,81709.249,"Pipeline Natural Gas",,"Combustion turbine",,"Water Injection|Selective Catalytic Reduction",,,"ARP"
"NY","Bayswater Peaking Facility",55699,"1",8958,,2020,2013,1753.51,94299.06,,0.31,0.001,61427.216,0.0591,4.398,0.0116,1033635.197,"Pipeline Natural Gas",,"Combustion turbine",,"Selective Catalytic Reduction|Water Injection",,,"ARP, CSNOX, CSOSG2, CSSO2G1, RGGI"
"NY","Bayswater Peaking Facility",55699,"2",88310,,2020,483,412.93,19890.8,,0.109,0.001,18779.681,0.0799,2.693,0.0326,234356.994,"Diesel Oil","Pipeline Natural Gas","Combustion turbine",,"Water Injection|Selective Catalytic Reduction",,,"ARP, CSNOX, CSOSG2, CSSO2G1, RGGI"
"WA","Mint Farm Generating Station",55700,"CTG1",8960,,2020,6524,6482.54,1784535.98,,8.68,0.001,791399.811,0.059,53.652,0.0105,13316884.31,"Natural Gas","Other Gas","Combined cycle",,"Dry Low NOx Burners|Selective Catalytic Reduction",,,"ARP"
"OH","Fremont Energy Center",55701,"CT01",8962,,2020,5947,5815.69,1737813.33,,3.621,0.001,717205.029,0.059,62.42,0.0125,12068302.29,"Pipeline Natural Gas",,"Combined cycle",,"Dry Low NOx Burners|Ammonia Injection|Selective Catalytic Reduction|Steam Injection",,,"ARP, CSNOX, CSOSG2, CSSO2G1"
"OH","Fremont Energy Center",55701,"CT02",8964,,2020,6332,6206.18,1814773.97,,3.902,0.001,772847.927,0.059,75.458,0.0147,13004437.741,"Pipeline Natural Gas",,"Combined cycle",,"Dry Low NOx Burners|Ammonia Injection|Selective Catalytic Reduction|Steam Injection",,,"ARP, CSNOX, CSOSG2, CSSO2G1"
"TN","Valero Refining Company-Tennessee, LLC",55703,"P049",90588,,2020,3664,3663.75,,449641.8,,,,,3.83,0.0424,182193.58,"Process Gas",,"Other boiler",,"Low NOx Burner Technology (Dry Bottom only)",,,"SIPNOX"
"MS","Choctaw County",55706,"CTG1",9224,,2020,6653,6634.69,1158280.43,,3.787,0.001,750230.995,0.059,57.992,0.0098,12624095.629,"Pipeline Natural Gas",,"Combined cycle",,"Dry Low NOx Burners|Selective Catalytic Reduction",,,"ARP, CSOSG2"
"MS","Choctaw County",55706,"CTG2",9225,,2020,6804,6788.43,1179251.54,,3.527,0.001,698605.543,0.059,52.684,0.0093,11755359.03,"Pipeline Natural Gas",,"Combined cycle",,"Dry Low NOx Burners|Selective Catalytic Reduction",,,"ARP, CSOSG2"
"MS","Choctaw County",55706,"CTG3",9226,,2020,6798,6783.35,1171468.07,,3.89,0.001,770528.229,0.059,61.968,0.01,12965636.706,"Pipeline Natural Gas",,"Combined cycle",,"Dry Low NOx Burners|Selective Catalytic Reduction",,,"ARP, CSOSG2"
"TX","Nacogdoches Generating Facility",55708,"BFB-1",9227,,2020,793,790.89,61757.45,,1.516,0.0038,85703.184,0.1039,34.558,0.0862,821611.453,"Wood",,"Bubbling fluidized bed boiler",,"Selective Non-catalytic Reduction","Baghouse",,"ARP, CSOSG2"
"PA","Springdale Generating Station (55710)",55710,"3",9962,,2020,7967,7956.39,1466276.38,,4.089,0.001,809899.05,0.059,55.181,0.0085,13628114.347,"Pipeline Natural Gas",,"Combined cycle",,"Dry Low NOx Burners|Selective Catalytic Reduction",,,"ARP, CSNOX, CSOSG2, CSSO2G1"
"PA","Springdale Generating Station (55710)",55710,"4",9963,,2020,8224,8205.89,1486584.23,,4.158,0.001,823680.75,0.059,56.12,0.0085,13860034.019,"Pipeline Natural Gas",,"Combined cycle",,"Dry Low NOx Burners|Selective Catalytic Reduction",,,"ARP, CSNOX, CSOSG2, CSSO2G1"
"AR","Magnet Cove Generating Station",55714,"SN-01",9298,,2020,2640,2624.28,942562.65,,1.811,0.001,358780.726,0.059,39.376,0.0146,6037135.632,"Pipeline Natural Gas",,"Combined cycle",,"Dry Low NOx Burners|Selective Catalytic Reduction",,,"ARP, CSOSG2"
"AR","Magnet Cove Generating Station",55714,"SN-02",9299,,2020,2658,2643.1,968344.99,,1.843,0.001,364981.672,0.059,42.469,0.0154,6141497.524,"Pipeline Natural Gas",,"Combined cycle",,"Dry Low NOx Burners|Selective Catalytic Reduction",,,"ARP, CSOSG2"
"MI","Dean Peakers",55718,"1",9240,,2020,2618,2547.78,192535.5,,0.676,0.001,133809.457,0.059,32.415,0.0288,2251568.845,"Pipeline Natural Gas",,"Combustion turbine",,"Dry Low NOx Burners",,,"ARP, CSNOX, CSOSG2, CSSO2G1"
"MI","Dean Peakers",55718,"2",9241,,2020,2628,2555.98,190860.52,,0.674,0.001,133560.245,0.059,29.169,0.0258,2247437.511,"Pipeline Natural Gas",,"Combustion turbine",,"Dry Low NOx Burners",,,"ARP, CSNOX, CSOSG2, CSSO2G1"
"MI","Dean Peakers",55718,"3",9242,,2020,2367,2314.98,176266.44,,0.619,0.001,122553.236,0.059,23.375,0.0226,2062220.638,"Pipeline Natural Gas",,"Combustion turbine",,"Dry Low NOx Burners",,,"ARP, CSNOX, CSOSG2, CSSO2G1"
"MI","Dean Peakers",55718,"4",9243,,2020,2422,2369.92,173684.25,,0.612,0.001,121237.349,0.059,25.743,0.0251,2040212.411,"Pipeline Natural Gas",,"Combustion turbine",,"Dry Low NOx Burners",,,"ARP, CSNOX, CSOSG2, CSSO2G1"
"ID","Bennett Mountain Power Project",55733,"CT01",9983,,2020,2361,2274.93,313247.62,,1.02,0.001,202071.538,0.059,134.103,0.0812,3400267.35,"Pipeline Natural Gas",,"Combustion turbine",,"Dry Low NOx Burners",,,"ARP"
"OH","Hanging Rock Power Company LLC",55736,"CTG1",9079,,2020,8126,8114.21,2575878.97,,5.31,0.001,1051757.045,0.059,78.452,0.0092,17697847.827,"Pipeline Natural Gas",,"Combined cycle",,"Dry Low NOx Burners|Selective Catalytic Reduction",,,"ARP, CSNOX, CSOSG2, CSSO2G1"
"OH","Hanging Rock Power Company LLC",55736,"CTG2",9080,,2020,8124,8113.34,2551257.64,,5.28,0.001,1045982.221,0.059,78.345,0.0093,17600645.019,"Pipeline Natural Gas",,"Combined cycle",,"Dry Low NOx Burners|Selective Catalytic Reduction",,,"ARP, CSNOX, CSOSG2, CSSO2G1"
"OH","Hanging Rock Power Company LLC",55736,"CTG3",9081,,2020,8062,8042.61,2552625.73,,5.317,0.001,1053152.276,0.059,80.502,0.0098,17721386.037,"Pipeline Natural Gas",,"Combined cycle",,"Dry Low NOx Burners|Selective Catalytic Reduction",,,"ARP, CSNOX, CSOSG2, CSSO2G1"
"OH","Hanging Rock Power Company LLC",55736,"CTG4",9082,,2020,8034,8019.77,2523342.89,,5.233,0.001,1036540.5,0.059,77.279,0.0093,17441799.253,"Pipeline Natural Gas",,"Combined cycle",,"Dry Low NOx Burners|Selective Catalytic Reduction",,,"ARP, CSNOX, CSOSG2, CSSO2G1"
"VA","Buchanan Units 1 & 2",55738,"1",9248,,2020,6046,5783.04,234694.16,,0.681,0.001,134863.275,0.0591,84.157,0.0786,2269368.777,"Pipeline Natural Gas",,"Combustion turbine",,"Water Injection",,,"ARP, CSNOX, CSOSG2, CSSO2G1"
"VA","Buchanan Units 1 & 2",55738,"2",9249,,2020,5735,5512.18,221866.26,,0.626,0.001,124068.176,0.0592,76.406,0.0769,2087637.431,"Pipeline Natural Gas",,"Combustion turbine",,"Water Injection",,,"ARP, CSNOX, CSOSG2, CSSO2G1"
"CA","Los Esteros Critical Energy Facility",55748,"CTG1",9250,,2020,1205,1098.7,61979.63,,0.151,0.001,29933.867,0.0592,1.547,0.0097,503706.051,"Pipeline Natural Gas",,"Combined cycle",,"Water Injection|Selective Catalytic Reduction",,,"ARP"
"CA","Los Esteros Critical Energy Facility",55748,"CTG2",9251,,2020,1421,1308.13,71942.52,,0.169,0.001,33507.757,0.0592,1.524,0.0091,563799.112,"Pipeline Natural Gas",,"Combined cycle",,"Water Injection|Selective Catalytic Reduction",,,"ARP"
"CA","Los Esteros Critical Energy Facility",55748,"CTG3",9252,,2020,1585,1470.08,82237.27,,0.205,0.001,40614.998,0.0592,2.076,0.0092,683409.026,"Pipeline Natural Gas",,"Combined cycle",,"Water Injection|Selective Catalytic Reduction",,,"ARP"
"CA","Los Esteros Critical Energy Facility",55748,"CTG4",9253,,2020,1534,1417.41,76756.8,,0.192,0.001,38019.179,0.0592,1.598,0.0075,639730.392,"Pipeline Natural Gas",,"Combined cycle",,"Water Injection|Selective Catalytic Reduction",,,"ARP"
"MT","Hardin Generating Station",55749,"U1",9114,,2020,841,827.52,61837.5,,50.033,0.1165,79515.822,0.0982,26.432,0.061,764993.942,"Coal",,"Dry bottom wall-fired boiler","Dry Lime FGD","Low NOx Burner Technology (Dry Bottom only)|Selective Catalytic Reduction","Baghouse",,"ARP, MATS"
"NY","Edgewood Energy",55786,"CT01",10132,,2020,1340,1059.14,44145.93,,0.136,0.001,26889.041,0.0592,2.199,0.0246,452463.457,"Pipeline Natural Gas",,"Combustion turbine",,"Water Injection|Selective Catalytic Reduction",,,"ARP, CSNOX, CSOSG2, CSSO2G1, RGGI"
"NY","Edgewood Energy",55786,"CT02",10133,,2020,1248,956.65,40371.84,,0.124,0.001,24465.853,0.0592,2.048,0.0244,411681.309,"Pipeline Natural Gas",,"Combustion turbine",,"Water Injection|Selective Catalytic Reduction",,,"ARP, CSNOX, CSOSG2, CSSO2G1, RGGI"
"NY","Shoreham Energy",55787,"CT01",10134,,2020,552,440.97,18407.25,,0.059,0.0009,13578.144,0.081,4.227,0.0752,167331.165,"Diesel Oil",,"Combustion turbine",,"Water Injection|Selective Catalytic Reduction",,,"ARP, CSNOX, CSOSG2, CSSO2G1, RGGI"
"NY","Shoreham Energy",55787,"CT02",10135,,2020,569,428.59,17987.24,,0.059,0.0008,14054.304,0.081,3.53,0.0718,173187.006,"Diesel Oil",,"Combustion turbine",,"Water Injection|Selective Catalytic Reduction",,,"ARP, CSNOX, CSOSG2, CSSO2G1, RGGI"
"MI","Otsego Paper, Inc.",55799,"0024",9999,,2020,3415,3411.5,32712.25,,,,,,4.761,0.0238,397885.325,"Natural Gas",,"Combustion turbine",,"Dry Low NOx Burners",,,"SIPNOX"
"MI","Otsego Paper, Inc.",55799,"0025",10000,,2020,3283,3277.5,31601.25,,,,,,7.72,0.0407,386034.05,"Natural Gas",,"Combustion turbine",,"Dry Low NOx Burners",,,"SIPNOX"
"PA","Marcus Hook Energy, LP",55801,"0001",10140,,2020,6713,6644.3,1755853.78,,3.565,0.001,706183.147,0.059,67.467,0.0131,11882988.915,"Pipeline Natural Gas","Other Gas","Combined cycle",,"Dry Low NOx Burners|Selective Catalytic Reduction",,,"ARP, CSNOX, CSOSG2, CSSO2G1"
"PA","Marcus Hook Energy, LP",55801,"0002",10141,,2020,6391,6349.33,1707045.52,,3.493,0.001,691890.78,0.059,61.212,0.0117,11642383.964,"Pipeline Natural Gas","Other Gas","Combined cycle",,"Dry Low NOx Burners|Selective Catalytic Reduction",,,"ARP, CSNOX, CSOSG2, CSSO2G1"
"PA","Marcus Hook Energy, LP",55801,"0003",10142,,2020,7301,7264.92,1953129.21,,3.954,0.001,783150.999,0.059,81.795,0.0136,13177925.179,"Pipeline Natural Gas","Other Gas","Combined cycle",,"Dry Low NOx Burners|Selective Catalytic Reduction",,,"ARP, CSNOX, CSOSG2, CSSO2G1"
"NM","Valencia Power Plant",55802,"CTG1",10143,,2020,787,684.14,73318.3,,0.245,0.001,48490.342,0.059,14.765,0.0545,815940.523,"Pipeline Natural Gas",,"Combustion turbine",,"Dry Low NOx Burners",,,"ARP"
"CA","Henrietta Peaker Plant",55807,"HPP1",88086,,2020,743,530.69,15841.11,,0.05,0.001,9840.822,0.0593,1.334,0.0243,165591.592,"Pipeline Natural Gas",,"Combustion turbine",,"Water Injection|Selective Catalytic Reduction",,,"ARP"
"CA","Henrietta Peaker Plant",55807,"HPP2",88087,,2020,740,528.32,15714.31,,0.049,0.001,9689.036,0.0593,1.231,0.0243,163032.663,"Pipeline Natural Gas",,"Combustion turbine",,"Water Injection|Selective Catalytic Reduction",,,"ARP"
"CA","Gilroy Energy Center, LLC",55810,"S-3",88230,,2020,632,438.92,10584.87,,0.035,0.001,6951.35,0.0593,1.451,0.0487,116967.979,"Pipeline Natural Gas",,"Combustion turbine",,"Water Injection|Ammonia Injection|Selective Catalytic Reduction",,,"ARP"
"CA","Gilroy Energy Center, LLC",55810,"S-4",88231,,2020,600,426.15,10624.28,,0.038,0.001,7443.473,0.0593,1.482,0.0437,125257.253,"Pipeline Natural Gas",,"Combustion turbine",,"Water Injection|Ammonia Injection|Selective Catalytic Reduction",,,"ARP"
"CA","Gilroy Energy Center, LLC",55810,"S-5",88232,,2020,583,399.89,10091.59,,0.033,0.001,6542.643,0.0594,1.427,0.0543,110082.521,"Pipeline Natural Gas",,"Combustion turbine",,"Water Injection|Ammonia Injection|Selective Catalytic Reduction",,,"ARP"
"WA","Frederickson Power LP",55818,"F1CT",88233,,2020,3815,3797.04,971383.11,,2.054,0.001,406892.349,0.059,38.216,0.0139,6846774.727,"Pipeline Natural Gas",,"Combined cycle",,"Dry Low NOx Burners|Ammonia Injection|Selective Catalytic Reduction",,,"ARP"
"FL","Stanton A",55821,"25",10157,,2020,5560,5417.38,979984.91,,2.369,0.001,469357.338,0.059,49.874,0.0174,7897819.423,"Natural Gas, Pipeline Natural Gas","Diesel Oil","Combined cycle",,"Dry Low NOx Burners|Water Injection|Selective Catalytic Reduction",,,"ARP"
"FL","Stanton A",55821,"26",10158,,2020,5489,5382.33,958099.96,,2.366,0.001,468678.004,0.059,48.157,0.0162,7886378.067,"Natural Gas, Pipeline Natural Gas","Diesel Oil","Combined cycle",,"Dry Low NOx Burners|Water Injection|Selective Catalytic Reduction",,,"ARP"
"CO","Rocky Mountain Energy Center",55835,"1",10173,,2020,7630,7599.85,1616487.18,,3.834,0.001,759493.537,0.059,68.15,0.0112,12779970.437,"Pipeline Natural Gas",,"Combined cycle",,"Dry Low NOx Burners|Selective Catalytic Reduction",,,"ARP"
"CO","Rocky Mountain Energy Center",55835,"2",10174,,2020,7546,7495.49,1625955.57,,3.928,0.001,778031.707,0.059,78.59,0.0131,13091867.501,"Pipeline Natural Gas",,"Combined cycle",,"Dry Low NOx Burners|Selective Catalytic Reduction",,,"ARP"
"WI","Island Street Peaking Plant",55836,"1A",89407,,2020,165,116.14,1330.4,,0.005,0.001,1069.195,0.0594,0.97,0.1108,17990.689,"Pipeline Natural Gas",,"Combustion turbine",,"Water Injection",,,"ARP, CSNOX, CSOSG2, CSSO2G1"
"WI","Island Street Peaking Plant",55836,"1B",89408,,2020,164,115.78,1262.78,,0.005,0.001,1057.887,0.0593,0.888,0.1019,17805.383,"Pipeline Natural Gas",,"Combustion turbine",,"Water Injection",,,"ARP, CSNOX, CSOSG2, CSSO2G1"
"NV","Silverhawk Generating Station",55841,"A01",89194,,2020,6885,6728.92,1313625.58,,2.964,0.001,587030.065,0.059,49.096,0.0139,9877868.894,"Pipeline Natural Gas",,"Combined cycle",,"Dry Low NOx Burners|Selective Catalytic Reduction",,,"ARP"
"NV","Silverhawk Generating Station",55841,"A03",89195,,2020,6992,6814.08,1304544.54,,2.969,0.001,588109.747,0.059,48.966,0.014,9896147.623,"Pipeline Natural Gas",,"Combined cycle",,"Dry Low NOx Burners|Selective Catalytic Reduction",,,"ARP"
"CA","Feather River Energy Center",55847,"UNIT1",10240,,2020,1241,1008.99,31263.53,,0.102,0.001,20184.611,0.0593,20.645,0.3066,339638.412,"Pipeline Natural Gas",,"Combustion turbine",,"Water Injection|Selective Catalytic Reduction",,,"ARP"
"CA","Inland Empire Energy Center",55853,"1",89652,,2020,0,0,,,,,,,,,,"Pipeline Natural Gas",,"Combined cycle",,"Dry Low NOx Burners|Selective Catalytic Reduction",,,"ARP"
"CA","Inland Empire Energy Center",55853,"2",89653,,2020,0,0,,,,,,,,,,"Pipeline Natural Gas",,"Combined cycle",,"Dry Low NOx Burners|Selective Catalytic Reduction",,,"ARP"
"CA","Wolfskill Energy Center",55855,"UNIT1",10241,,2020,454,330.87,9306.32,,0.032,0.001,6372.963,0.0593,0.908,0.0425,107239.006,"Pipeline Natural Gas",,"Combustion turbine",,"Water Injection|Ammonia Injection|Selective Catalytic Reduction",,,"ARP"
"IL","Prairie State Generating Station",55856,"01",90192,,2020,7747,7726.23,6364971.07,,5253.256,0.1642,6960439.924,0.1029,2032.862,0.0636,67840565.685,"Coal",,"Dry bottom wall-fired boiler","Wet Lime FGD","Selective Catalytic Reduction","Electrostatic Precipitator|Wet ESP","Untreated PAC Sorbent Injection","ARP, CSNOX, CSOSG2, CSSO2G1, MATS"
"IL","Prairie State Generating Station",55856,"02",90193,,2020,7089,7070.48,5780778.1,,4518.678,0.1546,6027940.816,0.103,1861.61,0.0673,58751860.442,"Coal",,"Dry bottom wall-fired boiler","Wet Lime FGD","Selective Catalytic Reduction","Electrostatic Precipitator|Wet ESP","Untreated PAC Sorbent Injection","ARP, CSNOX, CSOSG2, CSSO2G1, MATS"
"SC","Jasper County Generating Facility",55927,"CT01",10211,,2020,7803,7787.49,1821347.78,,3.808,0.001,754270.365,0.059,52.459,0.0088,12691600.673,"Pipeline Natural Gas","Diesel Oil","Combined cycle",,"Dry Low NOx Burners|Water Injection|Ammonia Injection",,,"ARP, CSNOX, CSSO2G2, SIPNOX"
"SC","Jasper County Generating Facility",55927,"CT02",10212,,2020,7690,7679.87,1797504.42,,3.76,0.001,744820.548,0.059,51.337,0.0085,12532806.216,"Pipeline Natural Gas","Diesel Oil","Combined cycle",,"Dry Low NOx Burners|Water Injection|Ammonia Injection",,,"ARP, CSNOX, CSSO2G2, SIPNOX"
"SC","Jasper County Generating Facility",55927,"CT03",10213,,2020,7645,7630.47,1772390.8,,3.698,0.001,732324.538,0.059,51.585,0.009,12322248.717,"Pipeline Natural Gas","Diesel Oil","Combined cycle",,"Dry Low NOx Burners|Water Injection|Ammonia Injection",,,"ARP, CSNOX, CSSO2G2, SIPNOX"
"CA","Tracy Combined Cycle Power Plant",55933,"TPP1",88312,,2020,2937,2787.7,325679.61,,0.773,0.001,153198.2,0.059,12.047,0.0124,2577819.571,"Pipeline Natural Gas",,"Combined cycle",,"Selective Catalytic Reduction|Dry Low NOx Burners",,,"ARP"
"CA","Tracy Combined Cycle Power Plant",55933,"TPP2",88313,,2020,3900,3647.27,408428.12,,0.979,0.001,193914.839,0.059,17.225,0.0147,3263007.067,"Pipeline Natural Gas",,"Combined cycle",,"Selective Catalytic Reduction|Dry Low NOx Burners",,,"ARP"
"IL","Rockford II Energy Center",55936,"U1",4814,,2020,656,573.93,83654.94,,0.248,0.001,49038.782,0.0591,22.153,0.0663,825181.854,"Pipeline Natural Gas",,"Combustion turbine",,"Dry Low NOx Burners",,,"ARP, CSNOX, CSOSG2, CSSO2G1"
"NJ","Ocean Peaking Power",55938,"OPP3",88234,,2020,802,727.07,114689.49,,0.359,0.001,71023.3,0.0591,19.854,0.041,1195093.834,"Pipeline Natural Gas",,"Combustion turbine",,"Dry Low NOx Burners",,,"ARP, CSNOX, CSOSG2, CSSO2G1, RGGI"
"NJ","Ocean Peaking Power",55938,"OPP4",88235,,2020,789,716.3,115195.89,,0.359,0.001,71111.92,0.0591,17.914,0.0386,1196583.554,"Pipeline Natural Gas",,"Combustion turbine",,"Dry Low NOx Burners",,,"ARP, CSNOX, CSOSG2, CSSO2G1, RGGI"
"VA","Warren County Power Station",55939,"1A",90817,,2020,7369,7363.81,3119258.33,,6.319,0.001,1251832.626,0.059,59.595,0.0058,21064405.413,"Pipeline Natural Gas",,"Combined cycle",,"Dry Low NOx Burners|Selective Catalytic Reduction",,,"ARP, CSNOX, CSOSG2, CSSO2G1"
"VA","Warren County Power Station",55939,"1B",90818,,2020,7364,7361.11,3133178.16,,6.324,0.001,1252798.356,0.059,57.872,0.0056,21080776.582,"Pipeline Natural Gas",,"Combined cycle",,"Dry Low NOx Burners|Selective Catalytic Reduction",,,"ARP, CSNOX, CSOSG2, CSSO2G1"
"VA","Warren County Power Station",55939,"1C",90819,,2020,7350,7345.88,3094250.54,,6.276,0.001,1243179.766,0.059,57.79,0.0056,20918891.16,"Pipeline Natural Gas",,"Combined cycle",,"Dry Low NOx Burners|Selective Catalytic Reduction",,,"ARP, CSNOX, CSOSG2, CSSO2G1"
"CA","Agua Mansa Power",55951,"AMP-1",89370,,2020,460,386.25,15436.75,,0.049,0.001,9639.375,0.0592,1.259,0.0307,162191.325,"Pipeline Natural Gas",,"Combustion turbine",,"Water Injection|Selective Catalytic Reduction",,,"ARP"
"CA","Riverview Energy Center",55963,"1",88362,,2020,1115,844.28,22149.63,,0.076,0.001,15079.223,0.0593,2.019,0.0412,253745.559,"Pipeline Natural Gas",,"Combustion turbine",,"Ammonia Injection|Selective Catalytic Reduction",,,"ARP"
"GA","Wansley CC (55965)",55965,"6A",8352,,2020,8400,8391.62,2356458.18,,4.756,0.001,942102.867,0.059,64.485,0.0085,15852630.269,"Pipeline Natural Gas",,"Combined cycle",,"Dry Low NOx Burners|Selective Catalytic Reduction",,,"ARP, CSNOX, CSOSG1, CSSO2G2"
"GA","Wansley CC (55965)",55965,"6B",8354,,2020,8370,8356.56,2346541.34,,4.771,0.001,945009.008,0.059,67.574,0.0089,15901556.962,"Pipeline Natural Gas",,"Combined cycle",,"Dry Low NOx Burners|Selective Catalytic Reduction",,,"ARP, CSNOX, CSOSG1, CSSO2G2"
"GA","Wansley CC (55965)",55965,"7A",8356,,2020,7086,7066.49,1954992.28,,3.932,0.001,778889.404,0.059,56.348,0.0094,13106218.886,"Pipeline Natural Gas",,"Combined cycle",,"Dry Low NOx Burners|Selective Catalytic Reduction",,,"ARP, CSNOX, CSOSG1, CSSO2G2"
"GA","Wansley CC (55965)",55965,"7B",8358,,2020,7082,7059.11,1963634.81,,3.986,0.001,789589.959,0.059,56.191,0.0092,13286386.822,"Pipeline Natural Gas",,"Combined cycle",,"Dry Low NOx Burners|Selective Catalytic Reduction",,,"ARP, CSNOX, CSOSG1, CSSO2G2"
"NY","Hawkeye Energy Greenport, LLC",55969,"U-01",88363,,2020,1220,1085.61,53172.09,,0.263,0.001,44926.808,0.081,6.804,0.0348,553676.246,"Diesel Oil",,"Combustion turbine",,"Water Injection|Selective Catalytic Reduction",,,"ARP, CSNOX, CSOSG2, CSSO2G1, RGGI"
"CA","Cosumnes Power Plant",55970,"2",88365,,2020,7864,7853.46,1894786.49,,3.925,0.001,774976.939,0.059,31.181,0.0051,13083826.302,"Other Gas",,"Combined cycle",,"Dry Low NOx Burners|Selective Catalytic Reduction",,,"ARP"
"CA","Cosumnes Power Plant",55970,"3",88366,,2020,7994,7984.46,1905477.96,,3.967,0.001,783211.717,0.059,30.011,0.0047,13222056.788,"Other Gas",,"Combined cycle",,"Dry Low NOx Burners|Selective Catalytic Reduction",,,"ARP"
"NE","Cass County Station",55972,"CT1",89191,,2020,683,626.72,82037.92,,0.277,0.001,54842.661,0.059,30.91,0.0675,922826.118,"Pipeline Natural Gas",,"Combustion turbine",,"Dry Low NOx Burners",,,"ARP, CSNOX, CSSO2G2"
"NE","Cass County Station",55972,"CT2",89192,,2020,611,557.02,72871.69,,0.25,0.001,49472.314,0.059,24.527,0.0589,832466.109,"Pipeline Natural Gas",,"Combustion turbine",,"Dry Low NOx Burners",,,"ARP, CSNOX, CSSO2G2"
"PA","Hunterstown Combined Cycle",55976,"CT101",10021,,2020,8080,8060.94,1417143.19,,4.617,0.001,914515.771,0.059,39.807,0.0054,15388444.382,"Pipeline Natural Gas",,"Combined cycle",,"Dry Low NOx Burners|Selective Catalytic Reduction",,,"ARP, CSNOX, CSOSG2, CSSO2G1"
"PA","Hunterstown Combined Cycle",55976,"CT201",10022,,2020,7997,7977.3,1414330.14,,4.587,0.001,908582.982,0.059,63.162,0.0083,15288650.183,"Pipeline Natural Gas",,"Combined cycle",,"Dry Low NOx Burners|Selective Catalytic Reduction",,,"ARP, CSNOX, CSOSG2, CSSO2G1"
"PA","Hunterstown Combined Cycle",55976,"CT301",10023,,2020,8340,8313.51,1448230.86,,4.776,0.001,946057.018,0.059,28.229,0.0039,15919278.761,"Pipeline Natural Gas",,"Combined cycle",,"Dry Low NOx Burners|Selective Catalytic Reduction",,,"ARP, CSNOX, CSOSG2, CSSO2G1"
"NM","Bluffview Power Plant",55977,"CTG-1",89622,,2020,7974,7953.26,377968.89,,0.944,0.001,187015.089,0.0592,67.421,0.0427,3146952.191,"Pipeline Natural Gas",,"Combined cycle",,"Dry Low NOx Burners|Selective Catalytic Reduction",,,"ARP"
"CA","Palomar Energy Center",55985,"CTG1",89252,,2020,4613,4470.66,967987.99,,2.04,0.001,404181.905,0.059,22.617,0.009,6801135.238,"Pipeline Natural Gas",,"Combined cycle",,"Dry Low NOx Burners|Selective Catalytic Reduction",,,"ARP"
"CA","Palomar Energy Center",55985,"CTG2",89253,,2020,5278,5124,1112158.3,,2.336,0.001,462678.732,0.059,23.094,0.0082,7785449.811,"Pipeline Natural Gas",,"Combined cycle",,"Dry Low NOx Burners|Selective Catalytic Reduction",,,"ARP"
"IA","Exira Station",56013,"U-1",89307,,2020,1090,896.31,26646.16,,0.087,0.001,16551.327,0.0593,13.275,0.1066,278477.286,"Pipeline Natural Gas","Diesel Oil","Combustion turbine",,"Water Injection",,,"ARP, CSNOX, CSOSG2, CSSO2G1"
"IA","Exira Station",56013,"U-2",89308,,2020,1135,923.3,27381.68,,0.154,0.0015,17139.921,0.0595,14.059,0.1096,287401.528,"Pipeline Natural Gas","Diesel Oil","Combustion turbine",,"Water Injection",,,"ARP, CSNOX, CSOSG2, CSSO2G1"
"IA","Exira Station",56013,"U-3",89719,,2020,1166,964.75,28441.58,,0.158,0.0015,17842.633,0.0595,14.322,0.1067,299248.749,"Pipeline Natural Gas","Diesel Oil","Combustion turbine",,"Water Injection",,,"ARP, CSNOX, CSOSG2, CSSO2G1"
"GA","Walton Bainbridge Power Facility",56015,"P1A",90202,,2020,6,1.45,16.74,,0.044,0.2017,,,0.045,0.207,433.6,"Diesel Oil",,"Combustion turbine",,"Water Injection",,,"CSNOX, CSOSG1, CSSO2G2"
"GA","Walton Bainbridge Power Facility",56015,"P1B",90203,,2020,6,1.45,16.74,,0.044,0.2013,,,0.045,0.2067,434.2,"Diesel Oil",,"Combustion turbine",,"Water Injection",,,"CSNOX, CSOSG1, CSSO2G2"
"GA","Walton Bainbridge Power Facility",56015,"P2A",90204,,2020,7,2.03,25.7,,0.065,0.2014,,,0.061,0.1904,638.7,"Diesel Oil",,"Combustion turbine",,"Water Injection",,,"CSNOX, CSOSG1, CSSO2G2"
"GA","Walton Bainbridge Power Facility",56015,"P2B",90205,,2020,7,2.01,25.7,,0.06,0.2024,,,0.056,0.1903,592.5,"Diesel Oil",,"Combustion turbine",,"Water Injection",,,"CSNOX, CSOSG1, CSSO2G2"
"AL","AMEA Sylacauga Plant",56018,"1",89313,,2020,515,515,21686,,0.066,0.0009,12401.3,0.0591,8.833,0.0838,210227.8,"Pipeline Natural Gas",,"Combustion turbine",,"Water Injection",,,"ARP, CSNOX, CSOSG2, CSSO2G2"
"AL","AMEA Sylacauga Plant",56018,"2",89314,,2020,515,515,21509,,0.066,0.0009,12289.2,0.0591,8.85,0.0848,208355.4,"Pipeline Natural Gas",,"Combustion turbine",,"Water Injection",,,"ARP, CSNOX, CSOSG2, CSSO2G2"
"CA","Donald Von Raesfeld",56026,"PCT1",88292,,2020,4160,4089.02,242250.64,,0.558,0.001,110579.591,0.0592,5.863,0.0077,1860701.075,"Pipeline Natural Gas",,"Combined cycle",,"Dry Low NOx Burners|Water Injection|Selective Catalytic Reduction",,,"ARP"
"CA","Donald Von Raesfeld",56026,"PCT2",88293,,2020,4258,4188.09,250292.88,,0.596,0.001,117991.305,0.0592,6.314,0.0079,1985461.921,"Pipeline Natural Gas",,"Combined cycle",,"Dry Low NOx Burners|Water Injection|Selective Catalytic Reduction",,,"ARP"
"WI","Fox Energy Center",56031,"CTG-1",89359,,2020,7869,7855.46,2237340.39,,4.252,0.001,842175.237,0.059,57.471,0.0083,14171198.596,"Pipeline Natural Gas","Diesel Oil","Combined cycle",,"Dry Low NOx Burners|Water Injection|Selective Catalytic Reduction",,,"ARP, CSNOX, CSOSG2, CSSO2G1"
"WI","Fox Energy Center",56031,"CTG-2",89360,,2020,8191,8180.05,2331786.03,,4.456,0.001,883733.72,0.059,60.168,0.0083,14870497.504,"Pipeline Natural Gas","Diesel Oil","Combined cycle",,"Dry Low NOx Burners|Water Injection|Selective Catalytic Reduction",,,"ARP, CSNOX, CSOSG2, CSSO2G1"
"NY","Equus  Power I",56032,"0001",89349,,2020,1789,1353.45,61601.84,,0.184,0.001,36532.631,0.0592,4.295,0.0333,614735.087,"Pipeline Natural Gas","Diesel Oil","Combustion turbine",,"Water Injection|Selective Catalytic Reduction",,,"ARP, CSNOX, CSOSG2, CSSO2G1, RGGI"
"CA","Malburg Generating Station",56041,"M1",89631,,2020,8265,8239.08,309430.88,,0.756,0.001,149750.827,0.0593,10.095,0.0084,2519712.607,"Pipeline Natural Gas",,"Combined cycle",,"Dry Low NOx Burners|Selective Catalytic Reduction",,,"ARP"
"CA","Malburg Generating Station",56041,"M2",89632,,2020,8301,8276.06,318797.85,,0.77,0.001,152406.105,0.0593,9.194,0.0075,2564523.956,"Pipeline Natural Gas",,"Combined cycle",,"Dry Low NOx Burners|Selective Catalytic Reduction",,,"ARP"
"CA","Magnolia Power Project",56046,"1",89568,,2020,7603,7592.69,1377367.2,,3.022,0.001,596713.382,0.059,26.304,0.0056,10040818.274,"Pipeline Natural Gas",,"Combined cycle",,"Dry Low NOx Burners|Selective Catalytic Reduction",,,"ARP"
"CT","CPV Towantic Energy Center",56047,"1",91061,,2020,7432,7341.98,2599197.03,,5.116,0.001,1013392.741,0.059,49.688,0.0062,17050486.717,"Pipeline Natural Gas","Diesel Oil","Combined cycle",,"Dry Low NOx Burners|Water Injection|Selective Catalytic Reduction",,,"ARP, NSPS4T, RGGI, SIPNOX"
"CT","CPV Towantic Energy Center",56047,"2",91062,,2020,8055,8016.45,2842823.48,,5.648,0.001,1118783.495,0.059,54.242,0.006,18824570.347,"Pipeline Natural Gas","Diesel Oil","Combined cycle",,"Dry Low NOx Burners|Water Injection|Selective Catalytic Reduction",,,"ARP, NSPS4T, RGGI, SIPNOX"
"WI","Elm Road Generating Station",56068,"1",89796,,2020,7816,7811.83,4693472.33,,253.706,0.0152,4312326.049,0.1048,1232.845,0.0605,41127395.965,"Coal","Pipeline Natural Gas","Dry bottom wall-fired boiler","Wet Limestone","Selective Catalytic Reduction","Baghouse|Wet ESP",,"ARP, CSNOX, CSOSG2, CSSO2G1, MATS"
"WI","Elm Road Generating Station",56068,"2",89798,,2020,5798,5796.42,3502007.84,,218.824,0.0131,3427427.141,0.1047,996.685,0.0616,32690010.716,"Coal","Pipeline Natural Gas","Dry bottom wall-fired boiler","Wet Limestone","Selective Catalytic Reduction","Baghouse|Wet ESP",,"ARP, CSNOX, CSOSG2, CSSO2G1, MATS"
"CA","Walnut Energy Center",56078,"1",89628,,2020,6383,6367.91,672991.42,,1.63,0.001,323395.279,0.0593,17.754,0.0069,5432334.51,"Pipeline Natural Gas",,"Combined cycle",,"Dry Low NOx Burners|Ammonia Injection|Selective Catalytic Reduction",,,"ARP"
"CA","Walnut Energy Center",56078,"2",89629,,2020,5933,5921.84,594735.97,,1.453,0.001,287875.779,0.059,15.664,0.0067,4843273.623,"Pipeline Natural Gas",,"Combined cycle",,"Dry Low NOx Burners|Ammonia Injection|Selective Catalytic Reduction",,,"ARP"
"UT","Currant Creek Power Project",56102,"CTG1A",89419,,2020,6644,6538.84,1259857.26,,2.762,0.001,547039.433,0.059,34.868,0.0108,9204985.729,"Pipeline Natural Gas",,"Combined cycle",,"Selective Catalytic Reduction",,,"ARP"
"UT","Currant Creek Power Project",56102,"CTG1B",89420,,2020,6041,5892.93,1131681.62,,2.467,0.001,488764.765,0.059,32.758,0.0124,8224389.272,"Pipeline Natural Gas",,"Combined cycle",,"Selective Catalytic Reduction",,,"ARP"
"MN","Mankato Energy Center",56104,"CT-1",89427,,2020,5903,5787.55,1552222.54,,3.394,0.001,672281.603,0.059,45.73,0.0104,11312427.473,"Pipeline Natural Gas",,"Combined cycle",,"Dry Low NOx Burners|Ammonia Injection|Selective Catalytic Reduction",,,"ARP, CSNOX, CSSO2G2, NSPS4T"
"MN","Mankato Energy Center",56104,"CT-2",89428,,2020,5292,5186.76,1340480.37,,2.878,0.001,570278.945,0.059,40.265,0.01,9595999.433,"Pipeline Natural Gas","Diesel Oil","Combined cycle",,"Dry Low NOx Burners|Water Injection|Ammonia Injection|Selective Catalytic Reduction",,,"ARP, CSNOX, CSSO2G2"
"LA","T J Labbe Electric Generating Station",56108,"U-1",89595,,2020,569,469.48,10241.04,,0.035,0.001,6857.796,0.0592,5.127,0.098,115388.113,"Pipeline Natural Gas",,"Combustion turbine",,"Water Injection",,,"ARP, CSOSG2"
"LA","T J Labbe Electric Generating Station",56108,"U-2",89596,,2020,598,484.39,10495.67,,0.036,0.001,7080.277,0.0593,5.256,0.0992,119134.92,"Pipeline Natural Gas",,"Combustion turbine",,"Water Injection",,,"ARP, CSOSG2"
"CA","Ripon Generation Station",56135,"1",89441,,2020,348,304.59,8560.88,,0.029,0.001,5671.845,0.0593,0.525,0.0223,95436.922,"Pipeline Natural Gas",,"Combustion turbine",,"Water Injection|Selective Catalytic Reduction",,,"ARP"
"CA","Ripon Generation Station",56135,"2",89442,,2020,318,273.6,9348.27,,0.029,0.001,5770.486,0.0592,0.589,0.0326,97113.981,"Pipeline Natural Gas",,"Combustion turbine",,"Water Injection|Selective Catalytic Reduction",,,"ARP"
"CA","Riverside Energy Resource Center",56143,"1",89663,,2020,1101,773.16,27413.2,,0.084,0.001,16727.17,0.0593,1.59,0.0245,281454.03,"Pipeline Natural Gas",,"Combustion turbine",,"Water Injection|Selective Catalytic Reduction",,,"ARP"
"CA","Riverside Energy Resource Center",56143,"2",89664,,2020,994,678.53,22935.66,,0.074,0.001,14669.425,0.0593,1.348,0.0228,246836.457,"Pipeline Natural Gas",,"Combustion turbine",,"Water Injection|Selective Catalytic Reduction",,,"ARP"
"CA","Riverside Energy Resource Center",56143,"3",90688,,2020,1148,784.46,25841.36,,0.08,0.001,15838.11,0.0593,1.406,0.0188,266496.584,"Pipeline Natural Gas",,"Combustion turbine",,"Water Injection|Selective Catalytic Reduction",,,"ARP"
"CA","Riverside Energy Resource Center",56143,"4",90690,,2020,1149,775.32,24534.18,,0.076,0.001,15036.633,0.0593,1.411,0.0189,253013.663,"Pipeline Natural Gas",,"Combustion turbine",,"Water Injection|Selective Catalytic Reduction",,,"ARP"
"GA","McIntosh Combined Cycle Facility",56150,"10A",89598,,2020,8259,8247.56,2455042.6,,5.016,0.001,993576.831,0.059,48.068,0.0062,16718912.812,"Pipeline Natural Gas","Diesel Oil","Combined cycle",,"Dry Low NOx Burners|Water Injection|Selective Catalytic Reduction",,,"ARP, CSNOX, CSOSG1, CSSO2G2"
"GA","McIntosh Combined Cycle Facility",56150,"10B",89599,,2020,8225,8209.24,2474429.99,,5.22,0.001,1034040.147,0.059,48.584,0.006,17399744.46,"Pipeline Natural Gas","Diesel Oil","Combined cycle",,"Dry Low NOx Burners|Water Injection|Selective Catalytic Reduction",,,"ARP, CSNOX, CSOSG1, CSSO2G2"
"GA","McIntosh Combined Cycle Facility",56150,"11A",89600,,2020,6518,6496.23,1900317.78,,3.973,0.001,787081.745,0.059,37.094,0.0065,13244138.463,"Pipeline Natural Gas","Diesel Oil","Combined cycle",,"Dry Low NOx Burners|Water Injection|Selective Catalytic Reduction",,,"ARP, CSNOX, CSOSG1, CSSO2G2"
"GA","McIntosh Combined Cycle Facility",56150,"11B",89601,,2020,6535,6520.41,1889386.09,,4.015,0.001,795220.696,0.059,38.861,0.0065,13381136.102,"Pipeline Natural Gas","Diesel Oil","Combined cycle",,"Dry Low NOx Burners|Water Injection|Selective Catalytic Reduction",,,"ARP, CSNOX, CSOSG1, CSSO2G2"
"MO","South Harper Peaking Facility",56151,"1",89544,,2020,290,259.63,20331.46,,0.076,0.001,15106.386,0.0594,11.224,0.1303,254197.532,"Pipeline Natural Gas",,"Combustion turbine",,,,,"ARP, CSNOX, CSOSG2, CSSO2G1"
"MO","South Harper Peaking Facility",56151,"2",89545,,2020,292,260.31,20244.22,,0.079,0.001,15598.208,0.0592,8.764,0.095,262473.97,"Pipeline Natural Gas",,"Combustion turbine",,,,,"ARP, CSNOX, CSOSG2, CSSO2G1"
"MO","South Harper Peaking Facility",56151,"3",89546,,2020,236,209.63,17051.64,,0.065,0.001,12901.069,0.0597,6.839,0.0876,217073.679,"Pipeline Natural Gas",,"Combustion turbine",,,,,"ARP, CSNOX, CSOSG2, CSSO2G1"
"MN","Faribault Energy Park",56164,"EU006",89474,,2020,3399,3222.82,712522.87,,1.542,0.001,305444.77,0.059,37.147,0.0241,5139678.28,"Pipeline Natural Gas","Diesel Oil","Combined cycle",,"Dry Low NOx Burners|Water Injection|Selective Catalytic Reduction",,,"ARP, CSNOX, CSSO2G2"
"WI","Sheboygan Falls Energy Facility",56166,"1",89520,,2020,2255,2068.07,313226.94,,1.025,0.001,202974.789,0.059,48.465,0.0334,3415430.25,"Pipeline Natural Gas",,"Combustion turbine",,"Dry Low NOx Burners",,,"ARP, CSNOX, CSOSG2, CSSO2G1"
"WI","Sheboygan Falls Energy Facility",56166,"2",89521,,2020,1966,1778.98,271329.64,,0.892,0.001,176653.922,0.059,42.909,0.0355,2972539.532,"Pipeline Natural Gas",,"Combustion turbine",,"Dry Low NOx Burners",,,"ARP, CSNOX, CSOSG2, CSSO2G1"
"UT","Nebo Power Station",56177,"U1",89496,,2020,4636,4478.42,484697.91,,1.075,0.001,212944.96,0.059,32.047,0.0207,3583163.259,"Pipeline Natural Gas",,"Combined cycle",,"Dry Low NOx Burners|Selective Catalytic Reduction",,,"ARP"
"NY","Pinelawn Power",56188,"00001",89567,,2020,2571,2366.51,138323.96,,0.34,0.001,67057.65,0.059,4.343,0.0104,1133882.355,"Pipeline Natural Gas","Other Oil","Combined cycle",,"Water Injection|Selective Catalytic Reduction",,,"ARP, CSNOX, CSOSG2, CSSO2G1, RGGI"
"CT","Waterside Power, LLC",56189,"4",89487,,2020,30,17.61,,,,,,,1.769,0.9229,4860.2,"Diesel Oil",,"Combustion turbine",,"Water Injection",,,"SIPNOX"
"CT","Waterside Power, LLC",56189,"5",89488,,2020,31,14.76,,,,,,,1.409,0.9292,4073.6,"Diesel Oil",,"Combustion turbine",,"Water Injection",,,"SIPNOX"
"CT","Waterside Power, LLC",56189,"7",89718,,2020,32,17.75,,,,,,,2.074,1.004,4899,"Diesel Oil",,"Combustion turbine",,"Water Injection",,,"SIPNOX"
"NY","Poletti 500 MW CC",56196,"CTG7A",89648,,2020,6456,6383.56,1243543.12,,2.661,0.001,525512.457,0.0591,33.944,0.0108,8833850.08,"Pipeline Natural Gas","Diesel Oil","Combined cycle",,"Dry Low NOx Burners|Water Injection|Selective Catalytic Reduction",,,"ARP, CSNOX, CSOSG2, CSSO2G1, RGGI"
"NY","Poletti 500 MW CC",56196,"CTG7B",89649,,2020,6804,6754.54,1270831.79,,2.844,0.001,563411.833,0.059,37.263,0.01,9480295.607,"Pipeline Natural Gas","Diesel Oil","Combined cycle",,"Dry Low NOx Burners|Water Injection|Selective Catalytic Reduction",,,"ARP, CSNOX, CSOSG2, CSSO2G1, RGGI"
"NV","TS Power Plant",56224,"001",89529,,2020,8392,8387.87,1143573.7,,117.448,0.0196,1249532.799,0.1048,274.346,0.046,11928645.191,"Coal","Diesel Oil","Dry bottom wall-fired boiler","Dry Lime FGD","Low NOx Burner Technology w/ Overfire Air|Selective Catalytic Reduction","Baghouse","Halogenated PAC Sorbent Injection","ARP, MATS"
"OR","Port Westward",56227,"PWEU1",89564,,2020,6989,6981.11,2705558.56,,21.636,0.002,1090190.691,0.059,76.193,0.0087,18344509.739,"Natural Gas",,"Combined cycle",,"Dry Low NOx Burners|Selective Catalytic Reduction",,,"ARP"
"CA","Miramar Energy Facility",56232,"1",89534,,2020,849,688.29,28616.5,,0.085,0.001,16906.783,0.0593,2.281,0.0302,284472.164,"Pipeline Natural Gas",,"Combustion turbine",,"Water Injection|Selective Catalytic Reduction",,,"ARP"
"CA","Miramar Energy Facility",56232,"2",90490,,2020,1539,1278.71,52767.15,,0.159,0.001,31543.051,0.0592,3.927,0.0225,530798.452,"Pipeline Natural Gas",,"Combustion turbine",,"Water Injection|Selective Catalytic Reduction",,,"ARP"
"NY","Caithness Long Island Energy Center",56234,"0001",89547,,2020,7254,7235.46,2248324.92,,4.544,0.001,899998.235,0.059,46.882,0.0063,15144027.66,"Pipeline Natural Gas","Diesel Oil","Combined cycle",,"Dry Low NOx Burners|Water Injection|Ammonia Injection|Selective Catalytic Reduction",,,"ARP, CSNOX, CSOSG2, CSSO2G1, RGGI"
"UT","Lake Side Power Plant",56237,"CT01",89557,,2020,5394,5278.09,1147500.62,,2.495,0.001,494295.916,0.059,27.714,0.0089,8317466.014,"Pipeline Natural Gas",,"Combined cycle",,"Selective Catalytic Reduction",,,"ARP"
"UT","Lake Side Power Plant",56237,"CT02",89558,,2020,6249,6111.8,1316488.34,,2.8,0.001,554604.562,0.059,32.03,0.009,9332282.67,"Pipeline Natural Gas",,"Combined cycle",,"Selective Catalytic Reduction",,,"ARP"
"UT","Lake Side Power Plant",56237,"CT03",90915,,2020,6412,6230.44,1479445.95,,3.057,0.001,605633.153,0.059,37.23,0.0093,10190901.255,"Pipeline Natural Gas",,"Combined cycle",,"Selective Catalytic Reduction",,,"ARP"
"UT","Lake Side Power Plant",56237,"CT04",90916,,2020,7599,7535.59,1772512.21,,3.704,0.001,733641.401,0.059,46.477,0.0084,12344976.17,"Pipeline Natural Gas",,"Combined cycle",,"Selective Catalytic Reduction",,,"ARP"
"SD","Groton Generating Station",56238,"CT001",89548,,2020,1455,1150.05,46812.63,,0.15,0.001,29793.216,0.0592,23.964,0.0993,501331.048,"Pipeline Natural Gas",,"Combustion turbine",,"Water Injection",,,"ARP"
"SD","Groton Generating Station",56238,"CT002",89754,,2020,2113,1851.04,79341.24,,0.203,0.001,40106.794,0.0592,28.601,0.0859,674901.441,"Pipeline Natural Gas",,"Combustion turbine",,"Water Injection",,,"ARP"
"CA","Malaga Power",56239,"GT-1",89579,,2020,322,215.19,6548.52,,0.02,0.001,3966.298,0.0593,0.714,0.0352,66734.45,"Pipeline Natural Gas",,"Combustion turbine",,"Selective Catalytic Reduction",,,"ARP"
"CA","Malaga Power",56239,"GT-2",89580,,2020,334,219.9,6636.12,,0.02,0.001,3961.98,0.0593,0.639,0.0335,66673.109,"Pipeline Natural Gas",,"Combustion turbine",,"Selective Catalytic Reduction",,,"ARP"
"MN","Cannon Falls Energy Center",56241,"CT-01",89752,,2020,876,827.58,116345.42,,0.417,0.001,82177.6,0.059,25.212,0.0683,1392802.9,"Pipeline Natural Gas","Diesel Oil","Combustion turbine",,"Dry Low NOx Burners|Water Injection",,,"ARP, CSNOX, CSSO2G2"
"MN","Cannon Falls Energy Center",56241,"CT-02",89753,,2020,792,752.98,106227.45,,0.362,0.001,71220.1,0.059,21.489,0.0617,1207099.6,"Pipeline Natural Gas","Diesel Oil","Combustion turbine",,"Dry Low NOx Burners|Water Injection",,,"ARP, CSNOX, CSSO2G2"
"NC","NCEMC Anson Plant",56249,"ES1-A",89583,,2020,236,219.82,5780.68,,0.017,0.001,3436.525,0.0598,2.517,0.0887,57597.388,"Pipeline Natural Gas","Diesel Oil","Combustion turbine",,"Water Injection",,,"ARP, CSNOX, CSSO2G1, SIPNOX"
"NC","NCEMC Anson Plant",56249,"ES1-B",89584,,2020,198,182.7,5011.65,,0.015,0.001,2960.848,0.0599,2.216,0.0907,49601.692,"Pipeline Natural Gas","Diesel Oil","Combustion turbine",,"Water Injection",,,"ARP, CSNOX, CSSO2G1, SIPNOX"
"NC","NCEMC Anson Plant",56249,"ES2-A",89585,,2020,210,195.28,5052.28,,0.015,0.001,3047.487,0.0596,2.348,0.0921,51141.217,"Pipeline Natural Gas","Diesel Oil","Combustion turbine",,"Water Injection",,,"ARP, CSNOX, CSSO2G1, SIPNOX"
"NC","NCEMC Anson Plant",56249,"ES2-B",89586,,2020,196,182.01,4815.97,,0.015,0.001,2896.827,0.0598,2.122,0.0891,48522.975,"Pipeline Natural Gas","Diesel Oil","Combustion turbine",,"Water Injection",,,"ARP, CSNOX, CSSO2G1, SIPNOX"
"NC","NCEMC Anson Plant",56249,"ES3-A",89587,,2020,345,321.63,8413.47,,0.025,0.001,4957.269,0.0596,3.611,0.0876,83186.803,"Pipeline Natural Gas","Diesel Oil","Combustion turbine",,"Water Injection",,,"ARP, CSNOX, CSSO2G1, SIPNOX"
"NC","NCEMC Anson Plant",56249,"ES3-B",89588,,2020,342,322.6,8836.07,,0.026,0.001,5214.054,0.0597,3.867,0.0893,87472.847,"Pipeline Natural Gas","Diesel Oil","Combustion turbine",,"Water Injection",,,"ARP, CSNOX, CSSO2G1, SIPNOX"
"NC","NCEMC Anson Plant",56249,"ES4-A",89589,,2020,362,341.6,9038.3,,0.027,0.001,5363.89,0.0596,4.248,0.0948,90055.81,"Pipeline Natural Gas","Diesel Oil","Combustion turbine",,"Water Injection",,,"ARP, CSNOX, CSSO2G1, SIPNOX"
"NC","NCEMC Anson Plant",56249,"ES4-B",89590,,2020,360,338.85,9236.61,,0.028,0.001,5497.995,0.0596,4.526,0.0981,92294.706,"Pipeline Natural Gas","Diesel Oil","Combustion turbine",,"Water Injection",,,"ARP, CSNOX, CSSO2G1, SIPNOX"
"NC","NCEMC Anson Plant",56249,"ES5-A",89591,,2020,401,377.51,10090.26,,0.03,0.001,5848.051,0.0596,4.383,0.0899,98159.675,"Pipeline Natural Gas","Diesel Oil","Combustion turbine",,"Water Injection",,,"ARP, CSNOX, CSSO2G1, SIPNOX"
"NC","NCEMC Anson Plant",56249,"ES5-B",89592,,2020,398,374.41,10009.99,,0.029,0.001,5788.897,0.0596,4.353,0.0904,97178.785,"Pipeline Natural Gas","Diesel Oil","Combustion turbine",,"Water Injection",,,"ARP, CSNOX, CSSO2G1, SIPNOX"
"NC","NCEMC Anson Plant",56249,"ES6-A",89593,,2020,332,308.51,8238.14,,0.025,0.001,4861.491,0.0595,3.705,0.0913,81651.063,"Pipeline Natural Gas","Diesel Oil","Combustion turbine",,"Water Injection",,,"ARP, CSNOX, CSSO2G1, SIPNOX"
"NC","NCEMC Anson Plant",56249,"ES6-B",89594,,2020,339,310.05,8366.44,,0.025,0.001,4921.37,0.0596,3.732,0.0912,82625.038,"Pipeline Natural Gas","Diesel Oil","Combustion turbine",,"Water Injection",,,"ARP, CSNOX, CSSO2G1, SIPNOX"
"UT","Millcreek Power",56253,"MC-1",89566,,2020,1654,1441.04,51910.3,,0.144,0.0009,30552.2,0.0589,12.929,0.0901,518774.4,"Pipeline Natural Gas",,"Combustion turbine",,"Dry Low NOx Burners",,,"ARP"
"UT","Millcreek Power",56253,"MC-2",90575,,2020,1771,1642.75,58371.17,,0.171,0.001,33815.35,0.0593,2.173,0.0099,569103.551,"Pipeline Natural Gas",,"Combustion turbine",,"Dry Low NOx Burners|Selective Catalytic Reduction",,,"ARP"
"NY","Empire Generating Co, LLC",56259,"CT-1",89574,,2020,6497,6409.85,1510052.25,,3.23,0.001,639838.679,0.059,41.952,0.0109,10766421.569,"Pipeline Natural Gas","Diesel Oil","Combined cycle",,"Dry Low NOx Burners|Water Injection|Selective Catalytic Reduction",,,"ARP, CSNOX, CSOSG2, CSSO2G1, RGGI"
"NY","Empire Generating Co, LLC",56259,"CT-2",89575,,2020,6449,6377.7,1499395.03,,3.192,0.001,632217.509,0.059,36.455,0.0085,10638261.287,"Pipeline Natural Gas","Diesel Oil","Combined cycle",,"Dry Low NOx Burners|Water Injection|Selective Catalytic Reduction",,,"ARP, CSNOX, CSOSG2, CSSO2G1, RGGI"
"LA","Hargis-Hebert Electric Generating Statio",56283,"U-1",89602,,2020,643,547.3,11715.93,,0.04,0.001,7991.585,0.0592,6.026,0.0945,134464.765,"Pipeline Natural Gas",,"Combustion turbine",,"Water Injection",,,"ARP, CSOSG2"
"LA","Hargis-Hebert Electric Generating Statio",56283,"U-2",89603,,2020,558,464.27,9682.73,,0.034,0.001,6668.772,0.0593,5.244,0.0997,112206.677,"Pipeline Natural Gas",,"Combustion turbine",,"Water Injection",,,"ARP, CSOSG2"
"NC","NCEMC Hamlet Plant",56292,"ES1-A",89611,,2020,344,326.72,8393.3,,0.025,0.001,4929.783,0.0593,3.553,0.0858,82949.08,"Pipeline Natural Gas","Diesel Oil","Combustion turbine",,"Water Injection",,,"ARP, CSNOX, CSSO2G1, SIPNOX"
"NC","NCEMC Hamlet Plant",56292,"ES1-B",89612,,2020,344,329.07,9023.88,,0.027,0.001,5262.599,0.0593,3.891,0.0878,88557.089,"Pipeline Natural Gas","Diesel Oil","Combustion turbine",,"Water Injection",,,"ARP, CSNOX, CSSO2G1, SIPNOX"
"NC","NCEMC Hamlet Plant",56292,"ES2-A",89613,,2020,102,84.81,2161.28,,0.006,0.001,1262.881,0.0593,0.943,0.0869,21251.44,"Pipeline Natural Gas","Diesel Oil","Combustion turbine",,"Water Injection",,,"ARP, CSNOX, CSSO2G1, SIPNOX"
"NC","NCEMC Hamlet Plant",56292,"ES2-B",89614,,2020,101,83.55,2297.48,,0.007,0.001,1330.093,0.0593,0.996,0.0888,22385.926,"Pipeline Natural Gas","Diesel Oil","Combustion turbine",,"Water Injection",,,"ARP, CSNOX, CSSO2G1, SIPNOX"
"NC","NCEMC Hamlet Plant",56292,"ES3-A",89615,,2020,94,76.33,2005.73,,0.006,0.001,1163.27,0.0592,0.886,0.0905,19580.497,"Pipeline Natural Gas","Diesel Oil","Combustion turbine",,"Water Injection",,,"ARP, CSNOX, CSSO2G1, SIPNOX"
"NC","NCEMC Hamlet Plant",56292,"ES3-B",89616,,2020,89,75.07,2003.13,,0.006,0.001,1178.434,0.0593,0.878,0.0882,19830.48,"Pipeline Natural Gas","Diesel Oil","Combustion turbine",,"Water Injection",,,"ARP, CSNOX, CSSO2G1, SIPNOX"
"NC","NCEMC Hamlet Plant",56292,"ES4-A",89617,,2020,332,317.73,8449.76,,0.025,0.001,4923.544,0.0594,3.617,0.0874,82844.946,"Pipeline Natural Gas","Diesel Oil","Combustion turbine",,"Water Injection",,,"ARP, CSNOX, CSSO2G1, SIPNOX"
"NC","NCEMC Hamlet Plant",56292,"ES4-B",89618,,2020,332,315.48,8277.85,,0.024,0.001,4767.857,0.0593,3.431,0.0852,80239.672,"Pipeline Natural Gas","Diesel Oil","Combustion turbine",,"Water Injection",,,"ARP, CSNOX, CSSO2G1, SIPNOX"
"NC","NCEMC Hamlet Plant",56292,"ES5-A",89619,,2020,341,325.1,8518.31,,0.025,0.001,5047.925,0.0593,3.738,0.0881,84942.163,"Pipeline Natural Gas","Diesel Oil","Combustion turbine",,"Water Injection",,,"ARP, CSNOX, CSSO2G1, SIPNOX"
"NC","NCEMC Hamlet Plant",56292,"ES5-B",89620,,2020,324,306.67,8006.51,,0.024,0.001,4769.991,0.0593,3.49,0.0866,80244.387,"Pipeline Natural Gas","Diesel Oil","Combustion turbine",,"Water Injection",,,"ARP, CSNOX, CSSO2G1, SIPNOX"
"NC","NCEMC Hamlet Plant",56292,"ES6-A",90839,,2020,102,85.91,2291.74,,0.007,0.001,1321.795,0.0594,0.993,0.0894,22234.045,"Pipeline Natural Gas","Diesel Oil","Combustion turbine",,"Water Injection",,,"ARP, CSNOX, CSSO2G1, SIPNOX"
"NC","NCEMC Hamlet Plant",56292,"ES6-B",90840,,2020,101,84.77,2276.07,,0.007,0.001,1325.614,0.0594,0.981,0.088,22295.771,"Pipeline Natural Gas","Diesel Oil","Combustion turbine",,"Water Injection",,,"ARP, CSNOX, CSSO2G1, SIPNOX"
"CA","Roseville Energy Park",56298,"CT001",89721,,2020,2493,2471.31,132532.78,,0.31,0.001,61456.829,0.0592,3.515,0.0077,1034093.637,"Pipeline Natural Gas",,"Combined cycle",,"Dry Low NOx Burners|Selective Catalytic Reduction",,,"ARP"
"CA","Roseville Energy Park",56298,"CT002",89722,,2020,3482,3460.94,185858.04,,0.419,0.001,83053.911,0.0592,4.632,0.0074,1397524.047,"Pipeline Natural Gas",,"Combined cycle",,"Dry Low NOx Burners|Selective Catalytic Reduction",,,"ARP"
"WY","Wygen II",56319,"001",89633,,2020,8298,8289.38,783714.54,,205.923,0.0454,935205.921,0.105,279.828,0.0628,8916959.037,"Coal",,"Dry bottom wall-fired boiler","Dry Lime FGD","Low NOx Burner Technology w/ Overfire Air|Selective Catalytic Reduction","Baghouse",,"ARP, MATS"
"TX","Mustang Station (56326)",56326,"GEN1",89654,,2020,3311,3209,432501.11,,1.36,0.001,269346.969,0.059,58.531,0.0286,4532302.711,"Pipeline Natural Gas",,"Combustion turbine",,"Dry Low NOx Burners",,,"ARP, CSOSG2"
"TX","Mustang Station (56326)",56326,"GEN2",89751,,2020,4855,4729.31,645945.91,,2.043,0.001,404715.129,0.059,94.341,0.0295,6810083.821,"Pipeline Natural Gas",,"Combustion turbine",,"Dry Low NOx Burners",,,"ARP, CSOSG2"
"TX","Mustang Station (56326)",56326,"GEN3",90776,,2020,1788,1681.95,214901.51,,0.708,0.001,140262.865,0.059,34.653,0.0352,2360197.299,"Pipeline Natural Gas",,"Combustion turbine",,"Dry Low NOx Burners",,,"ARP, CSOSG2"
"AR","Harry D. Mattison Power Plant",56328,"1",89740,,2020,222,207.2,15652.52,,0.056,0.001,10874.3,0.0593,6.205,0.1268,184320.5,"Pipeline Natural Gas",,"Combustion turbine",,"Dry Low NOx Burners",,,"ARP, CSOSG2"
"AR","Harry D. Mattison Power Plant",56328,"2",89741,,2020,207,192.25,14369.03,,0.056,0.001,10853.9,0.0595,6.025,0.1304,183956.2,"Pipeline Natural Gas",,"Combustion turbine",,"Dry Low NOx Burners",,,"ARP, CSOSG2"
"AR","Harry D. Mattison Power Plant",56328,"3",91249,,2020,144,130.82,9261.9,,0.038,0.001,7651,0.0593,5.029,0.1605,129668.7,"Pipeline Natural Gas",,"Combustion turbine",,"Dry Low NOx Burners",,,"ARP, CSOSG2"
"AR","Harry D. Mattison Power Plant",56328,"4",91250,,2020,255,228.38,15672.1,,0.057,0.0009,11399.9,0.059,8.763,0.1815,193216.4,"Pipeline Natural Gas",,"Combustion turbine",,"Dry Low NOx Burners",,,"ARP, CSOSG2"
"TX","Quail Run Energy Center",56349,"CT1A",89698,,2020,4350,4164.41,403292.64,,1.098,0.001,217399.063,0.059,30.747,0.0227,3658100.32,"Pipeline Natural Gas",,"Combined cycle",,"Dry Low NOx Burners|Selective Catalytic Reduction",,,"ARP, CSOSG2"
"TX","Quail Run Energy Center",56349,"CT1B",89699,,2020,4005,3824.5,396594.4,,1.024,0.001,202899.787,0.059,27.615,0.0219,3414104.145,"Pipeline Natural Gas",,"Combined cycle",,"Dry Low NOx Burners|Selective Catalytic Reduction",,,"ARP, CSOSG2"
"TX","Quail Run Energy Center",56349,"CT2A",91262,,2020,4570,4379.97,425099.3,,1.127,0.001,223197.546,0.059,32.164,0.021,3755798.671,"Pipeline Natural Gas",,"Combined cycle",,"Dry Low NOx Burners|Selective Catalytic Reduction",,,"ARP, CSOSG2"
"TX","Quail Run Energy Center",56349,"CT2B",91263,,2020,4574,4363.29,431481.9,,1.14,0.001,225870.35,0.059,30.631,0.0196,3800844.18,"Pipeline Natural Gas",,"Combined cycle",,"Dry Low NOx Burners|Selective Catalytic Reduction",,,"ARP, CSOSG2"
"TX","Colorado Bend Energy Center",56350,"CT1A",91260,,2020,5308,5226.04,571437.04,,1.41,0.001,279221.93,0.059,36.14,0.0175,4698422.56,"Pipeline Natural Gas",,"Combined cycle",,"Dry Low NOx Burners|Selective Catalytic Reduction",,,"ARP, CSOSG2"
"TX","Colorado Bend Energy Center",56350,"CT1B",91261,,2020,5335,5267.44,575810.2,,1.413,0.001,279944.731,0.059,33.355,0.017,4710624.279,"Pipeline Natural Gas",,"Combined cycle",,"Dry Low NOx Burners|Selective Catalytic Reduction",,,"ARP, CSOSG2"
"TX","Colorado Bend Energy Center",56350,"CT2A",91264,,2020,5124,5044.68,566593.96,,1.342,0.001,265815.649,0.059,32.91,0.0169,4472892.095,"Pipeline Natural Gas",,"Combined cycle",,"Dry Low NOx Burners|Selective Catalytic Reduction",,,"ARP, CSOSG2"
"TX","Colorado Bend Energy Center",56350,"CT2B",91265,,2020,5135,5073.61,572312.59,,1.358,0.001,268900.355,0.059,34.696,0.0176,4524715.586,"Pipeline Natural Gas",,"Combined cycle",,"Dry Low NOx Burners|Selective Catalytic Reduction",,,"ARP, CSOSG2"
"PA","Hunlock Unit 4",56397,"4",2176,,2020,953,851.57,39849.16,,0.104,0.001,20688.529,0.0592,14.493,0.0864,348114.654,"Pipeline Natural Gas",,"Combustion turbine",,"Water Injection",,,"ARP, CSNOX, CSOSG2, CSSO2G1"
"FL","Treasure Coast Energy Center",56400,"1",89720,,2020,8269,8262.36,1938720.66,,4.156,0.001,823197.605,0.059,39.142,0.0059,13851910.346,"Pipeline Natural Gas","Diesel Oil","Combined cycle",,"Dry Low NOx Burners|Water Injection|Selective Catalytic Reduction",,,"ARP"
"FL","West County Energy Center",56407,"WCCT1A",89726,,2020,5438,5341.15,1904620.43,,3.699,0.001,732192.333,0.059,48.464,0.0102,12317976.492,"Pipeline Natural Gas","Diesel Oil","Combined cycle",,"Dry Low NOx Burners|Water Injection|Ammonia Injection|Other|Selective Catalytic Reduction",,,"ARP"
"FL","West County Energy Center",56407,"WCCT1B",89727,,2020,5548,5401.36,1921842.82,,3.719,0.001,736606.891,0.059,48.884,0.0104,12394825.688,"Pipeline Natural Gas","Diesel Oil","Combined cycle",,"Dry Low NOx Burners|Water Injection|Ammonia Injection|Other|Selective Catalytic Reduction",,,"ARP"
"FL","West County Energy Center",56407,"WCCT1C",89728,,2020,6064,6017.9,2189948.52,,4.236,0.001,839107.718,0.059,52.243,0.0085,14119128.543,"Pipeline Natural Gas","Diesel Oil","Combined cycle",,"Dry Low NOx Burners|Water Injection|Ammonia Injection|Other|Selective Catalytic Reduction",,,"ARP"
"FL","West County Energy Center",56407,"WCCT2A",89729,,2020,7256,7166,2577063.07,,4.942,0.001,978571.691,0.059,62.474,0.0092,16464054.764,"Pipeline Natural Gas","Diesel Oil","Combined cycle",,"Dry Low NOx Burners|Water Injection|Ammonia Injection|Other|Selective Catalytic Reduction",,,"ARP"
"FL","West County Energy Center",56407,"WCCT2B",89730,,2020,7208,7088.5,2537333.19,,4.919,0.001,974285.24,0.059,63.838,0.01,16393692.592,"Pipeline Natural Gas","Diesel Oil","Combined cycle",,"Dry Low NOx Burners|Water Injection|Ammonia Injection|Other|Selective Catalytic Reduction",,,"ARP"
"FL","West County Energy Center",56407,"WCCT2C",89731,,2020,6508,6356.75,2248776.05,,4.335,0.001,858282.895,0.059,57.451,0.0107,14440280.657,"Pipeline Natural Gas","Diesel Oil","Combined cycle",,"Dry Low NOx Burners|Water Injection|Ammonia Injection|Other|Selective Catalytic Reduction",,,"ARP"
"FL","West County Energy Center",56407,"WCCT3A",90654,,2020,6707,6590.84,2375531.27,,4.597,0.001,910207.67,0.059,58.64,0.0095,15314072.745,"Pipeline Natural Gas","Diesel Oil","Combined cycle",,"Dry Low NOx Burners|Water Injection|Other|Selective Catalytic Reduction",,,"ARP"
"FL","West County Energy Center",56407,"WCCT3B",90655,,2020,5946,5774.65,1993247.06,,3.916,0.001,775596.053,0.059,53.885,0.0118,13050211.023,"Pipeline Natural Gas","Diesel Oil","Combined cycle",,"Dry Low NOx Burners|Water Injection|Other|Selective Catalytic Reduction",,,"ARP"
"FL","West County Energy Center",56407,"WCCT3C",90656,,2020,6889,6819.16,2482062.2,,4.752,0.001,940963.332,0.059,58.786,0.0087,15831921.201,"Pipeline Natural Gas","Diesel Oil","Combined cycle",,"Dry Low NOx Burners|Water Injection|Other|Selective Catalytic Reduction",,,"ARP"
"CO","Spindle Hill Energy Center",56445,"CT-01",89736,,2020,2373,2249.15,247931.47,,0.841,0.0011,160213.847,0.0591,54.356,0.0455,2695090.807,"Pipeline Natural Gas","Diesel Oil","Combustion turbine",,"Dry Low NOx Burners|Water Injection",,,"ARP"
"CO","Spindle Hill Energy Center",56445,"CT-02",89737,,2020,1752,1662.67,182465.81,,0.646,0.0011,118677.008,0.0591,42.312,0.048,1995744.765,"Pipeline Natural Gas","Diesel Oil","Combustion turbine",,"Dry Low NOx Burners|Water Injection",,,"ARP"
"AR","Plum Point Energy Station",56456,"1",90208,,2020,7684,7672.46,3579076.9,,2270.349,0.1284,3713368.926,0.1049,1323.841,0.0737,35408538.771,"Coal",,"Dry bottom wall-fired boiler","Dry Lime FGD","Low NOx Burner Technology (Dry Bottom only)|Selective Catalytic Reduction","Baghouse","Untreated PAC Sorbent Injection","ARP, CSOSG2, MATS"
"NM","Hobbs Generating Station",56458,"HOBB1",89738,,2020,8102,8064.78,1968592.66,,2.399,0,1017849.409,0.059,53.363,0.0071,17127265.483,"Pipeline Natural Gas",,"Combined cycle",,"Dry Low NOx Burners|Selective Catalytic Reduction",,,"ARP"
"NM","Hobbs Generating Station",56458,"HOBB2",89739,,2020,7927,7870.86,1931418,,2.359,0,1000843.217,0.059,53.735,0.0073,16841117.132,"Pipeline Natural Gas",,"Combined cycle",,"Dry Low NOx Burners|Selective Catalytic Reduction",,,"ARP"
"CA","Russell City Energy Company LLC",56467,"CT1",89932,,2020,2359,2290.13,566387.48,,1.207,0.001,239033.221,0.059,13.92,0.0086,4022236.842,"Pipeline Natural Gas",,"Combined cycle",,"Dry Low NOx Burners|Selective Catalytic Reduction",,,"ARP"
"CA","Russell City Energy Company LLC",56467,"CT2",89933,,2020,2287,2207.64,553387.28,,1.183,0.001,234346.479,0.059,15.942,0.0098,3943346.404,"Pipeline Natural Gas",,"Combined cycle",,"Dry Low NOx Burners|Selective Catalytic Reduction",,,"ARP"
"CA","McGrath Generating Station",56471,"CT1",90074,,2020,640,500.58,23193.75,,0.067,0.001,13233.604,0.0592,1.278,0.0196,222666.322,"Pipeline Natural Gas",,"Combustion turbine",,"Water Injection|Ammonia Injection|Selective Catalytic Reduction",,,"ARP"
"CA","Grapeland Generating Station",56472,"CT1",90070,,2020,958,575.76,19395.36,,0.06,0.0009,11858.877,0.0593,1.833,0.0269,199560.993,"Pipeline Natural Gas",,"Combustion turbine",,"Water Injection|Ammonia Injection|Selective Catalytic Reduction",,,"ARP"
"CA","Mira Loma Generating Station",56473,"CT1",90071,,2020,645,481.43,21106.48,,0.063,0.001,12392.979,0.0592,1.47,0.0301,208546.398,"Pipeline Natural Gas",,"Combustion turbine",,"Water Injection|Ammonia Injection|Selective Catalytic Reduction",,,"ARP"
"CA","Barre Generating Station",56474,"CT1",90072,,2020,1346,1013.37,45649.3,,0.133,0.001,26429.343,0.0592,1.628,0.0132,444714.825,"Pipeline Natural Gas",,"Combustion turbine",,"Water Injection|Ammonia Injection|Selective Catalytic Reduction",,,"ARP"
"CA","Center Generating Station",56475,"CT1",90073,,2020,1088,685.84,21990.87,,0.07,0.001,13767.381,0.0593,1.241,0.0132,231665.641,"Pipeline Natural Gas",,"Combustion turbine",,"Water Injection|Ammonia Injection|Selective Catalytic Reduction",,,"ARP"
"CA","Gateway Generating Station",56476,"GT1",89759,,2020,6490,6450.48,1441809.2,,3.116,0.001,617238.877,0.059,33.292,0.0076,10386143.491,"Pipeline Natural Gas",,"Combined cycle",,"Dry Low NOx Burners|Selective Catalytic Reduction",,,"ARP"
"CA","Gateway Generating Station",56476,"GT2",89760,,2020,6649,6599.46,1475582.42,,3.24,0.001,641827.581,0.059,35.577,0.0085,10799921.318,"Pipeline Natural Gas",,"Combined cycle",,"Dry Low NOx Burners|Selective Catalytic Reduction",,,"ARP"
"WI","Marshfield Utilities Combustion Turbine",56480,"1A",89761,,2020,65,62.26,1253.9,,0.004,0.001,820.043,0.0604,0.569,0.0845,13627.334,"Pipeline Natural Gas",,"Combustion turbine",,"Water Injection",,,"ARP, CSNOX, CSOSG2, CSSO2G1"
"WI","Marshfield Utilities Combustion Turbine",56480,"1B",89762,,2020,64,58.56,1145.72,,0.004,0.001,761.241,0.0603,0.526,0.0843,12653.397,"Pipeline Natural Gas",,"Combustion turbine",,"Water Injection",,,"ARP, CSNOX, CSOSG2, CSSO2G1"
"AZ","Black Mountain Generating Station",56482,"1",89755,,2020,2556,2226.24,88028.95,,1.516,0.0036,51481.64,0.0592,39.463,0.102,866293.278,"Natural Gas",,"Combustion turbine",,"Water Injection",,,"ARP"
"AZ","Black Mountain Generating Station",56482,"2",89756,,2020,2429,2141.08,82054.98,,1.438,0.0036,48825.889,0.0592,33.258,0.092,821562.246,"Natural Gas",,"Combustion turbine",,"Water Injection",,,"ARP"
"KS","Emporia Energy Center",56502,"EEC1",89850,,2020,1220,1054.54,31774.48,,0.113,0.001,22457.778,0.0593,16.764,0.098,377875.78,"Pipeline Natural Gas",,"Combustion turbine",,"Water Injection",,,"ARP, CSNOX, CSOSG2, CSSO2G2"
"KS","Emporia Energy Center",56502,"EEC2",89851,,2020,1812,1578.57,42672.12,,0.156,0.001,30842.085,0.0593,23.619,0.1003,519002.225,"Pipeline Natural Gas",,"Combustion turbine",,"Water Injection",,,"ARP, CSNOX, CSOSG2, CSSO2G2"
"KS","Emporia Energy Center",56502,"EEC3",89852,,2020,1561,1352.1,35058.76,,0.129,0.001,25515.458,0.0593,19.07,0.0991,429320.745,"Pipeline Natural Gas",,"Combustion turbine",,"Water Injection",,,"ARP, CSNOX, CSOSG2, CSSO2G2"
"KS","Emporia Energy Center",56502,"EEC4",89853,,2020,1941,1710.22,43087.37,,0.157,0.001,31169.162,0.0593,23.452,0.0972,524463.966,"Pipeline Natural Gas",,"Combustion turbine",,"Water Injection",,,"ARP, CSNOX, CSOSG2, CSSO2G2"
"KS","Emporia Energy Center",56502,"EEC5",89854,,2020,939,831.37,84704.8,,0.308,0.001,61093.275,0.059,17.742,0.0442,1028013.558,"Pipeline Natural Gas",,"Combustion turbine",,"Water Injection",,,"ARP, CSNOX, CSOSG2, CSSO2G2"
"KS","Emporia Energy Center",56502,"EEC6",89855,,2020,913,811.67,84467.95,,0.307,0.001,60805.779,0.0591,17.556,0.0455,1023173.915,"Pipeline Natural Gas",,"Combustion turbine",,"Dry Low NOx Burners",,,"ARP, CSNOX, CSOSG2, CSSO2G2"
"KS","Emporia Energy Center",56502,"EEC7",89856,,2020,918,807.04,88697.59,,0.309,0.001,61206.621,0.059,18.532,0.0492,1029946.208,"Pipeline Natural Gas",,"Combustion turbine",,"Dry Low NOx Burners",,,"ARP, CSNOX, CSOSG2, CSSO2G2"
"AR","City Water & Light - City of Jonesboro",56505,"SN04",89827,,2020,62,62,1409,,0.012,0.0023,904.5,0.0603,0.97,0.159,15119.2,"Pipeline Natural Gas","Diesel Oil","Combustion turbine",,"Water Injection",,,"ARP, CSOSG2"
"AR","City Water & Light - City of Jonesboro",56505,"SN06",89828,,2020,233,233,7067,,0.036,0.0014,4439.2,0.0593,4.525,0.1271,75042,"Pipeline Natural Gas","Diesel Oil","Combustion turbine",,"Water Injection",,,"ARP, CSOSG2"
"AR","City Water & Light - City of Jonesboro",56505,"SN07",89829,,2020,80,80,2082,,0.007,0.0008,1323.2,0.0589,0.931,0.0832,22438.9,"Pipeline Natural Gas",,"Combustion turbine",,"Water Injection",,,"ARP, CSOSG2"
"CA","Colusa Generating Station",56532,"CT1",90561,,2020,5919,5853.49,1519524.39,,3.219,0.001,637583.422,0.059,25.998,0.007,10728549.798,"Pipeline Natural Gas",,"Combined cycle",,"Dry Low NOx Burners|Selective Catalytic Reduction",,,"ARP"
"CA","Colusa Generating Station",56532,"CT2",90562,,2020,6309,6241.79,1580519.3,,3.338,0.001,661221.913,0.059,21.757,0.0058,11126336.782,"Pipeline Natural Gas",,"Combined cycle",,"Dry Low NOx Burners|Selective Catalytic Reduction",,,"ARP"
"KY","Paducah Power Systems Plant 1",56556,"EU01A",90590,,2020,322,223.38,3746.96,,0.013,0.001,2647.496,0.0593,2.104,0.1261,44562.234,"Pipeline Natural Gas",,"Combustion turbine",,"Water Injection",,,"ARP, CSNOX, CSOSG2, CSSO2G1"
"KY","Paducah Power Systems Plant 1",56556,"EU01B",90591,,2020,347,239.62,4488.74,,0.016,0.001,3177.749,0.0594,2.465,0.1243,53468.932,"Pipeline Natural Gas",,"Combustion turbine",,"Water Injection",,,"ARP, CSNOX, CSOSG2, CSSO2G1"
"KY","Paducah Power Systems Plant 1",56556,"EU02A",90592,,2020,332,230.81,4067.45,,0.014,0.001,2870.014,0.0594,2.269,0.1275,48290.048,"Pipeline Natural Gas",,"Combustion turbine",,"Water Injection",,,"ARP, CSNOX, CSOSG2, CSSO2G1"
"KY","Paducah Power Systems Plant 1",56556,"EU02B",90593,,2020,330,225.77,4308.41,,0.015,0.001,3019.911,0.0594,2.975,0.2505,50811.597,"Pipeline Natural Gas",,"Combustion turbine",,"Water Injection",,,"ARP, CSNOX, CSOSG2, CSSO2G1"
"AR","John W. Turk Jr. Power Plant",56564,"SN-01",90325,,2020,7713,7704.02,3750486.85,,658.117,0.0404,3441534.109,0.105,696.817,0.0436,32814037.894,"Coal",,"Dry bottom wall-fired boiler","Dry Lime FGD","Low NOx Burner Technology w/ Overfire Air|Selective Catalytic Reduction","Baghouse","Halogenated PAC Sorbent Injection","ARP, CSOSG2, MATS"
"CA","Niland Gas Turbine Plant",56569,"1",90279,,2020,1250,1034.83,43568.13,,0.121,0.001,23985.062,0.0592,1.456,0.0118,403600.415,"Pipeline Natural Gas",,"Combustion turbine",,"Dry Low NOx Burners|Selective Catalytic Reduction",,,"ARP"
"CA","Niland Gas Turbine Plant",56569,"2",90280,,2020,1997,1696.02,69800.25,,0.199,0.001,39372.454,0.0592,2.393,0.0133,662495.642,"Pipeline Natural Gas",,"Combustion turbine",,"Dry Low NOx Burners|Selective Catalytic Reduction",,,"ARP"
"WY","Wygen III",56596,"001",90109,,2020,8486,8473.48,932801.94,,202.434,0.042,1014000.898,0.105,212.567,0.047,9668215.844,"Coal",,"Dry bottom wall-fired boiler","Dry Lime FGD","Low NOx Burner Technology (Dry Bottom only)|Selective Catalytic Reduction","Baghouse",,"ARP, MATS"
"TX","San Jacinto County Peaking Facility",56603,"SJCCT1",91257,,2020,1570,1397.56,80094.77,,0.312,0.001,61750.673,0.059,13.447,0.0334,1039094.959,"Pipeline Natural Gas",,"Combustion turbine",,"Dry Low NOx Burners",,,"ARP, CSOSG2"
"TX","San Jacinto County Peaking Facility",56603,"SJCCT2",91258,,2020,2204,2006.51,148530.78,,0.536,0.001,106195.321,0.059,23.503,0.0328,1786956.049,"Pipeline Natural Gas",,"Combustion turbine",,"Dry Low NOx Burners",,,"ARP, CSOSG2"
"TX","Hardin County Peaking Facility",56604,"HCCT1",91256,,2020,745,681.18,39527.53,,0.151,0.001,29895.035,0.059,7.472,0.0349,503080.501,"Pipeline Natural Gas",,"Combustion turbine",,"Dry Low NOx Burners",,,"ARP, CSOSG2"
"TX","Hardin County Peaking Facility",56604,"HCCT2",91259,,2020,999,911.55,52632.47,,0.202,0.001,40041.344,0.059,10.56,0.0367,673761.32,"Pipeline Natural Gas",,"Combustion turbine",,"Dry Low NOx Burners",,,"ARP, CSOSG2"
"MT","Culbertson Station",56606,"CT01",90550,,2020,1377,1153.95,50351.52,,0.144,0.001,28455.947,0.0592,21.186,0.0926,478814.661,"Pipeline Natural Gas",,"Combustion turbine",,"Water Injection",,,"ARP"
"WY","Dry Fork Station",56609,"01",90531,,2020,8483,8476.39,3530926.67,,1006.315,0.0584,3615537.429,0.105,707.073,0.0414,34473079.203,"Coal",,"Dry bottom wall-fired boiler","Dry Lime FGD","Selective Catalytic Reduction","Baghouse","Halogenated PAC Sorbent Injection|Regenerative Activated Coke Technology","ARP, MATS"
"SD","Deer Creek Station",56610,"01",90691,,2020,3995,3911.51,778771.21,,1.824,0.001,361376.841,0.059,45.153,0.024,6080891.311,"Pipeline Natural Gas",,"Combined cycle",,"Selective Catalytic Reduction",,,"ARP"
"TX","Sandy Creek Energy Station",56611,"S01",90551,,2020,8265,8262.18,4884513.75,,2324.868,0.0999,4943073.232,0.1047,1067.37,0.0444,47161984.87,"Coal",,"Dry bottom wall-fired boiler","Dry Lime FGD","Selective Catalytic Reduction","Baghouse","Halogenated PAC Sorbent Injection","ARP, CSOSG2, MATS"
"CT","Waterbury Generation",56629,"10",90207,,2020,383,284.64,20795.06,,0.063,0.001,12445.541,0.0592,1.538,0.0287,209009.809,"Pipeline Natural Gas","Diesel Oil","Combustion turbine",,"Water Injection|Selective Catalytic Reduction",,,"ARP, RGGI, SIPNOX"
"CA","Midway Peaking",56639,"1",90382,,2020,420,343.11,16460,,0.055,0.001,10877.725,0.0592,1.37,0.0181,183031.18,"Pipeline Natural Gas",,"Combustion turbine",,"Water Injection|Ammonia Injection|Selective Catalytic Reduction",,,"ARP"
"CA","Midway Peaking",56639,"2",90383,,2020,412,323.73,14541.6,,0.05,0.001,9833.045,0.0592,1.196,0.0207,165447.135,"Pipeline Natural Gas",,"Combustion turbine",,"Water Injection|Ammonia Injection|Selective Catalytic Reduction",,,"ARP"
"MD","NIH Cogeneration Facility",56668,"CGTC",91302,,2020,7243,7217.43,160871.44,,,,,,39.886,0.0423,1899933.137,"Pipeline Natural Gas","Diesel Oil","Combustion turbine",,"Dry Low NOx Burners|Water Injection",,,"SIPNOX"
"WV","Longview Power",56671,"001",90398,,2020,7839,7830.14,5486282.9,,1969.027,0.0847,4757227.216,0.103,1463.639,0.0643,46366753.596,"Coal",,"Dry bottom wall-fired boiler","Other|Wet Limestone","Low NOx Burner Technology w/ Overfire Air|Selective Catalytic Reduction","Baghouse",,"ARP, CSNOX, CSOSG2, CSSO2G1, MATS"
"TX","Winchester Power Park",56674,"1",90317,,2020,408,320.48,9988.56,,0.028,0.001,5460.926,0.0594,0.47,0.024,91860.066,"Pipeline Natural Gas",,"Combustion turbine",,"Selective Catalytic Reduction",,,"ARP, CSOSG2"
"TX","Winchester Power Park",56674,"2",90318,,2020,365,282.92,8384.22,,0.024,0.001,4840.455,0.0593,0.359,0.0123,81456.607,"Pipeline Natural Gas",,"Combustion turbine",,"Selective Catalytic Reduction",,,"ARP, CSOSG2"
"TX","Winchester Power Park",56674,"3",90319,,2020,285,222.06,6283.73,,0.018,0.001,3620.609,0.0593,0.423,0.0231,60923.566,"Pipeline Natural Gas",,"Combustion turbine",,"Selective Catalytic Reduction",,,"ARP, CSOSG2"
"TX","Winchester Power Park",56674,"4",90320,,2020,274,203.2,5755.36,,0.017,0.001,3307.47,0.0593,0.303,0.0212,55650.569,"Pipeline Natural Gas",,"Combustion turbine",,"Selective Catalytic Reduction",,,"ARP, CSOSG2"
"ND","Spiritwood Station",56786,"001",90511,,2020,8219,8208.4,,3209373.82,7.467,0.0034,315958.741,0.0711,174.765,0.0785,4432693.647,"Coal","Liquified Petroleum Gas, Pipeline Natural Gas","Circulating fluidized bed boiler","Dry Lime FGD|Fluidized Bed Limestone Injection","Overfire Air|Selective Non-catalytic Reduction","Baghouse","Untreated PAC Sorbent Injection","ARP, MATS"
"CT","Kleen Energy Systems Project",56798,"U1",90386,,2020,3530,3485.34,895778.53,,1.884,0.001,374035.923,0.059,21.679,0.0085,6291892.443,"Pipeline Natural Gas","Diesel Oil","Combined cycle",,"Dry Low NOx Burners|Water Injection|Selective Catalytic Reduction",,,"ARP, RGGI, SIPNOX"
"CT","Kleen Energy Systems Project",56798,"U2",90387,,2020,3660,3616.45,932237.84,,1.944,0.001,386947.583,0.059,22.31,0.0085,6509506.924,"Pipeline Natural Gas","Diesel Oil","Combined cycle",,"Dry Low NOx Burners|Water Injection|Selective Catalytic Reduction",,,"ARP, RGGI, SIPNOX"
"FL","Greenland Energy Center",56799,"1",90380,,2020,2157,1997.89,291974.93,,0.953,0.001,188773.013,0.0591,48.597,0.034,3174683.015,"Pipeline Natural Gas","Diesel Oil","Combustion turbine",,"Dry Low NOx Burners|Water Injection",,,"ARP"
"FL","Greenland Energy Center",56799,"2",90381,,2020,2119,1949.88,285648.21,,0.906,0.001,179384.11,0.0591,46.682,0.0353,3016989.332,"Pipeline Natural Gas","Diesel Oil","Combustion turbine",,"Dry Low NOx Burners|Water Injection",,,"ARP"
"CA","Panoche Energy Center",56803,"1",90388,,2020,1787,1513.86,142610.08,,0.381,0.001,75534.996,0.059,6.655,0.0143,1271035.189,"Pipeline Natural Gas",,"Combustion turbine",,"Water Injection|Selective Catalytic Reduction",,,"ARP"
"CA","Panoche Energy Center",56803,"2",90389,,2020,1919,1624.26,152000.62,,0.402,0.001,79690.995,0.059,7.514,0.0151,1340973.208,"Pipeline Natural Gas",,"Combustion turbine",,"Water Injection|Selective Catalytic Reduction",,,"ARP"
"CA","Panoche Energy Center",56803,"3",90390,,2020,1749,1487.35,139941.99,,0.373,0.001,73858.354,0.059,6.918,0.0152,1242801.141,"Pipeline Natural Gas",,"Combustion turbine",,"Water Injection|Selective Catalytic Reduction",,,"ARP"
"CA","Panoche Energy Center",56803,"4",90391,,2020,1854,1585.56,148351.44,,0.399,0.001,79128.076,0.059,7.602,0.0154,1331509.82,"Pipeline Natural Gas",,"Combustion turbine",,"Water Injection|Selective Catalytic Reduction",,,"ARP"
"TX","Cedar Bayou 4",56806,"CBY41",90407,,2020,4339,4280.27,583940.63,,1.998,0.001,395742.82,0.059,37.635,0.0134,6659145.567,"Pipeline Natural Gas",,"Combined cycle",,"Dry Low NOx Burners|Selective Catalytic Reduction",,,"ARP, CSOSG2"
"TX","Cedar Bayou 4",56806,"CBY42",90408,,2020,4049,3963.27,551400.18,,1.868,0.001,369977.142,0.059,35.677,0.0138,6225531.43,"Pipeline Natural Gas",,"Combined cycle",,"Dry Low NOx Burners|Selective Catalytic Reduction",,,"ARP, CSOSG2"
"VA","Bear Garden Generating Station",56807,"1A",90440,,2020,7789,7782.5,2214540,,4.593,0.001,909741.649,0.059,51.304,0.0077,15307906.02,"Pipeline Natural Gas","Diesel Oil","Combined cycle",,"Dry Low NOx Burners|Water Injection|Selective Catalytic Reduction",,,"ARP, CSNOX, CSOSG2, CSSO2G1"
"VA","Bear Garden Generating Station",56807,"1B",90441,,2020,7768,7763.33,2186508.83,,4.523,0.001,895864.381,0.059,45.355,0.0062,15074334.522,"Pipeline Natural Gas","Diesel Oil","Combined cycle",,"Dry Low NOx Burners|Water Injection|Selective Catalytic Reduction",,,"ARP, CSNOX, CSOSG2, CSSO2G1"
"VA","Virginia City Hybrid Energy Center",56808,"1",90448,,2020,1596,1590.71,,2317157.94,43.017,0.0193,357726.42,0.102,128.883,0.0769,3485193.901,"Coal","Coal Refuse, Wood","Circulating fluidized bed boiler","Dry Lime FGD|Fluidized Bed Limestone Injection","Selective Non-catalytic Reduction","Baghouse",,"ARP, CSNOX, CSOSG2, CSSO2G1, MATS"
"VA","Virginia City Hybrid Energy Center",56808,"2",90449,,2020,3563,3557.88,,4668333.58,26.053,0.0071,751925.47,0.1027,288.085,0.0805,7308039.751,"Coal","Coal Refuse, Wood","Circulating fluidized bed boiler","Dry Lime FGD|Fluidized Bed Limestone Injection","Selective Non-catalytic Reduction","Baghouse",,"ARP, CSNOX, CSOSG2, CSSO2G1, MATS"
"MD","CPV St. Charles Energy Center",56846,"GT1",91104,,2020,6755,6541.86,1677762.79,,4.192,0.001,830482.195,0.059,31.255,0.0055,13974364.379,"Pipeline Natural Gas",,"Combined cycle",,"Dry Low NOx Burners|Selective Catalytic Reduction",,,"ARP, CSNOX, CSOSG2, CSSO2G1, RGGI"
"MD","CPV St. Charles Energy Center",56846,"GT2",91105,,2020,6189,5970.21,1521780.76,,3.826,0.001,757898.341,0.059,28.317,0.0057,12752978.038,"Pipeline Natural Gas",,"Combined cycle",,"Dry Low NOx Burners|Selective Catalytic Reduction",,,"ARP, CSNOX, CSOSG2, CSSO2G1, RGGI"
"MT","Dave Gates Generating Station",56908,"1A",90619,"CS1",2020,2491,2421.47,24018.93,,0.092,0.001,18227.455,0.0594,1.392,0.0092,306725.449,"Pipeline Natural Gas","Diesel Oil","Combustion turbine",,"Water Injection|Selective Catalytic Reduction",,,"ARP"
"MT","Dave Gates Generating Station",56908,"1B",90620,"CS1",2020,2477,2414.01,22703.36,,0.088,0.001,17463.354,0.0594,1.315,0.0089,293844.594,"Pipeline Natural Gas","Diesel Oil","Combustion turbine",,"Water Injection|Selective Catalytic Reduction",,,"ARP"
"MT","Dave Gates Generating Station",56908,"2A",90621,"CS2",2020,3062,2981.98,32932.95,,0.126,0.001,24957.519,0.0594,2.831,0.0135,419961.437,"Pipeline Natural Gas","Diesel Oil","Combustion turbine",,"Water Injection|Selective Catalytic Reduction",,,"ARP"
"MT","Dave Gates Generating Station",56908,"2B",90622,"CS2",2020,3061,2981.15,29736.95,,0.112,0.001,22262.278,0.0594,2.541,0.0135,374662.338,"Pipeline Natural Gas","Diesel Oil","Combustion turbine",,"Water Injection|Selective Catalytic Reduction",,,"ARP"
"MT","Dave Gates Generating Station",56908,"3A",90623,"CS3",2020,3879,3832.67,35784.49,,0.139,0.001,27461.596,0.0594,2.979,0.0122,462063.516,"Pipeline Natural Gas","Diesel Oil","Combustion turbine",,"Water Injection|Selective Catalytic Reduction",,,"ARP"
"MT","Dave Gates Generating Station",56908,"3B",90624,"CS3",2020,3919,3864.91,38285.48,,0.146,0.001,28891.102,0.0594,3.199,0.0125,486167.727,"Pipeline Natural Gas","Diesel Oil","Combustion turbine",,"Water Injection|Selective Catalytic Reduction",,,"ARP"
"CA","Orange Grove Project",56914,"CTG1",90426,,2020,426,302.72,10072.73,,0.032,0.001,6306.887,0.0593,0.616,0.0185,106109.144,"Pipeline Natural Gas",,"Combustion turbine",,"Water Injection|Ammonia Injection|Selective Catalytic Reduction",,,"ARP"
"CA","Orange Grove Project",56914,"CTG2",90427,,2020,372,273.72,8581.3,,0.027,0.001,5428.05,0.0593,0.482,0.0138,91348.212,"Pipeline Natural Gas",,"Combustion turbine",,"Water Injection|Ammonia Injection|Selective Catalytic Reduction",,,"ARP"
"NY","Valley Energy Center",56940,"1",90434,,2020,7814,7782.02,2431986.2,,5.007,0.001,991889.825,0.059,54,0.0069,16690430.945,"Pipeline Natural Gas","Diesel Oil","Combined cycle",,"Selective Catalytic Reduction",,,"ARP, CSNOX, CSOSG2, CSSO2G1, RGGI"
"NY","Valley Energy Center",56940,"2",90435,,2020,7421,7366.08,2315532.5,,4.741,0.001,939071.972,0.059,49.937,0.0069,15801421.265,"Pipeline Natural Gas","Diesel Oil","Combined cycle",,"Selective Catalytic Reduction",,,"ARP, CSNOX, CSOSG2, CSSO2G1, RGGI"
"AZ","Coolidge Generating Station",56948,"CT01",90464,,2020,1092,833.99,31589.61,,0.097,0.001,19143.056,0.0592,1.002,0.0094,322104.402,"Pipeline Natural Gas",,"Combustion turbine",,"Water Injection|Selective Catalytic Reduction",,,"ARP"
"AZ","Coolidge Generating Station",56948,"CT02",90465,,2020,1147,877.1,33428.04,,0.103,0.001,20436.071,0.0592,1.194,0.0096,343878.868,"Pipeline Natural Gas",,"Combustion turbine",,"Water Injection|Selective Catalytic Reduction",,,"ARP"
"AZ","Coolidge Generating Station",56948,"CT03",90466,,2020,1450,1118.2,41322.94,,0.126,0.001,24905.475,0.0592,1.654,0.0121,419085.905,"Pipeline Natural Gas",,"Combustion turbine",,"Water Injection|Selective Catalytic Reduction",,,"ARP"
"AZ","Coolidge Generating Station",56948,"CT04",90467,,2020,1682,1317.95,48114.94,,0.148,0.001,29319.417,0.0592,1.537,0.0094,493353.757,"Pipeline Natural Gas",,"Combustion turbine",,"Water Injection|Selective Catalytic Reduction",,,"ARP"
"AZ","Coolidge Generating Station",56948,"CT05",90468,,2020,1163,865.16,32756.87,,0.099,0.001,19516.912,0.0593,1.351,0.0118,328414.853,"Pipeline Natural Gas",,"Combustion turbine",,"Water Injection|Selective Catalytic Reduction",,,"ARP"
"AZ","Coolidge Generating Station",56948,"CT06",90469,,2020,1281,966.54,36194.17,,0.111,0.001,21977.273,0.0593,1.167,0.0094,369794.564,"Pipeline Natural Gas",,"Combustion turbine",,"Water Injection|Selective Catalytic Reduction",,,"ARP"
"AZ","Coolidge Generating Station",56948,"CT07",90470,,2020,1699,1302.48,48831.48,,0.149,0.001,29552.525,0.0593,2.099,0.0123,497278.939,"Pipeline Natural Gas",,"Combustion turbine",,"Water Injection|Selective Catalytic Reduction",,,"ARP"
"AZ","Coolidge Generating Station",56948,"CT08",90471,,2020,1962,1517.41,56031.76,,0.167,0.001,33065.034,0.0593,2.117,0.0106,556364.412,"Pipeline Natural Gas",,"Combustion turbine",,"Water Injection|Selective Catalytic Reduction",,,"ARP"
"AZ","Coolidge Generating Station",56948,"CT09",90472,,2020,1313,982.83,37651.59,,0.113,0.001,22381.908,0.0592,1.659,0.0116,376623.919,"Pipeline Natural Gas",,"Combustion turbine",,"Water Injection|Selective Catalytic Reduction",,,"ARP"
"AZ","Coolidge Generating Station",56948,"CT10",90473,,2020,1432,1077.12,40172.91,,0.122,0.001,24203.642,0.0593,1.46,0.0099,407273.426,"Pipeline Natural Gas",,"Combustion turbine",,"Water Injection|Selective Catalytic Reduction",,,"ARP"
"AZ","Coolidge Generating Station",56948,"CT11",90474,,2020,1774,1351.65,50394.59,,0.154,0.001,30476.527,0.0592,2.108,0.0109,512834.732,"Pipeline Natural Gas",,"Combustion turbine",,"Water Injection|Selective Catalytic Reduction",,,"ARP"
"AZ","Coolidge Generating Station",56948,"CT12",90475,,2020,2057,1585.39,58868.37,,0.176,0.001,34892.58,0.0592,2.397,0.0121,587111.92,"Pipeline Natural Gas",,"Combustion turbine",,"Water Injection|Selective Catalytic Reduction",,,"ARP"
"NJ","West Deptford Energy Station",56963,"E101",90891,,2020,3973,3780.45,1125852.33,,2.448,0.001,484848.462,0.059,30.95,0.0111,8158537.349,"Pipeline Natural Gas",,"Combined cycle",,"Dry Low NOx Burners|Selective Catalytic Reduction",,,"ARP, CSNOX, CSOSG2, CSSO2G1, RGGI"
"NJ","West Deptford Energy Station",56963,"E102",90892,,2020,3965,3776.43,1141633.8,,2.479,0.001,491046.2,0.059,33.843,0.0127,8262818.744,"Pipeline Natural Gas",,"Combined cycle",,"Dry Low NOx Burners|Selective Catalytic Reduction",,,"ARP, CSNOX, CSOSG2, CSSO2G1, RGGI"
"NJ","Bayonne Energy Center",56964,"GT1",90481,,2020,756,564.95,28026.5,,0.078,0.0009,16077.129,0.0592,0.89,0.0134,270535.063,"Pipeline Natural Gas","Diesel Oil","Combustion turbine",,"Water Injection|Ammonia Injection|Selective Catalytic Reduction",,,"ARP, CSNOX, CSOSG2, CSSO2G1, RGGI"
"NJ","Bayonne Energy Center",56964,"GT10",91188,,2020,1149,876.24,43356.6,,0.128,0.001,25418.346,0.0592,2.959,0.03,427717.992,"Pipeline Natural Gas","Diesel Oil","Combustion turbine",,"Water Injection|Ammonia Injection|Selective Catalytic Reduction",,,"ARP, CSNOX, CSOSG2, CSSO2G1, RGGI"
"NJ","Bayonne Energy Center",56964,"GT2",90482,,2020,744,530.29,25225.02,,0.073,0.0009,14696.069,0.0586,0.847,0.0146,246984.873,"Pipeline Natural Gas","Diesel Oil","Combustion turbine",,"Water Injection|Ammonia Injection|Selective Catalytic Reduction",,,"ARP, CSNOX, CSOSG2, CSSO2G1, RGGI"
"NJ","Bayonne Energy Center",56964,"GT3",90483,,2020,766,577.75,28135.75,,0.081,0.0009,16637.56,0.0592,0.944,0.0147,279952.587,"Pipeline Natural Gas","Diesel Oil","Combustion turbine",,"Water Injection|Ammonia Injection|Selective Catalytic Reduction",,,"ARP, CSNOX, CSOSG2, CSSO2G1, RGGI"
"NJ","Bayonne Energy Center",56964,"GT4",90484,,2020,895,689.46,34604.05,,0.1,0.0009,20055.93,0.0592,1.198,0.0147,337485.876,"Pipeline Natural Gas","Diesel Oil","Combustion turbine",,"Water Injection|Ammonia Injection|Selective Catalytic Reduction",,,"ARP, CSNOX, CSOSG2, CSSO2G1, RGGI"
"NJ","Bayonne Energy Center",56964,"GT5",90485,,2020,1019,758.25,37294.41,,0.105,0.0009,21761.272,0.0592,1.267,0.0141,366158.37,"Pipeline Natural Gas","Diesel Oil","Combustion turbine",,"Water Injection|Ammonia Injection|Selective Catalytic Reduction",,,"ARP, CSNOX, CSOSG2, CSSO2G1, RGGI"
"NJ","Bayonne Energy Center",56964,"GT6",90486,,2020,1080,803.44,39320.37,,0.113,0.0009,23243.02,0.0592,1.277,0.0136,391110.501,"Pipeline Natural Gas","Diesel Oil","Combustion turbine",,"Water Injection|Ammonia Injection|Selective Catalytic Reduction",,,"ARP, CSNOX, CSOSG2, CSSO2G1, RGGI"
"NJ","Bayonne Energy Center",56964,"GT7",90487,,2020,1005,769.06,38130.4,,0.106,0.0009,22047.805,0.0592,1.218,0.0119,370990.085,"Pipeline Natural Gas","Diesel Oil","Combustion turbine",,"Water Injection|Ammonia Injection|Selective Catalytic Reduction",,,"ARP, CSNOX, CSOSG2, CSSO2G1, RGGI"
"NJ","Bayonne Energy Center",56964,"GT8",90488,,2020,930,699.88,33979.29,,0.098,0.0009,19971.83,0.0592,1.159,0.0142,336085.197,"Pipeline Natural Gas","Diesel Oil","Combustion turbine",,"Water Injection|Ammonia Injection|Selective Catalytic Reduction",,,"ARP, CSNOX, CSOSG2, CSSO2G1, RGGI"
"NJ","Bayonne Energy Center",56964,"GT9",91187,,2020,1169,892.06,44800.15,,0.134,0.001,26473.011,0.0592,2.959,0.028,445476.698,"Pipeline Natural Gas","Diesel Oil","Combustion turbine",,"Water Injection|Ammonia Injection|Selective Catalytic Reduction",,,"ARP, CSNOX, CSOSG2, CSSO2G1, RGGI"
"CO","Pueblo Airport Generating Station",56998,"CT01",90496,,2020,0,0,,,,,,,,,,"Pipeline Natural Gas",,"Combustion turbine",,"Water Injection|Selective Catalytic Reduction",,,"ARP"
"CO","Pueblo Airport Generating Station",56998,"CT02",90497,,2020,3112,2820.16,109978.99,,0.345,0.001,68326.602,0.0592,10.639,0.0236,1149725.183,"Pipeline Natural Gas",,"Combustion turbine",,"Water Injection|Selective Catalytic Reduction",,,"ARP"
"CO","Pueblo Airport Generating Station",56998,"CT04",90499,,2020,7976,7842.76,221113.89,,0.718,0.001,142107.49,0.0593,5.865,0.0065,2391266.647,"Pipeline Natural Gas",,"Combined cycle",,"Water Injection|Selective Catalytic Reduction",,,"ARP"
"CO","Pueblo Airport Generating Station",56998,"CT05",90557,,2020,7057,6839.37,220619.31,,0.688,0.001,136287.175,0.0593,4.753,0.0064,2293246.83,"Pipeline Natural Gas",,"Combined cycle",,"Water Injection|Selective Catalytic Reduction",,,"ARP"
"CO","Pueblo Airport Generating Station",56998,"CT06",90559,,2020,8067,7980.2,206191.12,,0.69,0.001,136714.033,0.0593,4.944,0.0058,2300489.087,"Pipeline Natural Gas",,"Combined cycle",,"Water Injection|Selective Catalytic Reduction",,,"ARP"
"CO","Pueblo Airport Generating Station",56998,"CT07",90560,,2020,8178,8090,212682.6,,0.705,0.001,139648.708,0.0593,4.406,0.0042,2349847.131,"Pipeline Natural Gas",,"Combined cycle",,"Water Injection|Selective Catalytic Reduction",,,"ARP"
"CO","Pueblo Airport Generating Station",56998,"CT08",90863,,2020,427,350.21,12217.94,,0.033,0.0009,6673.7,0.0591,2.093,0.0369,113138.3,"Pipeline Natural Gas",,"Combustion turbine",,"Selective Catalytic Reduction",,,"ARP"
"CA","El Cajon Energy Center",57001,"1",90510,,2020,296,207.32,6630.49,,0.022,0.001,4276.673,0.0593,0.74,0.0307,71954.22,"Pipeline Natural Gas",,"Combustion turbine",,"Water Injection|Selective Catalytic Reduction",,,"ARP"
"CA","Canyon Power Plant",57027,"1",90584,,2020,1158,830.54,31416.3,,0.096,0.001,19018.631,0.0593,1.552,0.0181,319997.874,"Pipeline Natural Gas",,"Combustion turbine",,"Water Injection|Ammonia Injection",,,"ARP"
"CA","Canyon Power Plant",57027,"2",90585,,2020,853,617.47,23717.29,,0.071,0.001,14100.475,0.0591,1.048,0.0159,237272.538,"Pipeline Natural Gas",,"Combustion turbine",,"Water Injection|Ammonia Injection",,,"ARP"
"CA","Canyon Power Plant",57027,"3",90586,,2020,973,691.13,26154.27,,0.081,0.001,16059.925,0.0592,1.143,0.0145,270224.568,"Pipeline Natural Gas",,"Combustion turbine",,"Water Injection|Ammonia Injection",,,"ARP"
"CA","Canyon Power Plant",57027,"4",90587,,2020,1214,877.27,33977.48,,0.103,0.001,20419.009,0.0592,1.756,0.0187,343577.33,"Pipeline Natural Gas",,"Combustion turbine",,"Water Injection|Ammonia Injection",,,"ARP"
"ID","Langley Gulch Power Plant",57028,"CT1",90518,,2020,5850,5842.17,1561630.36,,3.167,0.001,627313.996,0.059,35.196,0.0071,10555784.794,"Pipeline Natural Gas",,"Combined cycle",,"Dry Low NOx Burners|Selective Catalytic Reduction",,,"ARP"
"NC","Cleveland County Generating Facility",57029,"ES1",90576,,2020,433,362.6,64508.53,,0.198,0.001,39171.983,0.0591,10.559,0.0422,658707.369,"Pipeline Natural Gas","Diesel Oil","Combustion turbine",,"Dry Low NOx Burners|Water Injection",,,"ARP, CSNOX, CSSO2G1, SIPNOX"
"NC","Cleveland County Generating Facility",57029,"ES2",90577,,2020,1134,968.64,174057.32,,0.539,0.001,106892.294,0.0591,26.403,0.0374,1797462.378,"Pipeline Natural Gas","Diesel Oil","Combustion turbine",,"Dry Low NOx Burners|Water Injection",,,"ARP, CSNOX, CSSO2G1, SIPNOX"
"NC","Cleveland County Generating Facility",57029,"ES3",90578,,2020,1005,860.06,155542.03,,0.48,0.001,95115.927,0.0591,23.889,0.0388,1598926.094,"Pipeline Natural Gas","Diesel Oil","Combustion turbine",,"Dry Low NOx Burners|Water Injection",,,"ARP, CSNOX, CSSO2G1, SIPNOX"
"NC","Cleveland County Generating Facility",57029,"ES4",90579,,2020,1214,1063.92,189155.16,,0.584,0.001,115663.426,0.0591,29.519,0.0373,1944657.812,"Pipeline Natural Gas","Diesel Oil","Combustion turbine",,"Dry Low NOx Burners|Water Injection",,,"ARP, CSNOX, CSSO2G1, SIPNOX"
"MS","David M Ratcliffe",57037,"AB-001",90830,,2020,8101,8089.85,2305360.75,,4.964,0.001,983228.08,0.059,89.486,0.0111,16544658.896,"Pipeline Natural Gas",,"Combined cycle",,"Selective Catalytic Reduction",,,"ARP, CSOSG2"
"MS","David M Ratcliffe",57037,"AB-002",90831,,2020,8046,8038.49,2303383.5,,4.899,0.001,970401.17,0.059,84.46,0.0104,16328903.059,"Pipeline Natural Gas",,"Combined cycle",,"Selective Catalytic Reduction",,,"ARP, CSOSG2"
"CA","Ivanpah 2",57073,"BLR1",90614,,2020,4025,4025,,,0.127,0.0004,28142,0.0591,2.628,0.0111,476779.2,"Pipeline Natural Gas",,"Other boiler",,,,,"ARP"
"CA","Ivanpah 1",57074,"BLR1",90615,,2020,4332,4332,,,0.134,0.0004,28602.3,0.059,2.664,0.011,484786,"Pipeline Natural Gas",,"Other boiler",,,,,"ARP"
"CA","Ivanpah 3",57075,"BLR1",90616,,2020,4577,4577,,,0.125,0.0004,28373.8,0.0591,2.655,0.0111,480863.2,"Pipeline Natural Gas",,"Other boiler",,,,,"ARP"
"NY","Cricket Valley Energy Center",57185,"U001",91214,,2020,4541,4419.95,1335187,,2.864,0.001,567378.284,0.059,27.846,0.0069,9547279.409,"Pipeline Natural Gas",,"Combined cycle",,"Dry Low NOx Burners|Selective Catalytic Reduction",,,"ARP, CSNOX, CSOSG2, CSSO2G1, NSPS4T, RGGI"
"NY","Cricket Valley Energy Center",57185,"U002",91215,,2020,4883,4769.71,1465052.38,,3.117,0.001,617510.514,0.059,30.918,0.0068,10390776.93,"Pipeline Natural Gas",,"Combined cycle",,"Dry Low NOx Burners|Selective Catalytic Reduction",,,"ARP, CSNOX, CSOSG2, CSSO2G1, NSPS4T, RGGI"
"NY","Cricket Valley Energy Center",57185,"U003",91216,,2020,4000,3904.04,1212782.72,,2.589,0.001,512802.746,0.059,23.465,0.0066,8628911.329,"Pipeline Natural Gas",,"Combined cycle (Started Feb 23, 2020)",,"Dry Low NOx Burners|Selective Catalytic Reduction",,,"ARP, CSNOX, CSOSG2, CSSO2G1, NSPS4T, RGGI"
"FL","Deerhaven Renewable Energy Center",57241,"BFB1",90626,,2020,6834,6826.15,444882.33,,12.462,0.0043,662110.887,0.1041,206.915,0.0654,6347019.355,"Wood",,"Bubbling fluidized bed boiler",,"Selective Catalytic Reduction","Baghouse",,"ARP"
"CA","Marsh Landing Generating Station",57267,"1",90637,,2020,304,250.47,38957.13,,0.13,0.001,25688.631,0.059,1.735,0.0122,432258.415,"Pipeline Natural Gas",,"Combustion turbine",,"Dry Low NOx Burners|Selective Catalytic Reduction",,,"ARP"
"CA","Marsh Landing Generating Station",57267,"2",90638,,2020,578,508.47,87690.37,,0.286,0.001,56715.428,0.059,3.747,0.0113,954347.841,"Pipeline Natural Gas",,"Combustion turbine",,"Dry Low NOx Burners|Selective Catalytic Reduction",,,"ARP"
"CA","Marsh Landing Generating Station",57267,"3",90639,,2020,408,354.3,52018.49,,0.175,0.001,34596.703,0.059,2.394,0.0119,582163.311,"Pipeline Natural Gas",,"Combustion turbine",,"Dry Low NOx Burners|Selective Catalytic Reduction",,,"ARP"
"CA","Marsh Landing Generating Station",57267,"4",90640,,2020,647,578.33,98753.09,,0.32,0.001,63329.042,0.059,3.776,0.0111,1065628.05,"Pipeline Natural Gas",,"Combustion turbine",,"Dry Low NOx Burners|Selective Catalytic Reduction",,,"ARP"
"DE","Garrison Energy Center",57349,"1",90682,,2020,6294,6237.14,1615777.69,,3.388,0.001,658512.961,0.059,35.251,0.009,11074302.338,"Pipeline Natural Gas","Diesel Oil","Combined cycle",,"Dry Low NOx Burners|Selective Catalytic Reduction",,,"ARP, RGGI, SIPNOX"
"CA","Sentinel Energy Center, LLC",57482,"1",90714,,2020,1589,1243.03,88188.63,,0.251,0.001,49750.718,0.0591,4.168,0.0167,837138.476,"Pipeline Natural Gas",,"Combustion turbine",,"Water Injection|Selective Catalytic Reduction",,,"ARP"
"CA","Sentinel Energy Center, LLC",57482,"2",90715,,2020,1682,1314.86,100128.14,,0.278,0.001,55089.377,0.0591,4.56,0.0176,926980.677,"Pipeline Natural Gas",,"Combustion turbine",,"Water Injection|Selective Catalytic Reduction",,,"ARP"
"CA","Sentinel Energy Center, LLC",57482,"3",90716,,2020,1361,1016.08,74903.13,,0.212,0.001,41906.542,0.0591,4.125,0.0185,705171.334,"Pipeline Natural Gas",,"Combustion turbine",,"Water Injection|Selective Catalytic Reduction",,,"ARP"
"CA","Sentinel Energy Center, LLC",57482,"4",90717,,2020,1313,985.65,71412.03,,0.205,0.001,40532.856,0.0591,3.945,0.0183,682013.611,"Pipeline Natural Gas",,"Combustion turbine",,"Water Injection|Selective Catalytic Reduction",,,"ARP"
"CA","Sentinel Energy Center, LLC",57482,"5",90718,,2020,1330,999.77,71291.54,,0.203,0.001,40137.899,0.0591,3.887,0.0185,675393.886,"Pipeline Natural Gas",,"Combustion turbine",,"Water Injection|Selective Catalytic Reduction",,,"ARP"
"CA","Sentinel Energy Center, LLC",57482,"6",90719,,2020,1431,1056.46,78691.32,,0.218,0.001,43185.775,0.0591,3.711,0.0188,726675.659,"Pipeline Natural Gas",,"Combustion turbine",,"Water Injection|Selective Catalytic Reduction",,,"ARP"
"CA","Sentinel Energy Center, LLC",57482,"7",90720,,2020,1455,1071.41,79005.77,,0.221,0.001,43855.992,0.0591,4.119,0.0192,737953.924,"Pipeline Natural Gas",,"Combustion turbine",,"Water Injection|Selective Catalytic Reduction",,,"ARP"
"CA","Sentinel Energy Center, LLC",57482,"8",90721,,2020,1340,1003.67,72685.25,,0.202,0.001,39977.097,0.0591,4.169,0.0212,672698.544,"Pipeline Natural Gas",,"Combustion turbine",,"Water Injection|Selective Catalytic Reduction",,,"ARP"
"CA","Mariposa Energy Project",57483,"GT-1",90692,,2020,1326,984.78,28946.95,,0.099,0.0009,17528.755,0.0593,1.874,0.0181,294983.965,"Pipeline Natural Gas",,"Combustion turbine",,"Selective Catalytic Reduction",,,"ARP"
"CA","Mariposa Energy Project",57483,"GT-2",90693,,2020,1338,1003.05,29112.08,,0.1,0.0009,17520.84,0.0593,1.967,0.0183,294847.327,"Pipeline Natural Gas",,"Combustion turbine",,"Selective Catalytic Reduction",,,"ARP"
"CA","Mariposa Energy Project",57483,"GT-3",90694,,2020,1309,972.68,28227.36,,0.097,0.0009,16975.051,0.0593,1.987,0.0186,285609.858,"Pipeline Natural Gas",,"Combustion turbine",,"Selective Catalytic Reduction",,,"ARP"
"CA","Mariposa Energy Project",57483,"GT-4",90695,,2020,1252,916.43,25587.81,,0.09,0.0009,15929.284,0.0593,1.887,0.0197,268041.441,"Pipeline Natural Gas",,"Combustion turbine",,"Selective Catalytic Reduction",,,"ARP"
"CA","Walnut Creek Energy Park",57515,"GT1",90677,,2020,1904,1446.25,116623.02,,0.309,0.001,61135.336,0.0591,6.025,0.0229,1028687.673,"Pipeline Natural Gas",,"Combustion turbine",,"Water Injection|Selective Catalytic Reduction",,,"ARP"
"CA","Walnut Creek Energy Park",57515,"GT2",90678,,2020,1391,1048.56,83542.49,,0.224,0.001,44324.784,0.0591,4.206,0.021,745838.055,"Pipeline Natural Gas",,"Combustion turbine",,"Water Injection|Selective Catalytic Reduction",,,"ARP"
"CA","Walnut Creek Energy Park",57515,"GT3",90679,,2020,1575,1191.21,95269.35,,0.254,0.001,50358.667,0.0591,4.838,0.0222,847370.137,"Pipeline Natural Gas",,"Combustion turbine",,"Water Injection|Selective Catalytic Reduction",,,"ARP"
"CA","Walnut Creek Energy Park",57515,"GT4",90680,,2020,1199,897.42,71051.12,,0.193,0.001,38285.626,0.0591,3.977,0.0231,644239.699,"Pipeline Natural Gas",,"Combustion turbine",,"Water Injection|Selective Catalytic Reduction",,,"ARP"
"CA","Walnut Creek Energy Park",57515,"GT5",90681,,2020,1407,1059.32,80332.08,,0.219,0.001,43326.228,0.0591,3.828,0.0221,729047.193,"Pipeline Natural Gas",,"Combustion turbine",,"Water Injection|Selective Catalytic Reduction",,,"ARP"
"CA","Pio Pico Energy Center LLC",57555,"CTG1",90696,,2020,672,425.6,27490.79,,0.08,0.001,15892.508,0.0591,1.618,0.0242,267418.947,"Pipeline Natural Gas",,"Combustion turbine",,"Water Injection|Selective Catalytic Reduction",,,"ARP"
"CA","Pio Pico Energy Center LLC",57555,"CTG2",90697,,2020,911,590.69,41941.24,,0.118,0.001,23443.109,0.0591,2.436,0.0236,394465.863,"Pipeline Natural Gas",,"Combustion turbine",,"Water Injection|Selective Catalytic Reduction",,,"ARP"
"CA","Pio Pico Energy Center LLC",57555,"CTG3",90698,,2020,781,515.03,37137.77,,0.104,0.001,20503.448,0.0591,2.039,0.0225,345010.364,"Pipeline Natural Gas",,"Combustion turbine",,"Water Injection|Selective Catalytic Reduction",,,"ARP"
"CA","Algonquin Power Sanger",57564,"8",91241,,2020,1773,1586.93,50795.76,,0.161,0.001,31900.404,0.0593,4.182,0.0192,536778.508,"Pipeline Natural Gas",,"Combined cycle",,"Water Injection|Selective Catalytic Reduction",,,"ARP"
"WY","Cheyenne Prairie Generating Station",57703,"CT01",90707,,2020,4281,3995.66,113124.96,,0.333,0.001,65935.902,0.0593,4.225,0.0084,1109501.905,"Pipeline Natural Gas",,"Combined cycle",,"Dry Low NOx Burners|Selective Catalytic Reduction",,,"ARP"
"WY","Cheyenne Prairie Generating Station",57703,"CT02",90708,,2020,5539,5241.03,148106.86,,0.445,0.001,88127.324,0.0593,5.755,0.0084,1482968.261,"Pipeline Natural Gas",,"Combined cycle",,"Dry Low NOx Burners|Selective Catalytic Reduction",,,"ARP"
"WY","Cheyenne Prairie Generating Station",57703,"CT03",90709,,2020,690,603.39,20609.35,,0.06,0.001,11803.84,0.0593,1.571,0.0195,198638.568,"Pipeline Natural Gas",,"Combustion turbine",,"Dry Low NOx Burners|Selective Catalytic Reduction",,,"ARP"
"IN","St. Joseph Energy Center LLC",57794,"CTG01A",90857,,2020,6928,6869.47,2393507.42,,4.75,0.001,940852.98,0.059,50.349,0.0082,15831687.416,"Pipeline Natural Gas",,"Combined cycle",,"Dry Low NOx Burners|Selective Catalytic Reduction",,,"ARP, CSNOX, CSOSG2, CSSO2G1, NSPS4T"
"IN","St. Joseph Energy Center LLC",57794,"CTG01B",90856,,2020,7089,7026.55,2441516.01,,4.836,0.001,957963.556,0.059,55.545,0.0089,16119573.183,"Pipeline Natural Gas",,"Combined cycle",,"Dry Low NOx Burners|Selective Catalytic Reduction",,,"ARP, CSNOX, CSOSG2, CSSO2G1, NSPS4T"
"NJ","Woodbridge Energy Center",57839,"0001",90934,,2020,7439,7364.68,2303500.92,,4.126,0.001,817289.945,0.059,39.474,0.0064,13752491.647,"Pipeline Natural Gas",,"Combined cycle",,"Dry Low NOx Burners|Selective Catalytic Reduction",,,"ARP, CSNOX, CSOSG2, CSSO2G1, RGGI"
"NJ","Woodbridge Energy Center",57839,"0002",90935,,2020,7292,7215.61,2255082.65,,4.061,0.001,804354.306,0.059,38.35,0.0062,13534776.354,"Pipeline Natural Gas",,"Combined cycle",,"Dry Low NOx Burners|Selective Catalytic Reduction",,,"ARP, CSNOX, CSOSG2, CSSO2G1, RGGI"
"IN","Wabash River Highland Plant",57842,"1",720,,2020,945,803.89,113716.82,,0.371,0.001,73425.318,0.059,24.181,0.0429,1235512.162,"Pipeline Natural Gas",,"Combustion turbine",,"Dry Low NOx Burners",,,"ARP, CSNOX, CSOSG2, CSSO2G1"
"TX","Antelope Elk Energy Center",57865,"1",90949,,2020,1991,1790.27,305348.72,,0.849,0.001,168134.587,0.059,33.452,0.0263,2829188.173,"Pipeline Natural Gas",,"Combustion turbine",,"Dry Low NOx Burners",,,"ARP, CSOSG2"
"TX","Antelope Elk Energy Center",57865,"2",91029,,2020,1900,1708.49,272199.24,,0.779,0.001,154301.285,0.059,29.439,0.0251,2596422.266,"Pipeline Natural Gas",,"Combustion turbine",,"Dry Low NOx Burners",,,"ARP, CSOSG2"
"TX","Antelope Elk Energy Center",57865,"3",91030,,2020,1158,1013.07,156307.44,,0.452,0.001,89459.491,0.059,19.716,0.0292,1505298.841,"Pipeline Natural Gas",,"Combustion turbine",,"Dry Low NOx Burners",,,"ARP, CSOSG2"
"ND","Pioneer Generating Station",57881,"CT1",90805,,2020,2230,1850.96,59892.09,,0.194,0.001,38322.076,0.0593,4.976,0.0237,644851.641,"Pipeline Natural Gas",,"Combustion turbine",,"Water Injection|Selective Catalytic Reduction",,,"ARP"
"ND","Pioneer Generating Station",57881,"CT2",90834,,2020,2133,1786.23,57820.39,,0.188,0.001,37161.449,0.0593,4.687,0.0214,625289.548,"Pipeline Natural Gas",,"Combustion turbine",,"Water Injection|Selective Catalytic Reduction",,,"ARP"
"ND","Pioneer Generating Station",57881,"CT3",90835,,2020,2232,1858.52,60008.04,,0.192,0.001,38007.463,0.0593,5.051,0.0262,639557.465,"Pipeline Natural Gas",,"Combustion turbine",,"Water Injection|Selective Catalytic Reduction",,,"ARP"
"ND","Lonesome Creek Station",57943,"CT1",90836,,2020,3956,3498.61,125785.63,,0.374,0.001,74035.815,0.0593,9.146,0.0198,1245756.216,"Pipeline Natural Gas",,"Combustion turbine",,"Dry Low NOx Burners|Selective Catalytic Reduction",,,"ARP"
"ND","Lonesome Creek Station",57943,"CT2",90837,,2020,4213,3782.16,137487.91,,0.41,0.001,81152.076,0.0593,8.663,0.0157,1365545.332,"Pipeline Natural Gas",,"Combustion turbine",,"Dry Low NOx Burners|Selective Catalytic Reduction",,,"ARP"
"ND","Lonesome Creek Station",57943,"CT3",90838,,2020,4229,3797.14,137933.5,,0.409,0.001,81036.786,0.0593,9.15,0.0184,1363593.865,"Pipeline Natural Gas",,"Combustion turbine",,"Dry Low NOx Burners|Selective Catalytic Reduction",,,"ARP"
"ND","Lonesome Creek Station",57943,"CT4",91086,,2020,5882,5585.91,199552.09,,0.606,0.001,119971.025,0.0593,12.612,0.0142,2018691.297,"Pipeline Natural Gas",,"Combustion turbine",,"Dry Low NOx Burners|Selective Catalytic Reduction",,,"ARP"
"ND","Lonesome Creek Station",57943,"CT5",91087,,2020,5654,5331.17,191289.62,,0.579,0.001,114738.955,0.0592,12.17,0.0147,1930685.211,"Pipeline Natural Gas",,"Combustion turbine",,"Dry Low NOx Burners|Selective Catalytic Reduction",,,"ARP"
"CA","Lodi Energy Center",57978,"CT1",90795,,2020,3035,2832.48,475391.04,,1.52,0.001,301036.417,0.059,17.477,0.0089,5065499.259,"Pipeline Natural Gas",,"Combined cycle",,"Selective Catalytic Reduction",,,"ARP"
"TX","Temple Power Station",58001,"CTG1",90804,,2020,5428,5389.11,1528745.62,,3.54,0.001,701288.113,0.059,42.841,0.0078,11800581.032,"Pipeline Natural Gas",,"Combined cycle",,"Dry Low NOx Burners|Selective Catalytic Reduction",,,"ARP, CSOSG2"
"TX","Temple Power Station",58001,"CTG2",90806,,2020,5482,5443.19,1530268.76,,3.518,0.001,696888.476,0.059,42.01,0.0077,11726452.642,"Pipeline Natural Gas",,"Combined cycle",,"Dry Low NOx Burners|Selective Catalytic Reduction",,,"ARP, CSOSG2"
"TX","Temple Power Station",58001,"CTG3",90807,,2020,4812,4770.28,1271042.77,,2.938,0.001,581945.026,0.059,35.479,0.0079,9792290.376,"Pipeline Natural Gas",,"Combined cycle",,"Dry Low NOx Burners|Selective Catalytic Reduction",,,"ARP, CSOSG2"
"TX","Temple Power Station",58001,"CTG4",90808,,2020,4777,4735.11,1280519.9,,2.903,0.001,575037.349,0.059,35.659,0.008,9676135.555,"Pipeline Natural Gas",,"Combined cycle",,"Dry Low NOx Burners|Selective Catalytic Reduction",,,"ARP, CSOSG2"
"TX","Rayburn Energy Station",58005,"CTG1",90809,,2020,5139,5061.79,1429442.72,,2.938,0.001,581985.789,0.059,32.441,0.0072,9793040.659,"Pipeline Natural Gas",,"Combined cycle",,"Dry Low NOx Burners|Selective Catalytic Reduction",,,"ARP, CSOSG2"
"TX","Rayburn Energy Station",58005,"CTG2",90810,,2020,4891,4836.01,1353973.85,,2.781,0.001,550929.193,0.059,31.322,0.0072,9270451.484,"Pipeline Natural Gas",,"Combined cycle",,"Dry Low NOx Burners|Selective Catalytic Reduction",,,"ARP, CSOSG2"
"NH","Burgess BioPower",58054,"ST01",90824,,2020,8087,8067.76,579759.09,,22.59,0.0123,1095696.276,0.104,318.577,0.0604,10507814.059,"Wood","Diesel Oil","Bubbling fluidized bed boiler","Other","Selective Catalytic Reduction","Baghouse",,"ARP"
"NJ","Newark Energy Center",58079,"U001",90911,,2020,7012,6883.74,2157471.22,,4.27,0.001,845801.709,0.059,43.919,0.0079,14232279.446,"Pipeline Natural Gas",,"Combined cycle",,"Selective Catalytic Reduction",,,"ARP, CSNOX, CSOSG2, CSSO2G1, RGGI"
"NJ","Newark Energy Center",58079,"U002",90912,,2020,7047,6931.89,2187218.04,,4.33,0.001,857675.359,0.059,45.717,0.0076,14432063.511,"Pipeline Natural Gas",,"Combined cycle",,"Selective Catalytic Reduction",,,"ARP, CSNOX, CSOSG2, CSSO2G1, RGGI"
"CA","Delano Energy Center, LLC",58122,"GEN1",91268,,2020,323,240.48,6359.92,,0.022,0.001,4389.869,0.0593,0.323,0.0111,73875.325,"Pipeline Natural Gas",,"Combustion turbine",,"Water Injection|Selective Catalytic Reduction",,,"ARP"
"WI","Rothschild Biomass Cogeneration Facility",58124,"1",90829,,2020,6482,6464.61,,2052426.81,1.03,0.0015,337721.857,0.1033,122.716,0.076,3240866.724,"Wood","Pipeline Natural Gas","Circulating fluidized bed boiler",,"Selective Non-catalytic Reduction","Baghouse",,"ARP, CSNOX, CSOSG2, CSSO2G1"
"NJ","Clayville",58235,"U1",90845,,2020,1194,1006.61,54079.52,,0.157,0.001,31180.227,0.0592,3.635,0.0257,524669.779,"Pipeline Natural Gas",,"Combustion turbine",,"Water Injection|Selective Catalytic Reduction",,,"ARP, CSNOX, CSOSG2, CSSO2G1, RGGI"
"IA","Marshalltown Generating Station",58236,"CT1",90919,,2020,4714,4575.91,1382431.45,,3.01,0.001,596229.799,0.059,35.475,0.0116,10032712.803,"Pipeline Natural Gas",,"Combined cycle",,"Dry Low NOx Burners|Selective Catalytic Reduction",,,"ARP, CSNOX, CSOSG2, CSSO2G1, NSPS4T"
"IA","Marshalltown Generating Station",58236,"CT2",90920,,2020,4449,4325.2,1329250.41,,2.877,0.001,569977.45,0.059,39.971,0.0136,9590974.299,"Pipeline Natural Gas",,"Combined cycle",,"Dry Low NOx Burners|Selective Catalytic Reduction",,,"ARP, CSNOX, CSOSG2, CSSO2G1, NSPS4T"
"VA","Brunswick County Power Station",58260,"1A",90888,,2020,7702,7691.38,3356097.18,,6.93,0.001,1372805.635,0.059,70.296,0.0067,23100266.154,"Pipeline Natural Gas",,"Combined cycle",,"Dry Low NOx Burners|Selective Catalytic Reduction",,,"ARP, CSNOX, CSOSG2, CSSO2G1"
"VA","Brunswick County Power Station",58260,"1B",90889,,2020,7722,7710.32,3377470.47,,6.913,0.001,1369463.652,0.059,75.451,0.0077,23043987.287,"Pipeline Natural Gas",,"Combined cycle",,"Dry Low NOx Burners|Selective Catalytic Reduction",,,"ARP, CSNOX, CSOSG2, CSSO2G1"
"VA","Brunswick County Power Station",58260,"1C",90890,,2020,7794,7785.99,3429867.46,,7.033,0.001,1393112.193,0.059,73.303,0.0068,23441938.937,"Pipeline Natural Gas",,"Combined cycle",,"Dry Low NOx Burners|Selective Catalytic Reduction",,,"ARP, CSNOX, CSOSG2, CSSO2G1"
"NM","La Luz Energy Center",58284,"1",90843,,2020,606,391.82,10646.72,,0.033,0.001,6478.316,0.0594,1.847,0.0553,108998.45,"Pipeline Natural Gas",,"Combustion turbine",,"Dry Low NOx Burners|Selective Catalytic Reduction",,,"ARP"
"OK","Charles D Lamb Energy Center",58325,"1",90933,,2020,1407,1334.45,114331.62,,0.421,0.001,83307.952,0.059,25.974,0.0394,1401776.227,"Pipeline Natural Gas",,"Combustion turbine",,,,,"ARP, CSOSG2"
"TX","Carbon Capture Plant",58378,"CTHRSG",90816,,2020,2022,1985.57,153962.78,,0.588,0.001,116237.519,0.059,6.555,0.0073,1955909.002,"Pipeline Natural Gas",,"Combustion turbine",,"Selective Catalytic Reduction|Dry Low NOx Burners",,,"ARP, CSOSG2"
"PA","Hamilton Liberty Generation Plant",58420,"CT1",90864,,2020,6879,6868.75,2560694.5,,5.127,0.001,1015516.3,0.059,52.709,0.0063,17087951.525,"Pipeline Natural Gas",,"Combined cycle",,"Dry Low NOx Burners|Selective Catalytic Reduction",,,"ARP, CSNOX, CSOSG2, CSSO2G1"
"PA","Hamilton Liberty Generation Plant",58420,"CT2",90865,,2020,7341,7314.25,2597931.5,,5.23,0.001,1036042.025,0.059,53.051,0.0064,17433444.425,"Pipeline Natural Gas",,"Combined cycle",,"Dry Low NOx Burners|Selective Catalytic Reduction",,,"ARP, CSNOX, CSOSG2, CSSO2G1"
"PA","Hamilton Patriot Generation Plant",58426,"CT1",90868,,2020,7959,7947.83,3116876.97,,6.117,0.001,1211670.664,0.059,67.641,0.0068,20388654.233,"Pipeline Natural Gas",,"Combined cycle",,"Dry Low NOx Burners|Selective Catalytic Reduction",,,"ARP, CSNOX, CSOSG2, CSSO2G1"
"PA","Hamilton Patriot Generation Plant",58426,"CT2",90869,,2020,8000,7979.39,3175945.3,,6.222,0.001,1232598.709,0.059,62.64,0.0064,20740789.852,"Pipeline Natural Gas",,"Combined cycle",,"Dry Low NOx Burners|Selective Catalytic Reduction",,,"ARP, CSNOX, CSOSG2, CSSO2G1"
"MI","Lansing BWL REO Town Plant",58427,"100",90870,,2020,7637,7585.41,290906.83,,0.771,0.001,152665.523,0.0593,53.795,0.0419,2568935.123,"Pipeline Natural Gas",,"Combined cycle",,"Dry Low NOx Burners",,,"ARP, CSNOX, CSOSG2, CSSO2G1"
"MI","Lansing BWL REO Town Plant",58427,"200",90871,,2020,7680,7620.88,288613.5,,0.755,0.001,149554.238,0.0593,68.699,0.0543,2516544.977,"Pipeline Natural Gas",,"Combined cycle",,"Dry Low NOx Burners",,,"ARP, CSNOX, CSOSG2, CSSO2G1"
"TX","Ector County Energy Center",58471,"CT-1",90984,,2020,2581,2267.31,320387.84,,2.497,0.001,211996.546,0.059,58.786,0.0409,3567273.22,"Natural Gas",,"Combustion turbine",,"Dry Low NOx Burners",,,"ARP, CSOSG2"
"TX","Ector County Energy Center",58471,"CT-2",90985,,2020,2843,2520.93,358790.35,,2.802,0.001,237883.379,0.059,66.354,0.0387,4002700.398,"Natural Gas",,"Combustion turbine",,"Dry Low NOx Burners",,,"ARP, CSOSG2"
"LA","LEPA Unit No. 1",58478,"CC01",91024,,2020,3457,3438.75,210669.5,,0.491,0.001,97208.075,0.0592,12.216,0.0152,1635772.625,"Pipeline Natural Gas",,"Combined cycle",,"Selective Catalytic Reduction",,,"ARP, CSOSG2"
"OR","Carty Generating Station",58503,"CTEU1",90906,,2020,7221,7205.11,3043569.77,,6.534,0.001,1294229.099,0.059,76.891,0.0072,21777896.346,"Pipeline Natural Gas",,"Combined cycle",,"Dry Low NOx Burners|Selective Catalytic Reduction",,,"ARP"
"TX","Montana Power Station",58562,"GT-1",90902,,2020,4434,4133.07,272428.54,,0.766,0.001,151766.689,0.0591,14.456,0.0133,2553733.084,"Pipeline Natural Gas","Diesel Oil","Combustion turbine",,"Selective Catalytic Reduction",,,"ARP, CSOSG2"
"TX","Montana Power Station",58562,"GT-2",90903,,2020,4025,3756.1,257201.35,,0.713,0.001,141311.512,0.0591,13.917,0.0145,2377866.893,"Pipeline Natural Gas","Diesel Oil","Combustion turbine",,"Selective Catalytic Reduction",,,"ARP, CSOSG2"
"TX","Montana Power Station",58562,"GT-3",90904,,2020,1819,1654.86,97238.83,,0.288,0.001,56955.519,0.0591,5.574,0.0144,958339.931,"Pipeline Natural Gas","Diesel Oil","Combustion turbine",,"Selective Catalytic Reduction",,,"ARP, CSOSG2"
"TX","Montana Power Station",58562,"GT-4",90905,,2020,4019,3751.67,252133.74,,0.696,0.001,137912.885,0.0591,13.628,0.0143,2320650.07,"Pipeline Natural Gas","Diesel Oil","Combustion turbine",,"Selective Catalytic Reduction",,,"ARP, CSOSG2"
"VA","Potomac Energy Center, LLC",59004,"CT1",91025,,2020,7660,7637.35,2507362.82,,0.838,0,995868.661,0.059,42.374,0.0053,16757386.856,"Natural Gas",,"Combined cycle",,"Dry Low NOx Burners|Selective Catalytic Reduction",,,"ARP, CSNOX, CSOSG2, CSSO2G1, NSPS4T"
"VA","Potomac Energy Center, LLC",59004,"CT2",91026,,2020,7862,7846.71,2557015.74,,0.856,0,1016881.88,0.059,43.169,0.0052,17111018.833,"Natural Gas",,"Combined cycle",,"Dry Low NOx Burners|Selective Catalytic Reduction",,,"ARP, CSNOX, CSOSG2, CSSO2G1, NSPS4T"
"MD","Cove Point LNG Terminal",59073,"214JA",91293,,2020,4655,4639.77,48557.05,,,,,,15.776,0.0325,997595.02,"Natural Gas",,"Combustion turbine",,,,,"SIPNOX"
"MD","Cove Point LNG Terminal",59073,"214JB",91294,,2020,4552,4542.81,45167.43,,,,,,18.548,0.0401,939501.575,"Natural Gas",,"Combustion turbine",,,,,"SIPNOX"
"MD","Cove Point LNG Terminal",59073,"B921A",91004,,2020,8405,8397.91,,864307.86,,,72039.773,0.0594,4.094,0.0068,1212188.528,"Natural Gas",,"Other boiler",,,,,"RGGI, SIPNOX"
"MD","Cove Point LNG Terminal",59073,"B921B",91005,,2020,8526,8513.99,,886460.6,,,74307.225,0.0593,3.687,0.006,1250301.459,"Natural Gas",,"Other boiler",,,,,"RGGI, SIPNOX"
"MD","Cove Point LNG Terminal",59073,"GT501A",91002,,2020,8257,8246.24,686625.5,,,,434745.785,0.059,25.753,0.0072,7315425.979,"Natural Gas",,"Combustion turbine",,,,,"RGGI, SIPNOX"
"MD","Cove Point LNG Terminal",59073,"GT501B",91003,,2020,8196,8185.98,677439.97,,,,431663.127,0.059,26.754,0.0075,7263558.014,"Natural Gas",,"Combustion turbine",,,,,"RGGI, SIPNOX"
"MI","Holland Energy Park",59093,"10",91083,,2020,6861,6823.52,397332.91,,0.856,0.001,169519.164,0.0592,15.362,0.0114,2852499.443,"Pipeline Natural Gas",,"Combined cycle",,"Dry Low NOx Burners|Selective Catalytic Reduction",,,"ARP, CSNOX, CSOSG2, CSSO2G1"
"MI","Holland Energy Park",59093,"11",91084,,2020,7424,7387.71,431679.82,,0.94,0.001,186135.135,0.0592,15.701,0.0104,3132114.771,"Pipeline Natural Gas",,"Combined cycle",,"Dry Low NOx Burners|Selective Catalytic Reduction",,,"ARP, CSNOX, CSOSG2, CSSO2G1"
"MD","Wildcat Point Generation Facility",59220,"CT1",90940,,2020,3713,3639.81,1517192.37,,3.026,0.001,599379.975,0.059,34.949,0.009,10085731.866,"Pipeline Natural Gas",,"Combined cycle",,"Dry Low NOx Burners|Selective Catalytic Reduction",,,"ARP, CSNOX, CSOSG2, CSSO2G1, RGGI"
"MD","Wildcat Point Generation Facility",59220,"CT2",90941,,2020,3920,3847.74,1577152.5,,3.205,0.001,634966.111,0.059,36.65,0.0086,10684554.298,"Pipeline Natural Gas",,"Combined cycle",,"Dry Low NOx Burners|Selective Catalytic Reduction",,,"ARP, CSNOX, CSOSG2, CSSO2G1, RGGI"
"NC","Kings Mountain Energy Center",59325,"ES-1",91012,,2020,7948,7895.64,2924659.94,,5.936,0.001,1175782.836,0.059,60.694,0.0065,19784814.126,"Pipeline Natural Gas",,"Combined cycle",,"Dry Low NOx Burners|Selective Catalytic Reduction",,,"ARP, CSNOX, CSSO2G1, NSPS4T, SIPNOX"
"OH","Middletown Energy Center",59326,"1",91013,,2020,8366,8360.72,3469465.72,,6.936,0.001,1373967.573,0.059,73.303,0.0063,23119567.033,"Pipeline Natural Gas",,"Combined cycle",,"Dry Low NOx Burners|Selective Catalytic Reduction",,,"ARP, CSNOX, CSOSG2, CSSO2G1, NSPS4T"
"OH","Oregon Clean Energy Center",59764,"01",90998,,2020,7219,7201.69,2918811.11,,5.733,0.001,1135675.967,0.059,50.492,0.0054,19109950.402,"Pipeline Natural Gas",,"Combined cycle",,"Dry Low NOx Burners|Selective Catalytic Reduction",,,"ARP, CSNOX, CSOSG2, CSSO2G1, NSPS4T"
"OH","Oregon Clean Energy Center",59764,"02",90999,,2020,7188,7166.57,2891554.2,,5.688,0.001,1126826.425,0.059,51.706,0.0058,18961036.188,"Pipeline Natural Gas",,"Combined cycle",,"Dry Low NOx Burners|Selective Catalytic Reduction",,,"ARP, CSNOX, CSOSG2, CSSO2G1, NSPS4T"
"OH","Carroll County Energy",59773,"1",91034,,2020,8159,8139.3,2701472.5,,5.812,0.001,1151342.348,0.059,55.034,0.0058,19373585.177,"Pipeline Natural Gas",,"Combined cycle",,"Dry Low NOx Burners|Selective Catalytic Reduction",,,"ARP, CSNOX, CSOSG2, CSSO2G1, NSPS4T"
"OH","Carroll County Energy",59773,"2",91033,,2020,8115,8074.58,2705173.03,,5.814,0.001,1151664.175,0.059,55.929,0.0061,19379258.628,"Pipeline Natural Gas",,"Combined cycle",,"Dry Low NOx Burners|Selective Catalytic Reduction",,,"ARP, CSNOX, CSOSG2, CSSO2G1, NSPS4T"
"TX","Wolf Hollow II",59812,"CGT4",91202,,2020,6094,6051.1,2687805.16,,5.361,0.001,1061925.655,0.059,43.774,0.006,17869019.002,"Pipeline Natural Gas",,"Combined cycle",,"Ammonia Injection|Selective Catalytic Reduction",,,"ARP, CSOSG2"
"TX","Wolf Hollow II",59812,"CGT5",91203,,2020,6446,6388,2780419.66,,5.588,0.001,1107010.381,0.059,45.669,0.0062,18627546.493,"Pipeline Natural Gas",,"Combined cycle",,"Ammonia Injection|Selective Catalytic Reduction",,,"ARP, CSOSG2"
"MA","Exelon West Medway II",59882,"J4",91232,,2020,2158,1714.46,98224.05,,0.294,0.001,57798.538,0.0595,4.896,0.0147,965162.619,"Pipeline Natural Gas","Diesel Oil","Combustion turbine",,"Dry Low NOx Burners|Water Injection|Selective Catalytic Reduction",,,"ARP, RGGI, SIPNOX"
"MA","Exelon West Medway II",59882,"J5",91233,,2020,2143,1697.98,99759.67,,0.294,0.001,58063.793,0.0592,4.919,0.0149,974885.624,"Pipeline Natural Gas","Diesel Oil","Combustion turbine",,"Dry Low NOx Burners|Water Injection|Selective Catalytic Reduction",,,"ARP, RGGI, SIPNOX"
"PA","Moxie Freedom Generation Plant",59906,"201",91193,,2020,6921,6904.06,3052328.8,,6.086,0.001,1205585.626,0.059,61.014,0.0061,20286278.203,"Pipeline Natural Gas",,"Combined cycle",,"Dry Low NOx Burners|Selective Catalytic Reduction",,,"ARP, CSNOX, CSOSG2, CSSO2G1"
"PA","Moxie Freedom Generation Plant",59906,"202",91194,,2020,6466,6438.91,2837760.48,,5.666,0.001,1122465.34,0.059,57.093,0.0063,18887544.646,"Pipeline Natural Gas",,"Combined cycle",,"Dry Low NOx Burners|Selective Catalytic Reduction",,,"ARP, CSNOX, CSOSG2, CSSO2G1"
"VA","Greensville County Power Station",59913,"1A",91099,,2020,7090,7078.75,3759171.71,,7.01,0.001,1388660.45,0.059,59.652,0.0061,23366874.88,"Pipeline Natural Gas",,"Combined cycle",,"Dry Low NOx Burners|Selective Catalytic Reduction",,,"ARP, CSNOX, CSOSG2, CSSO2G1"
"VA","Greensville County Power Station",59913,"1B",91100,,2020,6854,6845.46,3372377.28,,6.698,0.001,1326753.508,0.059,67.457,0.0069,22325333.503,"Pipeline Natural Gas",,"Combined cycle",,"Dry Low NOx Burners|Selective Catalytic Reduction",,,"ARP, CSNOX, CSOSG2, CSSO2G1"
"VA","Greensville County Power Station",59913,"1C",91101,,2020,7721,7704.47,3805403.2,,7.443,0.001,1474408.501,0.059,65.317,0.0063,24809844.127,"Pipeline Natural Gas",,"Combined cycle",,"Dry Low NOx Burners|Selective Catalytic Reduction",,,"ARP, CSNOX, CSOSG2, CSSO2G1"
"MI","Alpine Power Plant",59926,"AL1",91051,,2020,3239,3205.69,570804.49,,1.767,0.001,350727.6,0.059,101.516,0.0462,5944278.1,"Pipeline Natural Gas",,"Combustion turbine",,"Dry Low NOx Burners",,,"ARP, CSNOX, CSOSG2, CSSO2G1"
"MI","Alpine Power Plant",59926,"AL2",91052,,2020,1401,1314.99,233962.7,,0.728,0.001,142095.6,0.0591,60.532,0.1087,2408353.9,"Pipeline Natural Gas",,"Combustion turbine",,"Dry Low NOx Burners",,,"ARP, CSNOX, CSOSG2, CSSO2G1"
"TX","Colorado Bend II",60122,"CT7",91195,,2020,6322,6296.11,2833334.94,,5.536,0.001,1096684.294,0.059,55.314,0.0068,18453827.38,"Pipeline Natural Gas",,"Combined cycle",,"Ammonia Injection|Selective Catalytic Reduction",,,"ARP, CSOSG2"
"TX","Colorado Bend II",60122,"CT8",91196,,2020,6527,6507.86,2941910.15,,5.791,0.001,1147104.015,0.059,65.445,0.0073,19302231.813,"Pipeline Natural Gas",,"Combined cycle",,"Ammonia Injection|Selective Catalytic Reduction",,,"ARP, CSOSG2"
"TX","Bacliff Generating Station",60264,"BCGT1",91269,,2020,439,359.47,20055.7,,0.082,0.0009,15440.7,0.0593,11.742,0.2035,261683.3,"Pipeline Natural Gas",,"Combustion turbine",,"Dry Low NOx Burners",,,"ARP, CSOSG2"
"TX","Bacliff Generating Station",60264,"BCGT2",91270,,2020,365,286.5,15086.43,,0.06,0.0009,11623,0.0586,11.377,0.2472,197001.9,"Pipeline Natural Gas",,"Combustion turbine",,"Dry Low NOx Burners",,,"ARP, CSOSG2"
"TX","Bacliff Generating Station",60264,"BCGT3",91271,,2020,513,416.39,20430.7,,0.079,0.0009,16137.7,0.0587,20.776,0.2619,273480.1,"Pipeline Natural Gas",,"Combustion turbine",,"Dry Low NOx Burners",,,"ARP, CSOSG2"
"TX","Bacliff Generating Station",60264,"BCGT4",91272,,2020,486,386.36,19781.97,,0.074,0.0009,15195.7,0.0588,15.717,0.2437,257552,"Pipeline Natural Gas",,"Combustion turbine",,"Dry Low NOx Burners",,,"ARP, CSOSG2"
"TX","Bacliff Generating Station",60264,"BCGT5",91273,,2020,514,427,22428.52,,0.083,0.0009,17221.4,0.0589,15.731,0.2151,291856.1,"Pipeline Natural Gas",,"Combustion turbine",,"Dry Low NOx Burners",,,"ARP, CSOSG2"
"TX","Bacliff Generating Station",60264,"BCGT6",91274,,2020,511,411.56,21053.75,,0.083,0.0009,16789.7,0.0591,17.246,0.2348,284565,"Pipeline Natural Gas",,"Combustion turbine",,"Dry Low NOx Burners",,,"ARP, CSOSG2"
"MD","Keys Energy Center",60302,"11",91141,,2020,7765,7738.3,2406535.9,,5.206,0.001,1031320.21,0.059,49.316,0.0059,17353901.14,"Pipeline Natural Gas",,"Combined cycle",,"Selective Catalytic Reduction",,,"ARP, CSNOX, CSOSG2, CSSO2G1, RGGI"
"MD","Keys Energy Center",60302,"12",91142,,2020,8325,8295.9,2603481.7,,5.638,0.001,1116731.74,0.059,53.306,0.0057,18791122.42,"Pipeline Natural Gas",,"Combined cycle",,"Steam Injection",,,"ARP, CSNOX, CSOSG2, CSSO2G1, RGGI"
"GA","Albany Green Energy LLC",60340,"B0004",91192,,2020,7659,7642.28,,3780336.1,6.335,0.0026,675318.461,0.1086,167.63,0.0581,6174284.414,"Wood","Other Solid Fuel","Circulating fluidized bed boiler","Dry Sorbent Injection","Selective Non-catalytic Reduction","Baghouse",,"ARP, CSNOX, CSOSG1, CSSO2G2"
"FL","Okeechobee Clean Energy Center",60345,"OCEC1A",91288,,2020,6376,6350.15,3316492.3,,5.948,0.001,1177852.081,0.059,70.085,0.0075,19817229.986,"Pipeline Natural Gas","Diesel Oil","Combined cycle",,"Dry Low NOx Burners|Selective Catalytic Reduction",,,"ARP, NSPS4T"
"FL","Okeechobee Clean Energy Center",60345,"OCEC1B",91287,,2020,6118,6079.92,3167582.88,,5.647,0.001,1118136.074,0.059,65.914,0.0075,18812395.287,"Pipeline Natural Gas","Diesel Oil","Combined cycle",,"Dry Low NOx Burners|Selective Catalytic Reduction",,,"ARP, NSPS4T"
"FL","Okeechobee Clean Energy Center",60345,"OCEC1C",91289,,2020,6371,6337.3,3227284.3,,5.791,0.001,1146759.458,0.059,68.816,0.0078,19294407.492,"Pipeline Natural Gas","Diesel Oil","Combined cycle",,"Dry Low NOx Burners|Selective Catalytic Reduction",,,"ARP, NSPS4T"
"PA","Lackawanna Energy Center",60357,"1",91210,,2020,7801,7787.97,3136683.77,,6.181,0.001,1224343.184,0.059,52.081,0.0051,20601835.642,"Pipeline Natural Gas",,"Combined cycle",,"Dry Low NOx Burners|Selective Catalytic Reduction",,,"ARP, CSNOX, CSOSG2, CSSO2G1"
"PA","Lackawanna Energy Center",60357,"2",91211,,2020,8024,8001.22,3245506.9,,6.379,0.001,1263537.37,0.059,61.158,0.0058,21261505.159,"Pipeline Natural Gas",,"Combined cycle",,"Dry Low NOx Burners|Selective Catalytic Reduction",,,"ARP, CSNOX, CSOSG2, CSSO2G1"
"PA","Lackawanna Energy Center",60357,"3",91212,,2020,7581,7570.51,3055418.86,,6.01,0.001,1190433.131,0.059,55.019,0.0055,20031307.256,"Pipeline Natural Gas",,"Combined cycle",,"Dry Low NOx Burners|Selective Catalytic Reduction",,,"ARP, CSNOX, CSOSG2, CSSO2G1"
"PA","Hummel Station",60368,"CT1",91106,,2020,5866,5843.11,1936033.58,,3.973,0.001,786954.55,0.059,40.285,0.0065,13242029.062,"Pipeline Natural Gas",,"Combined cycle",,"Dry Low NOx Burners|Selective Catalytic Reduction",,,"ARP, CSNOX, CSOSG2, CSSO2G1"
"PA","Hummel Station",60368,"CT2",91107,,2020,6978,6964,2321301.02,,4.776,0.001,946123.555,0.059,47.983,0.0063,15920357.83,"Pipeline Natural Gas",,"Combined cycle",,"Dry Low NOx Burners|Selective Catalytic Reduction",,,"ARP, CSNOX, CSOSG2, CSSO2G1"
"PA","Hummel Station",60368,"CT3",91111,,2020,6349,6334.63,2102621.85,,4.27,0.001,845770.982,0.059,42.771,0.0063,14231749.023,"Pipeline Natural Gas",,"Combined cycle",,"Dry Low NOx Burners|Selective Catalytic Reduction",,,"ARP, CSNOX, CSOSG2, CSSO2G1"
"OH","Clean Energy Future - Lordstown, LLC",60376,"1",91109,,2020,7571,7562.56,3166670.92,,6.26,0.001,1240038.304,0.059,60.866,0.0059,20865948.47,"Pipeline Natural Gas",,"Combined cycle",,"Dry Low NOx Burners|Selective Catalytic Reduction",,,"ARP, CSNOX, CSOSG2, CSSO2G1, NSPS4T"
"OH","Clean Energy Future - Lordstown, LLC",60376,"2",91110,,2020,7504,7491.16,3142500.25,,6.205,0.001,1229066.378,0.059,61.02,0.0061,20681322.06,"Pipeline Natural Gas",,"Combined cycle",,"Dry Low NOx Burners|Selective Catalytic Reduction",,,"ARP, CSNOX, CSOSG2, CSSO2G1, NSPS4T"
"TX","Port Comfort Peaking Facility",60459,"CT1",91150,,2020,759,526.74,19335.11,,0.066,0.001,13006.993,0.0592,2.293,0.0376,218869.898,"Pipeline Natural Gas",,"Combustion turbine",,"Water Injection|Selective Catalytic Reduction",,,"ARP, CSOSG2"
"TX","Port Comfort Peaking Facility",60459,"CT2",91151,,2020,806,587.04,21679.64,,0.068,0.001,13405.339,0.0592,3.532,0.0486,225568.086,"Pipeline Natural Gas",,"Combustion turbine",,"Water Injection|Selective Catalytic Reduction",,,"ARP, CSOSG2"
"TX","Chamon Power, LLC",60460,"CT1",91152,,2020,709,506.56,18422.32,,0.064,0.001,12760.072,0.0592,2.378,0.0472,214729.17,"Pipeline Natural Gas",,"Combustion turbine",,"Water Injection|Selective Catalytic Reduction",,,"ARP, CSOSG2"
"TX","Chamon Power, LLC",60460,"CT2",91153,,2020,689,509.78,18792.8,,0.057,0.001,11212.432,0.0592,1.722,0.0395,188690.517,"Pipeline Natural Gas",,"Combustion turbine",,"Water Injection|Selective Catalytic Reduction",,,"ARP, CSOSG2"
"PA","Tenaska Westmoreland Generating Station",60464,"101",91139,,2020,7589,7571.74,3334151.05,,6.89,0.001,1364937.982,0.059,55.737,0.005,22967688.579,"Pipeline Natural Gas",,"Combined cycle",,"Dry Low NOx Burners|Selective Catalytic Reduction",,,"ARP, CSNOX, CSOSG2, CSSO2G1, NSPS4T"
"PA","Tenaska Westmoreland Generating Station",60464,"102",91140,,2020,6957,6936.71,3080186.3,,6.331,0.001,1254103.554,0.059,51.279,0.0051,21102638.911,"Pipeline Natural Gas",,"Combined cycle",,"Dry Low NOx Burners|Selective Catalytic Reduction",,,"ARP, CSNOX, CSOSG2, CSSO2G1, NSPS4T"
"TX","Tejas Power Generation Unit 1",60468,"CT-1",91283,,2020,323,259.24,24070.15,,0.091,0.001,18016.349,0.059,2.869,0.0351,303172.882,"Pipeline Natural Gas",,"Combustion turbine",,"Water Injection|Selective Catalytic Reduction",,,"ARP, CSOSG2"
"PA","CPV Fairview, LLC",60589,"CT-1",91312,,2020,7223,7195.56,3569173.34,,3.051,0,1338595.209,0.059,64.104,0.0059,22513314.807,"Natural Gas","Diesel Oil, Other Gas","Combined cycle",,"Dry Low NOx Burners (Began Jan 14, 2020)|Selective Catalytic Reduction (Began Jan 14, 2020)",,,"ARP, CSNOX, CSOSG2, CSSO2G1, NSPS4T"
"PA","CPV Fairview, LLC",60589,"CT-2",91311,,2020,7746,7713.82,3814627.37,,3.264,0,1431124.585,0.059,69.216,0.0059,24072437.482,"Natural Gas","Diesel Oil, Other Gas","Combined cycle",,"Dry Low NOx Burners|Selective Catalytic Reduction",,,"ARP, CSNOX, CSOSG2, CSSO2G1, NSPS4T"
"CA","Stanton Energy Reliability Center",60698,"D1",91348,,2020,1020,786.34,21147.36,,0.069,0.001,13708.166,0.0593,0.942,0.012,230653.41,"Pipeline Natural Gas",,"Combustion turbine (Started Apr 20, 2020)",,"Water Injection|Selective Catalytic Reduction",,,"ARP"
"CA","Stanton Energy Reliability Center",60698,"D7",91349,,2020,1058,820.73,22455.4,,0.073,0.001,14496.721,0.0593,0.938,0.0114,243914.011,"Pipeline Natural Gas",,"Combustion turbine (Started Apr 17, 2020)",,"Water Injection|Selective Catalytic Reduction",,,"ARP"
"MA","Salem Harbor Station NGCC",60903,"1",91204,,2020,1757,1741.7,393633.53,,0.843,0.001,166909.625,0.059,7.93,0.007,2808594.439,"Pipeline Natural Gas",,"Combined cycle",,"Dry Low NOx Burners|Selective Catalytic Reduction",,,"ARP, RGGI, SIPNOX"
"MA","Salem Harbor Station NGCC",60903,"2",91205,,2020,2168,2141.69,469264.66,,1.015,0.001,200974.266,0.059,9.997,0.0065,3381769.901,"Pipeline Natural Gas",,"Combined cycle",,"Dry Low NOx Burners|Selective Catalytic Reduction",,,"ARP, RGGI, SIPNOX"
"TX","Montgomery County Power Station",60925,"CT1",91291,,2020,360,346.41,62545.63,,0.213,0.001,42119.727,0.059,6.135,0.0316,708744.076,"Pipeline Natural Gas",,"Combined cycle (Started Aug 30, 2020)",,"Dry Low NOx Burners|Selective Catalytic Reduction",,,"ARP, CSOSG2"
"TX","Montgomery County Power Station",60925,"CT2",91292,,2020,259,249.55,52795.5,,0.159,0.001,31540.437,0.0591,4.061,0.0255,530740.793,"Pipeline Natural Gas",,"Combined cycle (Started Sep 04, 2020)",,"Dry Low NOx Burners|Selective Catalytic Reduction",,,"ARP, CSOSG2"
"LA","St. Charles Power Station",60926,"1A",91295,,2020,6991,6971.17,2963329.93,,6.17,0.001,1222129.031,0.059,75.323,0.0096,20564641.388,"Pipeline Natural Gas",,"Combined cycle",,"Dry Low NOx Burners|Selective Catalytic Reduction",,,"ARP, CSOSG2"
"LA","St. Charles Power Station",60926,"1B",91296,,2020,7120,7101.44,3029999.26,,6.307,0.001,1249424.275,0.059,73.808,0.0077,21024003.863,"Pipeline Natural Gas",,"Combined cycle",,"Dry Low NOx Burners|Selective Catalytic Reduction",,,"ARP, CSOSG2"
"LA","Lake Charles Power Station",60927,"1A",91298,,2020,4445,4415.39,1717498.43,,3.443,0.001,682052.429,0.059,38.043,0.008,11476868.378,"Pipeline Natural Gas",,"Combined cycle (Started Jan 05, 2020)",,"Dry Low NOx Burners|Selective Catalytic Reduction",,,"ARP, CSOSG2"
"LA","Lake Charles Power Station",60927,"1B",91297,,2020,4118,4098.55,1605704.41,,3.191,0.001,632109.39,0.059,43.211,0.0097,10636438.12,"Pipeline Natural Gas",,"Combined cycle (Started Jan 12, 2020)",,"Dry Low NOx Burners|Selective Catalytic Reduction",,,"ARP, CSOSG2"
"PA","Hickory Run Energy Station",61028,"CT1",91246,,2020,5056,5027.99,2139290.07,,4.197,0.001,831355.79,0.059,45.705,0.0071,13989194.188,"Pipeline Natural Gas",,"Combined cycle",,"Dry Low NOx Burners|Selective Catalytic Reduction",,,"ARP, CSNOX, CSOSG2, CSSO2G1, NSPS4T"
"PA","Hickory Run Energy Station",61028,"CT2",91247,,2020,5020,4994.16,2121751.14,,4.175,0.001,827039.783,0.059,47.521,0.008,13916527.611,"Pipeline Natural Gas",,"Combined cycle",,"Dry Low NOx Burners|Selective Catalytic Reduction",,,"ARP, CSNOX, CSOSG2, CSSO2G1, NSPS4T"
"PA","Birdsboro Power",61035,"01",91213,,2020,7817,7738.44,3698932.16,,7.263,0.001,1438793.184,0.059,75.095,0.0067,24210441.502,"Pipeline Natural Gas",,"Combined cycle",,"Dry Low NOx Burners|Selective Catalytic Reduction",,,"ARP, CSNOX, CSOSG2, CSSO2G1, NSPS4T"
"TX","Victoria City Peaking Facility",61241,"CT1",91226,,2020,1666,1379.61,48455.39,,0.135,0.001,26825.678,0.0593,2.549,0.021,451372.057,"Pipeline Natural Gas",,"Combustion turbine",,"Ammonia Injection|Selective Catalytic Reduction",,,"ARP, CSOSG2"
"TX","Victoria City Peaking Facility",61241,"CT2",91227,,2020,1422,1179.53,41421.81,,0.117,0.001,23182.085,0.0593,2.46,0.0214,390075.662,"Pipeline Natural Gas",,"Combustion turbine",,"Ammonia Injection|Selective Catalytic Reduction",,,"ARP, CSOSG2"
"TX","Victoria Port Peaking Facility",61242,"CT1",91228,,2020,1882,1569.3,57577.09,,0.161,0.001,31807.99,0.0593,5.931,0.0342,535200.475,"Pipeline Natural Gas",,"Combustion turbine",,"Ammonia Injection|Selective Catalytic Reduction",,,"ARP, CSOSG2"
"TX","Victoria Port Peaking Facility",61242,"CT2",91229,,2020,830,670.9,22811.84,,0.067,0.001,13339.241,0.0593,2.417,0.0384,224450.344,"Pipeline Natural Gas",,"Combustion turbine",,"Ammonia Injection|Selective Catalytic Reduction",,,"ARP, CSOSG2"
"GA","Hartwell Energy Facility",70454,"MAG1",5039,,2020,986,834.79,100724.77,,0.38,0.001,73876.722,0.0593,38.233,0.0685,1241613.785,"Pipeline Natural Gas","Diesel Oil","Combustion turbine",,"Water Injection",,,"ARP, CSNOX, CSOSG1, CSSO2G2"
"GA","Hartwell Energy Facility",70454,"MAG2",5040,,2020,815,688.88,82831.72,,0.307,0.001,60529.47,0.0591,29.63,0.0645,1018112.051,"Pipeline Natural Gas","Diesel Oil","Combustion turbine",,"Water Injection",,,"ARP, CSNOX, CSOSG1, CSSO2G2"
"DC","GSA Central Heating",880004,"3",5055,,2020,2152,2093.58,,274598.62,,,,,20.431,0.1212,317006.6,"Pipeline Natural Gas","Diesel Oil","Dry bottom wall-fired boiler",,,,,"SIPNOX"
"DC","GSA Central Heating",880004,"4",5056,,2020,0,0,,,,,,,,,,"Pipeline Natural Gas","Diesel Oil","Dry bottom wall-fired boiler",,,,,"SIPNOX"
"DC","GSA Central Heating",880004,"5C",89486,,2020,6118,6050.7,,338588.14,,,,,45.372,0.1025,894309.097,"Pipeline Natural Gas","Diesel Oil","Combustion turbine",,"Dry Low NOx Burners",,,"SIPNOX"
"PA","Vicinity Energy Philadelphia Edison Sta",880006,"1",5059,,2020,116,116,,3875,,,,,1.071,0.3118,6884,"Residual Oil",,"Dry bottom wall-fired boiler",,,,,"SIPNOX"
"PA","Vicinity Energy Philadelphia Edison Sta",880006,"2",5060,,2020,110,110,,6189,,,,,3.191,0.3898,16406.3,"Residual Oil",,"Dry bottom wall-fired boiler",,,,,"SIPNOX"
"PA","Vicinity Energy Philadelphia Edison Sta",880006,"3",5061,,2020,283,283,,11152,,,,,2.98,0.2904,23727,"Residual Oil",,"Dry bottom wall-fired boiler",,,,,"SIPNOX"
"PA","Vicinity Energy Philadelphia Edison Sta",880006,"4",5062,,2020,284,284,,13616,,,,,3.72,0.3862,21271.2,"Residual Oil",,"Dry bottom wall-fired boiler",,,,,"SIPNOX"
"PA","AdvanSix Resins & Chemicals LLC",880007,"052",5063,,2020,7471,7453.1,,1088207.29,,,,,66.293,0.082,1629671.644,"Pipeline Natural Gas","Residual Oil","Other boiler",,"Low NOx Burner Technology (Dry Bottom only)",,,"SIPNOX"
"MA","Kneeland Station",880023,"K1",5084,"CP1",2020,4107,4068.89,,332732.71,,,,,27.554,0.122,425016.733,"Pipeline Natural Gas","Residual Oil","Dry bottom wall-fired boiler",,"Combustion Modification/Fuel Reburning",,,"SIPNOX"
"MA","Kneeland Station",880023,"K2",5085,"CP1",2020,3393,3345.12,,258020.85,,,,,16.064,0.0998,321703.315,"Pipeline Natural Gas","Residual Oil","Dry bottom wall-fired boiler",,"Low NOx Burner Technology w/ Overfire Air",,,"SIPNOX"
"MA","Kneeland Station",880023,"K3",5086,"CP1",2020,1494,1458,,195084.94,,,,,12.328,0.1314,185279.974,"Pipeline Natural Gas","Residual Oil","Dry bottom wall-fired boiler",,"Combustion Modification/Fuel Reburning|Other",,,"SIPNOX"
"MA","Kneeland Station",880023,"K4",5087,"CP1",2020,3293,3266.59,,241606.35,,,,,16.07,0.0911,340915.494,"Pipeline Natural Gas","Residual Oil","Dry bottom wall-fired boiler",,"Combustion Modification/Fuel Reburning",,,"SIPNOX"
"PA","Trainer Refinery",880025,"034",90455,,2020,8784,8783.98,,1491141.76,,,,,4.847,0.0054,1784559.14,"Process Gas",,"Dry bottom vertically-fired boiler",,"Low NOx Burner Technology (Dry Bottom only)|Selective Catalytic Reduction",,,"SIPNOX"
"PA","Trainer Refinery",880025,"035",90456,,2020,8784,8783.98,,1485540.8,,,,,5.009,0.0055,1804647.098,"Process Gas",,"Other boiler",,"Low NOx Burner Technology (Dry Bottom only)|Selective Catalytic Reduction",,,"SIPNOX"
"PA","Trainer Refinery",880025,"053",91221,,2020,3065,3060.47,,373783.81,,,,,0.685,0.002,692857.919,"Process Gas",,"Other boiler",,"Low NOx Burner Technology (Dry Bottom only)|Selective Catalytic Reduction",,,"SIPNOX"
"MI","Marathon Petroleum Company LP",880029,"0002",90814,,2020,3620,3619,,442091.5,,,,,30.453,0.0966,616806.95,"Process Gas","Pipeline Natural Gas","Dry bottom wall-fired boiler",,"Low NOx Burner Technology (Dry Bottom only)",,,"SIPNOX"
"OH","Ohio Refining Company LLC",880030,"B034",89691,,2020,3672,3672,,464039,,,,,8.26,0.0237,684118.5,"Process Gas","Natural Gas","Other boiler",,"Low NOx Burner Technology (Dry Bottom only)",,,"SIPNOX"
"OH","Ohio Refining Company LLC",880030,"B035",89692,,2020,3333,3332.03,,367716.8,,,,,7.235,0.0239,599115.079,"Process Gas","Natural Gas","Other boiler",,"Low NOx Burner Technology (Dry Bottom only)",,,"SIPNOX"
"MI","Corteva Agriscience LLC",880031,"0401",88758,,2020,28,28,,1080,,,,,0.075,0.1528,988.1,"Pipeline Natural Gas",,"Other boiler",,,,,"SIPNOX"
"MI","Corteva Agriscience LLC",880031,"0402",88759,,2020,25,25,,1286,,,,,0.111,0.1521,1462.9,"Pipeline Natural Gas",,"Other boiler",,,,,"SIPNOX"
"KY","Catlettsburg Refining, LLC",880038,"B026",91282,,2020,2809,2807.11,,577292.51,,,,,14.479,0.0443,671409.186,"Process Gas",,"Other boiler",,"Selective Catalytic Reduction",,,"SIPNOX"
"OH","Cargill Incorporated - Dayton",880039,"B004",9313,,2020,3646,3641,,418721.5,,,,,74.176,0.2908,495456.575,"Coal","Diesel Oil, Pipeline Natural Gas","Dry bottom wall-fired boiler",,,"Baghouse",,"SIPNOX"
"OH","Cargill Incorporated - Dayton",880039,"B006",9314,,2020,3669,3669,,366410,,,,,14.231,0.0422,699428.8,"Pipeline Natural Gas","Diesel Oil","Dry bottom wall-fired boiler",,,,,"SIPNOX"
"AL","Ascend (Decatur Plant)",880041,"X015",9115,,2020,8453,8447.72,,2443857.08,,,,,457.758,0.2502,3672206.958,"Natural Gas","Process Gas, Waste Liquid","Dry bottom wall-fired boiler",,"Selective Non-catalytic Reduction",,,"SIPNOX"
"AL","Ascend (Decatur Plant)",880041,"Z006",9119,,2020,1623,1560.41,,116433.28,,,,,39.781,0.4323,190899.844,"Coal",,"Stoker",,"Selective Non-catalytic Reduction","Electrostatic Precipitator",,"SIPNOX"
"OH","Cleveland-Cliffs Steel - Middletown",880042,"P009",10184,,2020,2888,2885.53,,331347.57,,,,,25.196,0.1871,193771.118,"Other Gas","Other Oil, Pipeline Natural Gas","Other boiler",,,,,"SIPNOX"
"OH","Cleveland-Cliffs Steel - Middletown",880042,"P010",10185,,2020,3120,3115.09,,403541.98,,,,,31.597,0.2022,309247.858,"Other Gas","Other Oil, Pipeline Natural Gas","Other boiler",,,,,"SIPNOX"
"OH","Cleveland-Cliffs Steel - Middletown",880042,"P011",10186,,2020,2305,2301.46,,271799.32,,,,,58.907,0.3063,350449.69,"Other Gas","Other Oil, Pipeline Natural Gas","Other boiler",,,,,"SIPNOX"
"OH","Cleveland-Cliffs Steel - Middletown",880042,"P012",10187,,2020,3412,3409.77,,308588.51,,,,,27.153,0.2161,217955.338,"Other Gas","Pipeline Natural Gas","Other boiler",,,,,"SIPNOX"
"MI","University of Michigan",880045,"260-03",89240,,2020,845,823.5,,68495.25,,,,,7.762,0.1703,87751.4,"Pipeline Natural Gas","Diesel Oil","Other boiler",,,,,"SIPNOX"
"MI","University of Michigan",880045,"260-04",89241,,2020,1140,1124,,93553.25,,,,,8.065,0.127,124099.9,"Pipeline Natural Gas","Diesel Oil","Other boiler",,,,,"SIPNOX"
"MI","University of Michigan",880045,"260-06",89242,,2020,1986,1972.25,,170200,,,,,5.054,0.0426,235879.05,"Pipeline Natural Gas","Diesel Oil","Other boiler",,,,,"SIPNOX"
"PA","Bernville Station",880049,"32001",9269,,2020,0,0,,,,,,,,,,"Pipeline Natural Gas",,"Combustion turbine",,,,,"SIPNOX"
"PA","Shermans Dale Station",880050,"31801",9270,,2020,0,0,,,,,,,,,,"Pipeline Natural Gas",,"Combustion turbine",,,,,"SIPNOX"
"WV","Altivia Services Institute Facility",880053,"B016",91103,,2020,1706,1703.1,,187948.12,,,,,3.914,0.0321,238597.407,"Pipeline Natural Gas",,"Other boiler",,"Low NOx Burner Technology (Dry Bottom only)",,,"SIPNOX"
"WV","Altivia Services Institute Facility",880053,"B017",91094,,2020,2236,2232.04,,210049.94,,,,,4.03,0.0315,257514.854,"Pipeline Natural Gas",,"Other boiler",,"Low NOx Burner Technology (Dry Bottom only)",,,"SIPNOX"
"KY","Phoenix Paper Wickliffe LLC",880065,"01",88148,,2020,0,0,,,,,,,,,,"Pipeline Natural Gas",,"Dry bottom wall-fired boiler",,,,,"SIPNOX"
"KY","Phoenix Paper Wickliffe LLC",880065,"02",88149,,2020,0,0,,,,,,,,,,"Pipeline Natural Gas",,"Dry bottom wall-fired boiler",,,,,"SIPNOX"
"IL","Wood River Refinery",880067,"BLR15",88367,,2020,8784,8783.93,,2073783.39,,,,,65.44,0.0558,2337962.455,"Process Gas",,"Dry bottom wall-fired boiler",,,,,"SIPNOX"
"IL","Wood River Refinery",880067,"BLR16",88368,,2020,8778,8774.73,,1830700,,,,,102.412,0.0905,2233960.752,"Process Gas",,"Dry bottom wall-fired boiler",,,,,"SIPNOX"
"IL","Wood River Refinery",880067,"BLR17",88369,,2020,7109,7106.11,,2359958,,,,,182.573,0.1203,2965931.498,"Process Gas",,"Tangentially-fired",,,,,"SIPNOX"
"IL","Wood River Refinery",880067,"BLR19",91130,,2020,2070,2069.27,,373373.25,,,,,3.589,0.0138,521852.315,"Natural Gas","Process Gas","Other boiler",,"Selective Catalytic Reduction",,,"SIPNOX"
"PA","Armagh Compressor Station",880071,"31301",88318,,2020,0,0,,,,,,,,,,"Pipeline Natural Gas",,"Combustion turbine",,"Dry Low NOx Burners",,,"SIPNOX"
"PA","Entriken Compressor Station",880072,"31601",88319,,2020,0,0,,,,,,,,,,"Pipeline Natural Gas",,"Combustion turbine",,"Dry Low NOx Burners",,,"SIPNOX"
"SC","Marlboro Paper Mill",880074,"15",88372,,2020,3233,3233,,258186,,,,,47.687,0.097,982832,"Pipeline Natural Gas",,"Dry bottom wall-fired boiler",,,,,"SIPNOX"
"AL","Indorama Ventures Xylenes and PTA, LLC",880075,"AB8301",88374,,2020,2566,2566,,,,,,,14.37,0.028,1026400,"Natural Gas","Other Gas","Other boiler",,,,,"SIPNOX"
"IL","Lemont Refinery",880076,"430B-1",89155,,2020,3672,3672,,640654,,,,,29.701,0.0476,1246862.9,"Process Gas",,"Dry bottom wall-fired boiler",,,,,"SIPNOX"
"IL","Lemont Refinery",880076,"430B24",91318,,2020,3460,3459.02,,477776.75,,,,,2.009,0.0087,472994.68,"Process Gas",,"Other boiler",,"Selective Catalytic Reduction",,,"SIPNOX"
"IL","Lemont Refinery",880076,"431B25",91319,,2020,3523,3520.81,,642948.44,,,,,2.337,0.0087,558122.218,"Process Gas",,"Other boiler",,"Selective Catalytic Reduction",,,"SIPNOX"
"TN","Tate & Lyle-Loudon",880079,"34",89157,,2020,611,611,,22048,,,,,2.806,0.347,16164.1,"Pipeline Natural Gas",,"Stoker",,,,,"SIPNOX"
"TN","Tate & Lyle-Loudon",880079,"35",89158,,2020,1811,1811,,58562,,,,,6.975,0.1792,77931,"Pipeline Natural Gas",,"Stoker",,,,,"SIPNOX"
"TN","Tate & Lyle-Loudon",880079,"37",91178,,2020,5546,5511.24,137097.95,,,,,,53.096,0.0551,1906920.435,"Pipeline Natural Gas",,"Combustion turbine",,"Dry Low NOx Burners",,,"SIPNOX"
"TN","Tate & Lyle-Loudon",880079,"38",91179,,2020,8185,8148.67,191971.78,,,,,,85.47,0.0575,2966297.297,"Pipeline Natural Gas",,"Combustion turbine",,"Dry Low NOx Burners",,,"SIPNOX"
"OH","Lima Refinery",880083,"B026",89278,,2020,3394,3394,,369072,,,,,23.015,0.0968,479714.5,"Process Gas",,"Dry bottom wall-fired boiler",,,,,"SIPNOX"
"IL","Alto Central, LLC",880086,"UNITE",90896,,2020,3614,3607.25,,531809.5,,,,,71.243,0.126,1129429.975,"Pipeline Natural Gas",,"Other boiler",,,,,"SIPNOX"
"IL","Alto Central, LLC",880086,"UNITF",90897,,2020,3630,3627.5,,606266.5,,,,,71.643,0.126,1135770.25,"Pipeline Natural Gas",,"Other boiler",,,,,"SIPNOX"
"IL","Marathon Petroleum Company LP",880088,"59F-3",89310,,2020,3672,3671.77,,409238.3,,,,,60.489,,,"Process Gas","Diesel Oil","Other boiler",,,,,"SIPNOX"
"IL","Marathon Petroleum Company LP",880088,"59F-4",89311,,2020,2890,2889.08,,245371.68,,,,,40.33,,,"Process Gas","Diesel Oil","Other boiler",,,,,"SIPNOX"
"IL","INEOS Joliet, LLC",880089,"CB706",89333,,2020,3368,3368,,353308,,,,,12.105,0.0523,463459.2,"Pipeline Natural Gas","Process Gas","Tangentially-fired",,"Low NOx Burner Technology w/ Closed-coupled OFA",,,"SIPNOX"
"SC","INEOS US Chemicals Company CR Plant",880092,"A",89549,,2020,1358,1356.5,,131290.5,,,,,4.499,0.0572,157356.5,"Natural Gas","Other Gas, Residual Oil","Dry bottom wall-fired boiler",,"Low NOx Burner Technology (Dry Bottom only)",,,"SIPNOX"
"SC","INEOS US Chemicals Company CR Plant",880092,"B",89550,,2020,3341,3339.5,,374150,,,,,13.829,0.0622,443646.325,"Natural Gas","Other Gas, Residual Oil","Dry bottom wall-fired boiler",,"Low NOx Burner Technology (Dry Bottom only)",,,"SIPNOX"
"VA","AdvanSix Resins and Chemicals - Hopewell",880093,"10D",90950,,2020,3667,3665.5,,325944.75,,,,,125.85,0.3298,625797.375,"Pipeline Natural Gas","Diesel Oil, Other Oil","Dry bottom wall-fired boiler",,"Low NOx Burner Technology (Dry Bottom only)|Other",,,"SIPNOX"
"VA","AdvanSix Resins and Chemicals - Hopewell",880093,"10E",91309,,2020,3438,3431.25,,438347,,,,,10.425,0.0293,725656.6,"Pipeline Natural Gas",,"Other boiler",,"Low NOx Burner Technology (Dry Bottom only)",,,"SIPNOX"
"VA","AdvanSix Resins and Chemicals - Hopewell",880093,"10F",91310,,2020,3213,3203.25,,399475.25,,,,,9.114,0.0276,667373.6,"Pipeline Natural Gas",,"Other boiler",,"Low NOx Burner Technology (Dry Bottom only)",,,"SIPNOX"
"NY","Ravenswood Steam Plant",880100,"BLR001",1678,"CS0001",2020,20,19,,1751.75,,,,,0.136,0.0922,2415.25,"Residual Oil","Pipeline Natural Gas","Dry bottom wall-fired boiler",,,,,"SIPNOX"
"NY","Ravenswood Steam Plant",880100,"BLR002",1679,"CS0002",2020,0,0,,,,,,,,,,"Residual Oil","Pipeline Natural Gas","Dry bottom wall-fired boiler",,,,,"SIPNOX"
"NY","Ravenswood Steam Plant",880100,"BLR003",1680,"CS0001",2020,0,0,,,,,,,,,,"Residual Oil","Pipeline Natural Gas","Dry bottom wall-fired boiler",,,,,"SIPNOX"
"NY","Ravenswood Steam Plant",880100,"BLR004",1681,"CS0002",2020,57,50,,3344.25,,,,,0.355,0.0807,6710.125,"Residual Oil","Pipeline Natural Gas","Dry bottom wall-fired boiler",,,,,"SIPNOX"
"AL","WestRock CP, LLC - Stevenson Mill",880101,"PB3",90932,,2020,3141,3141,,628200,,,,,41.932,0.099,848070,"Pipeline Natural Gas","Diesel Oil","Dry bottom wall-fired boiler",,"Low NOx Burner Technology (Dry Bottom only)",,,"SIPNOX"
"PR","AES Puerto Rico, LP",880102,"1",90976,,2020,7284,7263.65,1743934.12,,,,,,,,,"Coal",,"Circulating fluidized bed boiler","Dry Lime FGD","Selective Non-catalytic Reduction","Electrostatic Precipitator","Other (Non PAC) Sorbent Injection","MATS"
"PR","AES Puerto Rico, LP",880102,"2",90977,,2020,7345,7333.46,1691673.4,,,,,,,,,"Coal",,"Circulating fluidized bed boiler","Dry Lime FGD","Selective Non-catalytic Reduction","Electrostatic Precipitator","Other (Non PAC) Sorbent Injection","MATS"
"PA","ETMT Marcus Hook Terminal",880107,"AB01",89317,,2020,6191,6183.65,,959514.63,,,,,21.977,0.0286,1529649.909,"Other Gas","Pipeline Natural Gas","Dry bottom wall-fired boiler",,"Low NOx Burner Technology (Dry Bottom only)|Other",,,"SIPNOX"
"PA","ETMT Marcus Hook Terminal",880107,"AB03",89319,,2020,4199,4188.37,,615771.71,,,,,11.871,0.026,911004.647,"Other Gas","Pipeline Natural Gas","Dry bottom wall-fired boiler",,"Low NOx Burner Technology (Dry Bottom only)|Other",,,"SIPNOX"
"PA","ETMT Marcus Hook Terminal",880107,"AB04",89320,,2020,7235,7228.01,,1073732.22,,,,,15.08,0.0176,1690488.043,"Other Gas","Pipeline Natural Gas","Dry bottom wall-fired boiler",,"Low NOx Burner Technology (Dry Bottom only)|Other",,,"SIPNOX"
"IN","Grain Processing Corporation",880108,"BLR1",91285,,2020,3587,3573.53,,478700.5,,,,,14.162,0.045,629525.5,"Natural Gas",,"Other boiler",,"Low NOx Burner Technology (Dry Bottom only)",,,"SIPNOX"
"IN","Grain Processing Corporation",880108,"BLR2",91286,,2020,3612,3599.33,,507535.28,,,,,14.409,0.045,640406.1,"Natural Gas",,"Other boiler",,"Low NOx Burner Technology (Dry Bottom only)",,,"SIPNOX"
"OH","Pratt Paper (OH)",880109,"B001",91300,,2020,3672,3672,,,,,,,11.016,0.018,1220205.6,"Pipeline Natural Gas",,"Other boiler",,"Combustion Modification/Fuel Reburning|Low NOx Burner Technology (Dry Bottom only)",,,"SIPNOX"
