"State","Facility Name","Facility ID","Unit ID","unit_id","Associated Stacks","Year","Operating Time Count","Sum of the Operating Time","Gross Load (MWh)","Steam Load (1000 lb)","SO2 Mass (short tons)","SO2 Rate (lbs/mmBtu)","CO2 Mass (short tons)","CO2 Rate (short tons/mmBtu)","NOx Mass (short tons)","NOx Rate (lbs/mmBtu)","Heat Input (mmBtu)","Primary Fuel Type","Secondary Fuel Type","Unit Type","SO2 Controls","NOx Controls","PM Controls","Hg Controls","Program Code"
"AL","Barry",3,"1",1,"CS0AAN",2023,575,571,16049.5,,0.068,0.001,13509.825,0.0592,7.514,0.0567,227316.475,"Pipeline Natural Gas",,"Tangentially-fired",,"Low NOx Burner Technology w/ Closed-coupled OFA|Selective Non-catalytic Reduction",,,"ARP, CSNOX, CSOSG2, CSSO2G2"
"AL","Barry",3,"2",2,"CS0AAN",2023,562,555.75,15528,,0.064,0.001,12757.45,0.0592,7.454,0.057,214656.475,"Pipeline Natural Gas",,"Tangentially-fired",,"Low NOx Burner Technology w/ Closed-coupled OFA|Selective Non-catalytic Reduction",,,"ARP, CSNOX, CSOSG2, CSSO2G2"
"AL","Barry",3,"4",4,,2023,6189,6182.75,601338,,1.974,0.001,391039.55,0.059,386.123,0.118,6580043.725,"Pipeline Natural Gas",,"Tangentially-fired",,"Low NOx Burner Technology w/ Separated OFA|Selective Non-catalytic Reduction",,,"ARP, CSNOX, CSOSG2, CSSO2G2"
"AL","Barry",3,"5",5,,2023,4089,4075.75,1975222.75,,262.975,0.0486,2031374.075,0.1028,717.121,0.0772,19798960.625,"Coal","Pipeline Natural Gas","Tangentially-fired","Wet Limestone","Low NOx Burner Technology w/ Separated OFA|Selective Catalytic Reduction","Electrostatic Precipitator","Catalyst (gold, palladium, or other) used to oxidize mercury","ARP, CSNOX, CSOSG2, CSSO2G2, MATS"
"AL","Barry",3,"6A",6,,2023,6298,6286.75,1684541.5,,3.444,0.001,682204.65,0.059,47.513,0.0091,11479424.925,"Pipeline Natural Gas",,"Combined cycle",,"Dry Low NOx Burners|Selective Catalytic Reduction",,,"ARP, CSNOX, CSOSG2, CSSO2G2"
"AL","Barry",3,"6B",7,,2023,6219,6211.75,1652615,,3.53,0.001,699252.4,0.059,48.013,0.009,11766302.425,"Pipeline Natural Gas",,"Combined cycle",,"Dry Low NOx Burners|Selective Catalytic Reduction",,,"ARP, CSNOX, CSOSG2, CSSO2G2"
"AL","Barry",3,"7A",8,,2023,6745,6733,1820861.5,,3.887,0.001,769979.675,0.059,53.65,0.0092,12956384.775,"Pipeline Natural Gas",,"Combined cycle",,"Dry Low NOx Burners|Selective Catalytic Reduction",,,"ARP, CSNOX, CSOSG2, CSSO2G2"
"AL","Barry",3,"7B",9,,2023,6790,6783.25,1859544,,3.981,0.001,788534.725,0.059,54.343,0.0087,13268643.825,"Pipeline Natural Gas",,"Combined cycle",,"Dry Low NOx Burners|Selective Catalytic Reduction",,,"ARP, CSNOX, CSOSG2, CSSO2G2"
"AL","Barry",3,"8",91413,,2023,466,466,283475,,0.524,0.001,103807.2,0.059,3.751,0.0043,1746748.2,"Pipeline Natural Gas",,"Combined cycle (Started Jul 17, 2023)",,"Dry Low NOx Burners|Selective Catalytic Reduction",,,"ARP, CSNOX, CSOSG2, CSSO2G2, NSPS4T"
"TX","Copper Station",9,"CTG-1",90211,,2023,1545,1359.37,48643.85,,,,,,99.686,0.2218,848564.499,"Pipeline Natural Gas",,"Combustion turbine",,"Water Injection",,,"CSOSG2"
"AL","Greene County",10,"1",19,"CS0EBN",2023,5780,5774,771089.25,,2.208,0.001,437400.45,0.059,585.273,0.1376,7360103.925,"Pipeline Natural Gas",,"Cell burner boiler",,"Low NOx Cell Burner",,,"ARP, CSNOX, CSOSG2, CSSO2G2"
"AL","Greene County",10,"2",20,"CS0EBN",2023,5237,5226.5,626765.75,,1.835,0.001,363541.6,0.059,492.581,0.1374,6117393.1,"Pipeline Natural Gas",,"Dry bottom wall-fired boiler",,"Low NOx Burner Technology (Dry Bottom only)",,,"ARP, CSNOX, CSOSG2, CSSO2G2"
"AL","Greene County",10,"CT10",21,,2023,161,126.25,6693.25,,0.183,0.0036,6412.9,0.1353,3.795,0.0829,89045.075,"Pipeline Natural Gas","Diesel Oil","Combustion turbine",,"Water Injection",,,"ARP, CSNOX, CSOSG2, CSSO2G2"
"AL","Greene County",10,"CT2",22,,2023,245,210.25,12240.75,,0.052,0.0011,10284.009,0.1053,6.646,0.0844,156551.975,"Pipeline Natural Gas","Diesel Oil","Combustion turbine",,"Water Injection",,,"ARP, CSNOX, CSOSG2, CSSO2G2"
"AL","Greene County",10,"CT3",23,,2023,109,94.75,5479.25,,0.043,0.0015,4659.794,0.0849,3.075,0.087,70332.725,"Pipeline Natural Gas","Diesel Oil","Combustion turbine",,"Water Injection",,,"ARP, CSNOX, CSOSG2, CSSO2G2"
"AL","Greene County",10,"CT4",24,,2023,209,179,10610.75,,0.057,0.0012,8863.09,0.1062,6.131,0.0908,133692.475,"Pipeline Natural Gas","Diesel Oil","Combustion turbine",,"Water Injection",,,"ARP, CSNOX, CSOSG2, CSSO2G2"
"AL","Greene County",10,"CT5",25,,2023,236,199,11471,,0.054,0.0011,9780.318,0.2218,6.827,0.0879,149708.575,"Pipeline Natural Gas","Diesel Oil","Combustion turbine",,"Water Injection",,,"ARP, CSNOX, CSOSG2, CSSO2G2"
"AL","Greene County",10,"CT6",26,,2023,254,223.5,12964,,0.213,0.0028,11194.113,0.0922,7.336,0.0856,169632.525,"Pipeline Natural Gas","Diesel Oil","Combustion turbine",,"Water Injection",,,"ARP, CSNOX, CSOSG2, CSSO2G2"
"AL","Greene County",10,"CT7",27,,2023,242,210.25,12285.25,,0.06,0.0011,10689.187,0.1013,6.893,0.0837,163063.45,"Pipeline Natural Gas","Diesel Oil","Combustion turbine",,"Water Injection",,,"ARP, CSNOX, CSOSG2, CSSO2G2"
"AL","Greene County",10,"CT8",28,,2023,215,183.75,10780.5,,0.055,0.0011,9593.397,0.0993,6.349,0.0853,146810.675,"Pipeline Natural Gas","Diesel Oil","Combustion turbine",,"Water Injection",,,"ARP, CSNOX, CSOSG2, CSSO2G2"
"AL","Greene County",10,"CT9",29,,2023,125,102.5,6116.25,,0.024,0.001,5455.892,0.0962,3.445,0.0858,80224.275,"Pipeline Natural Gas","Diesel Oil","Combustion turbine",,"Water Injection",,,"ARP, CSNOX, CSOSG2, CSSO2G2"
"AL","E C Gaston",26,"1",30,"CS0CAN",2023,3872,3864.75,399498.25,,20.174,0.013,239986.093,0.059,250.545,0.1061,4048367.675,"Pipeline Natural Gas","Coal","Dry bottom wall-fired boiler",,"Low NOx Burner Technology (Dry Bottom only)","Electrostatic Precipitator",,"ARP, CSNOX, CSOSG2, CSSO2G2"
"AL","E C Gaston",26,"2",31,"CS0CAN",2023,4813,4803.25,464414.5,,131.077,0.0413,296178.434,0.0602,313.944,0.1069,4877156.15,"Pipeline Natural Gas","Coal","Dry bottom wall-fired boiler",,"Low NOx Burner Technology (Dry Bottom only)","Baghouse|Electrostatic Precipitator",,"ARP, CSNOX, CSOSG2, CSSO2G2"
"AL","E C Gaston",26,"3",32,"CS0CBN",2023,2660,2651.25,407611.75,,16.877,0.01,247861.537,0.059,292.344,0.1261,4181195.05,"Pipeline Natural Gas","Coal","Dry bottom wall-fired boiler",,"Low NOx Burner Technology (Dry Bottom only)","Baghouse|Electrostatic Precipitator",,"ARP, CSNOX, CSOSG2, CSSO2G2"
"AL","E C Gaston",26,"4",33,"CS0CBN",2023,3169,3154,412084.25,,15.884,0.0136,227505.615,0.059,290.762,0.1301,3837838.35,"Pipeline Natural Gas","Coal","Dry bottom wall-fired boiler",,"Low NOx Burner Technology (Dry Bottom only)","Electrostatic Precipitator",,"ARP, CSNOX, CSOSG2, CSSO2G2"
"AL","E C Gaston",26,"5",34,"MS5A, MS5B",2023,3157,3150.25,2040632.25,,663.628,0.0644,2265579.325,0.0999,1171.168,0.1091,22324440.95,"Coal","Pipeline Natural Gas","Tangentially-fired","Wet Limestone","Low NOx Burner Technology w/ Separated OFA|Selective Catalytic Reduction","Baghouse|Electrostatic Precipitator","Halogenated PAC Sorbent Injection|Catalyst (gold, palladium, or other) used to oxidize mercury","ARP, CSNOX, CSOSG2, CSSO2G2, MATS"
"AL","Colbert",47,"CCT1",88150,,2023,60,60,1709,,0.254,0.0266,1392.1,0.06,8.159,0.705,23238.6,"Pipeline Natural Gas","Diesel Oil","Combustion turbine",,,,,"CSNOX, CSOSG2, CSSO2G2"
"AL","Colbert",47,"CCT10",91393,,2023,72,68.28,13427.24,,0.04,0.001,7882.819,0.059,1.807,0.0285,132644.649,"Pipeline Natural Gas",,"Combustion turbine (Started Jun 30, 2023)",,"Dry Low NOx Burners",,,"ARP, CSNOX, CSOSG2, CSSO2G2"
"AL","Colbert",47,"CCT11",91394,,2023,91,88.69,17237.36,,0.051,0.001,10083.35,0.059,2.384,0.0291,169668.075,"Pipeline Natural Gas",,"Combustion turbine (Started Jul 05, 2023)",,"Dry Low NOx Burners",,,"ARP, CSNOX, CSOSG2, CSSO2G2"
"AL","Colbert",47,"CCT2",88151,,2023,93,93,2489,,0.118,0.0298,2023.3,0.0605,8.964,0.5429,34123.6,"Pipeline Natural Gas","Diesel Oil","Combustion turbine",,,,,"CSNOX, CSOSG2, CSSO2G2"
"AL","Colbert",47,"CCT3",88152,,2023,86,86,1888,,1.205,0.086,1681.8,0.0625,8.332,0.5713,26734.4,"Pipeline Natural Gas","Diesel Oil","Combustion turbine",,,,,"CSNOX, CSOSG2, CSSO2G2"
"AL","Colbert",47,"CCT4",88153,,2023,114,114,2883,,0.75,0.0537,2501.9,0.0618,12.21,0.5527,41306.3,"Pipeline Natural Gas","Diesel Oil","Combustion turbine",,,,,"CSNOX, CSOSG2, CSSO2G2"
"AL","Colbert",47,"CCT5",88154,,2023,49,49,1021,,0.782,0.082,935.6,0.0628,5.923,0.7809,14696.5,"Pipeline Natural Gas","Diesel Oil","Combustion turbine",,,,,"CSNOX, CSOSG2, CSSO2G2"
"AL","Colbert",47,"CCT6",88155,,2023,52,52,408,,0.339,0.0719,475.1,0.062,2.98,0.7718,7549,"Pipeline Natural Gas","Diesel Oil","Combustion turbine",,,,,"CSNOX, CSOSG2, CSSO2G2"
"AL","Colbert",47,"CCT7",88156,,2023,33,33,776,,0.123,0.038,627.8,0.0609,3.778,0.737,10453.1,"Pipeline Natural Gas","Diesel Oil","Combustion turbine",,,,,"CSNOX, CSOSG2, CSSO2G2"
"AL","Colbert",47,"CCT8",88157,,2023,44,44,1004,,0.181,0.0373,842.9,0.0603,5.085,0.7361,14021.7,"Pipeline Natural Gas","Diesel Oil","Combustion turbine",,,,,"CSNOX, CSOSG2, CSSO2G2"
"AL","Colbert",47,"CCT9",91392,,2023,83,75.84,14997.82,,0.045,0.001,8974.148,0.059,2.144,0.0308,151001.955,"Pipeline Natural Gas",,"Combustion turbine (Started Jun 19, 2023)",,"Dry Low NOx Burners",,,"ARP, CSNOX, CSOSG2, CSSO2G2"
"KY","Smith Generating Facility",54,"SCT1",50,,2023,584,489.4,44386.52,,0.187,0.0011,35674.276,0.0592,18.952,0.0767,599908.668,"Pipeline Natural Gas","Residual Oil","Combustion turbine",,"Water Injection",,,"ARP, CSNOX, CSOSG2E, CSSO2G1"
"KY","Smith Generating Facility",54,"SCT10",90542,,2023,151,126.94,8282.44,,0.024,0.001,4678.902,0.0591,0.514,0.0177,78722.368,"Pipeline Natural Gas",,"Combustion turbine",,"Water Injection|Selective Catalytic Reduction",,,"ARP, CSNOX, CSOSG2E, CSSO2G1"
"KY","Smith Generating Facility",54,"SCT2",51,,2023,240,204.13,18959.82,,0.082,0.0011,15202.584,0.0592,9.517,0.0815,255518.994,"Pipeline Natural Gas","Residual Oil","Combustion turbine",,"Water Injection",,,"ARP, CSNOX, CSOSG2E, CSSO2G1"
"KY","Smith Generating Facility",54,"SCT3",52,,2023,300,248.22,22998.27,,0.098,0.0011,18401.965,0.0592,10.191,0.0783,309391.464,"Pipeline Natural Gas","Residual Oil","Combustion turbine",,"Water Injection",,,"ARP, CSNOX, CSOSG2E, CSSO2G1"
"KY","Smith Generating Facility",54,"SCT4",9271,,2023,1170,1012.75,55297.85,,0.237,0.001,46706.852,0.059,11.269,0.0364,785846.272,"Pipeline Natural Gas","Residual Oil","Combustion turbine",,"Dry Low NOx Burners|Water Injection",,,"ARP, CSNOX, CSOSG2E, CSSO2G1"
"KY","Smith Generating Facility",54,"SCT5",9272,,2023,1139,990.35,53539.85,,0.221,0.001,43217.634,0.0591,10.441,0.036,727128.313,"Pipeline Natural Gas","Residual Oil","Combustion turbine",,"Dry Low NOx Burners|Water Injection",,,"ARP, CSNOX, CSOSG2E, CSSO2G1"
"KY","Smith Generating Facility",54,"SCT6",89572,,2023,989,866.61,47195.34,,0.198,0.001,38202.568,0.0591,10.313,0.0403,642543.111,"Pipeline Natural Gas","Residual Oil","Combustion turbine",,"Dry Low NOx Burners|Water Injection",,,"ARP, CSNOX, CSOSG2E, CSSO2G1"
"KY","Smith Generating Facility",54,"SCT7",89573,,2023,1063,922.6,50094.62,,0.212,0.001,40877.645,0.0591,10.93,0.04,687586.372,"Pipeline Natural Gas","Residual Oil","Combustion turbine",,"Dry Low NOx Burners|Water Injection",,,"ARP, CSNOX, CSOSG2E, CSSO2G1"
"KY","Smith Generating Facility",54,"SCT9",90541,,2023,1858,1629.75,116134.49,,0.321,0.001,63641.774,0.0591,6.642,0.0152,1070897.637,"Pipeline Natural Gas",,"Combustion turbine",,"Water Injection|Selective Catalytic Reduction",,,"ARP, CSNOX, CSOSG2E, CSSO2G1"
"AL","Charles R Lowman",56,"CC1",91391,,2023,2888,2878.09,1753729.47,,3.261,0.001,646064.636,0.059,86.62,0.0173,10871305.052,"Pipeline Natural Gas",,"Combined cycle (Started Feb 19, 2023)",,"Ammonia Injection (Began Feb 19, 2023)|Dry Low NOx Burners|Selective Catalytic Reduction",,,"ARP, CSNOX, CSOSG2, CSSO2G2, NSPS4T"
"NE","Platte",59,"1",56,,2023,5608,5583.98,405362.95,,353.457,0.1509,487057.496,0.105,399.189,0.1707,4643955.627,"Coal","Diesel Oil","Tangentially-fired","Dry Lime FGD","Low NOx Burner Technology w/ Closed-coupled/Separated OFA","Baghouse|Electrostatic Precipitator","Halogenated PAC Sorbent Injection","ARP, CSNOX, CSSO2G2, MATS"
"NE","Gerald Whelan Energy Center",60,"1",57,,2023,6424,6420.93,393704.68,,1652.898,0.8215,419728.269,0.105,388.048,0.1923,4002005.816,"Coal",,"Tangentially-fired",,"Overfire Air","Electrostatic Precipitator",,"ARP, CSNOX, CSSO2G2, MATS"
"NE","Gerald Whelan Energy Center",60,"2",90669,,2023,4453,4440.77,830576.61,,472.993,0.236,780773.919,0.105,579.547,0.1513,7444451.175,"Coal",,"Dry bottom wall-fired boiler","Dry Lime FGD","Selective Catalytic Reduction",,,"ARP, CSNOX, CSSO2G2, MATS"
"KS","Holcomb",108,"SGU1",60,,2023,8104,8095.77,1747062.29,,1166.489,0.1422,1773082.229,0.105,1629.74,0.1817,16905792.226,"Coal",,"Dry bottom wall-fired boiler","Dry Lime FGD","Low NOx Burner Technology (Dry Bottom only)","Baghouse","Halogenated PAC Sorbent Injection","ARP, CSNOX, CSOSG2, CSSO2G2, MATS"
"AZ","Cholla",113,"1",62,,2023,6551,6540.1,607052.26,,303.135,0.085,699427.909,0.103,598.55,0.1722,6817091.336,"Coal",,"Tangentially-fired","Wet Lime FGD","Low NOx Burner Technology w/ Separated OFA","Baghouse",,"ARP, MATS"
"AZ","Cholla",113,"3",64,,2023,5547,5521.2,1380298.05,,615.378,0.0778,1572836.666,0.1029,1383.704,0.1802,15329795.662,"Coal",,"Tangentially-fired","Wet Lime FGD","Low NOx Burner Technology w/ Closed-coupled/Separated OFA","Baghouse",,"ARP, MATS"
"AZ","Ocotillo Power Plant",116,"GT3",91277,,2023,967,874.97,73373.15,,0.203,0.001,40161.83,0.059,2.791,0.0119,675797.356,"Pipeline Natural Gas",,"Combustion turbine",,"Water Injection|Selective Catalytic Reduction",,,"ARP"
"AZ","Ocotillo Power Plant",116,"GT4",91278,,2023,2161,1921.47,173229.31,,0.473,0.001,93673.43,0.0591,6.487,0.0128,1576273.062,"Pipeline Natural Gas",,"Combustion turbine",,"Water Injection|Selective Catalytic Reduction",,,"ARP"
"AZ","Ocotillo Power Plant",116,"GT5",91279,,2023,1945,1721.79,162502.03,,0.437,0.001,86524.952,0.0591,5.933,0.0126,1455935.802,"Pipeline Natural Gas",,"Combustion turbine",,"Water Injection|Selective Catalytic Reduction",,,"ARP"
"AZ","Ocotillo Power Plant",116,"GT6",91280,,2023,2612,2271.08,200183.26,,0.545,0.001,107865.773,0.059,7.794,0.0142,1815061.023,"Pipeline Natural Gas",,"Combustion turbine",,"Water Injection|Selective Catalytic Reduction",,,"ARP"
"AZ","Ocotillo Power Plant",116,"GT7",91281,,2023,288,225.57,17395.46,,0.049,0.001,9645,0.0592,0.687,0.0187,162293.661,"Pipeline Natural Gas",,"Combustion turbine",,"Water Injection|Selective Catalytic Reduction",,,"ARP"
"AZ","APS West Phoenix Power Plant",117,"CC4",70,,2023,4704,4678.15,428018.33,,1.031,0.001,204187.956,0.059,47.795,0.0292,3435846.208,"Pipeline Natural Gas",,"Combined cycle",,"Dry Low NOx Burners",,,"ARP"
"AZ","APS West Phoenix Power Plant",117,"CC5A",71,,2023,4650,4571.98,880711.37,,1.983,0.001,392757.43,0.059,44.514,0.0157,6608962.811,"Pipeline Natural Gas",,"Combined cycle",,"Dry Low NOx Burners|Selective Catalytic Reduction",,,"ARP"
"AZ","APS West Phoenix Power Plant",117,"CC5B",88097,,2023,4291,4212.18,804252.63,,1.88,0.001,372481.416,0.059,41.177,0.0156,6267709.406,"Pipeline Natural Gas",,"Combined cycle",,"Dry Low NOx Burners|Selective Catalytic Reduction",,,"ARP"
"AZ","APS Saguaro Power Plant",118,"CT3",8250,,2023,2346,2105.03,129391.26,,0.483,0.001,95661.122,0.0591,24.419,0.0397,1609688.576,"Pipeline Natural Gas",,"Combustion turbine",,"Dry Low NOx Burners",,,"ARP"
"AZ","Yucca Power Plant",120,"1",74,,2023,69,66.63,1302,,0.005,0.001,1048.817,0.0592,0.55,0.059,17654.121,"Pipeline Natural Gas","Residual Oil","Tangentially-fired",,,,,"ARP"
"AZ","Yucca Power Plant",120,"CT5",89724,,2023,2405,2056.95,82725.37,,0.244,0.001,48369.857,0.0593,4.277,0.0191,813870.205,"Pipeline Natural Gas",,"Combustion turbine",,"Selective Catalytic Reduction",,,"ARP"
"AZ","Yucca Power Plant",120,"CT6",89725,,2023,2420,2080.71,86594.55,,0.253,0.001,50113.688,0.0592,4.601,0.0177,843219.21,"Pipeline Natural Gas",,"Combustion turbine",,"Selective Catalytic Reduction",,,"ARP"
"AZ","De Moss Petrie Generating Station",124,"GT1",76,,2023,53,34.08,1343.8,,0.032,0.0034,1099.476,0.0592,0.481,0.0722,18501.683,"Natural Gas",,"Combustion turbine",,"Dry Low NOx Burners",,,"ARP"
"AZ","Irvington Generating Station",126,"3",79,,2023,6158,6148.75,332954.42,,6.386,0.0036,216870.125,0.0591,386.756,0.1994,3649258.079,"Natural Gas","Residual Oil","Tangentially-fired",,,,,"ARP"
"AZ","Irvington Generating Station",126,"4",80,,2023,5702,5694.47,523994.23,,9.366,0.0036,318037.86,0.0591,429.741,0.1606,5351589.181,"Natural Gas","Other Gas","Dry bottom wall-fired boiler",,"Low NOx Burner Technology w/ Overfire Air",,,"ARP"
"SC","Cross",130,"1",82,,2023,3592,3572.32,1287556.99,,690.096,0.0876,1382813.482,0.103,544.924,0.0798,13477723.305,"Coal","Residual Oil","Dry bottom wall-fired boiler","Wet Limestone","Selective Catalytic Reduction|Low NOx Burner Technology w/ Overfire Air","Electrostatic Precipitator",,"ARP, CSNOX, CSSO2G2, MATS, SIPNOX"
"SC","Cross",130,"2",83,,2023,2036,2014.76,612178.03,,601.689,0.1683,652292.945,0.1028,233.93,0.0716,6357646.764,"Coal","Residual Oil","Tangentially-fired","Wet Limestone","Selective Catalytic Reduction|Low NOx Burner Technology w/ Closed-coupled OFA","Electrostatic Precipitator",,"ARP, CSNOX, CSSO2G2, MATS, SIPNOX"
"SC","Cross",130,"3",89490,,2023,7632,7621.21,3507605.91,,1770.605,0.101,3336914.69,0.103,1140.646,0.07,32523503.143,"Coal","Diesel Oil","Tangentially-fired","Wet Limestone","Low NOx Burner Technology w/ Closed-coupled/Separated OFA|Selective Catalytic Reduction","Electrostatic Precipitator",,"ARP, CSNOX, CSSO2G2, MATS, SIPNOX"
"SC","Cross",130,"4",89491,,2023,8117,8097.9,3757153.49,,1575.617,0.0762,3935795.508,0.1029,1345.028,0.07,38360621.332,"Coal","Diesel Oil","Tangentially-fired","Wet Limestone","Low NOx Burner Technology w/ Closed-coupled/Separated OFA|Selective Catalytic Reduction","Electrostatic Precipitator",,"ARP, CSNOX, CSSO2G2, MATS, SIPNOX"
"FL","Seminole (136)",136,"1",84,,2023,2716,2705.12,1245867.94,,949.836,0.1533,1249984.642,0.103,402.579,0.0685,12183103.412,"Coal","Diesel Oil","Dry bottom wall-fired boiler","Wet Limestone (Retired Dec 20, 2023)","Selective Catalytic Reduction (Retired Dec 20, 2023)|Low NOx Burner Technology w/ Overfire Air (Retired Dec 20, 2023)","Electrostatic Precipitator (Retired Dec 20, 2023)",,"ARP, MATS"
"FL","Seminole (136)",136,"2",85,,2023,6443,6409.62,3000683.47,,2232.939,0.1982,2891354.614,0.1025,801.405,0.0588,28180840.865,"Coal","Diesel Oil","Dry bottom wall-fired boiler","Wet Limestone","Selective Catalytic Reduction|Low NOx Burner Technology w/ Overfire Air","Electrostatic Precipitator",,"ARP, MATS"
"FL","Seminole (136)",136,"CT1",91414,,2023,5899,5874.49,3066372.8,,5.809,0.001,1150755.659,0.059,133.589,0.0145,19363740.899,"Natural Gas",,"Combined cycle",,"Dry Low NOx Burners|Selective Catalytic Reduction",,,"ARP, NSPS4T"
"FL","Seminole (136)",136,"CT2",91415,,2023,5969,5945.79,3085495.43,,5.858,0.001,1160499.312,0.059,128.099,0.0151,19527595.513,"Natural Gas",,"Combined cycle",,"Dry Low NOx Burners|Selective Catalytic Reduction",,,"ARP, NSPS4T"
"AZ","Agua Fria Generating Station",141,"1",86,,2023,1364,1261.08,64210.15,,0.203,0.001,40231.681,0.0592,87.733,0.2028,676979.536,"Pipeline Natural Gas",,"Dry bottom wall-fired boiler",,,,,"ARP"
"AZ","Agua Fria Generating Station",141,"2",87,,2023,1164,1079.31,51981.15,,0.168,0.001,33228.065,0.0596,66.245,0.1861,559117.158,"Pipeline Natural Gas",,"Dry bottom wall-fired boiler",,,,,"ARP"
"AZ","Agua Fria Generating Station",141,"3",88,,2023,565,537.83,29198.04,,0.097,0.001,19274.15,0.06,58.028,0.214,324309.456,"Pipeline Natural Gas",,"Dry bottom turbo-fired boiler",,,,,"ARP"
"AZ","Agua Fria Generating Station",141,"7",91419,,2023,324,227.25,8351.27,,0.024,0.001,4666.058,0.0594,0.627,0.0323,78528.853,"Pipeline Natural Gas",,"Combustion turbine",,"Water Injection|Selective Catalytic Reduction",,,"ARP"
"AZ","Agua Fria Generating Station",141,"8",91420,,2023,359,252.56,9766.33,,0.027,0.001,5344.736,0.0593,0.647,0.0322,89927.026,"Pipeline Natural Gas",,"Combustion turbine",,"Water Injection|Selective Catalytic Reduction",,,"ARP"
"AZ","Kyrene Generating Station",147,"K-7",91,,2023,6069,5997.33,1285009.72,,2.676,0.001,530083.426,0.059,42.571,0.0131,8919617.088,"Pipeline Natural Gas",,"Combined cycle",,"Dry Low NOx Burners|Selective Catalytic Reduction",,,"ARP"
"AZ","Apache Station",160,"1",92,,2023,4695,4683.41,204101.85,,0.679,0.001,134427.425,0.0591,42.274,0.0373,2261985.194,"Pipeline Natural Gas",,"Dry bottom wall-fired boiler",,,,,"ARP"
"AZ","Apache Station",160,"2",93,,2023,5549,5523.98,605459.45,,1.864,0.001,370786.485,0.0586,182.5,0.0583,6254897.448,"Pipeline Natural Gas",,"Dry bottom turbo-fired boiler","Wet Lime FGD","Overfire Air","Electrostatic Precipitator|Wet Scrubber",,"ARP, MATS"
"AZ","Apache Station",160,"3",94,,2023,6933,6917.01,1103443.31,,135.944,0.0217,898737.494,0.0801,944.665,0.1647,10838290.972,"Coal","Pipeline Natural Gas","Dry bottom turbo-fired boiler","Wet Lime FGD","Overfire Air","Electrostatic Precipitator|Wet Scrubber",,"ARP, MATS"
"AZ","Apache Station",160,"4",88320,,2023,4081,3802.49,124919.63,,0.4,0.001,79170.619,0.0593,13.665,0.0258,1332189.498,"Pipeline Natural Gas",,"Combustion turbine",,"Water Injection|Selective Catalytic Reduction",,,"ARP"
"OK","Grand River Dam Authority",165,"1",95,,2023,0,0,,,,,,,,,,"Coal","Diesel Oil, Pipeline Natural Gas","Dry bottom wall-fired boiler",,"Overfire Air","Electrostatic Precipitator",,
"OK","Grand River Dam Authority",165,"2",96,,2023,3140,3100.24,848229.09,,779.634,0.1554,1009177.033,0.0964,734.563,0.1297,9747312.387,"Coal","Diesel Oil, Pipeline Natural Gas","Dry bottom wall-fired boiler","Dry Lime FGD","Low NOx Burner Technology w/ Overfire Air","Baghouse","Untreated PAC Sorbent Injection","ARP, CSOSG2, MATS"
"OK","Grand River Dam Authority",165,"3",91186,,2023,7327,7305.37,2942005.71,,5.777,0.001,1144409.512,0.059,262.167,0.0279,19256874.529,"Pipeline Natural Gas",,"Combined cycle",,"Selective Catalytic Reduction",,,"ARP, CSOSG2, NSPS4T"
"AR","Lake Catherine",170,"4",107,,2023,798,783.65,175675.9,,0.558,0.001,110584.027,0.059,234.077,0.215,1860793.213,"Pipeline Natural Gas",,"Dry bottom wall-fired boiler",,,,,"ARP, CSOSG2"
"AR","Thomas Fitzhugh",201,"2",88375,,2023,3225,3173.83,411773.43,,1.153,0.0011,211302.118,0.059,143.356,0.0812,3555359.688,"Pipeline Natural Gas","Diesel Oil","Combined cycle",,"Dry Low NOx Burners|Water Injection",,,"ARP, CSOSG2"
"AR","Carl Bailey",202,"01",111,,2023,0,0,,,,,,,,,,"Pipeline Natural Gas","Residual Oil","Dry bottom wall-fired boiler",,,,,"ARP, CSOSG2"
"AR","McClellan",203,"01",112,,2023,982,936.26,,297379.1,0.67,0.002,28488.873,0.0585,80.597,0.2344,488713.488,"Pipeline Natural Gas","Residual Oil","Dry bottom wall-fired boiler",,,,,"ARP, CSOSG2"
"CA","Moss Landing Power Plant",260,"1A",149,,2023,6784,6535.09,1544994.31,,3.311,0.001,621842.121,0.0624,46.106,0.0132,11037482.277,"Pipeline Natural Gas",,"Combined cycle",,"Dry Low NOx Burners|Selective Catalytic Reduction",,,"ARP"
"CA","Moss Landing Power Plant",260,"2A",152,,2023,6477,6206.65,1484996.44,,3.15,0.001,591557.113,0.0655,44.515,0.0143,10500439.885,"Pipeline Natural Gas",,"Combined cycle",,"Dry Low NOx Burners|Selective Catalytic Reduction",,,"ARP"
"CA","Moss Landing Power Plant",260,"3A",150,,2023,5930,5612.42,1289318.17,,2.776,0.001,521244.644,0.0641,39.903,0.0159,9253701.547,"Pipeline Natural Gas",,"Combined cycle",,"Dry Low NOx Burners|Selective Catalytic Reduction",,,"ARP"
"CA","Moss Landing Power Plant",260,"4A",153,,2023,5677,5369.32,1246605.51,,2.649,0.001,497385.264,0.0653,39.89,0.0161,8828851.272,"Pipeline Natural Gas",,"Combined cycle",,"Dry Low NOx Burners|Selective Catalytic Reduction",,,"ARP"
"TX","Limestone",298,"LIM1",176,,2023,6734,6725.94,3354639.56,,2760.934,0.1543,3688397.179,0.104,2626.234,0.1487,35185420.442,"Coal",,"Tangentially-fired","Wet Limestone","Overfire Air","Electrostatic Precipitator","Halogenated PAC Sorbent Injection","ARP, CSOSG2, MATS, TXSO2"
"TX","Limestone",298,"LIM2",177,,2023,6446,6433.49,3357182.64,,2830.405,0.1613,3547604.485,0.1031,2884.711,0.1678,33858820.6,"Coal",,"Tangentially-fired","Wet Limestone","Overfire Air","Electrostatic Precipitator","Halogenated PAC Sorbent Injection","ARP, CSOSG2, MATS, TXSO2"
"CA","Cabrillo Power I Encina Power Station",302,"10",91208,,2023,831,608.61,43256.75,,0.125,0.001,24745.684,0.0592,1.594,0.0171,416383.944,"Pipeline Natural Gas",,"Combustion turbine",,"Water Injection|Selective Catalytic Reduction",,,"ARP"
"CA","Cabrillo Power I Encina Power Station",302,"6",90228,,2023,1300,998.55,69795.14,,0.203,0.001,40119.7,0.0591,2.659,0.0173,675062.291,"Pipeline Natural Gas",,"Combustion turbine",,"Water Injection|Selective Catalytic Reduction",,,"ARP"
"CA","Cabrillo Power I Encina Power Station",302,"7",90229,,2023,1138,865.28,61821.72,,0.179,0.001,35422.577,0.0591,2.395,0.0173,596057.902,"Pipeline Natural Gas",,"Combustion turbine",,"Water Injection|Selective Catalytic Reduction",,,"ARP"
"CA","Cabrillo Power I Encina Power Station",302,"8",91206,,2023,1285,975.75,68948.32,,0.2,0.001,39651.206,0.0591,2.555,0.0173,667217.305,"Pipeline Natural Gas",,"Combustion turbine",,"Water Injection|Selective Catalytic Reduction",,,"ARP"
"CA","Cabrillo Power I Encina Power Station",302,"9",91207,,2023,1271,965.23,67750.19,,0.196,0.001,38753.464,0.0591,2.516,0.0166,652105.31,"Pipeline Natural Gas",,"Combustion turbine",,"Water Injection|Selective Catalytic Reduction",,,"ARP"
"CA","AES Alamitos",315,"3",201,,2023,4869,4869,263739,,1.058,0.001,209601.8,0.0592,14,0.0073,3526965.2,"Pipeline Natural Gas","Residual Oil","Tangentially-fired",,,,,"ARP"
"CA","AES Alamitos",315,"4",202,,2023,4716,4716,236639,,0.982,0.001,194507.7,0.0591,12.701,0.0075,3272986.9,"Pipeline Natural Gas","Residual Oil","Tangentially-fired",,,,,"ARP"
"CA","AES Alamitos",315,"5",203,,2023,759,759,149123,,0.497,0.001,98546.9,0.059,3.611,0.0063,1658232.2,"Pipeline Natural Gas","Residual Oil","Dry bottom wall-fired boiler",,,,,"ARP"
"CA","AES Alamitos",315,"CT1",91303,,2023,5827,5466.77,1426511.86,,2.998,0.001,593767.309,0.059,26.861,0.0085,9991321.469,"Pipeline Natural Gas",,"Combined cycle",,"Dry Low NOx Burners|Selective Catalytic Reduction",,,"ARP"
"CA","AES Alamitos",315,"CT2",91304,,2023,5584,5215.96,1374737.04,,2.879,0.001,570282.57,0.059,26.058,0.0085,9596104.02,"Pipeline Natural Gas",,"Combined cycle",,"Dry Low NOx Burners|Selective Catalytic Reduction",,,"ARP"
"CA","El Segundo",330,"5",90376,,2023,341,295.6,61983.15,,0.16,0.001,31676.345,0.059,1.536,0.009,533013.648,"Pipeline Natural Gas",,"Combined cycle",,"Dry Low NOx Burners|Selective Catalytic Reduction",,,"ARP"
"CA","El Segundo",330,"7",90377,,2023,515,449.97,94913.84,,0.238,0.001,47081.169,0.059,2.459,0.0091,792230.972,"Pipeline Natural Gas",,"Combined cycle",,"Dry Low NOx Burners|Selective Catalytic Reduction",,,"ARP"
"CA","AES Huntington Beach",335,"2",224,,2023,2463,2463,176079,,0.577,0.001,114330.2,0.0591,8.637,0.0193,1923821.5,"Pipeline Natural Gas","Residual Oil","Dry bottom wall-fired boiler",,,,,"ARP"
"CA","AES Huntington Beach",335,"CT1",91305,,2023,5795,5478.84,1563381.62,,3.251,0.001,643895.564,0.059,34.087,0.0079,10834798.303,"Pipeline Natural Gas",,"Combined cycle",,"Dry Low NOx Burners|Selective Catalytic Reduction",,,"ARP"
"CA","AES Huntington Beach",335,"CT2",91306,,2023,5775,5427.47,1559671.48,,3.234,0.001,640635.337,0.059,34.276,0.0082,10779806.822,"Pipeline Natural Gas",,"Combined cycle",,"Dry Low NOx Burners|Selective Catalytic Reduction",,,"ARP"
"CA","Long Beach Generating Station",341,"1",89768,,2023,70,53.95,0,,0.011,0.001,2238.077,0.0591,1.672,0.1411,37656.274,"Pipeline Natural Gas",,"Combustion turbine",,"Water Injection|Selective Catalytic Reduction",,,"ARP"
"CA","Long Beach Generating Station",341,"2",89769,,2023,81,63.25,2621.89,,0.013,0.001,2555.993,0.0601,0.624,0.0918,43006.937,"Pipeline Natural Gas",,"Combustion turbine",,"Water Injection|Selective Catalytic Reduction",,,"ARP"
"CA","Long Beach Generating Station",341,"3",89770,,2023,80,61.61,2687.54,,0.014,0.001,2784.793,0.0591,0.608,0.0787,46860.188,"Pipeline Natural Gas",,"Combustion turbine",,"Water Injection|Selective Catalytic Reduction",,,"ARP"
"CA","Long Beach Generating Station",341,"4",89771,,2023,72,57.44,2492.73,,0.014,0.001,2680.067,0.0591,0.619,0.0654,45093.824,"Pipeline Natural Gas",,"Combustion turbine",,"Water Injection|Selective Catalytic Reduction",,,"ARP"
"CA","Ormond Beach Power, LLC.",350,"1",229,,2023,437,424.07,72108.69,,0.266,0.001,52696.16,0.0592,3.536,0.0117,886704.001,"Pipeline Natural Gas",,"Dry bottom wall-fired boiler",,"Selective Catalytic Reduction",,,"ARP"
"CA","Ormond Beach Power, LLC.",350,"2",230,,2023,938,920.67,195783.41,,0.646,0.001,128035.469,0.0591,7.338,0.0071,2154446.069,"Pipeline Natural Gas",,"Dry bottom wall-fired boiler",,"Selective Catalytic Reduction",,,"ARP"
"CA","AES Redondo Beach",356,"5",238,,2023,3621,3621,76389,,0.448,0.001,88653.9,0.0592,5.732,0.0083,1491802.9,"Pipeline Natural Gas","Residual Oil","Dry bottom wall-fired boiler",,,,,"ARP"
"CA","AES Redondo Beach",356,"6",239,,2023,4559,4559,92585,,0.624,0.001,123558.8,0.0592,9.086,0.0093,2079116.9,"Pipeline Natural Gas","Residual Oil","Dry bottom wall-fired boiler",,,,,"ARP"
"CA","AES Redondo Beach",356,"8",241,,2023,652,652,120192,,0.423,0.001,83799.1,0.059,7.624,0.0254,1410115.4,"Pipeline Natural Gas","Residual Oil","Dry bottom wall-fired boiler",,,,,"ARP"
"CA","Mountainview Generating Station",358,"3-1",89500,,2023,4300,4160.03,790266.05,,1.743,0.001,345312.519,0.059,20.205,0.0129,5810559.639,"Pipeline Natural Gas",,"Combined cycle",,"Dry Low NOx Burners|Ammonia Injection|Selective Catalytic Reduction",,,"ARP"
"CA","Mountainview Generating Station",358,"3-2",89501,,2023,3837,3700.8,725830.82,,1.618,0.001,320588.573,0.059,15.056,0.0096,5394498.562,"Pipeline Natural Gas",,"Combined cycle",,"Dry Low NOx Burners|Ammonia Injection|Selective Catalytic Reduction",,,"ARP"
"CA","Mountainview Generating Station",358,"4-1",89502,,2023,3461,3325.29,613004.88,,1.362,0.001,269883.802,0.059,16.217,0.0138,4541332.607,"Pipeline Natural Gas",,"Combined cycle",,"Dry Low NOx Burners|Ammonia Injection|Selective Catalytic Reduction",,,"ARP"
"CA","Mountainview Generating Station",358,"4-2",89503,,2023,2956,2831.21,522521.73,,1.148,0.001,227382.977,0.059,12.124,0.0126,3826195.35,"Pipeline Natural Gas",,"Combined cycle",,"Dry Low NOx Burners|Ammonia Injection|Selective Catalytic Reduction",,,"ARP"
"CA","Grayson Power Plant",377,"4",248,,2023,3053,3045.28,8419.97,,0.026,0,11497.629,0.0588,2.42,0.0158,194322.735,"Pipeline Natural Gas","Diesel Oil, Other Gas","Dry bottom wall-fired boiler",,"Low NOx Burner Technology (Dry Bottom only)",,,"ARP"
"CA","Grayson Power Plant",377,"5",249,,2023,2385,2382.72,2,,0,0,4366.44,0.0589,0.264,0.0071,74082.479,"Pipeline Natural Gas","Other Gas, Residual Oil","Dry bottom wall-fired boiler",,"Other",,,"ARP"
"CA","Grayson Power Plant",377,"9",89495,,2023,699,650.99,25911.05,,0.087,0.001,15341.816,0.0592,2.139,0.0175,258154.726,"Pipeline Natural Gas",,"Combustion turbine",,"Selective Catalytic Reduction",,,"ARP"
"IL","Joliet 29",384,"71",250,"CS7172",2023,1234,1223.51,198584.66,,0.599,0.001,118333.556,0.0589,94.379,0.0827,1996178.152,"Pipeline Natural Gas",,"Tangentially-fired",,"Low NOx Burner Technology w/ Closed-coupled/Separated OFA","Electrostatic Precipitator",,"ARP, CSNOX, CSOSG3, CSSO2G1"
"IL","Joliet 29",384,"72",251,"CS7172",2023,1231,1220.6,195519.99,,0.59,0.001,116543.647,0.0589,92.895,0.0828,1965983.605,"Pipeline Natural Gas",,"Tangentially-fired",,"Low NOx Burner Technology w/ Closed-coupled/Separated OFA","Electrostatic Precipitator",,"ARP, CSNOX, CSOSG3, CSSO2G1"
"IL","Joliet 29",384,"81",252,"CS8182",2023,1206,1196.18,169827.32,,0.529,0.001,104332.407,0.0589,93.512,0.1012,1760009.392,"Pipeline Natural Gas",,"Tangentially-fired",,"Low NOx Burner Technology w/ Closed-coupled/Separated OFA","Electrostatic Precipitator",,"ARP, CSNOX, CSOSG3, CSSO2G1"
"IL","Joliet 29",384,"82",253,"CS8182",2023,1208,1198.78,181603.36,,0.565,0.001,111384.472,0.0589,100.345,0.1011,1878972.661,"Pipeline Natural Gas",,"Tangentially-fired",,"Low NOx Burner Technology w/ Closed-coupled/Separated OFA","Electrostatic Precipitator",,"ARP, CSNOX, CSOSG3, CSSO2G1"
"CA","El Centro",389,"2-2",255,,2023,2847,2842.39,239980.96,,0.651,0.001,129019.59,0.059,34.602,0.0319,2170967.769,"Pipeline Natural Gas","Diesel Oil","Combined cycle",,"Selective Catalytic Reduction",,,"ARP"
"CA","El Centro",389,"3-1",90785,,2023,7494,7483.36,373349.38,,0.841,0.001,166659.202,0.0592,7.669,0.0057,2804335.574,"Pipeline Natural Gas",,"Combined cycle",,"Dry Low NOx Burners|Selective Catalytic Reduction",,,"ARP"
"CA","El Centro",389,"3-2",90786,,2023,7246,7239.24,360016.91,,0.81,0.001,160448.388,0.0592,6.701,0.0052,2699839.932,"Pipeline Natural Gas",,"Combined cycle",,"Dry Low NOx Burners|Selective Catalytic Reduction",,,"ARP"
"CA","El Centro",389,"4",257,,2023,5390,5381.25,161956.23,,0.534,0.001,105672.109,0.0593,58.495,0.0687,1778121.509,"Pipeline Natural Gas","Residual Oil","Dry bottom wall-fired boiler",,"Selective Catalytic Reduction",,,"ARP"
"CA","Harbor Generating Station",399,"10",262,,2023,457,353.6,13666.49,,0.043,0.001,8257.866,0.059,1.006,0.0148,140573.413,"Pipeline Natural Gas","Diesel Oil","Combustion turbine",,"Selective Catalytic Reduction",,,"ARP"
"CA","Harbor Generating Station",399,"**10A",259,,2023,876,818.32,71523.1,,0.204,0.001,39810.443,0.059,6.539,0.0211,678352.452,"Pipeline Natural Gas","Diesel Oil","Combined cycle",,"Selective Catalytic Reduction",,,"ARP"
"CA","Harbor Generating Station",399,"**10B",260,,2023,705,653.41,57895.84,,0.164,0.001,32136.336,0.059,5.201,0.0206,547613.711,"Pipeline Natural Gas","Diesel Oil","Combined cycle",,"Selective Catalytic Reduction",,,"ARP"
"CA","Harbor Generating Station",399,"11",263,,2023,362,280.36,10330.59,,0.033,0.001,6456.241,0.0591,0.895,0.0188,109851.672,"Pipeline Natural Gas","Diesel Oil","Combustion turbine",,"Selective Catalytic Reduction",,,"ARP"
"CA","Harbor Generating Station",399,"12",264,,2023,240,188.94,6951.03,,0.022,0.001,4280.115,0.059,0.533,0.016,72917.749,"Pipeline Natural Gas","Diesel Oil","Combustion turbine",,"Selective Catalytic Reduction",,,"ARP"
"CA","Harbor Generating Station",399,"13",265,,2023,293,228.06,8263.14,,0.026,0.001,5131.644,0.059,0.652,0.0181,87329.171,"Pipeline Natural Gas","Diesel Oil","Combustion turbine",,"Selective Catalytic Reduction",,,"ARP"
"CA","Harbor Generating Station",399,"14",266,,2023,2,2,0,,0,0.001,4.8,0.058,0.003,0.07,82.6,"Pipeline Natural Gas","Diesel Oil","Combustion turbine",,"Selective Catalytic Reduction",,,"ARP"
"CA","Haynes Generating Station",400,"1",271,,2023,4639,4617.01,309853.7,,1.042,0.001,202720.52,0.058,2.877,0.0031,3471241.068,"Pipeline Natural Gas",,"Dry bottom wall-fired boiler",,"Selective Catalytic Reduction",,,"ARP"
"CA","Haynes Generating Station",400,"10",89434,,2023,5041,4989.16,1112123.81,,2.35,0.001,457509.856,0.058,25.784,0.0075,7834093.615,"Pipeline Natural Gas",,"Combined cycle",,"Dry Low NOx Burners|Selective Catalytic Reduction",,,"ARP"
"CA","Haynes Generating Station",400,"11",90755,,2023,94,79.05,6148.99,,0.018,0.001,3407.471,0.0581,0.226,0.0079,58351.171,"Pipeline Natural Gas",,"Combustion turbine",,"Water Injection|Selective Catalytic Reduction",,,"ARP"
"CA","Haynes Generating Station",400,"12",90756,,2023,425,363.11,32774.6,,0.089,0.001,17250.261,0.0581,1.255,0.0082,295365.367,"Pipeline Natural Gas",,"Combustion turbine",,"Water Injection|Selective Catalytic Reduction",,,"ARP"
"CA","Haynes Generating Station",400,"13",90757,,2023,553,484.28,42934.49,,0.116,0.001,22646.282,0.058,1.611,0.008,387775.947,"Pipeline Natural Gas",,"Combustion turbine",,"Water Injection|Selective Catalytic Reduction",,,"ARP"
"CA","Haynes Generating Station",400,"14",90758,,2023,394,322.99,27151.69,,0.075,0.001,14638.478,0.0581,1.113,0.0085,250662.609,"Pipeline Natural Gas",,"Combustion turbine",,"Water Injection|Selective Catalytic Reduction",,,"ARP"
"CA","Haynes Generating Station",400,"15",90759,,2023,732,636.82,56226.15,,0.153,0.001,29849.327,0.058,2.255,0.0087,511110.2,"Pipeline Natural Gas",,"Combustion turbine",,"Water Injection|Selective Catalytic Reduction",,,"ARP"
"CA","Haynes Generating Station",400,"16",90760,,2023,438,377.76,32168.51,,0.088,0.001,17216.04,0.058,1.272,0.0084,294787.754,"Pipeline Natural Gas",,"Combustion turbine",,"Water Injection|Selective Catalytic Reduction",,,"ARP"
"CA","Haynes Generating Station",400,"2",272,,2023,31,26.97,523.52,,0.003,0.001,541.376,0.0582,0.108,0.023,9272.476,"Pipeline Natural Gas",,"Dry bottom wall-fired boiler",,"Selective Catalytic Reduction",,,"ARP"
"CA","Haynes Generating Station",400,"9",89433,,2023,4645,4556.82,1017678.32,,2.147,0.001,417977.216,0.058,24.798,0.0087,7157105.247,"Pipeline Natural Gas",,"Combined cycle",,"Dry Low NOx Burners|Selective Catalytic Reduction",,,"ARP"
"CA","Scattergood Generating Station",404,"1",277,,2023,964,938.33,36609.9,,0.136,0.001,26498.535,0.0588,1.051,0.0103,452417.144,"Pipeline Natural Gas","Other Gas","Dry bottom wall-fired boiler",,"Selective Catalytic Reduction",,,"ARP"
"CA","Scattergood Generating Station",404,"2",278,,2023,660,643.45,29807.14,,0.102,0.001,19961.094,0.0588,0.887,0.0068,340802.441,"Pipeline Natural Gas","Other Gas","Dry bottom wall-fired boiler",,"Selective Catalytic Reduction",,,"ARP"
"CA","Scattergood Generating Station",404,"4",90958,,2023,4517,4463.59,1148133.88,,2.468,0.001,481804.951,0.059,22.948,0.0061,8225878.223,"Pipeline Natural Gas",,"Combined cycle",,"Selective Catalytic Reduction",,,"ARP"
"CA","Scattergood Generating Station",404,"6",90959,,2023,1215,1046.08,95067.87,,0.259,0.001,50641.305,0.0589,3.441,0.0079,864583.712,"Pipeline Natural Gas",,"Combustion turbine",,"Water Injection|Selective Catalytic Reduction",,,"ARP"
"CA","Scattergood Generating Station",404,"7",90960,,2023,1158,990.6,91867.65,,0.248,0.001,48497.439,0.0589,3.273,0.0074,828031.581,"Pipeline Natural Gas",,"Combustion turbine",,"Water Injection|Selective Catalytic Reduction",,,"ARP"
"CA","Valley Generating Station",408,"5",284,,2023,417,323.36,12129.58,,0.038,0.001,7410.634,0.0591,1.002,0.0213,126117.847,"Pipeline Natural Gas","Diesel Oil","Combustion turbine",,"Selective Catalytic Reduction",,,"ARP"
"CA","Valley Generating Station",408,"6",89304,,2023,3474,3378.53,726226.9,,1.512,0.001,295778.029,0.059,21.879,0.0116,5040033.128,"Pipeline Natural Gas",,"Combined cycle",,"Dry Low NOx Burners|Selective Catalytic Reduction",,,"ARP"
"CA","Valley Generating Station",408,"7",89305,,2023,3960,3828.23,787597.9,,1.666,0.001,325822.364,0.059,25.437,0.0126,5551973.215,"Pipeline Natural Gas",,"Combined cycle",,"Dry Low NOx Burners|Selective Catalytic Reduction",,,"ARP"
"CA","Glenarm",422,"GT3",88258,,2023,553,447.58,10454.97,,0.035,0.0005,7254.41,0.0594,1.393,0.0273,122040.065,"Pipeline Natural Gas",,"Combustion turbine",,"Selective Catalytic Reduction",,,"ARP"
"CA","Glenarm",422,"GT4",88259,,2023,547,421.88,10275.44,,0.033,0.0005,7143,0.0593,1.515,0.0292,120192.522,"Pipeline Natural Gas",,"Combustion turbine",,"Selective Catalytic Reduction",,,"ARP"
"CA","Glenarm",422,"GT5",90975,,2023,691,585.76,18940.63,,0.054,0.0006,10863.495,0.0593,0.817,0.0112,182802.07,"Pipeline Natural Gas",,"Combined cycle",,"Water Injection|Selective Catalytic Reduction",,,"ARP"
"CO","Cherokee",469,"4",298,,2023,3224,3203.6,613059.45,,1.862,0.001,368759.593,0.059,194.066,0.0604,6205090.089,"Pipeline Natural Gas",,"Tangentially-fired",,"Low NOx Burner Technology w/ Closed-coupled/Separated OFA",,,"ARP"
"CO","Cherokee",469,"5",90850,,2023,7558,7547.92,1548816.95,,3.176,0.001,630860.988,0.059,59.742,0.0118,10615422.105,"Pipeline Natural Gas",,"Combined cycle",,"Selective Catalytic Reduction",,,"ARP"
"CO","Cherokee",469,"6",90851,,2023,7899,7891.22,1626434.41,,3.325,0.001,660048.845,0.059,71.744,0.0137,11106638.798,"Pipeline Natural Gas",,"Combined cycle",,"Selective Catalytic Reduction",,,"ARP"
"CO","Comanche (470)",470,"2",300,,2023,8163,8158.32,2161093.98,,987.562,0.0898,2381571.838,0.1032,1551.849,0.1335,22995515.264,"Coal","Natural Gas","Dry bottom wall-fired boiler","Dry Lime FGD","Low NOx Burner Technology w/ Overfire Air","Baghouse","Halogenated PAC Sorbent Injection","ARP, MATS"
"CO","Comanche (470)",470,"3",89734,,2023,8043,8026.33,5037512.15,,2216.631,0.0911,5284350.914,0.1019,1759.935,0.0678,51474519.69,"Coal","Natural Gas","Tangentially-fired","Dry Lime FGD","Selective Catalytic Reduction","Baghouse","Halogenated PAC Sorbent Injection","ARP, MATS"
"CO","Martin Drake",492,"A1",91401,,2023,1058,933.87,22558.23,,0.084,0.0008,13886.977,0.06,9.671,0.089,231120.079,"Pipeline Natural Gas","Diesel Oil","Combustion turbine (Started Mar 08, 2023)",,"Dry Low NOx Burners",,,"ARP"
"CO","Martin Drake",492,"A2",91396,,2023,1172,1026.75,25444.18,,0.094,0.0008,15353.07,0.0599,8.665,0.0741,256672.844,"Pipeline Natural Gas","Diesel Oil","Combustion turbine (Started Mar 09, 2023)",,"Dry Low NOx Burners",,,"ARP"
"CO","Martin Drake",492,"A3",91397,,2023,986,858.31,20589.76,,0.059,0.0005,12286.43,0.06,8.08,0.0839,205127.742,"Pipeline Natural Gas","Diesel Oil","Combustion turbine (Started Mar 18, 2023)",,"Dry Low NOx Burners",,,"ARP"
"CO","Martin Drake",492,"A4",91398,,2023,1119,992.89,24429.73,,0.092,0.0008,15074.216,0.0601,12.006,0.1046,251303.894,"Pipeline Natural Gas","Diesel Oil","Combustion turbine (Started Mar 27, 2023)",,"Dry Low NOx Burners",,,"ARP"
"CO","Martin Drake",492,"A5",91399,,2023,1104,978.97,23784.54,,0.054,0.0002,13923.417,0.06,9.097,0.085,232248.021,"Pipeline Natural Gas","Diesel Oil","Combustion turbine (Started Mar 29, 2023)",,"Dry Low NOx Burners",,,"ARP"
"CO","Martin Drake",492,"A6",91400,,2023,1015,873.8,21218.47,,0.08,0.0008,13187.3,0.0605,11.063,0.1094,219358.065,"Pipeline Natural Gas","Diesel Oil","Combustion turbine (Started Apr 13, 2023)",,"Dry Low NOx Burners",,,"ARP"
"CO","Hayden",525,"H1",317,,2023,8036,8025.85,1125436.46,,683.49,0.1146,1236863.602,0.103,326.384,0.0546,12055202.089,"Coal","Diesel Oil, Natural Gas","Dry bottom wall-fired boiler","Dry Lime FGD","Low NOx Burner Technology w/ Overfire Air|Selective Catalytic Reduction","Baghouse",,"ARP, MATS"
"CO","Hayden",525,"H2",318,,2023,7682,7664.82,1601032.18,,998.203,0.1237,1689214.553,0.1029,428.216,0.0522,16464094.305,"Coal","Diesel Oil","Tangentially-fired","Dry Lime FGD","Low NOx Burner Technology w/ Closed-coupled/Separated OFA|Selective Catalytic Reduction","Baghouse",,"ARP, MATS"
"AL","McWilliams",533,"**4",320,,2023,2967,2823.81,279862.31,,0.997,0.001,181992.683,0.059,67.698,0.0476,3060619.19,"Pipeline Natural Gas","Diesel Oil","Combined cycle",,"Dry Low NOx Burners|Water Injection",,,"ARP, CSNOX, CSOSG2, CSSO2G2"
"AL","McWilliams",533,"**V1",324,,2023,6757,6735.28,1109012.79,,3.598,0.001,712686.498,0.059,71.288,0.0126,11992393.37,"Pipeline Natural Gas",,"Combined cycle",,"Dry Low NOx Burners|Selective Catalytic Reduction",,,"ARP, CSNOX, CSOSG2, CSSO2G2"
"AL","McWilliams",533,"**V2",325,,2023,6892,6863.78,1145565.16,,3.549,0.001,702947.922,0.059,67.549,0.012,11828344.076,"Pipeline Natural Gas",,"Combined cycle",,"Dry Low NOx Burners|Selective Catalytic Reduction",,,"ARP, CSNOX, CSOSG2, CSSO2G2"
"CT","Branford",540,"10",326,,2023,5,2.78,36.62,,,,,,0.233,0.671,695,"Other Oil",,"Combustion turbine",,,,,"SIPNOX"
"CT","Cos Cob",542,"10",327,,2023,15,8.54,129.84,,,,,,1.281,1.2,2135,"Other Oil",,"Combustion turbine",,"Water Injection",,,"SIPNOX"
"CT","Cos Cob",542,"11",328,,2023,15,9.69,142.64,,,,,,1.454,1.2,2422.5,"Other Oil",,"Combustion turbine",,"Water Injection",,,"SIPNOX"
"CT","Cos Cob",542,"12",329,,2023,24,14.74,201.31,,,,,,2.211,1.2,3685,"Other Oil",,"Combustion turbine",,"Water Injection",,,"SIPNOX"
"CT","Cos Cob",542,"13",90364,,2023,15,10.82,154.1,,,,,,1.999,1.1999,3332.4,"Other Oil",,"Combustion turbine",,"Water Injection",,,"SIPNOX"
"CT","Cos Cob",542,"14",90365,,2023,10,7.2,104.28,,,,,,0.183,0.165,2217.6,"Other Oil",,"Combustion turbine",,"Water Injection",,,"SIPNOX"
"CT","Devon",544,"10",330,,2023,15,10.2,123.87,,,,,,1.408,1.2,2346,"Other Oil",,"Combustion turbine",,,,,"SIPNOX"
"CT","Devon",544,"11",331,,2023,46,28.36,843.01,,0.195,0.0353,880.8,0.0782,4.106,0.8883,11344,"Pipeline Natural Gas","Diesel Oil","Combustion turbine",,"Water Injection",,,"ARP, RGGI, SIPNOX"
"CT","Devon",544,"12",332,,2023,57,31.98,876.26,,0.226,0.0342,999.6,0.0775,4.627,0.89,12792,"Pipeline Natural Gas","Diesel Oil","Combustion turbine",,"Water Injection",,,"ARP, RGGI, SIPNOX"
"CT","Devon",544,"13",333,,2023,36,20.79,562.6,,0.148,0.035,651.2,0.078,2.879,0.8729,8316,"Pipeline Natural Gas","Diesel Oil","Combustion turbine",,"Water Injection",,,"ARP, RGGI, SIPNOX"
"CT","Devon",544,"14",334,,2023,29,17.58,468.54,,0.129,0.035,555.4,0.0781,2.613,0.8817,7032,"Pipeline Natural Gas","Diesel Oil","Combustion turbine",,"Water Injection",,,"ARP, RGGI, SIPNOX"
"CT","Devon",544,"15",90352,,2023,71,44.41,1771.32,,0.006,0.0009,1481.516,0.081,0.111,0.0101,18257.862,"Diesel Oil","Pipeline Natural Gas","Combustion turbine",,"Water Injection|Selective Catalytic Reduction",,,"ARP, RGGI, SIPNOX"
"CT","Devon",544,"16",90353,,2023,71,43.36,1773.39,,0.005,0.0009,1398.9,0.0792,0.074,0.0076,17392.118,"Diesel Oil","Pipeline Natural Gas","Combustion turbine",,"Water Injection|Selective Catalytic Reduction",,,"ARP, RGGI, SIPNOX"
"CT","Devon",544,"17",90354,,2023,34,23.16,1012.32,,0.003,0.001,817.34,0.0778,0.049,0.0081,10428.726,"Diesel Oil","Pipeline Natural Gas","Combustion turbine",,"Water Injection|Selective Catalytic Reduction",,,"ARP, RGGI, SIPNOX"
"CT","Devon",544,"18",90355,,2023,74,47.49,1940.98,,0.006,0.0009,1598.12,0.0801,0.096,0.0091,19914.495,"Diesel Oil","Pipeline Natural Gas","Combustion turbine",,"Water Injection|Selective Catalytic Reduction",,,"ARP, RGGI, SIPNOX"
"CT","Montville",546,"5",343,,2023,423,411.99,19007.99,,9.677,0.0749,14826.748,0.0643,9.41,0.0714,227159.927,"Residual Oil","Pipeline Natural Gas","Tangentially-fired",,,,,"ARP, MATS, RGGI, SIPNOX"
"CT","Montville",546,"6",344,,2023,196,188.64,21649.72,,34.712,0.2437,19036.599,0.081,21.583,0.1407,234625.856,"Residual Oil",,"Tangentially-fired",,,,,"ARP, MATS, RGGI, SIPNOX"
"CT","Tunnel",557,"10",349,,2023,15,12.29,211.45,,,,,,0.783,0.5281,2965,"Diesel Oil",,"Combustion turbine",,,,,"SIPNOX"
"CT","Franklin Drive",561,"10",350,,2023,5,2.82,35.58,,,,,,0.423,1.2,705,"Other Oil",,"Combustion turbine",,,,,"SIPNOX"
"CT","Middletown",562,"10",352,,2023,13,8.5,101.32,,,,,,0.652,0.6139,2125,"Other Oil",,"Combustion turbine",,,,,"SIPNOX"
"CT","Middletown",562,"12",90357,,2023,67,47.75,1912.76,,0.006,0.001,1435.119,0.0774,0.096,0.0079,18585.163,"Diesel Oil","Pipeline Natural Gas","Combustion turbine",,"Selective Catalytic Reduction|Water Injection",,,"ARP, RGGI, SIPNOX"
"CT","Middletown",562,"13",90358,,2023,68,44.12,1804.78,,0.006,0.001,1318.085,0.0774,0.073,0.007,17193.833,"Diesel Oil","Pipeline Natural Gas","Combustion turbine",,"Selective Catalytic Reduction|Water Injection",,,"ARP, RGGI, SIPNOX"
"CT","Middletown",562,"14",90359,,2023,77,49.52,1964.11,,0.007,0.0009,1486.59,0.0778,0.044,0.0041,19056.538,"Diesel Oil","Pipeline Natural Gas","Combustion turbine",,"Selective Catalytic Reduction|Water Injection",,,"ARP, RGGI, SIPNOX"
"CT","Middletown",562,"15",90476,,2023,80,49.71,1937.25,,0.006,0.001,1475.413,0.0786,0.056,0.0057,18880.479,"Diesel Oil","Pipeline Natural Gas","Combustion turbine",,"Water Injection|Selective Catalytic Reduction",,,"ARP, RGGI, SIPNOX"
"CT","Middletown",562,"2",353,,2023,1252,1242.3,116731.99,,11.635,0.0238,71217.854,0.0603,52.971,0.083,1179788.815,"Pipeline Natural Gas","Residual Oil","Dry bottom wall-fired boiler",,"Overfire Air|Selective Non-catalytic Reduction","Electrostatic Precipitator",,"ARP, RGGI, SIPNOX"
"CT","Middletown",562,"3",354,,2023,494,481.41,57669.41,,24.246,0.0768,37306.095,0.0643,56.985,0.1708,572956.615,"Pipeline Natural Gas","Residual Oil","Cyclone boiler",,"Water Injection|Selective Non-catalytic Reduction","Electrostatic Precipitator",,"ARP, RGGI, SIPNOX"
"CT","Middletown",562,"4",355,,2023,109,105.5,19612.88,,35.34,0.3027,18731.325,0.081,22.354,0.1608,230836.477,"Residual Oil",,"Tangentially-fired",,,,,"ARP, MATS, RGGI, SIPNOX"
"CT","South Meadow Station",563,"11A",357,,2023,4,0.12,0,,,,0.4,0.0828,0.002,0.694,4.9,"Diesel Oil",,"Combustion turbine",,,,,"RGGI, SIPNOX"
"CT","South Meadow Station",563,"11B",358,,2023,4,0.12,0,,,,0.4,0.0828,0.002,0.7518,4.9,"Diesel Oil",,"Combustion turbine",,,,,"RGGI, SIPNOX"
"CT","South Meadow Station",563,"12A",360,,2023,4,0.12,0,,,,0.4,0.0828,0.002,0.694,4.9,"Diesel Oil",,"Combustion turbine",,,,,"RGGI, SIPNOX"
"CT","South Meadow Station",563,"12B",361,,2023,4,0.12,0,,,,0.4,0.0828,0.002,0.694,4.9,"Diesel Oil",,"Combustion turbine",,,,,"RGGI, SIPNOX"
"CT","South Meadow Station",563,"13A",363,,2023,1,0.03,0,,,,0.1,0.1,0,0.7,1,"Diesel Oil",,"Combustion turbine",,,,,"RGGI, SIPNOX"
"CT","South Meadow Station",563,"13B",364,,2023,4,0.16,0,,,,0.5,0.0845,0.002,0.719,6,"Diesel Oil",,"Combustion turbine",,,,,"RGGI, SIPNOX"
"CT","South Meadow Station",563,"14A",365,,2023,4,0.12,0,,,,0.4,0.1,0.001,0.7,4,"Diesel Oil",,"Combustion turbine",,,,,"RGGI, SIPNOX"
"CT","South Meadow Station",563,"14B",366,,2023,4,0.12,0,,,,0.4,0.1,0.001,0.7,4,"Diesel Oil",,"Combustion turbine",,,,,"RGGI, SIPNOX"
"FL","Curtis H. Stanton Energy Center",564,"1",368,,2023,7222,7206.31,1657528.26,,847.041,0.0702,1655072.656,0.0936,2140.515,0.2388,17344061.888,"Coal","Pipeline Natural Gas","Dry bottom wall-fired boiler","Wet Lime FGD","Low NOx Burner Technology (Dry Bottom only)","Electrostatic Precipitator",,"ARP, MATS"
"FL","Curtis H. Stanton Energy Center",564,"2",369,,2023,7482,7468.59,2023164.68,,620.686,0.0513,1875194.788,0.0936,1356.019,0.1357,19690787.991,"Coal","Other Gas, Pipeline Natural Gas","Dry bottom wall-fired boiler","Wet Lime FGD","Low NOx Burner Technology (Dry Bottom only)|Selective Catalytic Reduction","Electrostatic Precipitator",,"ARP, MATS"
"FL","Curtis H. Stanton Energy Center",564,"CCB",90549,,2023,7792,7783.58,1820660.75,,3.951,0.001,782547.535,0.059,25.48,0.0044,13167840.311,"Pipeline Natural Gas","Diesel Oil","Combined cycle",,"Dry Low NOx Burners|Water Injection|Selective Catalytic Reduction",,,"ARP"
"CT","Torrington Terminal",565,"10",370,,2023,5,2.8,35.36,,,,,,0.42,1.2,700,"Other Oil",,"Combustion turbine",,,,,"SIPNOX"
"CT","Bridgeport Harbor Station",568,"BHB5",91155,,2023,6942,6932.91,3048904.13,,5.93,0.001,1174019.788,0.0592,62.202,0.0064,19699226.567,"Pipeline Natural Gas","Diesel Oil","Combined cycle",,"Dry Low NOx Burners|Water Injection|Selective Catalytic Reduction",,,"ARP, RGGI, SIPNOX"
"CT","Norwich",581,"TRBINE",5083,,2023,5,2.38,23.12,,,,,,0.356,1.2,592.6,"Diesel Oil",,"Combustion turbine",,,,,"SIPNOX"
"VT","J C McNeil",589,"1",377,,2023,4118,4107.5,209141.5,,0.94,0.001,329390,0.104,109.048,0.0683,3145989.875,"Wood","Diesel Oil, Pipeline Natural Gas","Other boiler",,"Other","Cyclone|Electrostatic Precipitator",,"ARP"
"DE","Christiana Substation",591,"11",378,,2023,18,13.83,237.89,,,,390.1,0.0826,1.54,0.6229,4816.8,"Diesel Oil",,"Combustion turbine",,"Water Injection",,,"RGGI, SIPNOX"
"DE","Christiana Substation",591,"14",379,,2023,17,14.05,242.22,,,,503.1,0.0811,2.093,0.4962,6210.2,"Diesel Oil",,"Combustion turbine",,"Water Injection",,,"RGGI, SIPNOX"
"DE","Delaware City",592,"10",380,,2023,10,8.89,118.25,,,,,,0.239,0.242,1977.2,"Diesel Oil",,"Combustion turbine",,"Water Injection",,,"SIPNOX"
"DE","Edge Moor",593,"10",381,,2023,5,3.18,32.02,,,,,,0.201,0.229,1756.9,"Diesel Oil",,"Combustion turbine",,"Water Injection",,,"SIPNOX"
"DE","Edge Moor",593,"3",382,,2023,1019,981.18,36900.88,,0.131,0.001,26058.831,0.059,12.998,0.0535,439605.385,"Pipeline Natural Gas","Residual Oil","Tangentially-fired",,"Selective Non-catalytic Reduction","Electrostatic Precipitator",,"ARP, RGGI, SIPNOX"
"DE","Edge Moor",593,"4",383,,2023,1041,1002.64,86326.9,,0.275,0.001,53530.975,0.059,21.296,0.0461,903017.728,"Pipeline Natural Gas","Residual Oil","Tangentially-fired",,"Low NOx Burner Technology w/ Separated OFA","Electrostatic Precipitator",,"ARP, RGGI, SIPNOX"
"DE","Edge Moor",593,"5",384,,2023,1167,1121.19,143220.93,,26.91,0.0164,99639.814,0.0597,57.873,0.0561,1639062.814,"Residual Oil","Pipeline Natural Gas","Dry bottom wall-fired boiler",,"Low NOx Burner Technology w/ Overfire Air","Cyclone",,"ARP, MATS, RGGI, SIPNOX"
"DE","Indian River",594,"10",386,,2023,67,53.76,688.68,,,,,,2.415,0.2456,19676.2,"Diesel Oil",,"Combustion turbine",,"Water Injection",,,"SIPNOX"
"DE","Indian River",594,"4",389,,2023,291,279.32,26070.6,,129.114,0.6783,31534.174,0.1028,21.669,0.104,307359.688,"Coal",,"Dry bottom turbo-fired boiler","Dry Lime FGD","Low NOx Burner Technology w/ Overfire Air|Selective Non-catalytic Reduction|Selective Catalytic Reduction","Electrostatic Precipitator",,"ARP, MATS, RGGI, SIPNOX"
"DE","West Substation",597,"10",391,,2023,5,3.57,50.39,,,,,,0.18,0.2226,1615,"Diesel Oil",,"Combustion turbine",,"Water Injection",,,"SIPNOX"
"MD","Brandon Shores",602,"1",395,,2023,1961,1947.52,544329.49,,291.832,0.0852,649917.362,0.1028,308.159,0.0979,6334463.421,"Coal",,"Dry bottom wall-fired boiler","Wet Lime FGD","Low NOx Burner Technology w/ Overfire Air|Selective Catalytic Reduction","Cyclone|Baghouse",,"ARP, CSNOX, CSOSG3, CSSO2G1, MATS, RGGI"
"MD","Brandon Shores",602,"2",396,,2023,2543,2529.97,722368.77,,241.311,0.0793,701886.494,0.1028,314.189,0.0909,6840999.418,"Coal",,"Dry bottom wall-fired boiler","Wet Limestone","Low NOx Burner Technology w/ Overfire Air|Selective Catalytic Reduction","Cyclone|Baghouse",,"ARP, CSNOX, CSOSG3, CSSO2G1, MATS, RGGI"
"WA","Fredonia Generating Station",607,"CT3",9183,,2023,3102,2973.7,150831.75,,1.406,0.002,92146.767,0.0593,16.512,0.023,1546729.354,"Natural Gas","Diesel Oil","Combustion turbine",,"Water Injection|Selective Catalytic Reduction",,,"ARP"
"WA","Fredonia Generating Station",607,"CT4",9184,,2023,2905,2781.34,139710.56,,1.348,0.002,88292.393,0.0593,14.948,0.0237,1482540.84,"Natural Gas","Diesel Oil","Combustion turbine",,"Water Injection|Selective Catalytic Reduction",,,"ARP"
"FL","Cape Canaveral",609,"CCCT3A",90801,,2023,7466,7366.74,2583453.91,,5.003,0.001,988923.537,0.0591,63.195,0.0087,16629373.069,"Pipeline Natural Gas","Diesel Oil","Combined cycle",,"Dry Low NOx Burners|Water Injection|Selective Catalytic Reduction",,,"ARP"
"FL","Cape Canaveral",609,"CCCT3B",90802,,2023,6488,6412.29,2270466.53,,4.405,0.001,871309.95,0.0591,55.148,0.0087,14654472.17,"Pipeline Natural Gas","Diesel Oil","Combined cycle",,"Dry Low NOx Burners|Water Injection|Selective Catalytic Reduction",,,"ARP"
"FL","Cape Canaveral",609,"CCCT3C",90803,,2023,6859,6727.08,2375012.7,,4.638,0.001,917070.606,0.0591,60.307,0.0095,15422458.641,"Pipeline Natural Gas","Diesel Oil","Combined cycle",,"Dry Low NOx Burners|Water Injection|Selective Catalytic Reduction",,,"ARP"
"FL","Fort Myers",612,"FMCT2A",403,,2023,7035,6993.49,1683241.47,,3.495,0.001,692220.282,0.059,153.992,0.0276,11647890.646,"Pipeline Natural Gas",,"Combined cycle",,"Dry Low NOx Burners",,,"ARP"
"FL","Fort Myers",612,"FMCT2B",404,,2023,6935,6860.66,1651863.08,,3.366,0.001,666777.27,0.059,153.035,0.0294,11219756.501,"Pipeline Natural Gas",,"Combined cycle",,"Dry Low NOx Burners",,,"ARP"
"FL","Fort Myers",612,"FMCT2C",405,,2023,7530,7486.95,1817775.19,,3.727,0.001,738247.422,0.059,161.879,0.027,12422388.862,"Pipeline Natural Gas",,"Combined cycle",,"Dry Low NOx Burners",,,"ARP"
"FL","Fort Myers",612,"FMCT2D",406,,2023,7316,7231.6,1778114.33,,3.608,0.001,714749.28,0.059,155.239,0.0278,12027023.733,"Pipeline Natural Gas",,"Combined cycle",,"Dry Low NOx Burners",,,"ARP"
"FL","Fort Myers",612,"FMCT2E",407,,2023,7707,7661.73,1860209.64,,3.865,0.001,765695.932,0.059,161.98,0.0263,12884243.694,"Pipeline Natural Gas",,"Combined cycle",,"Dry Low NOx Burners",,,"ARP"
"FL","Fort Myers",612,"FMCT2F",408,,2023,7286,7232.82,1732242.76,,3.584,0.001,709979.653,0.059,161.545,0.0295,11946811.671,"Pipeline Natural Gas",,"Combined cycle",,"Dry Low NOx Burners",,,"ARP"
"FL","Fort Myers",612,"PFM3A",411,,2023,864,729.02,91626.69,,0.742,0.0019,60849.405,0.0594,16.295,0.0366,1017403.741,"Pipeline Natural Gas","Diesel Oil","Combustion turbine",,"Dry Low NOx Burners|Water Injection",,,"ARP"
"FL","Fort Myers",612,"PFM3B",412,,2023,764,640.23,70292.33,,0.9,0.0022,53961.968,0.0595,15.758,0.0408,898653.594,"Pipeline Natural Gas","Diesel Oil","Combustion turbine",,"Dry Low NOx Burners|Water Injection",,,"ARP"
"FL","Fort Myers",612,"PFM3C",91055,,2023,732,619.58,93182.74,,0.549,0.0016,60081.754,0.0593,14.354,0.0311,1007310.746,"Pipeline Natural Gas","Diesel Oil","Combustion turbine",,"Dry Low NOx Burners|Water Injection",,,"ARP"
"FL","Fort Myers",612,"PFM3D",91054,,2023,1014,870.64,122941.16,,0.599,0.0013,81516.269,0.0592,20.01,0.0328,1368861.645,"Pipeline Natural Gas","Diesel Oil","Combustion turbine",,"Dry Low NOx Burners|Water Injection",,,"ARP"
"FL","Lauderdale",613,"PFL6A",91056,,2023,462,364.49,53676,,0.192,0.001,36168.254,0.0598,9.82,0.0383,598584.626,"Pipeline Natural Gas","Diesel Oil","Combustion turbine",,"Dry Low NOx Burners|Water Injection",,,"ARP"
"FL","Lauderdale",613,"PFL6B",91057,,2023,440,354.25,51122.75,,0.2,0.001,36012.081,0.0604,10.793,0.0411,587562.693,"Pipeline Natural Gas","Diesel Oil","Combustion turbine",,"Dry Low NOx Burners|Water Injection",,,"ARP"
"FL","Lauderdale",613,"PFL6C",91058,,2023,359,276.77,40721.77,,0.16,0.0011,27805.982,0.0611,8.71,0.0434,447778.715,"Pipeline Natural Gas","Diesel Oil","Combustion turbine",,"Dry Low NOx Burners|Water Injection",,,"ARP"
"FL","Lauderdale",613,"PFL6D",91059,,2023,621,510.21,72109.99,,0.288,0.0011,49430.226,0.0614,14.569,0.0388,792046.763,"Pipeline Natural Gas","Diesel Oil","Combustion turbine",,"Dry Low NOx Burners|Water Injection",,,"ARP"
"FL","Lauderdale",613,"PFL6E",91060,,2023,522,427.92,63596.83,,0.235,0.001,41678.262,0.0609,12.426,0.0404,676142.524,"Pipeline Natural Gas","Diesel Oil","Combustion turbine",,"Dry Low NOx Burners|Water Injection",,,"ARP"
"FL","Lauderdale",613,"PFL7A",91441,,2023,6061,6037.39,2847463.29,,5.465,0.001,1079140.88,0.0591,64.525,0.008,18139829.814,"Pipeline Natural Gas","Diesel Oil","Combined cycle",,"Dry Low NOx Burners|Selective Catalytic Reduction",,,"ARP, NSPS4T"
"FL","Lauderdale",613,"PFL7B",91442,,2023,7112,7083.71,3373778.23,,6.456,0.001,1278914.182,0.059,74.106,0.0078,21520056.205,"Pipeline Natural Gas","Diesel Oil","Combined cycle",,"Dry Low NOx Burners|Selective Catalytic Reduction",,,"ARP, NSPS4T"
"FL","Port Everglades",617,"PECT5A",91022,,2023,6021,5946.6,1880307.23,,3.661,0.001,723344.63,0.0591,47.208,0.0092,12161238.984,"Pipeline Natural Gas","Diesel Oil","Combined cycle",,"Dry Low NOx Burners|Water Injection|Selective Catalytic Reduction",,,"ARP"
"FL","Port Everglades",617,"PECT5B",91023,,2023,6468,6392.99,2046800.67,,3.954,0.001,781872.243,0.0591,49.937,0.0086,13148800.849,"Pipeline Natural Gas","Diesel Oil","Combined cycle",,"Dry Low NOx Burners|Water Injection|Selective Catalytic Reduction",,,"ARP"
"FL","Port Everglades",617,"PECT5C",91021,,2023,5842,5758.57,1885366.6,,3.679,0.001,727401.766,0.0591,46.957,0.0088,12232656.182,"Pipeline Natural Gas","Diesel Oil","Combined cycle",,"Dry Low NOx Burners|Water Injection|Selective Catalytic Reduction",,,"ARP"
"FL","Riviera Beach Energy Center",619,"RBCT5A",90798,,2023,5927,5745.73,2053778.45,,3.977,0.001,784652.45,0.0591,62.608,0.0139,13185917.176,"Pipeline Natural Gas","Diesel Oil","Combined cycle",,"Dry Low NOx Burners|Water Injection|Selective Catalytic Reduction",,,"ARP"
"FL","Riviera Beach Energy Center",619,"RBCT5B",90799,,2023,7510,7436.94,2798801.68,,5.267,0.001,1041524.095,0.0591,66.084,0.0085,17515884.204,"Pipeline Natural Gas","Diesel Oil","Combined cycle",,"Dry Low NOx Burners|Water Injection|Selective Catalytic Reduction",,,"ARP"
"FL","Riviera Beach Energy Center",619,"RBCT5C",90800,,2023,6621,6485.51,2526752.04,,4.743,0.001,938029.175,0.0591,62.439,0.0102,15775689.218,"Pipeline Natural Gas","Diesel Oil","Combined cycle",,"Dry Low NOx Burners|Water Injection|Selective Catalytic Reduction",,,"ARP"
"FL","Sanford",620,"SNCT4A",429,,2023,5823,5716.7,1203321.11,,2.51,0.001,497212.686,0.059,109.351,0.0284,8366569.21,"Pipeline Natural Gas",,"Combined cycle",,"Dry Low NOx Burners",,,"ARP"
"FL","Sanford",620,"SNCT4B",430,,2023,4858,4736.41,998475.38,,2.079,0.001,411738.961,0.059,90.689,0.0287,6928367.391,"Pipeline Natural Gas",,"Combined cycle",,"Dry Low NOx Burners",,,"ARP"
"FL","Sanford",620,"SNCT4C",431,,2023,5285,5183.78,1088090.43,,2.252,0.001,446072.843,0.059,97.06,0.0283,7506038.872,"Pipeline Natural Gas",,"Combined cycle",,"Dry Low NOx Burners",,,"ARP"
"FL","Sanford",620,"SNCT4D",432,,2023,4551,4365.73,912375.37,,1.915,0.001,379237.076,0.059,89.328,0.032,6381363.445,"Pipeline Natural Gas",,"Combined cycle",,"Dry Low NOx Burners",,,"ARP"
"FL","Sanford",620,"SNCT5A",433,,2023,4914,4737.82,1033681.46,,2.181,0.001,432011.103,0.059,96.839,0.0305,7269404.648,"Pipeline Natural Gas",,"Combined cycle",,"Dry Low NOx Burners",,,"ARP"
"FL","Sanford",620,"SNCT5B",434,,2023,4360,4176.54,896590.94,,1.86,0.001,368346.944,0.059,85.961,0.0315,6198104.725,"Pipeline Natural Gas",,"Combined cycle",,"Dry Low NOx Burners",,,"ARP"
"FL","Sanford",620,"SNCT5C",435,,2023,4861,4686.69,1016585.05,,2.148,0.001,425498.808,0.059,95.373,0.0301,7159831.165,"Pipeline Natural Gas",,"Combined cycle",,"Dry Low NOx Burners",,,"ARP"
"FL","Sanford",620,"SNCT5D",436,,2023,4360,4194.62,900125.03,,1.885,0.001,373315.657,0.059,93.891,0.0332,6281746.133,"Pipeline Natural Gas",,"Combined cycle",,"Dry Low NOx Burners",,,"ARP"
"FL","Turkey Point",621,"TPCT5A",89540,,2023,7799,7758.85,1792832.25,,3.641,0.001,718641.427,0.059,42.962,0.0075,12091484.196,"Pipeline Natural Gas","Diesel Oil","Combined cycle",,"Dry Low NOx Burners|Water Injection|Ammonia Injection|Selective Catalytic Reduction",,,"ARP"
"FL","Turkey Point",621,"TPCT5B",89541,,2023,7354,7279.54,1689087.03,,3.43,0.001,672661.034,0.059,41.228,0.0081,11315750.845,"Pipeline Natural Gas","Diesel Oil","Combined cycle",,"Dry Low NOx Burners|Water Injection|Ammonia Injection|Selective Catalytic Reduction",,,"ARP"
"FL","Turkey Point",621,"TPCT5C",89542,,2023,7341,7306.52,1711776,,3.442,0.001,680884.587,0.059,41.073,0.0076,11456713.372,"Pipeline Natural Gas","Diesel Oil","Combined cycle",,"Dry Low NOx Burners|Water Injection|Ammonia Injection|Selective Catalytic Reduction",,,"ARP"
"FL","Turkey Point",621,"TPCT5D",89543,,2023,6795,6693.62,1561880.05,,3.155,0.001,623032.887,0.059,39.345,0.0088,10482928.828,"Pipeline Natural Gas","Diesel Oil","Combined cycle",,"Dry Low NOx Burners|Water Injection|Ammonia Injection|Selective Catalytic Reduction",,,"ARP"
"FL","Crystal River",628,"1GTA",91095,,2023,7806,7798.48,3046186.01,,6.113,0.001,1210979.625,0.059,512.607,0.0508,20377065.757,"Pipeline Natural Gas",,"Combined cycle",,"Selective Catalytic Reduction",,,"ARP, NSPS4T"
"FL","Crystal River",628,"1GTB",91096,,2023,8092,8084.29,3131493.81,,6.269,0.001,1241827.903,0.059,565.25,0.0546,20896150.375,"Pipeline Natural Gas",,"Combined cycle",,"Selective Catalytic Reduction",,,"ARP, NSPS4T"
"FL","Crystal River",628,"2GTA",91097,,2023,8081,8075.95,3178655.91,,6.327,0.001,1253371.124,0.059,554.327,0.0533,21090368.935,"Pipeline Natural Gas",,"Combined cycle",,"Selective Catalytic Reduction",,,"ARP, NSPS4T"
"FL","Crystal River",628,"2GTB",91098,,2023,8119,8111.08,3196868.87,,6.343,0.001,1256499.011,0.059,575.764,0.0553,21143004.314,"Pipeline Natural Gas",,"Combined cycle",,"Selective Catalytic Reduction",,,"ARP, NSPS4T"
"FL","Crystal River",628,"4",442,,2023,5473,5456.92,2171886.07,,1810.944,0.1425,2161983.618,0.103,849.553,0.0818,21071965.222,"Coal",,"Dry bottom wall-fired boiler","Wet Limestone","Low NOx Burner Technology (Dry Bottom only)|Selective Catalytic Reduction","Wet Scrubber|Electrostatic Precipitator",,"ARP, MATS"
"FL","Crystal River",628,"5",443,,2023,5470,5458.58,2123397.22,,1704.552,0.2013,2073859.882,0.1029,912.84,0.099,20213053.447,"Coal",,"Dry bottom wall-fired boiler","Wet Lime FGD","Low NOx Burner Technology (Dry Bottom only)|Selective Catalytic Reduction","Wet Scrubber|Electrostatic Precipitator",,"ARP, MATS"
"FL","P L Bartow",634,"4A",90418,,2023,6559,6528.22,1600645.12,,3.44,0.001,683824.601,0.059,173.234,0.0305,11506695.473,"Pipeline Natural Gas","Diesel Oil","Combined cycle",,"Dry Low NOx Burners|Water Injection|Selective Catalytic Reduction",,,"ARP"
"FL","P L Bartow",634,"4B",90416,,2023,7527,7497.5,1690281.02,,3.868,0.001,766072.644,0.059,188.665,0.0299,12889569.106,"Pipeline Natural Gas","Diesel Oil","Combined cycle",,"Dry Low NOx Burners|Water Injection|Selective Catalytic Reduction",,,"ARP"
"FL","P L Bartow",634,"4C",90417,,2023,6932,6895.98,1676271.38,,3.692,0.001,727583.849,0.059,196.814,0.0323,12243088.383,"Pipeline Natural Gas","Diesel Oil","Combined cycle",,"Dry Low NOx Burners|Water Injection|Selective Catalytic Reduction",,,"ARP"
"FL","P L Bartow",634,"4D",90419,,2023,7654,7628.06,1735139.38,,3.909,0.001,777104.652,0.059,196.627,0.0306,13076273.041,"Pipeline Natural Gas","Diesel Oil","Combined cycle",,"Dry Low NOx Burners|Water Injection|Selective Catalytic Reduction",,,"ARP"
"FL","Gulf Clean Energy Center",641,"4",459,"CS45",2023,2650,2640.43,88297.04,,0.317,0.001,62596.823,0.0594,52.586,0.0918,1052723.965,"Pipeline Natural Gas",,"Tangentially-fired",,,,,"ARP"
"FL","Gulf Clean Energy Center",641,"5",460,"CS45",2023,2588,2570.91,87507.75,,0.313,0.001,61915.294,0.0592,52.927,0.0917,1041799.274,"Pipeline Natural Gas",,"Tangentially-fired",,,,,"ARP"
"FL","Gulf Clean Energy Center",641,"6",461,"CS67",2023,5495,5468.76,588975.75,,1.967,0.001,389524.738,0.0591,357.003,0.1028,6554553.926,"Pipeline Natural Gas",,"Dry bottom wall-fired boiler",,,,,"ARP"
"FL","Gulf Clean Energy Center",641,"7",462,"CS67",2023,5737,5721.18,1359593.48,,4.519,0.001,895235.251,0.059,921.736,0.1211,15063972.277,"Pipeline Natural Gas",,"Dry bottom wall-fired boiler",,,,,"ARP"
"FL","Gulf Clean Energy Center",641,"8A",91341,,2023,657,565.63,86706.53,,0.277,0.001,54184.229,0.0594,12.632,0.0319,907913.39,"Pipeline Natural Gas","Diesel Oil","Combustion turbine",,"Dry Low NOx Burners|Water Injection",,,"ARP"
"FL","Gulf Clean Energy Center",641,"8B",91342,,2023,853,736.55,113250.87,,0.362,0.001,70642.65,0.0593,17.032,0.0327,1183377.146,"Pipeline Natural Gas","Diesel Oil","Combustion turbine",,"Dry Low NOx Burners|Water Injection",,,"ARP"
"FL","Gulf Clean Energy Center",641,"8C",91343,,2023,774,672.88,96830.71,,0.314,0.001,61546.708,0.0593,15.625,0.0332,1031647.984,"Pipeline Natural Gas","Diesel Oil","Combustion turbine",,"Dry Low NOx Burners|Water Injection",,,"ARP"
"FL","Gulf Clean Energy Center",641,"8D",91340,,2023,801,696.05,100239.86,,0.328,0.001,64209.545,0.0594,15.259,0.0324,1076116.518,"Pipeline Natural Gas","Diesel Oil","Combustion turbine",,"Dry Low NOx Burners|Water Injection",,,"ARP"
"FL","Lansing Smith Generating Plant",643,"4",8284,,2023,7218,7149.38,2090482.45,,4.367,0.001,865005.461,0.059,196.611,0.0292,14555394.525,"Pipeline Natural Gas",,"Combined cycle",,"Dry Low NOx Burners",,,"ARP"
"FL","Lansing Smith Generating Plant",643,"5",8286,,2023,7434,7398.83,2181484.76,,4.541,0.001,899523.957,0.059,208.102,0.029,15136275.966,"Pipeline Natural Gas",,"Combined cycle",,"Dry Low NOx Burners",,,"ARP"
"FL","Big Bend",645,"BB03",469,,2023,1530,1523.05,226600,,32.928,0.0318,172717.655,0.0589,98.293,0.0625,2913557.694,"Pipeline Natural Gas","Coal","Wet bottom turbo-fired boiler","Wet Limestone (Retired Apr 26, 2023)","Other|Ammonia Injection|Selective Catalytic Reduction (Retired Apr 26, 2023)","Electrostatic Precipitator (Retired Apr 26, 2023)",,"ARP, MATS"
"FL","Big Bend",645,"BB04",470,,2023,4578,4552.11,1085667.28,,572.702,0.0973,983472.464,0.0875,450.431,0.0794,10823642.495,"Coal","Pipeline Natural Gas","Tangentially-fired","Wet Limestone","Low NOx Burner Technology w/ Separated OFA|Ammonia Injection|Selective Catalytic Reduction","Electrostatic Precipitator",,"ARP, MATS"
"FL","Big Bend",645,"BB05",91383,,2023,6747,6727.99,2711410.4,,5.311,0.001,1052015.603,0.059,373.45,0.0427,17702223.974,"Pipeline Natural Gas",,"Combined cycle",,"Selective Catalytic Reduction|Dry Low NOx Burners",,,"ARP, NSPS4T"
"FL","Big Bend",645,"BB06",91384,,2023,6955,6934.38,2826206.64,,5.501,0.001,1089789.922,0.059,367.498,0.0405,18337780.324,"Pipeline Natural Gas",,"Combined cycle",,"Selective Catalytic Reduction|Dry Low NOx Burners",,,"ARP, NSPS4T"
"FL","Big Bend",645,"CT4A",90409,,2023,55,41.48,1005.32,,0.003,0.001,670.541,0.0593,0.487,0.0919,11281.524,"Pipeline Natural Gas","Diesel Oil","Combustion turbine",,"Water Injection",,,"ARP"
"FL","Big Bend",645,"CT4B",90479,,2023,80,60.46,1415.23,,0.005,0.001,935.946,0.0593,0.702,0.0927,15748.352,"Pipeline Natural Gas","Diesel Oil","Combustion turbine",,"Water Injection",,,"ARP"
"FL","Deerhaven",663,"B1",486,,2023,6711,6704.44,167376.76,,0.602,0.001,119268.857,0.0593,124.58,0.1243,2006873.907,"Pipeline Natural Gas","Residual Oil","Dry bottom wall-fired boiler",,,,,"ARP"
"FL","Deerhaven",663,"B2",487,,2023,8735,8728.51,758936.54,,68.277,0.0148,498877.464,0.0603,398.09,0.0899,8241738.946,"Pipeline Natural Gas","Coal","Dry bottom wall-fired boiler","Dry Lime FGD","Selective Catalytic Reduction|Overfire Air",,,"ARP, MATS"
"FL","Deerhaven",663,"CT3",488,,2023,34,25,1224.97,,0.005,0.001,982.653,0.0591,0.265,0.0496,16533.176,"Pipeline Natural Gas","Diesel Oil","Combustion turbine",,"Dry Low NOx Burners|Water Injection",,,"ARP"
"FL","J R Kelly",664,"CC1",489,,2023,6865,6851.25,749021.72,,1.826,0.001,361597.185,0.059,75.801,0.0252,6084593.427,"Pipeline Natural Gas",,"Combined cycle",,"Dry Low NOx Burners",,,"ARP"
"FL","J D Kennedy",666,"7",493,,2023,962,852.49,112928.29,,0.363,0.001,68405.591,0.0592,21.2,0.0461,1148410.618,"Pipeline Natural Gas","Diesel Oil","Combustion turbine",,"Dry Low NOx Burners|Water Injection",,,"ARP"
"FL","J D Kennedy",666,"CT8",90118,,2023,664,592.67,75250.94,,0.234,0.001,45156.659,0.0592,13.903,0.0437,758662.569,"Pipeline Natural Gas","Diesel Oil","Combustion turbine",,"Dry Low NOx Burners|Water Injection",,,"ARP"
"FL","Northside",667,"1A",497,,2023,3831,3824.96,714827.06,,613.137,0.1489,809948.551,0.0991,219.267,0.0517,8134805.36,"Coal","Petroleum Coke, Wood","Circulating fluidized bed boiler","Dry Lime FGD","Selective Non-catalytic Reduction","Baghouse",,"ARP, MATS"
"FL","Northside",667,"2A",499,,2023,5797,5795.33,1039722.21,,803.949,0.1467,1082263.296,0.0981,207.396,0.0368,10968103.297,"Coal","Petroleum Coke, Wood","Circulating fluidized bed boiler","Dry Lime FGD","Selective Non-catalytic Reduction","Baghouse",,"ARP, MATS"
"FL","Northside",667,"3",500,,2023,6693,6675.44,1796429.49,,88.593,0.0065,1228425.263,0.0591,1812.048,0.1503,20677179.015,"Pipeline Natural Gas","Other Gas, Residual Oil","Dry bottom wall-fired boiler",,"Low NOx Burner Technology (Dry Bottom only)",,,"ARP"
"FL","Tom G Smith",673,"S-3",507,,2023,17,15.53,83.8,,0,0.0008,37.895,0.0524,0.045,0.0859,636.873,"Pipeline Natural Gas","Residual Oil","Dry bottom wall-fired boiler",,,,,"ARP"
"FL","Charles Larsen Memorial Power Plant",675,"**8",509,,2023,3102,3017.92,171090.16,,0.688,0.001,134849.794,0.0591,59.712,0.0521,2268837.194,"Pipeline Natural Gas","Diesel Oil","Combined cycle",,"Water Injection",,,"ARP"
"FL","C D McIntosh Jr Power Plant",676,"5",515,,2023,5746,5733.92,1139869.51,,3.796,0.001,752020.252,0.059,151.207,0.024,12654197.454,"Pipeline Natural Gas",,"Combined cycle",,"Selective Catalytic Reduction",,,"ARP"
"FL","C D McIntosh Jr Power Plant",676,"MGT2",91344,,2023,330,284.88,24333.9,,0.088,0.001,17451.783,0.0592,13.075,0.1038,293446.044,"Pipeline Natural Gas","Diesel Oil","Combustion turbine",,"Water Injection",,,"ARP"
"FL","Indian River (683)",683,"**C",516,,2023,1002,850.47,47004.87,,0.403,0.0018,40121.492,0.0591,21.99,0.0653,674986.564,"Pipeline Natural Gas","Diesel Oil","Combustion turbine",,"Water Injection",,,"ARP"
"FL","Indian River (683)",683,"**D",517,,2023,679,585.97,32763,,0.144,0.001,28516.071,0.059,15.677,0.0652,479839.912,"Pipeline Natural Gas","Diesel Oil","Combustion turbine",,"Water Injection",,,"ARP"
"FL","Arvah B Hopkins",688,"2A",89683,,2023,8395,8385.9,1468081.02,,3.34,0.001,661262.429,0.059,82.619,0.0154,11127037.078,"Pipeline Natural Gas","Diesel Oil","Combined cycle",,"Dry Low NOx Burners|Water Injection|Selective Catalytic Reduction",,,"ARP"
"FL","Arvah B Hopkins",688,"HC3",89526,,2023,582,495.09,15051.04,,1.361,0.0156,9558.03,0.0597,1.198,0.0194,159839.807,"Pipeline Natural Gas","Diesel Oil","Combustion turbine",,"Water Injection|Selective Catalytic Reduction",,,"ARP"
"FL","Arvah B Hopkins",688,"HC4",89527,,2023,562,486,15816.54,,2.303,0.0275,9768.837,0.0597,1.318,0.0206,162735.487,"Pipeline Natural Gas","Diesel Oil","Combustion turbine",,"Water Injection|Selective Catalytic Reduction",,,"ARP"
"FL","S O Purdom",689,"8",521,,2023,8323,8309.75,912036,,3.293,0.001,650099.648,0.059,150.106,0.028,10939507.482,"Pipeline Natural Gas","Diesel Oil","Combined cycle",,"Dry Low NOx Burners|Water Injection",,,"ARP"
"GA","Bowen",703,"1BLR",534,"MS1BYP, MS1FGD",2023,4388,4382.62,2067732.38,,1283.449,0.1237,2092290.513,0.103,928.085,0.0936,20392680.716,"Coal",,"Tangentially-fired","Wet Lime FGD","Low NOx Burner Technology w/ Separated OFA|Selective Catalytic Reduction","Electrostatic Precipitator","Additives to Enhance PAC and Existing Equipment Performance|Halogenated PAC Sorbent Injection","ARP, CSNOX, CSOSG1, CSSO2G2, MATS"
"GA","Bowen",703,"2BLR",535,"MS2BYP, MS2FGD",2023,5053,5044.55,2466051.66,,1385.48,0.1135,2465969.148,0.103,1577,0.1334,24034766.367,"Coal",,"Tangentially-fired","Wet Lime FGD","Low NOx Burner Technology w/ Separated OFA|Selective Catalytic Reduction","Electrostatic Precipitator","Additives to Enhance PAC and Existing Equipment Performance|Halogenated PAC Sorbent Injection","ARP, CSNOX, CSOSG1, CSSO2G2, MATS"
"GA","Bowen",703,"3BLR",536,"MS3BYP, MS3FGD",2023,5739,5735.11,3536096.78,,2399.203,0.1386,3564879.39,0.103,1696.445,0.1001,34745415.018,"Coal",,"Tangentially-fired","Wet Lime FGD","Low NOx Burner Technology w/ Separated OFA|Selective Catalytic Reduction","Electrostatic Precipitator","Additives to Enhance PAC and Existing Equipment Performance","ARP, CSNOX, CSOSG1, CSSO2G2, MATS"
"GA","Bowen",703,"4BLR",537,"MS4BYP, MS4FGD",2023,5042,5036.81,3100756.68,,2074.433,0.1372,3050784.384,0.103,1482.596,0.1019,29734779.502,"Coal",,"Tangentially-fired","Wet Lime FGD","Low NOx Burner Technology w/ Separated OFA|Selective Catalytic Reduction","Electrostatic Precipitator","Additives to Enhance PAC and Existing Equipment Performance|Halogenated PAC Sorbent Injection","ARP, CSNOX, CSOSG1, CSSO2G2, MATS"
"GA","Jack McDonough",710,"3AA",90360,,2023,8,8,24,,0.018,0.2503,,,0.105,0.95,248,"Diesel Oil","Pipeline Natural Gas","Combustion turbine",,,,,"CSNOX, CSOSG1, CSSO2G2"
"GA","Jack McDonough",710,"3AB",90361,,2023,7,7,12,,0.005,0.167,,,0.068,0.8667,182,"Diesel Oil","Pipeline Natural Gas","Combustion turbine",,,,,"CSNOX, CSOSG1, CSSO2G2"
"GA","Jack McDonough",710,"3BA",90363,,2023,11,11,17,,0.028,0.201,,,0.15,0.8996,348,"Diesel Oil","Pipeline Natural Gas","Combustion turbine",,,,,"CSNOX, CSOSG1, CSSO2G2"
"GA","Jack McDonough",710,"3BB",90362,,2023,8,8,18,,0.029,0.2006,,,0.144,0.9002,328,"Diesel Oil","Pipeline Natural Gas","Combustion turbine",,,,,"CSNOX, CSOSG1, CSSO2G2"
"GA","Jack McDonough",710,"4A",90761,,2023,7214,7205.3,2869363.31,,6.004,0.0011,1124094.188,0.059,79.942,0.0087,18914313.72,"Pipeline Natural Gas","Diesel Oil","Combined cycle",,"Dry Low NOx Burners|Water Injection|Selective Catalytic Reduction",,,"ARP, CSNOX, CSOSG1, CSSO2G2"
"GA","Jack McDonough",710,"4B",90762,,2023,7453,7440.59,2961773.35,,5.823,0.001,1153527.065,0.059,79.035,0.0084,19410295.616,"Pipeline Natural Gas",,"Combined cycle",,"Dry Low NOx Burners|Selective Catalytic Reduction",,,"ARP, CSNOX, CSOSG1, CSSO2G2"
"GA","Jack McDonough",710,"5A",90763,,2023,7210,7197.43,2796399.23,,5.568,0.001,1102936.291,0.059,74.484,0.0083,18559048.094,"Pipeline Natural Gas","Diesel Oil","Combined cycle",,"Dry Low NOx Burners|Water Injection|Selective Catalytic Reduction",,,"ARP, CSNOX, CSOSG1, CSSO2G2"
"GA","Jack McDonough",710,"5B",90764,,2023,7130,7120.96,2763034.84,,5.613,0.001,1111829.522,0.059,73.85,0.0081,18708685.688,"Pipeline Natural Gas",,"Combined cycle",,"Dry Low NOx Burners|Selective Catalytic Reduction",,,"ARP, CSNOX, CSOSG1, CSSO2G2"
"GA","Jack McDonough",710,"6A",90765,,2023,8651,8644.69,3373486.44,,6.706,0.001,1328430.621,0.059,80.592,0.0073,22353326.15,"Pipeline Natural Gas",,"Combined cycle",,"Dry Low NOx Burners|Selective Catalytic Reduction",,,"ARP, CSNOX, CSOSG1, CSSO2G2"
"GA","Jack McDonough",710,"6B",90766,,2023,8594,8582.23,3302394.33,,6.571,0.001,1301590.18,0.059,84.447,0.0079,21901761.163,"Pipeline Natural Gas",,"Combined cycle",,"Dry Low NOx Burners|Selective Catalytic Reduction",,,"ARP, CSNOX, CSOSG1, CSSO2G2"
"GA","McManus",715,"3A",90262,,2023,14,14,364,,1.153,0.5,,,2.766,1.1999,4609.9,"Diesel Oil",,"Combustion turbine",,,,,"CSNOX, CSOSG1, CSSO2G2"
"GA","McManus",715,"3B",90263,,2023,13,13,328,,0.96,0.5001,,,2.304,1.2,3839.1,"Diesel Oil",,"Combustion turbine",,,,,"CSNOX, CSOSG1, CSSO2G2"
"GA","McManus",715,"3C",90264,,2023,38,38,334,,1.193,0.5,,,2.862,1.2,4770.2,"Diesel Oil",,"Combustion turbine",,,,,"CSNOX, CSOSG1, CSSO2G2"
"GA","McManus",715,"4A",90265,,2023,8,8,94,,0.347,0.5,,,0.833,1.2003,1389,"Diesel Oil",,"Combustion turbine",,,,,"CSNOX, CSOSG1, CSSO2G2"
"GA","McManus",715,"4B",90266,,2023,17,17,356,,1.239,0.5003,,,2.974,1.2001,4955.8,"Diesel Oil",,"Combustion turbine",,,,,"CSNOX, CSOSG1, CSSO2G2"
"GA","McManus",715,"4C",90267,,2023,10,10,212,,0.731,0.5003,,,1.755,1.1999,2925,"Diesel Oil",,"Combustion turbine",,,,,"CSNOX, CSOSG1, CSSO2G2"
"GA","McManus",715,"4D",90268,,2023,13,13,361,,1.043,0.5002,,,2.503,1.2,4171.1,"Diesel Oil",,"Combustion turbine",,,,,"CSNOX, CSOSG1, CSSO2G2"
"GA","McManus",715,"4E",90270,,2023,17,17,246,,0.853,0.5003,,,2.047,1.2,3411,"Diesel Oil",,"Combustion turbine",,,,,"CSNOX, CSOSG1, CSSO2G2"
"GA","McManus",715,"4F",90271,,2023,16,16,345,,1.047,0.5,,,2.512,1.1999,4185.9,"Diesel Oil",,"Combustion turbine",,,,,"CSNOX, CSOSG1, CSSO2G2"
"GA","Yates",728,"Y6BR",556,,2023,6544,6533.73,1153613.29,,3.532,0.001,699630.315,0.059,471.57,0.0809,11772623.07,"Pipeline Natural Gas",,"Tangentially-fired",,"Low NOx Burner Technology w/ Separated OFA|Other",,,"ARP, CSNOX, CSOSG1, CSSO2G2"
"GA","Yates",728,"Y7BR",557,,2023,6926,6917.92,1227263.53,,3.733,0.001,739379.254,0.059,494.114,0.0744,12441480.425,"Pipeline Natural Gas",,"Tangentially-fired",,"Low NOx Burner Technology w/ Separated OFA|Other",,,"ARP, CSNOX, CSOSG1, CSSO2G2"
"OK","Ponca",762,"2",565,,2023,0,0,,,,,,,,,,"Pipeline Natural Gas",,"Dry bottom wall-fired boiler",,,,,"ARP, CSOSG2"
"OK","Ponca",762,"3",566,,2023,450,434.12,18834.62,,0.048,0.001,9439.689,0.0592,5.884,0.079,158837.98,"Pipeline Natural Gas","Diesel Oil","Combined cycle",,"Water Injection",,,"ARP, CSOSG2"
"OK","Ponca",762,"4",89334,,2023,415,397.26,13020.45,,0.04,0.001,7873.928,0.0593,5.972,0.09,132507.345,"Pipeline Natural Gas",,"Combustion turbine",,"Water Injection",,,"ARP, CSOSG2"
"IL","Grand Tower Energy Center, LLC",862,"CT01",578,,2023,0,0,,,,,,,,,,"Pipeline Natural Gas",,"Combined cycle",,"Dry Low NOx Burners",,,"ARP, CSNOX, CSOSG3, CSSO2G1"
"IL","Grand Tower Energy Center, LLC",862,"CT02",579,,2023,0,0,,,,,,,,,,"Pipeline Natural Gas",,"Combined cycle",,"Dry Low NOx Burners",,,"ARP, CSNOX, CSOSG3, CSSO2G1"
"IL","Joliet 9",874,"5",590,,2023,142,140.52,0,,0,0,577.121,0.0592,0.052,0.0102,9748.448,"Pipeline Natural Gas",,"Cyclone boiler",,"Combustion Modification/Fuel Reburning|Overfire Air|Selective Non-catalytic Reduction","Electrostatic Precipitator",,"ARP, CSNOX, CSOSG3, CSSO2G1"
"IL","Kincaid Generating Station",876,"1",591,"CS0102",2023,3180,3158.93,1024929.34,,453.671,0.0837,1072260.737,0.105,166.572,0.0405,10223725.393,"Coal",,"Cyclone boiler","Dry Sorbent Injection","Overfire Air|Selective Catalytic Reduction","Electrostatic Precipitator","Additives to Enhance PAC and Existing Equipment Performance","ARP, CSNOX, CSOSG3, CSSO2G1, MATS"
"IL","Kincaid Generating Station",876,"2",592,"CS0102",2023,4363,4340.68,1458100.52,,660.613,0.0852,1526481.43,0.105,227.831,0.0387,14554589.923,"Coal",,"Cyclone boiler","Dry Sorbent Injection","Overfire Air|Selective Catalytic Reduction","Electrostatic Precipitator","Additives to Enhance PAC and Existing Equipment Performance","ARP, CSNOX, CSOSG3, CSSO2G1, MATS"
"IL","Powerton",879,"51",593,"CS0506",2023,1668,1659.13,374140.4,,216.951,0.0982,442725.72,0.105,171.785,0.0872,4221260.196,"Coal",,"Cyclone boiler",,"Overfire Air|Selective Non-catalytic Reduction","Electrostatic Precipitator","Halogenated PAC Sorbent Injection","ARP, CSNOX, CSOSG3, CSSO2G1, MATS"
"IL","Powerton",879,"52",594,"CS0506",2023,1757,1743.5,428373.26,,245.769,0.0988,505447.997,0.105,186.136,0.0788,4819304.036,"Coal",,"Cyclone boiler",,"Overfire Air|Selective Non-catalytic Reduction","Electrostatic Precipitator","Halogenated PAC Sorbent Injection","ARP, CSNOX, CSOSG3, CSSO2G1, MATS"
"IL","Powerton",879,"61",595,"CS0506",2023,1860,1853.26,431967.28,,249.54,0.0978,518668.879,0.105,208.325,0.0894,4945358.754,"Coal",,"Cyclone boiler","Dry Sorbent Injection","Overfire Air|Selective Non-catalytic Reduction","Electrostatic Precipitator","Halogenated PAC Sorbent Injection","ARP, CSNOX, CSOSG3, CSSO2G1, MATS"
"IL","Powerton",879,"62",596,"CS0506",2023,1413,1401.06,335835.34,,190.506,0.0987,392552.442,0.105,147.769,0.0784,3742874.426,"Coal",,"Cyclone boiler","Dry Sorbent Injection","Overfire Air|Selective Non-catalytic Reduction","Electrostatic Precipitator","Halogenated PAC Sorbent Injection","ARP, CSNOX, CSOSG3, CSSO2G1, MATS"
"IL","Waukegan",883,"311",9161,,2023,26,9.5,,,0.482,0.2125,425.3,0.081,3.15,1.2,5249.6,"Diesel Oil",,"Combustion turbine",,,,,"CSNOX, CSOSG3, CSSO2G1"
"IL","Waukegan",883,"312",9162,,2023,24,9.39,,,0.472,0.2093,420.4,0.081,3.113,1.2,5188.9,"Diesel Oil",,"Combustion turbine",,,,,"CSNOX, CSOSG3, CSSO2G1"
"IL","Waukegan",883,"321",9163,,2023,24,9.4,,,0.48,0.1883,420.7,0.081,3.117,1.2,5194.5,"Diesel Oil",,"Combustion turbine",,,,,"CSNOX, CSOSG3, CSSO2G1"
"IL","Waukegan",883,"322",9164,,2023,30,10.84,,,0.582,0.2009,485,0.0809,3.594,1.2,5990,"Diesel Oil",,"Combustion turbine",,,,,"CSNOX, CSOSG3, CSSO2G1"
"IL","Fisk",886,"311",9165,,2023,33,11.26,,,0.655,0.2584,437,0.0809,3.238,1.2002,5396.8,"Diesel Oil",,"Combustion turbine",,,,,"CSNOX, CSOSG3, CSSO2G1"
"IL","Fisk",886,"312",9166,,2023,28,9.91,,,0.556,0.2685,384.6,0.0812,2.85,1.2003,4750,"Diesel Oil",,"Combustion turbine",,,,,"CSNOX, CSOSG3, CSSO2G1"
"IL","Fisk",886,"321",9167,,2023,28,9.11,,,0.444,0.215,353.5,0.0812,2.62,1.1999,4366.7,"Diesel Oil",,"Combustion turbine",,,,,"CSNOX, CSOSG3, CSSO2G1"
"IL","Fisk",886,"322",9168,,2023,29,11.03,,,0.6,0.2251,428.1,0.081,3.172,1.2,5286.7,"Diesel Oil",,"Combustion turbine",,,,,"CSNOX, CSOSG3, CSSO2G1"
"IL","Fisk",886,"331",9169,,2023,23,8.8,,,0.45,0.2616,341.6,0.081,2.531,1.2,4218,"Diesel Oil",,"Combustion turbine",,,,,"CSNOX, CSOSG3, CSSO2G1"
"IL","Fisk",886,"332",9170,,2023,45,10.35,,,0.391,0.1563,402,0.0812,2.977,1.2001,4961.1,"Diesel Oil",,"Combustion turbine",,,,,"CSNOX, CSOSG3, CSSO2G1"
"IL","Fisk",886,"341",9171,,2023,0,0,,,,,,,,,,"Diesel Oil",,"Combustion turbine",,,,,"CSNOX, CSOSG3, CSSO2G1"
"IL","Fisk",886,"342",9172,,2023,33,9.43,,,0.575,0.3036,366.1,0.0815,2.712,1.2003,4519.8,"Diesel Oil",,"Combustion turbine",,,,,"CSNOX, CSOSG3, CSSO2G1"
"IL","Baldwin Energy Complex",889,"1",611,,2023,7079,7069.06,3276687.78,,1151.613,0.0777,3228809.921,0.105,983.929,0.0671,30785758.088,"Coal","Residual Oil","Cyclone boiler","Dry Lime FGD","Overfire Air|Selective Catalytic Reduction","Baghouse|Electrostatic Precipitator",,"ARP, CSNOX, CSOSG3, CSSO2G1, MATS"
"IL","Baldwin Energy Complex",889,"2",612,,2023,7099,7087.66,3215373.14,,1261.948,0.0798,3415729.104,0.105,1095.212,0.0705,32567973.715,"Coal","Residual Oil","Cyclone boiler","Dry Lime FGD","Overfire Air|Selective Catalytic Reduction","Baghouse|Electrostatic Precipitator",,"ARP, CSNOX, CSOSG3, CSSO2G1, MATS"
"IL","Venice",913,"CT03",89497,,2023,53,47.47,5753.55,,0.018,0.001,3481.129,0.0591,1.302,0.0487,58578.524,"Pipeline Natural Gas",,"Combustion turbine",,"Dry Low NOx Burners|Water Injection",,,"ARP, CSNOX, CSOSG3, CSSO2G1"
"IL","Venice",913,"CT04",89498,,2023,64,57.51,7245.88,,0.022,0.001,4398.345,0.059,1.677,0.0509,74008.76,"Pipeline Natural Gas",,"Combustion turbine",,"Dry Low NOx Burners|Water Injection",,,"ARP, CSNOX, CSOSG3, CSSO2G1"
"IL","Venice",913,"CT05",89499,,2023,13,7.8,435.54,,0.002,0.0009,334.25,0.059,0.261,0.1286,5623.077,"Pipeline Natural Gas",,"Combustion turbine",,"Dry Low NOx Burners|Water Injection",,,"ARP, CSNOX, CSOSG3, CSSO2G1"
"IL","Venice",913,"CT2A",9044,,2023,45,31.89,561.49,,0.002,0.0005,341.677,0.0595,0.277,0.1158,5750.174,"Pipeline Natural Gas","Diesel Oil","Combustion turbine",,"Water Injection",,,"ARP, CSNOX, CSOSG3, CSSO2G1"
"IL","Venice",913,"CT2B",9045,,2023,38,23.63,376.08,,0.001,0.0004,227.009,0.0563,0.182,0.1168,3818.771,"Pipeline Natural Gas","Diesel Oil","Combustion turbine",,"Water Injection",,,"ARP, CSNOX, CSOSG3, CSSO2G1"
"IL","Dallman",963,"33",647,,2023,0,0,,,,,,,,,,"Coal",,"Tangentially-fired","Wet Limestone","Selective Catalytic Reduction","Electrostatic Precipitator",,"ARP, CSNOX, CSOSG3, CSSO2G1, MATS"
"IL","Dallman",963,"4",89910,,2023,6544,6529.54,766988.95,,264.531,0.0632,820261.72,0.1016,287.261,0.0713,8024518.274,"Coal","Pipeline Natural Gas","Wet bottom wall-fired boiler","Wet Limestone","Selective Catalytic Reduction","Baghouse|Electrostatic Precipitator",,"ARP, CSNOX, CSOSG3, CSSO2G1, MATS"
"IL","Marion",976,"123",9173,,2023,7186,7178.46,694257.27,,2345.907,0.4581,1084623.565,0.1059,414,0.0808,10259111.023,"Coal","Refuse, Wood","Circulating fluidized bed boiler","Fluidized Bed Limestone Injection","Selective Non-catalytic Reduction","Baghouse",,"ARP, CSNOX, CSOSG3, CSSO2G1, MATS"
"IL","Marion",976,"5",9174,,2023,661,611.71,38776.32,,0.207,0.0017,32160.1,0.059,6.098,0.0238,545026.9,"Pipeline Natural Gas","Diesel Oil","Combustion turbine",,"Dry Low NOx Burners|Water Injection",,,"ARP, CSNOX, CSOSG3, CSSO2G1"
"IL","Marion",976,"6",9175,,2023,595,545.59,34147.98,,0.351,0.0026,28954.9,0.0591,5.878,0.026,490404,"Pipeline Natural Gas","Diesel Oil","Combustion turbine",,"Dry Low NOx Burners|Water Injection",,,"ARP, CSNOX, CSOSG3, CSSO2G1"
"IN","Clifty Creek",983,"1",658,"CS013",2023,7268,7250,1050259.67,,381.4,0.0707,1112760.096,0.103,861.132,0.1604,10845630.037,"Coal",,"Wet bottom wall-fired boiler","Wet Lime FGD|Wet Limestone","Overfire Air|Selective Catalytic Reduction","Electrostatic Precipitator|Wet Scrubber",,"ARP, CSNOX, CSOSG3, CSSO2G1, MATS"
"IN","Clifty Creek",983,"2",659,"CS013",2023,6986,6969.92,1001809.54,,364.688,0.0798,1056764.176,0.103,913.987,0.1724,10299859.618,"Coal",,"Wet bottom wall-fired boiler","Wet Lime FGD|Wet Limestone","Overfire Air|Selective Catalytic Reduction","Electrostatic Precipitator|Wet Scrubber",,"ARP, CSNOX, CSOSG3, CSSO2G1, MATS"
"IN","Clifty Creek",983,"3",660,"CS013",2023,6480,6467.63,923396.33,,338.965,0.0711,972121.133,0.103,804.277,0.1676,9474879.437,"Coal",,"Wet bottom wall-fired boiler","Wet Lime FGD|Wet Limestone","Overfire Air|Selective Catalytic Reduction","Electrostatic Precipitator|Wet Scrubber",,"ARP, CSNOX, CSOSG3, CSSO2G1, MATS"
"IN","Clifty Creek",983,"4",661,"CS046",2023,7145,7126.97,1030369.56,,638.64,0.1247,1053099.214,0.103,1013.65,0.1942,10264129.532,"Coal",,"Wet bottom wall-fired boiler","Wet Lime FGD|Wet Limestone","Overfire Air|Selective Catalytic Reduction","Electrostatic Precipitator|Wet Scrubber",,"ARP, CSNOX, CSOSG3, CSSO2G1, MATS"
"IN","Clifty Creek",983,"5",662,"CS046",2023,7374,7360,1061271.1,,651.214,0.1224,1090042.62,0.103,1110.331,0.2025,10624201.899,"Coal",,"Wet bottom wall-fired boiler","Wet Lime FGD|Wet Limestone","Overfire Air|Selective Catalytic Reduction","Electrostatic Precipitator|Wet Scrubber",,"ARP, CSNOX, CSOSG3, CSSO2G1, MATS"
"IN","Clifty Creek",983,"6",663,"CS046",2023,4380,4344.99,489248.77,,317.712,0.1257,512510.826,0.103,727.363,0.2852,4995228.748,"Coal",,"Wet bottom wall-fired boiler","Wet Lime FGD|Wet Limestone","Overfire Air","Electrostatic Precipitator|Wet Scrubber",,"ARP, CSNOX, CSOSG3, CSSO2G1, MATS"
"IN","IPL - Harding Street Station (EW Stout)",990,"50",675,,2023,7148,7117.17,451640.68,,1.471,0.001,291444.825,0.0591,103.06,0.041,4904154.275,"Pipeline Natural Gas",,"Tangentially-fired",,"Low NOx Burner Technology w/ Separated OFA|Combustion Modification/Fuel Reburning",,,"ARP, CSNOX, CSOSG3, CSSO2G1"
"IN","IPL - Harding Street Station (EW Stout)",990,"60",677,,2023,5466,5451.48,352047.04,,1.143,0.001,226376.222,0.0591,74.471,0.0377,3809190.765,"Pipeline Natural Gas",,"Tangentially-fired",,"Low NOx Burner Technology w/ Separated OFA|Combustion Modification/Fuel Reburning",,,"ARP, CSNOX, CSOSG3, CSSO2G1"
"IN","IPL - Harding Street Station (EW Stout)",990,"70",679,,2023,6432,6402.61,1971720.21,,5.778,0.001,1144617.844,0.059,596.394,0.0605,19260450.773,"Pipeline Natural Gas",,"Tangentially-fired","Wet Limestone","Selective Catalytic Reduction|Combustion Modification/Fuel Reburning",,,"ARP, CSNOX, CSOSG3, CSSO2G1"
"IN","IPL - Harding Street Station (EW Stout)",990,"GT4",682,,2023,1553,1440.91,88017.22,,0.401,0.0012,65314.108,0.0593,85.629,0.1531,1096288.604,"Pipeline Natural Gas","Diesel Oil","Combustion turbine",,"Water Injection",,,"ARP, CSNOX, CSOSG3, CSSO2G1"
"IN","IPL - Harding Street Station (EW Stout)",990,"GT5",683,,2023,1627,1519.16,92565.65,,0.349,0.001,69187.601,0.059,86.985,0.1483,1164187.159,"Pipeline Natural Gas","Diesel Oil","Combustion turbine",,"Water Injection",,,"ARP, CSNOX, CSOSG3, CSSO2G1"
"IN","IPL - Harding Street Station (EW Stout)",990,"GT6",684,,2023,917,811.24,115069.73,,0.346,0.001,68553.19,0.059,25.594,0.0524,1153544.709,"Pipeline Natural Gas",,"Combustion turbine",,"Dry Low NOx Burners",,,"ARP, CSNOX, CSOSG3, CSSO2G1"
"IN","IPL - Eagle Valley Generating Station",991,"GT1",91143,,2023,8142,8139.75,2711302.19,,5.176,0.001,1025333.744,0.059,43.238,0.0051,17253236.459,"Pipeline Natural Gas",,"Combined cycle",,"Dry Low NOx Burners|Selective Catalytic Reduction",,,"ARP, CSNOX, CSOSG3, CSSO2G1"
"IN","IPL - Eagle Valley Generating Station",991,"GT2",91144,,2023,8141,8139.42,2707475.98,,5.14,0.001,1018155.53,0.059,42.94,0.0051,17132415.906,"Pipeline Natural Gas",,"Combined cycle",,"Dry Low NOx Burners|Selective Catalytic Reduction",,,"ARP, CSNOX, CSOSG3, CSSO2G1"
"IN","C. C. Perry K Steam Plant",992,"11",691,,2023,4950,4904.59,,630357.26,,,47901.534,0.0594,95.708,0.2336,806033.311,"Pipeline Natural Gas",,"Dry bottom wall-fired boiler",,,,,"SIPNOX"
"IN","C. C. Perry K Steam Plant",992,"12",9090,"CS004",2023,6056,5965.62,,763966.91,,,,,71.564,0.1094,1276790.113,"Pipeline Natural Gas",,"Dry bottom wall-fired boiler",,,,,"SIPNOX"
"IN","C. C. Perry K Steam Plant",992,"13",9091,"CS004",2023,2079,2022.73,,259190.19,,,,,34.848,0.1692,387306.287,"Pipeline Natural Gas",,"Dry bottom wall-fired boiler",,,,,"SIPNOX"
"IN","C. C. Perry K Steam Plant",992,"14",9092,,2023,763,723.09,,87737.27,,,,,18.079,0.2531,121947.185,"Pipeline Natural Gas",,"Dry bottom wall-fired boiler",,,,,"SIPNOX"
"IN","C. C. Perry K Steam Plant",992,"16",9094,,2023,513,475.73,,38013.11,,,,,3.615,0.0931,65868.818,"Pipeline Natural Gas",,"Stoker",,,,,"SIPNOX"
"IN","IPL - Petersburg Generating Station",994,"2",693,"MS2B, MS2S",2023,1880,1869.72,653477.34,,278.085,0.0654,825267.695,0.103,326.067,0.0825,8043522.095,"Coal",,"Tangentially-fired","Wet Limestone|Sodium Based","Low NOx Burner Technology w/ Closed-coupled/Separated OFA|Selective Catalytic Reduction","Baghouse","Additives to Enhance PAC and Existing Equipment Performance|Untreated PAC Sorbent Injection","ARP, CSNOX, CSOSG3, CSSO2G1, MATS"
"IN","IPL - Petersburg Generating Station",994,"3",694,,2023,6127,6110.36,2140948.61,,1341.93,0.1268,1987710.218,0.103,806.804,0.0854,19373420.521,"Coal",,"Tangentially-fired","Wet Limestone","Selective Catalytic Reduction|Low NOx Burner Technology w/ Closed-coupled OFA","Baghouse|Electrostatic Precipitator","Other (Non PAC) Sorbent Injection|Untreated PAC Sorbent Injection","ARP, CSNOX, CSOSG3, CSSO2G1, MATS"
"IN","IPL - Petersburg Generating Station",994,"4",695,,2023,7028,7014.89,2494069.15,,2036.764,0.1599,2522193.432,0.103,2428.563,0.1916,24582790.025,"Coal",,"Tangentially-fired","Wet Limestone","Low NOx Burner Technology w/ Closed-coupled/Separated OFA|Low NOx Burner Technology w/ Closed-coupled OFA","Electrostatic Precipitator","Other (Non PAC) Sorbent Injection|Untreated PAC Sorbent Injection","ARP, CSNOX, CSOSG3, CSSO2G1, MATS"
"IN","Michigan City Generating Station",997,"12",702,,2023,4786,4778.1,1581702.44,,639.607,0.0881,1608225.203,0.105,683.838,0.0932,15333963.006,"Coal",,"Cyclone boiler","Dry Lime FGD","Overfire Air|Selective Catalytic Reduction","Electrostatic Precipitator",,"ARP, CSNOX, CSOSG3, CSSO2G1, MATS"
"IN","Cayuga",1001,"1",706,,2023,6950,6935.2,2440893.66,,1150.898,0.0973,2430029.021,0.1029,2658.228,0.2152,23684480.984,"Coal","Diesel Oil","Tangentially-fired","Wet Limestone","Low NOx Burner Technology w/ Separated OFA|Selective Catalytic Reduction","Wet Scrubber|Electrostatic Precipitator","Catalyst (gold, palladium, or other) used to oxidize mercury","ARP, CSNOX, CSOSG3, CSSO2G1, MATS"
"IN","Cayuga",1001,"2",707,,2023,6267,6249.15,2259710.68,,1273.208,0.159,2134947.679,0.103,1924.5,0.1795,20808468.209,"Coal","Diesel Oil","Tangentially-fired","Wet Limestone","Low NOx Burner Technology w/ Separated OFA|Selective Catalytic Reduction","Wet Scrubber|Electrostatic Precipitator","Catalyst (gold, palladium, or other) used to oxidize mercury","ARP, CSNOX, CSOSG3, CSSO2G1, MATS"
"IN","Cayuga",1001,"4",708,,2023,297,243.61,17722.73,,0.089,0.0012,14283.985,0.0594,6.002,0.0661,239066.636,"Pipeline Natural Gas","Diesel Oil","Combustion turbine",,"Dry Low NOx Burners",,,"ARP, CSNOX, CSOSG3, CSSO2G1"
"IN","Edwardsport Generating Station",1004,"CTG1",90673,,2023,7992,7985.21,1646839.46,,29.726,0.0046,1412018.317,0.1034,383.501,0.0561,13699546.848,"Coal","Pipeline Natural Gas","Integrated gasification combined cycle",,"Selective Catalytic Reduction (Began Jun 14, 2023)",,,"ARP, CSNOX, CSOSG3, CSSO2G1, MATS"
"IN","Edwardsport Generating Station",1004,"CTG2",90674,,2023,6845,6831.87,1440624.68,,41.85,0.0063,1578158.762,0.1165,320.451,0.048,13517059.975,"Coal","Pipeline Natural Gas","Integrated gasification combined cycle",,"Selective Catalytic Reduction",,,"ARP, CSNOX, CSOSG3, CSSO2G1, MATS"
"IN","Noblesville",1007,"CT3",8288,,2023,5590,5578.99,355169.65,,1.081,0.001,214121.351,0.059,24.012,0.0139,3603418.443,"Pipeline Natural Gas",,"Combined cycle",,"Dry Low NOx Burners|Selective Catalytic Reduction",,,"ARP, CSNOX, CSOSG3, CSSO2G1"
"IN","Noblesville",1007,"CT4",8290,,2023,5560,5542.87,345942.55,,1.092,0.001,216313.736,0.059,47.016,0.0266,3640383.25,"Pipeline Natural Gas",,"Combined cycle",,"Dry Low NOx Burners|Selective Catalytic Reduction",,,"ARP, CSNOX, CSOSG3, CSSO2G1"
"IN","Noblesville",1007,"CT5",8292,,2023,3550,3536.39,219732.22,,0.681,0.001,134925.563,0.059,17.171,0.0159,2270552.044,"Pipeline Natural Gas",,"Combined cycle",,"Dry Low NOx Burners|Selective Catalytic Reduction",,,"ARP, CSNOX, CSOSG3, CSSO2G1"
"IN","F B Culley Generating Station",1012,"2",727,"CS023, MS2",2023,3132,3110,207231.74,,134.339,0.1126,300454.246,0.1028,409.41,0.2281,2935069.574,"Coal",,"Dry bottom wall-fired boiler","Wet Limestone","Low NOx Burner Technology (Dry Bottom only)|Selective Catalytic Reduction","Electrostatic Precipitator",,"ARP, CSNOX, CSOSG3, CSSO2G1, MATS"
"IN","F B Culley Generating Station",1012,"3",728,"CS023",2023,6471,6453.33,1434330.76,,1198.833,0.1321,1623336.643,0.1026,848.218,0.1057,15853837.047,"Coal",,"Dry bottom wall-fired boiler","Wet Limestone","Low NOx Burner Technology (Dry Bottom only)|Selective Catalytic Reduction","Baghouse","Sodium Based","ARP, CSNOX, CSOSG3, CSSO2G1, MATS"
"NC","Butler-Warner Generation Plant",1016,"GT-1",9622,"CP1",2023,157,157,2894,,0.013,0.0008,,,7.455,0.3244,45954.5,"Pipeline Natural Gas","Diesel Oil","Combined cycle",,"Water Injection",,,"CSNOX, CSSO2G1, SIPNOX"
"NC","Butler-Warner Generation Plant",1016,"GT-2",9623,"CP1",2023,121,121,1966,,0.01,0.0009,,,5.138,0.3231,31784.7,"Pipeline Natural Gas","Diesel Oil","Combined cycle",,"Water Injection",,,"CSNOX, CSSO2G1, SIPNOX"
"NC","Butler-Warner Generation Plant",1016,"GT-3",9624,"CP1",2023,141,141,2649,,0.013,0.0008,,,6.798,0.3235,41960.8,"Pipeline Natural Gas","Diesel Oil","Combined cycle",,"Water Injection",,,"CSNOX, CSSO2G1, SIPNOX"
"NC","Butler-Warner Generation Plant",1016,"GT-4",9625,"CP1",2023,107,107,2121,,0.01,0.0008,,,4.914,0.2947,33308.7,"Pipeline Natural Gas","Diesel Oil","Combustion turbine",,"Water Injection",,,"CSNOX, CSSO2G1, SIPNOX"
"NC","Butler-Warner Generation Plant",1016,"GT-5",9626,"CP1",2023,84,84,1658,,0.008,0.0008,,,3.837,0.2961,25929.9,"Pipeline Natural Gas","Diesel Oil","Combustion turbine",,"Water Injection",,,"CSNOX, CSSO2G1, SIPNOX"
"NC","Butler-Warner Generation Plant",1016,"GT-6",9627,"CP1",2023,151,151,2783,,0.013,0.0009,,,7.175,0.3244,44242.6,"Pipeline Natural Gas","Diesel Oil","Combined cycle",,"Water Injection",,,"CSNOX, CSSO2G1, SIPNOX"
"NC","Butler-Warner Generation Plant",1016,"GT-7",9628,"CP1",2023,152,152,2910,,0.013,0.0008,,,7.517,0.3247,46312,"Pipeline Natural Gas","Diesel Oil","Combined cycle",,"Water Injection",,,"CSNOX, CSSO2G1, SIPNOX"
"NC","Butler-Warner Generation Plant",1016,"GT-8",88321,"CP1",2023,106,106,1865,,0.008,0.0008,,,4.733,0.3217,29220,"Pipeline Natural Gas","Diesel Oil","Combined cycle",,"Water Injection",,,"CSNOX, CSSO2G1, SIPNOX"
"IN","Whitewater Valley",1040,"1",729,"CS12",2023,501,486.27,7844.63,,170.556,3.5179,8974.712,0.1029,15.53,0.327,87479.709,"Coal","Diesel Oil","Dry bottom wall-fired boiler",,"Low NOx Burner Technology (Dry Bottom only)|Ammonia Injection|Overfire Air","Electrostatic Precipitator|Baghouse","Halogenated PAC Sorbent Injection","ARP, CSNOX, CSOSG3, CSSO2G1, MATS"
"IN","Whitewater Valley",1040,"2",730,"CS12",2023,498,491.27,15918.19,,345.053,3.3311,18211.353,0.1029,32.682,0.3218,177509.028,"Coal","Diesel Oil","Tangentially-fired",,"Low NOx Burner Technology w/ Separated OFA|Ammonia Injection|Overfire Air","Baghouse|Electrostatic Precipitator","Halogenated PAC Sorbent Injection","ARP, CSNOX, CSOSG3, CSSO2G1, MATS"
"IA","Lansing",1047,"4",739,,2023,0,0,,,,,,,,,,"Coal",,"Dry bottom turbo-fired boiler","Dry Lime FGD","Low NOx Burner Technology (Dry Bottom only)|Ammonia Injection|Selective Catalytic Reduction","Electrostatic Precipitator|Baghouse","Additives to Enhance PAC and Existing Equipment Performance","ARP, CSNOX, CSOSG2, CSSO2G1, MATS"
"IA","Marshalltown CTs",1068,"1A",89836,,2023,41,33.05,922.26,,0.004,0.001,,,1.564,0.2567,11810.922,"Pipeline Natural Gas",,"Combustion turbine",,,,,"CSNOX, CSOSG2, CSSO2G1"
"IA","Marshalltown CTs",1068,"1B",89841,,2023,608,538.06,14015.52,,0.059,0.001,,,26.163,0.2576,197589.067,"Pipeline Natural Gas",,"Combustion turbine",,,,,"CSNOX, CSOSG2, CSSO2G1"
"IA","Marshalltown CTs",1068,"2A",89842,,2023,1450,1292.43,32176.39,,0.128,0.001,,,54.976,0.2487,425388.936,"Pipeline Natural Gas",,"Combustion turbine",,,,,"CSNOX, CSOSG2, CSSO2G1"
"IA","Marshalltown CTs",1068,"2B",89843,,2023,1501,1325.53,32290.45,,0.128,0.001,,,56.89,0.2551,427375.567,"Pipeline Natural Gas",,"Combustion turbine",,,,,"CSNOX, CSOSG2, CSSO2G1"
"IA","Marshalltown CTs",1068,"3A",89844,,2023,595,531.33,12750.23,,0.046,0.001,,,16.929,0.2121,153561.131,"Pipeline Natural Gas",,"Combustion turbine",,,,,"CSNOX, CSOSG2, CSSO2G1"
"IA","Marshalltown CTs",1068,"3B",89845,,2023,1234,1102.25,27591.49,,0.104,0.001,,,46.715,0.2588,346256.267,"Pipeline Natural Gas",,"Combustion turbine",,,,,"CSNOX, CSOSG2, CSSO2G1"
"IA","Prairie Creek",1073,"3",746,,2023,7969,7957.97,,1624390.25,714.811,0.5255,282302.679,0.1047,412.1,0.3068,2693908.23,"Coal","Other Gas, Pipeline Natural Gas","Dry bottom wall-fired boiler",,"Overfire Air","Electrostatic Precipitator","Additives to Enhance PAC and Existing Equipment Performance","ARP, CSNOX, CSOSG2, CSSO2G1, MATS"
"IA","Prairie Creek",1073,"4",747,,2023,1011,987.47,,307626.68,13.834,0.052,31602.464,0.059,57.744,0.1658,533113.837,"Natural Gas",,"Dry bottom wall-fired boiler",,"Low NOx Burner Technology w/ Overfire Air","Electrostatic Precipitator",,"ARP, CSNOX, CSOSG2, CSSO2G1"
"IA","Walter Scott Jr. Energy Center",1082,"3",756,,2023,4394,4373.13,2593054.17,,4709.239,0.351,2719852.73,0.105,2949.33,0.2063,25933035.841,"Coal","Diesel Oil","Dry bottom wall-fired boiler","Dry Lime FGD","Low NOx Burner Technology w/ Overfire Air","Baghouse","Halogenated PAC Sorbent Injection","ARP, CSNOX, CSOSG2, CSSO2G1, MATS"
"IA","Walter Scott Jr. Energy Center",1082,"4",89556,,2023,5905,5893.75,3659553.52,,1347.666,0.0804,3565030.797,0.105,983.163,0.0564,33991549.79,"Coal",,"Dry bottom wall-fired boiler","Dry Lime FGD","Low NOx Burner Technology w/ Overfire Air|Selective Catalytic Reduction","Baghouse","Halogenated PAC Sorbent Injection","ARP, CSNOX, CSOSG2, CSSO2G1, MATS"
"IA","George Neal North",1091,"3",762,,2023,4149,4088.51,1409759.41,,2508.792,0.3473,1444749.963,0.105,1816.786,0.2639,13775301.801,"Coal","Pipeline Natural Gas","Dry bottom wall-fired boiler","Dry Lime FGD","Low NOx Burner Technology w/ Overfire Air|Selective Non-catalytic Reduction","Baghouse|Electrostatic Precipitator",,"ARP, CSNOX, CSOSG2, CSSO2G1, MATS"
"IA","Burlington (IA)",1104,"1",764,,2023,295,287.21,16650.15,,0.063,0.001,12479.215,0.0591,7.002,0.0533,209978.133,"Pipeline Natural Gas",,"Tangentially-fired",,"Low NOx Burner Technology w/ Closed-coupled/Separated OFA|Overfire Air",,,"ARP, CSNOX, CSOSG2, CSSO2G1"
"IA","Ames",1122,"7",767,,2023,3267,3256.77,97279.54,,11.06,0.0168,77042.83,0.059,89.007,0.1383,1299671.933,"Natural Gas","Refuse","Tangentially-fired",,"Low NOx Burner Technology w/ Closed-coupled OFA","Electrostatic Precipitator",,"ARP, CSNOX, CSOSG2, CSSO2G1"
"IA","Ames",1122,"8",768,,2023,5471,5458.25,257974.33,,15.848,0.0101,200873.282,0.059,225.224,0.13,3388580.389,"Natural Gas","Refuse","Dry bottom wall-fired boiler",,"Low NOx Burner Technology w/ Overfire Air","Electrostatic Precipitator",,"ARP, CSNOX, CSOSG2, CSSO2G1"
"IA","Streeter Station",1131,"7",772,,2023,989,969.66,7583.01,,11.21,4.8273,7798.358,0.0656,19.289,0.2323,128129.592,"Pipeline Natural Gas","Coal","Dry bottom wall-fired boiler",,,"Electrostatic Precipitator",,"ARP, CSNOX, CSOSG2, CSSO2G1, MATS"
"IA","Muscatine",1167,"8",787,,2023,927,915.19,37949.63,,137.836,0.5499,49683.666,0.1049,186.508,0.7289,473723.925,"Coal","Natural Gas","Cyclone boiler",,"Overfire Air","Electrostatic Precipitator","Additives to Enhance PAC and Existing Equipment Performance","ARP, CSNOX, CSOSG2, CSSO2G1, MATS"
"IA","Muscatine",1167,"9",788,,2023,7105,7086.24,577677.73,,44.11,0.0217,687156.023,0.1048,633.449,0.2234,6551792.668,"Coal","Diesel Oil","Tangentially-fired","Wet Limestone","Overfire Air","Electrostatic Precipitator","Additives to Enhance PAC and Existing Equipment Performance","ARP, CSNOX, CSOSG2, CSSO2G1, MATS"
"IA","Summit Lake",1206,"1G",89919,,2023,4,2.75,61.5,,0,0.0008,62.9,0.0593,0.373,0.7,1066,"Pipeline Natural Gas","Diesel Oil","Combustion turbine",,,,,"CSNOX, CSOSG2, CSSO2G1"
"IA","Summit Lake",1206,"2G",90041,,2023,310,275.08,6866.48,,0.034,0.0007,6448.9,0.059,38.227,0.7001,109223.2,"Pipeline Natural Gas","Diesel Oil","Combustion turbine",,,,,"CSNOX, CSOSG2, CSSO2G1"
"IA","Earl F Wisdom",1217,"1",806,,2023,342,326.16,4830.54,,0.02,0.001,3931.536,0.0601,3.142,0.0808,66156.983,"Pipeline Natural Gas","Diesel Oil","Dry bottom wall-fired boiler",,"Low NOx Burner Technology (Dry Bottom only)",,,"ARP, CSNOX, CSOSG2, CSSO2G1"
"IA","Earl F Wisdom",1217,"2",89384,,2023,80,64.76,3210.93,,0.017,0.0012,2670.641,0.0605,0.624,0.0424,44690.379,"Pipeline Natural Gas","Diesel Oil","Combustion turbine",,"Dry Low NOx Burners|Water Injection",,,"ARP, CSNOX, CSOSG2, CSSO2G1"
"KS","Cimarron River",1230,"1",808,,2023,960,926.88,26163.28,,0.097,0.001,19179.726,0.0592,38.239,0.2168,322721.21,"Pipeline Natural Gas",,"Dry bottom wall-fired boiler",,,,,"ARP, CSNOX, CSOSG2, CSSO2G2"
"KS","Fort Dodge aka Judson Large",1233,"4",810,,2023,1724,1712.57,118567.95,,0.385,0.001,76190.323,0.0591,95.241,0.1241,1282034.399,"Pipeline Natural Gas",,"Dry bottom wall-fired boiler",,,,,"ARP, CSNOX, CSOSG2, CSSO2G2"
"KS","Great Bend Station aka Arthur Mullergren",1235,"3",811,,2023,1163,1147.04,37086.57,,0.123,0.001,24362.913,0.0594,31.387,0.133,409898.902,"Pipeline Natural Gas",,"Dry bottom wall-fired boiler",,,,,"ARP, CSNOX, CSOSG2, CSSO2G2"
"KS","Riverton",1239,"12",89715,,2023,5502,5436.47,1188051.98,,2.601,0.001,515238.882,0.059,112.455,0.0293,8669782.436,"Pipeline Natural Gas",,"Combined cycle",,"Selective Catalytic Reduction",,,"ARP, CSNOX, CSOSG2, CSSO2G2"
"KS","Gordon Evans Energy Center",1240,"E1CT",816,,2023,2012,1807.16,123442.8,,0.499,0.0013,89508.037,0.0592,23.169,0.0404,1505170.548,"Pipeline Natural Gas","Diesel Oil","Combustion turbine",,,,,"ARP, CSNOX, CSOSG2, CSSO2G2"
"KS","Gordon Evans Energy Center",1240,"E2CT",817,,2023,1469,1312.97,82221.52,,0.518,0.0014,61793.895,0.0593,19.87,0.0489,1035597.736,"Pipeline Natural Gas","Diesel Oil","Combustion turbine",,,,,"ARP, CSNOX, CSOSG2, CSSO2G2"
"KS","Gordon Evans Energy Center",1240,"E3CT",818,,2023,1952,1755.86,237634.18,,1.119,0.0013,156576.304,0.0592,47.237,0.0474,2628016.411,"Pipeline Natural Gas","Diesel Oil","Combustion turbine",,,,,"ARP, CSNOX, CSOSG2, CSSO2G2"
"KS","La Cygne",1241,"1",819,,2023,6690,6657.36,4146925.53,,642.788,0.0312,4093079.918,0.105,1657.45,0.1021,39026600.965,"Coal",,"Cyclone boiler","Wet Limestone","Overfire Air|Selective Catalytic Reduction","Baghouse","Halogenated PAC Sorbent Injection","ARP, CSNOX, CSOSG2, CSSO2G2, MATS"
"KS","La Cygne",1241,"2",820,,2023,6018,6002.32,3132578.69,,282.25,0.0165,3244494.936,0.1044,1042.535,0.0676,30943168.493,"Coal","Other Oil","Dry bottom wall-fired boiler","Wet Limestone","Low NOx Burner Technology w/ Overfire Air|Low NOx Burner Technology (Dry Bottom only)|Overfire Air|Selective Catalytic Reduction","Baghouse","Halogenated PAC Sorbent Injection","ARP, CSNOX, CSOSG2, CSSO2G2, MATS"
"KS","Hutchinson Energy Center",1248,"CT-1",90748,,2023,635,531.55,6807.24,,0.045,0.001,,,12.941,0.1644,148669.734,"Pipeline Natural Gas","Diesel Oil","Combustion turbine",,,,,"CSNOX, CSOSG2, CSSO2G2"
"KS","Hutchinson Energy Center",1248,"CT-2",90749,,2023,704,594.22,7885.07,,0.047,0.001,,,16.217,0.1991,152669.443,"Pipeline Natural Gas","Diesel Oil","Combustion turbine",,,,,"CSNOX, CSOSG2, CSSO2G2"
"KS","Hutchinson Energy Center",1248,"CT-3",90750,,2023,650,536.98,6971.5,,0.045,0.001,,,13.729,0.1754,147102.075,"Pipeline Natural Gas","Diesel Oil","Combustion turbine",,,,,"CSNOX, CSOSG2, CSSO2G2"
"KS","Hutchinson Energy Center",1248,"CT-4",90751,,2023,222,184.25,3160,,53.526,0.5,,,128.459,1.2,214098.7,"Diesel Oil",,"Combustion turbine",,,,,"CSNOX, CSOSG2, CSSO2G2"
"KS","Lawrence Energy Center",1250,"4",834,"MS4N, MS4S",2023,5325,5286.94,384590.99,,47.168,0.0209,417157.783,0.1031,297.494,0.1458,3994620.35,"Coal","Pipeline Natural Gas","Tangentially-fired","Wet Limestone","Low NOx Burner Technology w/ Closed-coupled/Separated OFA","Baghouse|Wet Scrubber",,"ARP, CSNOX, CSOSG2, CSSO2G2, MATS"
"KS","Lawrence Energy Center",1250,"5",835,,2023,7123,7080.7,1520288.17,,225.247,0.0255,1584221.591,0.105,935.854,0.1167,15105083.566,"Coal","Pipeline Natural Gas","Tangentially-fired","Wet Limestone","Low NOx Burner Technology w/ Closed-coupled/Separated OFA","Baghouse|Wet Scrubber",,"ARP, CSNOX, CSOSG2, CSSO2G2, MATS"
"KS","Chanute 2",1268,"14",2247,,2023,2123,2036.14,81122.89,,0.312,0.001,61723.541,0.0588,44.547,0.0875,1038667.007,"Pipeline Natural Gas",,"Combustion turbine",,"Dry Low NOx Burners",,,"ARP, CSNOX, CSOSG2, CSSO2G2"
"KS","Coffeyville",1271,"4",841,,2023,770,712.07,11711.92,,0.042,0.0009,8248.34,0.0561,9.744,0.124,138796.403,"Pipeline Natural Gas",,"Dry bottom wall-fired boiler",,,,,"ARP, CSNOX, CSOSG2, CSSO2G2"
"KS","Quindaro",1295,"CT2",90731,,2023,202,168.15,3292.63,,0.068,0.0012,,,56.801,1.2,94668.6,"Diesel Oil",,"Combustion turbine",,,,,"CSNOX, CSOSG2, CSSO2G2"
"KS","Quindaro",1295,"CT3",90732,,2023,169,145.87,2974.61,,0.058,0.0018,,,45.861,1.2,76436,"Diesel Oil",,"Combustion turbine",,,,,"CSNOX, CSOSG2, CSSO2G2"
"KS","McPherson 2",1305,"GT1",90704,"CP001",2023,695,593.42,14620.02,,0.086,0.0008,,,34.743,0.2646,263627.1,"Pipeline Natural Gas","Diesel Oil","Combustion turbine",,,,,"CSNOX, CSOSG2, CSSO2G2"
"KS","McPherson 2",1305,"GT2",90705,,2023,402,348.06,7551.89,,0.138,0.0019,,,38.375,0.5459,140571.7,"Diesel Oil",,"Combustion turbine",,,,,"CSNOX, CSOSG2, CSSO2G2"
"KS","McPherson 2",1305,"GT3",90706,"CP001",2023,710,604.91,13914.71,,0.073,0.0006,,,33.01,0.264,250690.3,"Pipeline Natural Gas","Diesel Oil","Combustion turbine",,,,,"CSNOX, CSOSG2, CSSO2G2"
"KS","Garden City",1336,"S-2",871,,2023,1275,1261.6,56081.51,,0.176,0.001,34854.311,0.0592,45.32,0.1247,586475.354,"Pipeline Natural Gas",,"Tangentially-fired",,,,,"ARP, CSNOX, CSOSG2, CSSO2G2"
"KS","Garden City",1336,"S-4",90745,,2023,745,652.9,15843.9,,0.075,0.001,,,27.472,0.2031,248485.701,"Pipeline Natural Gas",,"Combustion turbine",,,,,"CSNOX, CSOSG2, CSSO2G2"
"KS","Garden City",1336,"S-5",90746,,2023,685,588.5,15681.16,,0.07,0.001,,,24.191,0.188,232737.378,"Pipeline Natural Gas",,"Combustion turbine",,,,,"CSNOX, CSOSG2, CSSO2G2"
"KY","Big Sandy",1353,"BSU1",872,,2023,6653,6635.59,1227103.72,,30.22,0.005,697438.371,0.059,981.078,0.1465,11735727.143,"Natural Gas",,"Dry bottom wall-fired boiler",,"Low NOx Burner Technology (Dry Bottom only)|Overfire Air","Electrostatic Precipitator",,"ARP, CSNOX, CSOSG2E, CSSO2G1"
"KY","E W Brown",1355,"10",875,,2023,58,47.6,3611,,0.097,0.01,2934.781,0.06,2.582,0.1076,49089.716,"Pipeline Natural Gas",,"Combustion turbine","Other","Water Injection",,,"ARP, CSNOX, CSOSG2E, CSSO2G1"
"KY","E W Brown",1355,"11",876,,2023,94,80.12,6632.24,,0.119,0.0065,5270.025,0.0596,5.643,0.1303,88344.926,"Pipeline Natural Gas",,"Combustion turbine","Other","Water Injection",,,"ARP, CSNOX, CSOSG2E, CSSO2G1"
"KY","E W Brown",1355,"3",878,,2023,4668,4652.29,1035777.21,,361.002,0.0608,1111633.894,0.103,233.735,0.043,10834663.028,"Coal",,"Tangentially-fired","Wet Limestone","Low NOx Burner Technology w/ Closed-coupled/Separated OFA|Selective Catalytic Reduction","Wet Scrubber|Baghouse","Additives to Enhance PAC and Existing Equipment Performance|Untreated PAC Sorbent Injection","ARP, CSNOX, CSOSG2E, CSSO2G1, MATS"
"KY","E W Brown",1355,"5",879,,2023,124,100.05,7311.27,,0.03,0.001,5851.933,0.0591,4.131,0.0851,98472.893,"Pipeline Natural Gas",,"Combustion turbine",,"Water Injection",,,"ARP, CSNOX, CSOSG2E, CSSO2G1"
"KY","E W Brown",1355,"6",880,,2023,202,167.86,20116.48,,0.067,0.001,13229.988,0.059,3.54,0.0317,222620.427,"Pipeline Natural Gas",,"Combustion turbine",,"Dry Low NOx Burners|Water Injection",,,"ARP, CSNOX, CSOSG2E, CSSO2G1"
"KY","E W Brown",1355,"7",881,,2023,234,199.64,24153.77,,0.081,0.001,16031.595,0.059,7.845,0.058,269756.31,"Pipeline Natural Gas",,"Combustion turbine",,"Dry Low NOx Burners|Water Injection",,,"ARP, CSNOX, CSOSG2E, CSSO2G1"
"KY","E W Brown",1355,"8",882,,2023,74,60.3,4374.05,,0.107,0.0077,3577.253,0.0598,4.035,0.1361,59872.257,"Pipeline Natural Gas",,"Combustion turbine","Other","Water Injection",,,"ARP, CSNOX, CSOSG2E, CSSO2G1"
"KY","E W Brown",1355,"9",883,,2023,80,67.1,5391.79,,0.121,0.0073,4148.585,0.0598,4.124,0.119,69452.176,"Pipeline Natural Gas",,"Combustion turbine","Other","Water Injection",,,"ARP, CSNOX, CSOSG2E, CSSO2G1"
"KY","Ghent",1356,"1",884,,2023,7291,7279.98,2899443.55,,770.845,0.0531,2868074.503,0.103,716.758,0.0503,27953962.014,"Coal",,"Tangentially-fired","Wet Limestone","Low NOx Burner Technology w/ Separated OFA|Selective Catalytic Reduction","Baghouse","Additives to Enhance PAC and Existing Equipment Performance|Untreated PAC Sorbent Injection","ARP, CSNOX, CSOSG2E, CSSO2G1, MATS"
"KY","Ghent",1356,"2",885,"CS023",2023,7965,7961.44,2824410.28,,3369.657,0.2368,2752506.929,0.103,3039.666,0.2163,26827573.854,"Coal",,"Tangentially-fired","Wet Limestone","Low NOx Burner Technology w/ Closed-coupled/Separated OFA","Baghouse","Untreated PAC Sorbent Injection|Additives to Enhance PAC and Existing Equipment Performance","ARP, CSNOX, CSOSG2E, CSSO2G1, MATS"
"KY","Ghent",1356,"3",886,"CS023",2023,6812,6804.42,2583570.77,,2756.677,0.2176,2507216.2,0.103,2199.289,0.177,24436814.525,"Coal",,"Dry bottom wall-fired boiler","Wet Limestone","Low NOx Burner Technology w/ Overfire Air|Selective Catalytic Reduction","Baghouse|Electrostatic Precipitator","Untreated PAC Sorbent Injection|Additives to Enhance PAC and Existing Equipment Performance","ARP, CSNOX, CSOSG2E, CSSO2G1, MATS"
"KY","Ghent",1356,"4",887,,2023,7409,7404.69,2450092.22,,850.295,0.0686,2454646.522,0.103,700.995,0.0576,23924431.528,"Coal",,"Dry bottom wall-fired boiler","Wet Limestone","Low NOx Burner Technology w/ Overfire Air|Selective Catalytic Reduction","Baghouse|Electrostatic Precipitator","Additives to Enhance PAC and Existing Equipment Performance|Untreated PAC Sorbent Injection","ARP, CSNOX, CSOSG2E, CSSO2G1, MATS"
"KY","Cane Run",1363,"7A",90928,,2023,7672,7659.58,2510383.48,,5.104,0.001,1011124.322,0.059,230.189,0.0273,17014082.138,"Pipeline Natural Gas",,"Combined cycle",,"Dry Low NOx Burners",,,"ARP, CSNOX, CSOSG2E, CSSO2G1"
"KY","Cane Run",1363,"7B",90929,,2023,7423,7414.15,2439187,,4.936,0.001,977691.721,0.059,216.399,0.0265,16451615.706,"Pipeline Natural Gas",,"Combined cycle",,"Dry Low NOx Burners",,,"ARP, CSNOX, CSOSG2E, CSSO2G1"
"KY","Mill Creek",1364,"1",905,"CS12",2023,4761,4753.77,1167283.49,,509.43,0.0905,1058935.61,0.1025,1494.342,0.2874,10327666.885,"Coal",,"Tangentially-fired","Wet Limestone","Low NOx Burner Technology w/ Separated OFA","Baghouse|Electrostatic Precipitator","Additives to Enhance PAC and Existing Equipment Performance|Untreated PAC Sorbent Injection","ARP, CSNOX, CSOSG2E, CSSO2G1, MATS"
"KY","Mill Creek",1364,"2",906,"CS12",2023,7565,7560.5,1842797.58,,720.034,0.0826,1677713.728,0.1028,2277.958,0.2794,16356880.325,"Coal",,"Tangentially-fired","Wet Limestone","Low NOx Burner Technology w/ Separated OFA","Baghouse|Electrostatic Precipitator","Additives to Enhance PAC and Existing Equipment Performance|Untreated PAC Sorbent Injection","ARP, CSNOX, CSOSG2E, CSSO2G1, MATS"
"KY","Mill Creek",1364,"3",907,,2023,8630,8626.25,2517512.62,,828.402,0.0671,2462557.742,0.1026,963.318,0.0802,24037060.178,"Coal",,"Dry bottom wall-fired boiler","Wet Limestone","Low NOx Burner Technology (Dry Bottom only)|Selective Catalytic Reduction","Baghouse|Electrostatic Precipitator|Wet Scrubber","Additives to Enhance PAC and Existing Equipment Performance|Untreated PAC Sorbent Injection","ARP, CSNOX, CSOSG2E, CSSO2G1, MATS"
"KY","Mill Creek",1364,"4",908,,2023,7433,7418.43,2760779.73,,1201.275,0.0918,2688815.003,0.1021,939.86,0.0726,26251357.008,"Coal",,"Dry bottom wall-fired boiler","Wet Limestone","Low NOx Burner Technology (Dry Bottom only)|Selective Catalytic Reduction","Baghouse|Electrostatic Precipitator|Wet Scrubber","Additives to Enhance PAC and Existing Equipment Performance|Untreated PAC Sorbent Injection","ARP, CSNOX, CSOSG2E, CSSO2G1, MATS"
"KY","Paddy's Run",1366,"12",10010,,2023,2,2,,,0,0.001,,,0.307,0.7,876,"Pipeline Natural Gas",,"Combustion turbine",,,,,"CSNOX, CSOSG2E, CSSO2G1"
"KY","Paddy's Run",1366,"13",909,,2023,242,213.83,27884.25,,0.088,0.001,17523.219,0.059,11.163,0.077,294858.034,"Pipeline Natural Gas",,"Combustion turbine",,"Dry Low NOx Burners",,,"ARP, CSNOX, CSOSG2E, CSSO2G1"
"KY","Paradise",1378,"PCC1",91045,,2023,6832,6822.81,2051316.32,,4.111,0.001,814302.811,0.059,119.736,0.0185,13702228.767,"Pipeline Natural Gas",,"Combined cycle",,"Dry Low NOx Burners|Selective Catalytic Reduction",,,"ARP, CSNOX, CSOSG2E, CSSO2G1, NSPS4T"
"KY","Paradise",1378,"PCC2",91046,,2023,8230,8222.52,2471605.91,,4.974,0.001,985226.097,0.059,155.15,0.0195,16578278.724,"Pipeline Natural Gas",,"Combined cycle",,"Dry Low NOx Burners|Selective Catalytic Reduction",,,"ARP, CSNOX, CSOSG2E, CSSO2G1, NSPS4T"
"KY","Paradise",1378,"PCC3",91047,,2023,8247,8235.76,2469430.11,,4.992,0.001,988786.44,0.059,159.136,0.0203,16638305.538,"Pipeline Natural Gas",,"Combined cycle",,"Dry Low NOx Burners|Selective Catalytic Reduction",,,"ARP, CSNOX, CSOSG2E, CSSO2G1, NSPS4T"
"KY","Shawnee",1379,"1",916,"CSSH15",2023,7896,7892.38,587754.78,,1000.89,0.3024,695184.352,0.105,567.143,0.1733,6628378.047,"Coal",,"Dry bottom wall-fired boiler","Dry Lime FGD","Low NOx Burner Technology (Dry Bottom only)|Selective Catalytic Reduction","Baghouse",,"ARP, CSNOX, CSOSG2E, CSSO2G1, MATS"
"KY","Shawnee",1379,"2",918,"CSSH15",2023,6963,6960.08,559811.73,,980.556,0.3096,658680.427,0.105,546.852,0.1741,6280320.021,"Coal",,"Dry bottom wall-fired boiler",,"Low NOx Burner Technology (Dry Bottom only)","Baghouse",,"ARP, CSNOX, CSOSG2E, CSSO2G1, MATS"
"KY","Shawnee",1379,"3",919,"CSSH15",2023,7574,7572.14,571038.79,,1003.439,0.311,672648.885,0.105,560.043,0.1763,6413512.434,"Coal",,"Dry bottom wall-fired boiler",,"Low NOx Burner Technology (Dry Bottom only)","Baghouse",,"ARP, CSNOX, CSOSG2E, CSSO2G1, MATS"
"KY","Shawnee",1379,"4",920,"CSSH15",2023,7895,7891.49,614446.13,,1058.589,0.3062,724388.694,0.105,593.062,0.1744,6906836.784,"Coal",,"Dry bottom wall-fired boiler","Dry Lime FGD","Low NOx Burner Technology (Dry Bottom only)|Selective Catalytic Reduction","Baghouse",,"ARP, CSNOX, CSOSG2E, CSSO2G1, MATS"
"KY","Shawnee",1379,"5",921,"CSSH15",2023,7414,7411.05,535485.45,,961.174,0.3124,638921.819,0.105,539.408,0.1785,6091935.105,"Coal",,"Dry bottom wall-fired boiler",,"Low NOx Burner Technology (Dry Bottom only)","Baghouse",,"ARP, CSNOX, CSOSG2E, CSSO2G1, MATS"
"KY","Shawnee",1379,"6",922,"CSSH60",2023,8426,8425.12,656831.28,,1730.835,0.4637,776215.091,0.1049,876.524,0.2378,7400997.368,"Coal",,"Dry bottom wall-fired boiler",,"Low NOx Burner Technology (Dry Bottom only)","Baghouse",,"ARP, CSNOX, CSOSG2E, CSSO2G1, MATS"
"KY","Shawnee",1379,"7",923,"CSSH60",2023,8420,8416.56,661476.99,,1750.629,0.4641,784518.665,0.1049,886.841,0.2383,7480170.646,"Coal",,"Dry bottom wall-fired boiler",,"Low NOx Burner Technology (Dry Bottom only)","Baghouse",,"ARP, CSNOX, CSOSG2E, CSSO2G1, MATS"
"KY","Shawnee",1379,"8",924,"CSSH60",2023,7610,7608,568814.91,,1509.979,0.4641,677663.853,0.1049,765.795,0.2381,6461336.842,"Coal",,"Dry bottom wall-fired boiler",,"Low NOx Burner Technology (Dry Bottom only)","Baghouse",,"ARP, CSNOX, CSOSG2E, CSSO2G1, MATS"
"KY","Shawnee",1379,"9",925,"CSSH60",2023,8760,8760,630243,,1664.137,0.4638,746502.066,0.1049,842.581,0.238,7117691,"Coal",,"Dry bottom wall-fired boiler",,"Low NOx Burner Technology (Dry Bottom only)","Baghouse",,"ARP, CSNOX, CSOSG2E, CSSO2G1, MATS"
"KY","Robert Reid",1383,"RT",88132,,2023,356,356,8152,,4.19,0.06,,,48.881,0.7,139662.3,"Other Gas","Diesel Oil","Combustion turbine",,,,,"CSNOX, CSOSG2E, CSSO2G1"
"KY","John S. Cooper",1384,"1",932,"CS1",2023,1107,1086.33,78897.45,,61.124,0.1459,79614.43,0.103,68.812,0.1539,775971.957,"Coal",,"Dry bottom wall-fired boiler","Dry Lime FGD","Low NOx Burner Technology (Dry Bottom only)","Electrostatic Precipitator|Baghouse",,"ARP, CSNOX, CSOSG2E, CSSO2G1, MATS"
"KY","John S. Cooper",1384,"2",933,"CS1",2023,2971,2951.23,460238.11,,87.961,0.0608,451215.658,0.1029,171.989,0.0808,4397797.859,"Coal",,"Dry bottom wall-fired boiler","Dry Lime FGD","Low NOx Burner Technology (Dry Bottom only)|Selective Catalytic Reduction","Baghouse",,"ARP, CSNOX, CSOSG2E, CSSO2G1, MATS"
"LA","Louisiana 1",1391,"1A",936,,2023,8432,8428.09,806644.46,,1.468,0.0013,156936.148,0.0593,110.584,0.0844,2640681.016,"Process Gas","Diesel Oil","Tangentially-fired",,"Low NOx Burner Technology w/ Closed-coupled OFA",,,"ARP, CSOSG2E"
"LA","Louisiana 1",1391,"2A",937,,2023,8451,8446.37,819810.49,,1.642,0.0013,167932.964,0.0593,143.153,0.1027,2825815.69,"Process Gas","Diesel Oil","Tangentially-fired",,"Low NOx Burner Technology w/ Closed-coupled OFA",,,"ARP, CSOSG2E"
"LA","Louisiana 1",1391,"3A",938,,2023,8671,8665.85,849074.23,,1.672,0.0013,175646.043,0.0593,139.28,0.093,2955664.939,"Process Gas","Diesel Oil","Tangentially-fired",,"Low NOx Burner Technology w/ Closed-coupled OFA",,,"ARP, CSOSG2E"
"LA","Louisiana 1",1391,"4A",939,,2023,8235,8226.05,857768.38,,6.103,0.0011,728675.686,0.059,469.928,0.0769,12261388.039,"Process Gas",,"Combined cycle",,"Water Injection",,,"ARP, CSOSG2E"
"LA","Louisiana 1",1391,"5A",940,,2023,8368,8361.86,,7747434.8,9.281,0.0012,1061050.741,0.059,367.671,0.0414,17854291.876,"Process Gas",,"Combined cycle",,"Dry Low NOx Burners",,,"ARP, CSOSG2E"
"LA","R S Nelson",1393,"6",950,,2023,4423,4414.51,1608801.83,,4592.114,0.4903,1917858.676,0.105,1442.875,0.1765,18286228.186,"Coal","Residual Oil","Tangentially-fired",,"Low NOx Burner Technology w/ Separated OFA","Electrostatic Precipitator","Additives to Enhance PAC and Existing Equipment Performance","ARP, CSOSG2E, MATS"
"LA","Coughlin Power Station",1396,"6-1",957,,2023,6678,6654.46,1331483.73,,2.966,0.001,587450.96,0.059,162.602,0.0332,9884954.6,"Pipeline Natural Gas",,"Combined cycle",,"Dry Low NOx Burners|Selective Catalytic Reduction",,,"ARP, CSOSG2E"
"LA","Coughlin Power Station",1396,"7-1",959,,2023,6915,6894.64,1351618.65,,3.03,0.001,600179.636,0.059,167.555,0.0333,10099070.497,"Pipeline Natural Gas",,"Combined cycle",,"Dry Low NOx Burners|Selective Catalytic Reduction",,,"ARP, CSOSG2E"
"LA","Coughlin Power Station",1396,"7-2",960,,2023,7006,6989.35,1362951.92,,3.042,0.001,602548.659,0.059,158.43,0.0312,10139071.603,"Pipeline Natural Gas",,"Combined cycle",,"Dry Low NOx Burners|Selective Catalytic Reduction",,,"ARP, CSOSG2E"
"LA","Teche Power Station",1400,"3",962,,2023,1405,1391.2,181604.77,,0.583,0.001,115410.644,0.059,205.303,0.184,1942012.767,"Pipeline Natural Gas","Diesel Oil","Dry bottom wall-fired boiler",,,,,"ARP, CSOSG2E"
"LA","Teche Power Station",1400,"4",90666,,2023,60,50.83,1425.96,,0.005,0.0008,1018.7,0.059,0.147,0.0171,17273.7,"Pipeline Natural Gas",,"Combustion turbine",,"Dry Low NOx Burners",,,"ARP, CSOSG2E"
"LA","Little Gypsy",1402,"2",964,,2023,200,190.28,13079.72,,0.045,0.001,8945.543,0.0598,14.374,0.0659,150482.554,"Pipeline Natural Gas","Diesel Oil","Dry bottom wall-fired boiler",,"Combustion Modification/Fuel Reburning",,,"ARP, CSOSG2E"
"LA","Little Gypsy",1402,"3",965,,2023,2199,2185.67,588349.54,,1.903,0.001,376890.495,0.0588,948.498,0.2356,6341923.96,"Pipeline Natural Gas",,"Dry bottom wall-fired boiler",,"Combustion Modification/Fuel Reburning",,,"ARP, CSOSG2E"
"LA","Ninemile Point",1403,"4",969,,2023,4034,4029.22,1569653.18,,4.722,0.001,935458.589,0.059,1693.693,0.1576,15740819.505,"Pipeline Natural Gas","Diesel Oil","Tangentially-fired",,"Combustion Modification/Fuel Reburning",,,"ARP, CSOSG2E"
"LA","Ninemile Point",1403,"5",970,,2023,5875,5863.18,2302469.6,,6.835,0.001,1353900.909,0.059,2725.271,0.1756,22782011.309,"Pipeline Natural Gas","Diesel Oil","Tangentially-fired",,"Combustion Modification/Fuel Reburning",,,"ARP, CSOSG2E"
"LA","Ninemile Point",1403,"6A",90866,,2023,8283,8273.48,2189428.06,,4.522,0.001,895537.197,0.059,101.673,0.0139,15066086.912,"Pipeline Natural Gas","Diesel Oil","Combined cycle",,"Water Injection|Selective Catalytic Reduction",,,"ARP, CSOSG2E"
"LA","Ninemile Point",1403,"6B",90867,,2023,8300,8292.06,2198997,,4.54,0.001,899186.752,0.059,94.081,0.0127,15128874.152,"Pipeline Natural Gas","Diesel Oil","Combined cycle",,"Water Injection|Selective Catalytic Reduction",,,"ARP, CSOSG2E"
"LA","Sterlington",1404,"7AB",972,,2023,0,0,,,,,,,,,,"Pipeline Natural Gas","Diesel Oil","Combined cycle",,,,,"ARP, CSOSG2E"
"LA","Arsenal Hill Power Plant",1416,"5A",979,,2023,3709,3692.53,189481.82,,0.676,0.001,133864.33,0.0592,149.569,0.114,2252533.059,"Pipeline Natural Gas",,"Tangentially-fired",,,,,"ARP, CSOSG2E"
"LA","Arsenal Hill Power Plant",1416,"CTG-6A",90566,,2023,7399,7391.2,1115730.79,,3.606,0.001,714222.499,0.059,61.573,0.0104,12018097.479,"Pipeline Natural Gas",,"Combined cycle",,"Dry Low NOx Burners|Selective Catalytic Reduction",,,"ARP, CSOSG2E"
"LA","Arsenal Hill Power Plant",1416,"CTG-6B",90567,,2023,7660,7653.69,1158891.97,,3.716,0.001,736152.286,0.059,64.738,0.0106,12387204.506,"Pipeline Natural Gas",,"Combined cycle",,"Dry Low NOx Burners|Selective Catalytic Reduction",,,"ARP, CSOSG2E"
"LA","Lieberman Power Plant",1417,"3",980,,2023,2011,1986.98,76189.45,,0.268,0.001,53105.549,0.0611,82.819,0.1705,893527.234,"Pipeline Natural Gas",,"Tangentially-fired",,,,,"ARP, CSOSG2E"
"LA","Lieberman Power Plant",1417,"4",981,,2023,1710,1691.13,69212.24,,0.231,0.001,45734.657,0.0594,76.292,0.1808,769575.627,"Pipeline Natural Gas",,"Tangentially-fired",,,,,"ARP, CSOSG2E"
"LA","Houma",1439,"15",982,,2023,0,0,,,,,,,,,,"Pipeline Natural Gas",,"Dry bottom wall-fired boiler",,,,,"ARP, CSOSG2E"
"LA","Houma",1439,"16",983,,2023,0,0,,,,,,,,,,"Pipeline Natural Gas",,"Tangentially-fired",,,,,"ARP, CSOSG2E"
"LA","Big Cajun 1",1464,"1B1",994,,2023,2301,2275.32,100071.33,,0.34,0.001,68061.456,0.0601,49.602,0.0857,1131819.612,"Pipeline Natural Gas","Diesel Oil","Dry bottom wall-fired boiler",,"Low NOx Burner Technology (Dry Bottom only)|Other",,,"ARP, CSOSG2E"
"LA","Big Cajun 1",1464,"1B2",995,,2023,1531,1511.21,64270.58,,0.234,0.001,46829.914,0.06,29.546,0.0725,779145.713,"Pipeline Natural Gas","Diesel Oil","Dry bottom wall-fired boiler",,"Low NOx Burner Technology (Dry Bottom only)|Other",,,"ARP, CSOSG2E"
"LA","Big Cajun 1",1464,"CTG1",8306,,2023,857,769.01,56238.19,,0.228,0.001,45742.566,0.0599,25.682,0.0776,761453.965,"Pipeline Natural Gas",,"Combustion turbine",,"Dry Low NOx Burners",,,"ARP, CSOSG2E"
"LA","Big Cajun 1",1464,"CTG2",8308,,2023,891,807.73,57596.26,,0.234,0.001,46931.26,0.0601,26.368,0.0827,779707.75,"Pipeline Natural Gas",,"Combustion turbine",,"Dry Low NOx Burners",,,"ARP, CSOSG2E"
"ME","William F Wyman",1507,"3",1002,,2023,309,291.94,3164.94,,13.999,0.5193,4523.441,0.1144,3.015,0.0803,53301.325,"Residual Oil",,"Tangentially-fired",,"Other","Cyclone",,"ARP, MATS, RGGI"
"ME","William F Wyman",1507,"4",1003,,2023,235,224,38861.17,,122.018,0.4809,39652.32,0.5964,40.013,0.1351,464931.068,"Residual Oil",,"Dry bottom wall-fired boiler",,"Combustion Modification/Fuel Reburning","Electrostatic Precipitator",,"ARP, MATS, RGGI"
"MD","Herbert A Wagner",1554,"1",1007,,2023,404,393.07,9591.04,,13.487,0.1083,11359.167,0.0703,10.021,0.0874,145281.695,"Pipeline Natural Gas","Other Oil","Dry bottom wall-fired boiler",,,"Electrostatic Precipitator",,"ARP, CSNOX, CSOSG3, CSSO2G1, MATS, RGGI"
"MD","Herbert A Wagner",1554,"2",1008,,2023,1597,1584.48,,,0.038,0.001,7479.236,0.0595,1.533,0.0241,125828.331,"Pipeline Natural Gas",,"Dry bottom wall-fired boiler",,"Low NOx Burner Technology (Dry Bottom only)|Selective Non-catalytic Reduction","Electrostatic Precipitator",,"ARP, CSNOX, CSOSG3, CSSO2G1, RGGI"
"MD","Herbert A Wagner",1554,"3",1009,,2023,598,588.41,57291.2,,280.202,0.6801,71880.126,0.1019,26.895,0.1065,700591.16,"Coal",,"Dry bottom wall-fired boiler",,"Low NOx Burner Technology w/ Overfire Air|Selective Catalytic Reduction","Electrostatic Precipitator",,"ARP, CSNOX, CSOSG3, CSSO2G1, MATS, RGGI"
"MD","Herbert A Wagner",1554,"4",1010,,2023,392,381.32,25306.75,,38.964,0.17,28591.673,0.0748,49.196,0.2698,361551.195,"Other Oil","Pipeline Natural Gas","Dry bottom wall-fired boiler",,,"Electrostatic Precipitator",,"ARP, CSNOX, CSOSG3, CSSO2G1, MATS, RGGI"
"MD","Perryman",1556,"**51",1019,,2023,1201,1021.64,136831.13,,0.477,0.001,93676.604,0.0594,34.577,0.0602,1570871.93,"Pipeline Natural Gas","Diesel Oil","Combustion turbine",,"Water Injection",,,"ARP, CSNOX, CSOSG3, CSSO2G1, RGGI"
"MD","Perryman",1556,"6-1",90366,"CS6A",2023,2047,1821.21,98007.61,,0.296,0.001,58435.251,0.0593,5.21,0.0205,981598.328,"Pipeline Natural Gas","Diesel Oil","Combustion turbine",,"Water Injection|Selective Catalytic Reduction",,,"ARP, CSNOX, CSOSG3, CSSO2G1, RGGI"
"MD","Perryman",1556,"6-2",90367,"CS6A",2023,359,303.76,16325.29,,0.049,0.001,9692.466,0.0592,0.995,0.0249,163092.883,"Pipeline Natural Gas","Diesel Oil","Combustion turbine",,"Water Injection|Selective Catalytic Reduction",,,"ARP, CSNOX, CSOSG3, CSSO2G1, RGGI"
"MD","Perryman",1556,"CT1",1023,,2023,76,53.75,1900.77,,0.02,0.0013,2417.437,0.081,9.943,0.5722,29794.53,"Diesel Oil",,"Combustion turbine",,,,,"CSNOX, CSOSG3, CSSO2G1, RGGI"
"MD","Perryman",1556,"CT3",1025,,2023,73,51.22,1763.02,,0.021,0.0014,2360.56,0.081,9.304,0.529,29092.527,"Diesel Oil",,"Combustion turbine",,,,,"CSNOX, CSOSG3, CSSO2G1, RGGI"
"MD","Perryman",1556,"CT4",1026,,2023,55,36.51,1219.56,,0.012,0.0011,1595.631,0.081,5.012,0.4541,19663.47,"Diesel Oil",,"Combustion turbine",,,,,"CSNOX, CSOSG3, CSSO2G1, RGGI"
"MD","Vienna",1564,"8",1043,,2023,175,163.64,6611.05,,101.596,1.2145,12159.089,0.081,20.159,0.2301,149853.059,"Residual Oil",,"Tangentially-fired",,,,,"ARP, CSNOX, CSOSG3, CSSO2G1, MATS, RGGI"
"MD","Chalk Point",1571,"3",1052,,2023,1050,1035.64,424844.37,,6.404,0.0502,268340.644,0.0578,236.241,0.0906,4526704.486,"Pipeline Natural Gas","Residual Oil","Tangentially-fired",,"Overfire Air",,,"ARP, CSNOX, CSOSG3, CSSO2G1, MATS, RGGI"
"MD","Chalk Point",1571,"4",1053,,2023,871,852.22,330996.83,,8.57,0.0555,227205.339,0.0586,211.43,0.0925,3832768.766,"Pipeline Natural Gas","Residual Oil","Tangentially-fired",,"Overfire Air",,,"ARP, CSNOX, CSOSG3, CSSO2G1, MATS, RGGI"
"MD","Chalk Point",1571,"GT2",1055,,2023,14,9.48,176.77,,0.486,0.3099,259.8,0.0754,1.923,1.1999,3204.9,"Diesel Oil",,"Combustion turbine",,,,,"CSNOX, CSOSG3, CSSO2G1, RGGI"
"MD","Chalk Point",1571,"**GT3",1046,,2023,63,47.02,3375.41,,0.991,0.0469,2997.6,0.0629,2.051,0.0865,47198.8,"Pipeline Natural Gas","Diesel Oil","Combustion turbine",,"Water Injection",,,"ARP, CSNOX, CSOSG3, CSSO2G1, RGGI"
"MD","Chalk Point",1571,"**GT4",1047,,2023,134,99.3,7115.66,,0.457,0.0134,5746.2,0.059,3.789,0.0801,95810,"Pipeline Natural Gas","Diesel Oil","Combustion turbine",,"Water Injection",,,"ARP, CSNOX, CSOSG3, CSSO2G1, RGGI"
"MD","Chalk Point",1571,"**GT5",1048,,2023,65,48.64,4511.64,,1.237,0.0404,3732.2,0.0623,3.005,0.1002,58757.2,"Pipeline Natural Gas","Diesel Oil","Combustion turbine",,"Water Injection",,,"ARP, CSNOX, CSOSG3, CSSO2G1, RGGI"
"MD","Chalk Point",1571,"**GT6",1049,,2023,103,79.14,7756.47,,0.031,0.0009,6088.7,0.0591,4.438,0.0868,103192.1,"Pipeline Natural Gas","Diesel Oil","Combustion turbine",,"Water Injection",,,"ARP, CSNOX, CSOSG3, CSSO2G1, RGGI"
"MD","Chalk Point",1571,"SMECO",1056,,2023,28,16.29,569.58,,1.392,0.2781,837.2,0.0788,0.761,0.1458,10763.9,"Pipeline Natural Gas","Diesel Oil","Combustion turbine",,"Water Injection",,,"CSNOX, CSOSG3, CSSO2G1, RGGI"
"MD","Dickerson",1572,"GT2",1061,,2023,1438,1248.61,139751.93,,0.579,0.0012,103632.088,0.0591,94.115,0.109,1742921.328,"Pipeline Natural Gas","Diesel Oil","Combustion turbine",,"Water Injection",,,"ARP, CSNOX, CSOSG3, CSSO2G1, RGGI"
"MD","Dickerson",1572,"GT3",1062,,2023,1553,1372.96,157641.97,,0.64,0.0013,114662.192,0.0592,74.766,0.0776,1928500.382,"Pipeline Natural Gas","Diesel Oil","Combustion turbine",,"Water Injection",,,"ARP, CSNOX, CSOSG3, CSSO2G1, RGGI"
"MD","Morgantown",1573,"GT3",1069,,2023,21,9.57,242.94,,0.486,0.3035,259.4,0.0808,0.832,0.5187,3204.9,"Diesel Oil",,"Combustion turbine",,,,,"CSNOX, CSOSG3, CSSO2G1, RGGI"
"MD","Morgantown",1573,"GT4",1070,,2023,12,6.75,214.09,,0.482,0.303,257.7,0.0809,0.825,0.5192,3180,"Diesel Oil",,"Combustion turbine",,,,,"CSNOX, CSOSG3, CSSO2G1, RGGI"
"MD","Morgantown",1573,"GT5",1071,,2023,0,0,,,,,,,,,,"Diesel Oil",,"Combustion turbine",,,,,"CSNOX, CSOSG3, CSSO2G1, RGGI"
"MD","Morgantown",1573,"GT6",1072,,2023,0,0,,,,,,,,,,"Diesel Oil",,"Combustion turbine",,,,,"CSNOX, CSOSG3, CSSO2G1, RGGI"
"MA","Framingham Station",1586,"FJ-1",1077,,2023,21,14.56,123.46,,,,,,0.743,0.549,2705.2,"Diesel Oil",,"Combustion turbine",,,,,"SIPNOX"
"MA","Framingham Station",1586,"FJ-2",1078,,2023,24,17.83,139.42,,,,,,0.747,0.453,3312.7,"Diesel Oil",,"Combustion turbine",,,,,"SIPNOX"
"MA","Framingham Station",1586,"FJ-3",1079,,2023,46,28.32,197.13,,,,,,1.402,0.5332,5262,"Diesel Oil",,"Combustion turbine",,,,,"SIPNOX"
"MA","Mystic",1588,"81",10011,,2023,1189,1172.36,332521.23,,0.718,0.001,142316.944,0.0591,9.227,0.0115,2394750.295,"Pipeline Natural Gas",,"Combined cycle",,"Selective Catalytic Reduction",,,"ARP, RGGI, SIPNOX"
"MA","Mystic",1588,"82",10012,,2023,1210,1196.76,334200.86,,0.726,0.001,143828.124,0.0591,9.554,0.0119,2420175.688,"Pipeline Natural Gas",,"Combined cycle",,"Selective Catalytic Reduction",,,"ARP, RGGI, SIPNOX"
"MA","Mystic",1588,"93",10013,,2023,1234,1217.45,337613.23,,0.738,0.001,146251.056,0.059,9.001,0.0101,2460961.233,"Pipeline Natural Gas",,"Combined cycle",,"Selective Catalytic Reduction",,,"ARP, RGGI, SIPNOX"
"MA","Mystic",1588,"94",10014,,2023,1238,1223.29,333373.32,,0.731,0.001,144889.105,0.059,9.102,0.0109,2438066.507,"Pipeline Natural Gas",,"Combined cycle",,"Selective Catalytic Reduction",,,"ARP, RGGI, SIPNOX"
"MA","Medway Station",1592,"J1T1",1088,,2023,68,42.84,574.67,,,,1361.7,0.081,4.534,0.5393,16806.1,"Diesel Oil","Pipeline Natural Gas","Combustion turbine",,,,,"RGGI, SIPNOX"
"MA","Medway Station",1592,"J1T2",1089,,2023,64,36.72,447.01,,,,1167.2,0.081,3.926,0.5451,14405.4,"Diesel Oil","Pipeline Natural Gas","Combustion turbine",,,,,"RGGI, SIPNOX"
"MA","Medway Station",1592,"J2T1",1090,,2023,73,44.36,567,,,,1410.1,0.081,4.132,0.4749,17402.5,"Diesel Oil","Pipeline Natural Gas","Combustion turbine",,,,,"RGGI, SIPNOX"
"MA","Medway Station",1592,"J2T2",1091,,2023,65,40.88,468.76,,,,1299.3,0.081,3.969,0.4951,16037,"Diesel Oil","Pipeline Natural Gas","Combustion turbine",,,,,"RGGI, SIPNOX"
"MA","Medway Station",1592,"J3T1",1092,,2023,122,74.99,832.91,,,,2383.6,0.0811,6.986,0.475,29418.7,"Diesel Oil","Pipeline Natural Gas","Combustion turbine",,,,,"RGGI, SIPNOX"
"MA","Medway Station",1592,"J3T2",1093,,2023,109,70.49,815.99,,,,2240.6,0.081,6.983,0.5051,27653.7,"Diesel Oil","Pipeline Natural Gas","Combustion turbine",,,,,"RGGI, SIPNOX"
"MA","Blackstone",1594,"11",1094,"CP2, CS2",2023,1929,1746.48,,89891.4,,,,,4.381,0.0783,101230.453,"Pipeline Natural Gas","Diesel Oil, Residual Oil, Other Oil","Dry bottom wall-fired boiler",,"Combustion Modification/Fuel Reburning|Low NOx Burner Technology (Dry Bottom only)|Other (Began Apr 01, 2023)",,,"SIPNOX"
"MA","Blackstone",1594,"12",1095,"CP2, CS2",2023,1923,1744.96,,83699.36,,,,,7.58,0.1246,103640.052,"Pipeline Natural Gas","Diesel Oil, Residual Oil, Other Oil","Dry bottom wall-fired boiler",,"Combustion Modification/Fuel Reburning",,,"SIPNOX"
"MA","Kendall Green Energy LLC",1595,"2",1097,,2023,1317,841.89,,23250.23,0.016,0.001,3092.964,0.0593,2.954,0.0742,52043.606,"Pipeline Natural Gas","Residual Oil","Dry bottom wall-fired boiler",,,,,"ARP, RGGI, SIPNOX"
"MA","Kendall Green Energy LLC",1595,"3",1098,,2023,1684,1345.93,,70532.26,0.037,0.001,7416.954,0.0594,4.917,0.0576,124779.921,"Pipeline Natural Gas","Residual Oil","Dry bottom wall-fired boiler",,"Low NOx Burner Technology (Dry Bottom only)",,,"ARP, RGGI, SIPNOX"
"MA","Kendall Green Energy LLC",1595,"4",1099,,2023,8277,8267.03,2246107.61,,4.326,0.001,855829.421,0.0591,46.599,0.0076,14377984.849,"Pipeline Natural Gas","Diesel Oil","Combined cycle",,"Dry Low NOx Burners|Selective Catalytic Reduction",,,"ARP, RGGI, SIPNOX"
"MA","Kendall Green Energy LLC",1595,"S6",1100,,2023,43,28.32,202.82,,,,,,5.234,1.1998,8722.8,"Diesel Oil",,"Combustion turbine",,"Water Injection",,,"SIPNOX"
"MA","Canal Station",1599,"1",1102,,2023,101,96.17,28780.14,,42.471,0.3096,22270.035,0.081,21.575,0.1378,274448.842,"Residual Oil",,"Dry bottom wall-fired boiler",,"Low NOx Burner Technology w/ Overfire Air|Selective Catalytic Reduction|Combustion Modification/Fuel Reburning","Electrostatic Precipitator",,"ARP, MATS, RGGI, SIPNOX"
"MA","Canal Station",1599,"2",1103,,2023,265,258.68,58696.53,,34.341,0.0832,39780.665,0.065,35.357,0.0918,588570.01,"Pipeline Natural Gas","Residual Oil","Dry bottom wall-fired boiler",,"Low NOx Burner Technology w/ Overfire Air|Combustion Modification/Fuel Reburning","Electrostatic Precipitator",,"ARP, MATS, RGGI, SIPNOX"
"MA","Canal Station",1599,"3",88425,,2023,9,6.53,1391.23,,0.005,0.001,1142.372,0.0698,0.139,0.0238,15227.421,"Pipeline Natural Gas","Diesel Oil","Combustion turbine",,"Dry Low NOx Burners|Water Injection|Selective Catalytic Reduction",,,"ARP, RGGI, SIPNOX"
"MA","Potter",1660,"3",1140,,2023,0,0,,,,,,,,,,"Pipeline Natural Gas","Diesel Oil","Combined cycle",,"Steam Injection",,,"RGGI, SIPNOX"
"MA","Potter",1660,"4",90442,,2023,526,363.29,14792.29,,0.046,0.001,9065.377,0.062,0.932,0.0177,146356.511,"Pipeline Natural Gas","Diesel Oil","Combustion turbine",,"Water Injection|Ammonia Injection|Selective Catalytic Reduction",,,"ARP, RGGI, SIPNOX"
"MA","Potter",1660,"5",90443,,2023,647,442.93,17691.46,,0.055,0.001,10972.448,0.0618,1.417,0.022,176757.378,"Pipeline Natural Gas","Diesel Oil","Combustion turbine",,"Water Injection|Ammonia Injection|Selective Catalytic Reduction",,,"ARP, RGGI, SIPNOX"
"MA","Waters River",1678,"1",89524,"CP1",2023,170,125.85,2119.79,,,,,,4.941,0.3611,27337.4,"Pipeline Natural Gas","Diesel Oil","Combustion turbine",,,,,"SIPNOX"
"MA","Waters River",1678,"2",1141,"CP1",2023,109,74.49,2191.19,,,,1924.1,0.0715,6.374,0.6963,27420,"Pipeline Natural Gas","Diesel Oil","Combustion turbine",,"Water Injection",,,"RGGI, SIPNOX"
"MA","Cleary Flood",1682,"9",1143,,2023,1020,902.34,52713.74,,0.382,0.0019,33940.177,0.0603,45.314,0.1428,561871.236,"Pipeline Natural Gas","Diesel Oil","Other boiler",,"Low NOx Burner Technology w/ Overfire Air",,,"ARP, RGGI, SIPNOX"
"MI","Dan E Karn",1702,"1",1153,,2023,2655,2650.61,489722.48,,148.509,0.0575,542716.167,0.105,149.95,0.0588,5174620.282,"Coal","Diesel Oil","Tangentially-fired","Dry Lime FGD","Selective Catalytic Reduction","Baghouse","Halogenated PAC Sorbent Injection","ARP, CSNOX, CSOSG3, CSSO2G1, MATS"
"MI","Dan E Karn",1702,"2",1154,,2023,811,810.03,186608.61,,51.463,0.0557,195275.443,0.105,58.206,0.0628,1861881.789,"Coal","Diesel Oil","Dry bottom wall-fired boiler","Dry Lime FGD","Low NOx Burner Technology w/ Overfire Air|Selective Catalytic Reduction","Baghouse","Halogenated PAC Sorbent Injection","ARP, CSNOX, CSOSG3, CSSO2G1, MATS"
"MI","Dan E Karn",1702,"3",1155,"CS0009",2023,244,227.92,,213201.16,34.668,0.0997,20718.538,0.0604,30.656,0.0821,323594.422,"Pipeline Natural Gas","Residual Oil","Dry bottom wall-fired boiler",,"Low NOx Burner Technology (Dry Bottom only)",,,"ARP, CSNOX, CSOSG3, CSSO2G1"
"MI","Dan E Karn",1702,"4",1156,"CS0009",2023,389,375.32,,280669.97,3.208,0.0253,24756.386,0.059,20.117,0.0745,417552.992,"Pipeline Natural Gas","Residual Oil","Dry bottom wall-fired boiler",,"Low NOx Burner Technology (Dry Bottom only)",,,"ARP, CSNOX, CSOSG3, CSSO2G1"
"MI","Dan E Karn",1702,"A",88429,"CS0009",2023,853,811.88,,34466.74,1.062,0.1122,2268.246,0.0593,0.635,0.0324,38258.555,"Pipeline Natural Gas",,"Dry bottom wall-fired boiler",,"Low NOx Burner Technology (Dry Bottom only)",,,"SIPNOX"
"MI","Dan E Karn",1702,"B",88430,"CS0009",2023,1931,1902.75,,33020.06,1.914,0.1019,3339.686,0.0594,0.968,0.0299,56318.494,"Pipeline Natural Gas",,"Dry bottom wall-fired boiler",,"Low NOx Burner Technology (Dry Bottom only)",,,"SIPNOX"
"MI","J H Campbell",1710,"1",1157,,2023,6427,6416.25,1343999.5,,1825.247,0.2628,1426936.33,0.105,1066.561,0.1601,13605385.301,"Coal",,"Tangentially-fired","Dry Sorbent Injection","Low NOx Burner Technology w/ Closed-coupled/Separated OFA","Baghouse","Halogenated PAC Sorbent Injection","ARP, CSNOX, CSOSG3, CSSO2G1, MATS"
"MI","J H Campbell",1710,"2",1158,,2023,3842,3836.13,858609.6,,1178.21,0.2728,892125.784,0.105,213.087,0.0515,8506133.552,"Coal",,"Cell burner boiler","Dry Sorbent Injection","Low NOx Cell Burner|Selective Catalytic Reduction","Baghouse","Halogenated PAC Sorbent Injection","ARP, CSNOX, CSOSG3, CSSO2G1, MATS"
"MI","J H Campbell",1710,"3",1159,,2023,6553,6542.49,4949709.45,,1217.085,0.0551,4995109.546,0.105,1254.203,0.0536,47626885.932,"Coal",,"Dry bottom wall-fired boiler","Dry Lime FGD","Low NOx Burner Technology w/ Overfire Air|Selective Catalytic Reduction","Baghouse","Halogenated PAC Sorbent Injection","ARP, CSNOX, CSOSG3, CSSO2G1, MATS"
"MI","Delray",1728,"CTG111",1175,,2023,212,186.66,12064.76,,0.044,0.001,8636.918,0.0591,2.355,0.0327,145332.825,"Pipeline Natural Gas",,"Combustion turbine",,"Dry Low NOx Burners",,,"ARP, CSNOX, CSOSG3, CSSO2G1"
"MI","Delray",1728,"CTG121",1176,,2023,183,166.19,10770.92,,0.035,0.001,6934.589,0.059,2.519,0.0433,116677.862,"Pipeline Natural Gas",,"Combustion turbine",,"Dry Low NOx Burners",,,"ARP, CSNOX, CSOSG3, CSSO2G1"
"MI","Hancock Peakers",1730,"CTG121",88435,,2023,38,31.84,1184.16,,0.005,0.0008,990.4,0.0574,5.877,0.7004,16790.5,"Pipeline Natural Gas",,"Combustion turbine",,,,,"CSNOX, CSOSG3, CSSO2G1"
"MI","Hancock Peakers",1730,"CTG122",88436,,2023,42,34.05,1266.93,,0.005,0.0008,1075.2,0.059,6.378,0.7002,18220.4,"Pipeline Natural Gas",,"Combustion turbine",,,,,"CSNOX, CSOSG3, CSSO2G1"
"MI","Monroe",1733,"1",1182,,2023,4777,4764.72,2581033.15,,670.284,0.0513,2616719.419,0.105,752.313,0.0652,24949238.368,"Coal","Diesel Oil","Cell burner boiler","Wet Limestone","Low NOx Cell Burner|Selective Catalytic Reduction","Electrostatic Precipitator",,"ARP, CSNOX, CSOSG3, CSSO2G1, MATS"
"MI","Monroe",1733,"2",1183,,2023,7782,7774.43,4052737.05,,754.274,0.0373,4180434.525,0.105,1303.847,0.0677,39859248.904,"Coal","Diesel Oil","Cell burner boiler","Wet Limestone","Low NOx Cell Burner|Selective Catalytic Reduction","Electrostatic Precipitator",,"ARP, CSNOX, CSOSG3, CSSO2G1, MATS"
"MI","Monroe",1733,"3",1184,,2023,6623,6602.17,3321869.2,,800.14,0.0601,3213600.145,0.1049,960.752,0.0669,30624081.407,"Coal","Diesel Oil","Cell burner boiler","Wet Limestone","Low NOx Cell Burner|Selective Catalytic Reduction","Electrostatic Precipitator",,"ARP, CSNOX, CSOSG3, CSSO2G1, MATS"
"MI","Monroe",1733,"4",1185,,2023,5341,5323.79,2571451.43,,611.17,0.0552,2465466.826,0.105,807.972,0.0768,23494723.535,"Coal","Diesel Oil","Cell burner boiler","Wet Limestone","Low NOx Cell Burner|Selective Catalytic Reduction","Electrostatic Precipitator",,"ARP, CSNOX, CSOSG3, CSSO2G1, MATS"
"MI","Wyandotte",1866,"5",1223,,2023,0,0,,,,,,,,,,"Pipeline Natural Gas",,"Stoker",,,,,"ARP, CSNOX, CSOSG3, CSSO2G1"
"MI","Wyandotte",1866,"7",1224,,2023,0,0,,,,,,,,,,"Pipeline Natural Gas",,"Dry bottom wall-fired boiler",,"Low NOx Burner Technology (Dry Bottom only)","Electrostatic Precipitator",,"ARP, CSNOX, CSOSG3, CSSO2G1"
"MN","Laskin Energy Center",1891,"1",1229,"CS0001",2023,2275,2248.74,59763.53,,0.645,0.002,45623.399,0.0593,35.684,0.0946,767697.829,"Natural Gas",,"Tangentially-fired",,"Low NOx Burner Technology w/ Separated OFA",,,"ARP, CSNOX, CSSO2G2"
"MN","Laskin Energy Center",1891,"2",1230,"CS0001",2023,1908,1884.26,49543.33,,0.544,0.002,38491.779,0.0592,31.114,0.0979,647716.151,"Natural Gas",,"Tangentially-fired",,"Low NOx Burner Technology w/ Separated OFA",,,"ARP, CSNOX, CSSO2G2"
"MN","Boswell Energy Center",1893,"3",1233,,2023,7762,7741.47,2335890.93,,170.832,0.0161,2464472.846,0.1038,648.701,0.054,23522734.159,"Coal","Pipeline Natural Gas","Tangentially-fired","Wet Limestone","Low NOx Burner Technology w/ Separated OFA|Ammonia Injection|Selective Catalytic Reduction","Baghouse","Untreated PAC Sorbent Injection","ARP, CSNOX, CSSO2G2, MATS"
"MN","Boswell Energy Center",1893,"4",1234,,2023,6589,6579.52,3167054.45,,407.793,0.0271,3218145.5,0.104,1686.603,0.1071,30706645.935,"Coal",,"Tangentially-fired","Dry Sorbent Injection","Selective Non-catalytic Reduction|Low NOx Burner Technology w/ Closed-coupled/Separated OFA","Baghouse","Halogenated PAC Sorbent Injection","ARP, CSNOX, CSSO2G2, MATS"
"MN","Hibbard Energy Center",1897,"3",1235,"CS0001",2023,3150,3119.66,,500889.83,21.531,0.0475,88736.528,0.1021,141.374,0.3196,853345.747,"Wood","Coal","Stoker",,,"Electrostatic Precipitator",,"ARP, CSNOX, CSSO2G2"
"MN","Hibbard Energy Center",1897,"4",1236,"CS0001",2023,2233,2204.69,,314691.83,14.61,0.0521,53211.813,0.1014,85.371,0.3153,512576.371,"Wood","Coal","Stoker",,,"Electrostatic Precipitator",,"ARP, CSNOX, CSSO2G2"
"MN","Black Dog",1904,"5",1241,,2023,5556,5493.59,1420854.76,,3.258,0.001,638399.695,0.059,79.04,0.0187,10742291.129,"Pipeline Natural Gas",,"Combined cycle",,"Selective Catalytic Reduction",,,"ARP, CSNOX, CSSO2G2"
"MN","Black Dog",1904,"6",91235,,2023,2595,2430.05,413243.43,,1.352,0.001,267780.68,0.059,64.816,0.0311,4505877.331,"Pipeline Natural Gas",,"Combustion turbine",,"Dry Low NOx Burners",,,"ARP, CSNOX, CSSO2G2"
"MN","High Bridge",1912,"7",89581,,2023,5305,5260.37,1347939.82,,2.972,0.001,588712.001,0.059,65.717,0.014,9906248.558,"Pipeline Natural Gas",,"Combined cycle",,"Dry Low NOx Burners|Selective Catalytic Reduction",,,"ARP, CSNOX, CSSO2G2"
"MN","High Bridge",1912,"8",89582,,2023,4569,4528.53,1158463.4,,2.532,0.001,501648.778,0.059,56.458,0.0144,8441126.127,"Pipeline Natural Gas",,"Combined cycle",,"Dry Low NOx Burners|Selective Catalytic Reduction",,,"ARP, CSNOX, CSSO2G2"
"MN","Inver Hills",1913,"1",90102,,2023,391,333.77,6604.35,,0.038,0.001,,,13.483,0.2064,125126.189,"Pipeline Natural Gas","Diesel Oil","Combustion turbine",,,,,"CSNOX, CSSO2G2"
"MN","Inver Hills",1913,"2",90103,,2023,297,260.72,8159.95,,0.083,0.0042,,,50.331,0.647,177759.2,"Pipeline Natural Gas","Diesel Oil","Combustion turbine",,,,,"CSNOX, CSSO2G2"
"MN","Inver Hills",1913,"3",90104,,2023,358,303.6,9352.27,,0.924,0.0154,,,31.044,0.4346,144551.2,"Pipeline Natural Gas","Diesel Oil","Combustion turbine",,,,,"CSNOX, CSSO2G2"
"MN","Inver Hills",1913,"4",90105,,2023,487,424.52,12800.33,,0.058,0.001,,,35.601,0.3548,195226.581,"Pipeline Natural Gas","Diesel Oil","Combustion turbine",,,,,"CSNOX, CSSO2G2"
"MN","Inver Hills",1913,"5",90106,,2023,581,491.82,17199.22,,0.243,0.0051,,,56.224,0.5494,220333.7,"Pipeline Natural Gas","Diesel Oil","Combustion turbine",,,,,"CSNOX, CSSO2G2"
"MN","Inver Hills",1913,"6",90107,,2023,686,612,19708.92,,0.996,0.0081,,,78.897,0.5361,291927.2,"Pipeline Natural Gas","Diesel Oil","Combustion turbine",,,,,"CSNOX, CSSO2G2"
"MN","Allen S King",1915,"1",1248,,2023,2357,2350.33,1052113.21,,557.515,0.1162,1090211.399,0.1049,492.607,0.1058,10394871.612,"Coal",,"Cyclone boiler","Dry Lime FGD","Overfire Air|Selective Catalytic Reduction","Baghouse|Electrostatic Precipitator","Halogenated PAC Sorbent Injection","ARP, CSNOX, CSSO2G2, MATS"
"MN","Riverside (1927)",1927,"10",89647,,2023,5550,5468.81,1205115.33,,2.529,0.001,500931.677,0.059,79.685,0.0233,8429105.068,"Pipeline Natural Gas",,"Combined cycle",,"Dry Low NOx Burners|Selective Catalytic Reduction",,,"ARP, CSNOX, CSSO2G2"
"MN","Riverside (1927)",1927,"9",89646,,2023,5946,5871.13,1313415.39,,2.747,0.001,544209.998,0.059,77.266,0.0203,9157389.876,"Pipeline Natural Gas",,"Combined cycle",,"Dry Low NOx Burners|Selective Catalytic Reduction",,,"ARP, CSNOX, CSSO2G2"
"MN","New Ulm",2001,"7",90754,,2023,16,7.01,177.25,,0.417,0.3404,,,1.472,1.2,2453.5,"Diesel Oil",,"Combustion turbine",,"Water Injection",,,"CSNOX, CSSO2G2"
"MN","Cambridge Station",2038,"1",90190,,2023,23,16.37,197.35,,0.002,0.0011,,,2.038,1.201,3397.1,"Diesel Oil",,"Combustion turbine",,,,,"CSNOX, CSSO2G2"
"MN","Cambridge Station",2038,"2",89651,,2023,569,471.13,49714.82,,0.173,0.001,34318.547,0.059,13.346,0.0542,577473.677,"Pipeline Natural Gas",,"Combustion turbine",,"Dry Low NOx Burners",,,"ARP, CSNOX, CSSO2G2"
"MN","Elk River",2039,"ERPS11",90432,,2023,547,468.41,58015.12,,0.205,0.001,40576.474,0.0591,10.764,0.0378,682188.959,"Pipeline Natural Gas","Diesel Oil","Combustion turbine",,"Dry Low NOx Burners",,,"ARP, CSNOX, CSSO2G2"
"MN","Maple Lake Station",2042,"1",90189,,2023,23,15.3,184.32,,0.003,0.0012,,,2.051,1.2003,3419.1,"Diesel Oil",,"Combustion turbine",,,,,"CSNOX, CSSO2G2"
"MS","Chevron Cogenerating Station",2047,"5",1285,,2023,8361,8350.47,595735.51,,2.09,0.001,413930.766,0.059,189.794,0.055,6965205.608,"Natural Gas",,"Combustion turbine",,"Dry Low NOx Burners",,,"ARP, CSOSG2"
"MS","Sweatt Electric Generating Plant",2048,"CTA",90050,,2023,28,28,264,,,,,,1.349,0.6999,3854.6,"Pipeline Natural Gas",,"Combustion turbine",,,,,"CSOSG2"
"MS","Sweatt Electric Generating Plant",2048,"CTB",90314,,2023,29,29,239,,,,,,1.24,0.6999,3543.7,"Pipeline Natural Gas",,"Combustion turbine",,,,,"CSOSG2"
"MS","Watson Electric Generating Plant",2049,"4",1291,,2023,7895,7886.69,1359016.86,,3.873,0.001,767167.562,0.059,1341.548,0.1888,12909019.344,"Pipeline Natural Gas",,"Dry bottom wall-fired boiler",,"Low NOx Burner Technology (Dry Bottom only)","Electrostatic Precipitator",,"ARP, CSOSG2"
"MS","Watson Electric Generating Plant",2049,"5",1292,,2023,8147,8140.21,2107967.19,,6.343,0.001,1256370.482,0.059,2721.916,0.2446,21141213.158,"Pipeline Natural Gas",,"Dry bottom wall-fired boiler",,"Low NOx Burner Technology (Dry Bottom only)","Electrostatic Precipitator",,"ARP, CSOSG2"
"MS","Watson Electric Generating Plant",2049,"CTA",90051,,2023,82,82,715,,,,,,5.632,0.7,16092.2,"Pipeline Natural Gas",,"Combustion turbine",,,,,"CSOSG2"
"MS","Watson Electric Generating Plant",2049,"CTB",90315,,2023,82,82,607,,,,,,5.825,0.7,16641.9,"Pipeline Natural Gas",,"Combustion turbine",,,,,"CSOSG2"
"MS","Baxter Wilson",2050,"1",1293,,2023,0,0,,,,,,,,,,"Pipeline Natural Gas","Residual Oil","Tangentially-fired",,,,,"ARP"
"MS","Moselle Generation Complex",2070,"3",1309,,2023,2415,2259.61,61465.98,,0.2,0.001,39646.129,0.0593,139.701,0.3102,667144.268,"Pipeline Natural Gas","Diesel Oil","Dry bottom wall-fired boiler",,,,,"ARP, CSOSG2"
"MS","Moselle Generation Complex",2070,"**4",1303,,2023,1898,1748.13,120554.93,,0.431,0.001,85410.95,0.059,25.429,0.0403,1437322.571,"Pipeline Natural Gas","Diesel Oil","Combustion turbine",,"Dry Low NOx Burners",,,"ARP, CSOSG2"
"MS","Moselle Generation Complex",2070,"5",1304,,2023,2009,1841.2,127868.82,,0.464,0.001,91918.955,0.059,17.99,0.0282,1546711.819,"Pipeline Natural Gas",,"Combustion turbine",,"Dry Low NOx Burners",,,"ARP, CSOSG2"
"MS","Moselle Generation Complex",2070,"6",90671,,2023,6583,6539.09,875444.9,,2.099,0.001,415773.305,0.0591,23.134,0.0076,6995155.101,"Pipeline Natural Gas",,"Combined cycle",,"Dry Low NOx Burners|Selective Catalytic Reduction",,,"ARP, CSOSG2"
"MS","Moselle Generation Complex",2070,"7",90672,,2023,7513,7491.13,1014877.46,,2.52,0.001,499145.512,0.059,24.64,0.0069,8397459.511,"Pipeline Natural Gas",,"Combined cycle",,"Dry Low NOx Burners|Selective Catalytic Reduction",,,"ARP, CSOSG2"
"MO","Hawthorn",2079,"5A",1315,,2023,6074,6048.99,2386415.87,,1293.885,0.1094,2404229.159,0.101,760.031,0.066,23303011.712,"Coal",,"Dry bottom wall-fired boiler","Dry Lime FGD","Low NOx Burner Technology w/ Overfire Air|Selective Catalytic Reduction","Baghouse","Halogenated PAC Sorbent Injection","ARP, CSNOX, CSOSG2, CSSO2G1, MATS"
"MO","Hawthorn",2079,"6",1316,,2023,0,0,,,,,,,,,,"Pipeline Natural Gas",,"Combustion turbine",,"Other",,,"ARP, CSNOX, CSOSG2, CSSO2G1"
"MO","Hawthorn",2079,"7",1317,,2023,1725,1552.18,93014.38,,0.368,0.001,72974.569,0.059,17.599,0.0315,1227946.139,"Pipeline Natural Gas",,"Combustion turbine",,"Other",,,"ARP, CSNOX, CSOSG2, CSSO2G1"
"MO","Hawthorn",2079,"8",1318,,2023,1863,1688.59,102075.11,,0.353,0.001,69918.039,0.0591,15.248,0.0298,1176503.819,"Pipeline Natural Gas",,"Combustion turbine",,"Other",,,"ARP, CSNOX, CSOSG2, CSSO2G1"
"MO","Hawthorn",2079,"9",1319,,2023,2011,1893.68,247655.18,,0.633,0.001,125477.079,0.059,13.473,0.0156,2111386.55,"Pipeline Natural Gas",,"Combined cycle",,"Selective Catalytic Reduction",,,"ARP, CSNOX, CSOSG2, CSSO2G1"
"MO","Northeast Generating Station",2081,"11",90053,,2023,318,266.82,3745.89,,1.189,0.03,,,47.62,1.1999,79365.1,"Diesel Oil",,"Combustion turbine",,,,,"CSNOX, CSOSG2, CSSO2G1"
"MO","Northeast Generating Station",2081,"12",90054,,2023,273,233.23,2992.59,,1.037,0.03,,,41.586,1.2,69314.9,"Diesel Oil",,"Combustion turbine",,,,,"CSNOX, CSOSG2, CSSO2G1"
"MO","Northeast Generating Station",2081,"13",90055,,2023,160,132.29,1685.59,,0.546,0.0302,,,21.835,1.2,36392.5,"Diesel Oil",,"Combustion turbine",,,,,"CSNOX, CSOSG2, CSSO2G1"
"MO","Northeast Generating Station",2081,"14",90056,,2023,348,294.43,3936.59,,1.255,0.03,,,50.235,1.2,83730.3,"Diesel Oil",,"Combustion turbine",,,,,"CSNOX, CSOSG2, CSSO2G1"
"MO","Northeast Generating Station",2081,"15",90057,,2023,341,292.95,3874.84,,1.244,0.0301,,,49.723,1.1999,82867.8,"Diesel Oil",,"Combustion turbine",,,,,"CSNOX, CSOSG2, CSSO2G1"
"MO","Northeast Generating Station",2081,"16",90058,,2023,301,261.24,3329.65,,1.133,0.03,,,45.401,1.2,75671.8,"Diesel Oil",,"Combustion turbine",,,,,"CSNOX, CSOSG2, CSSO2G1"
"MO","Northeast Generating Station",2081,"17",90059,,2023,355,304.78,4266.52,,1.372,0.0301,,,54.893,1.2,91482.9,"Diesel Oil",,"Combustion turbine",,,,,"CSNOX, CSOSG2, CSSO2G1"
"MO","Northeast Generating Station",2081,"18",90060,,2023,345,295.84,4070.21,,1.297,0.03,,,51.904,1.2,86509,"Diesel Oil",,"Combustion turbine",,,,,"CSNOX, CSOSG2, CSSO2G1"
"MO","Fairgrounds",2082,"CT01",90097,,2023,9,3.19,57.88,,0.711,0.5,,,1.706,1.2,2842.5,"Diesel Oil",,"Combustion turbine",,,,,"CSNOX, CSOSG2, CSSO2G1"
"MO","Ralph Green Station",2092,"3",90004,,2023,2391,2108.46,39654.11,,0.249,0.001,,,100.08,0.2199,828923.505,"Pipeline Natural Gas",,"Combustion turbine",,"Water Injection",,,"CSNOX, CSOSG2, CSSO2G1"
"MO","Lake Road",2098,"6",1327,,2023,2238,2065.66,58279.42,,0.551,0.0012,40950.366,0.0596,88.31,0.2188,676143.965,"Pipeline Natural Gas",,"Cyclone boiler",,"Overfire Air",,,"ARP, CSNOX, CSOSG2, CSSO2G1"
"MO","Lake Road",2098,"GT5",89948,,2023,1040,925.66,15285.46,,0.443,0.0011,,,84.154,0.3445,426544.879,"Pipeline Natural Gas","Diesel Oil","Combustion turbine",,,,,"CSNOX, CSOSG2, CSSO2G1"
"MO","Labadie",2103,"1",1328,,2023,8410,8402.06,4499455.05,,10504.223,0.4775,4561012.369,0.105,2025.726,0.0928,43487898.526,"Coal",,"Tangentially-fired",,"Low NOx Burner Technology w/ Closed-coupled/Separated OFA","Electrostatic Precipitator","Halogenated PAC Sorbent Injection","ARP, CSNOX, CSOSG2, CSSO2G1, MATS"
"MO","Labadie",2103,"2",1329,,2023,8400,8390.9,4485606,,10280.337,0.4805,4454176.102,0.105,1888.987,0.0883,42469239.14,"Coal",,"Tangentially-fired",,"Low NOx Burner Technology w/ Closed-coupled/Separated OFA","Electrostatic Precipitator","Halogenated PAC Sorbent Injection","ARP, CSNOX, CSOSG2, CSSO2G1, MATS"
"MO","Labadie",2103,"3",1330,,2023,7974,7965.11,4021243.4,,9926.876,0.4901,4228222.455,0.105,1822.362,0.089,40314852.618,"Coal",,"Tangentially-fired",,"Low NOx Burner Technology w/ Closed-coupled/Separated OFA","Electrostatic Precipitator","Halogenated PAC Sorbent Injection","ARP, CSNOX, CSOSG2, CSSO2G1, MATS"
"MO","Labadie",2103,"4",1331,,2023,7062,7048.04,3637505.49,,8534.216,0.4947,3586587.623,0.105,1518.531,0.0877,34197049.899,"Coal",,"Tangentially-fired",,"Low NOx Burner Technology w/ Closed-coupled/Separated OFA","Electrostatic Precipitator","Halogenated PAC Sorbent Injection","ARP, CSNOX, CSOSG2, CSSO2G1, MATS"
"MO","Meramec",2104,"1",1332,,2023,0,0,,,,,,,,,,"Pipeline Natural Gas",,"Tangentially-fired",,"Low NOx Burner Technology w/ Separated OFA","Electrostatic Precipitator",,
"MO","Meramec",2104,"2",1333,,2023,0,0,,,,,,,,,,"Pipeline Natural Gas",,"Tangentially-fired",,"Low NOx Burner Technology w/ Separated OFA","Electrostatic Precipitator",,
"MO","Meramec",2104,"3",1334,,2023,0,0,,,,,,,,,,"Coal",,"Dry bottom wall-fired boiler",,"Low NOx Burner Technology w/ Overfire Air","Electrostatic Precipitator","Halogenated PAC Sorbent Injection",
"MO","Meramec",2104,"4",1335,,2023,0,0,,,,,,,,,,"Coal",,"Dry bottom wall-fired boiler",,"Low NOx Burner Technology w/ Overfire Air","Electrostatic Precipitator","Halogenated PAC Sorbent Injection",
"MO","Meramec",2104,"CT2A",89685,,2023,0,0,,,,,,,,,,"Pipeline Natural Gas","Diesel Oil","Combustion turbine",,"Water Injection",,,
"MO","Meramec",2104,"CT2B",89686,,2023,0,0,,,,,,,,,,"Pipeline Natural Gas","Diesel Oil","Combustion turbine",,"Water Injection",,,
"MO","Sioux",2107,"1",1336,,2023,5088,5069.63,1715115.12,,498.391,0.0547,1788684.761,0.105,1879.194,0.228,17054592.16,"Coal",,"Cyclone boiler","Wet Limestone","Overfire Air","Wet Scrubber|Electrostatic Precipitator",,"ARP, CSNOX, CSOSG2, CSSO2G1, MATS"
"MO","Sioux",2107,"2",1337,,2023,4656,4641.66,1639343.01,,403.496,0.0502,1744198.345,0.1049,1666.43,0.2069,16630433.501,"Coal",,"Cyclone boiler","Wet Limestone","Overfire Air","Wet Scrubber|Electrostatic Precipitator",,"ARP, CSNOX, CSOSG2, CSSO2G1, MATS"
"MO","Chillicothe",2122,"GT1A",90005,"CP0",2023,0,0,,,,,,,,,,"Pipeline Natural Gas","Diesel Oil","Combustion turbine",,,,,"CSNOX, CSOSG2, CSSO2G1"
"MO","Chillicothe",2122,"GT1B",90226,"CP0",2023,0,0,,,,,,,,,,"Pipeline Natural Gas","Diesel Oil","Combustion turbine",,,,,"CSNOX, CSOSG2, CSSO2G1"
"MO","Chillicothe",2122,"GT2A",90006,"CP0",2023,351,351,4521,,3.427,0.0918,,,28.493,0.7911,71682.6,"Pipeline Natural Gas","Diesel Oil","Combustion turbine",,,,,"CSNOX, CSOSG2, CSSO2G1"
"MO","Chillicothe",2122,"GT2B",90227,"CP0",2023,351,351,4523,,3.435,0.0918,,,28.512,0.7911,71715.7,"Pipeline Natural Gas","Diesel Oil","Combustion turbine",,,,,"CSNOX, CSOSG2, CSSO2G1"
"MO","Columbia",2123,"6",1339,"CS5",2023,0,0,,,,,,,,,,"Coal",,"Stoker",,,"Baghouse",,"ARP, CSNOX, CSOSG2, CSSO2G1, MATS"
"MO","Columbia",2123,"7",1340,"CS5",2023,0,0,,,,,,,,,,"Coal",,"Stoker",,,"Baghouse",,"ARP, CSNOX, CSOSG2, CSSO2G1, MATS"
"MO","Columbia",2123,"8",1341,,2023,409,396.01,,41532.1,0.02,0.001,4014.792,0.0594,0.642,0.0221,67560.319,"Pipeline Natural Gas",,"Dry bottom wall-fired boiler",,,,,"ARP, CSNOX, CSOSG2, CSSO2G1"
"MO","Higginsville Municipal Power Plant",2131,"4A",88446,,2023,108,79.05,1363.95,,0.121,0.0193,,,7.944,0.7187,22371.3,"Pipeline Natural Gas","Diesel Oil","Combustion turbine",,"Water Injection",,,"CSNOX, CSOSG2, CSSO2G1"
"MO","Higginsville Municipal Power Plant",2131,"4B",88447,,2023,103,71.47,1314.49,,0.012,0.0055,,,7.085,0.705,20226.4,"Pipeline Natural Gas","Diesel Oil","Combustion turbine",,"Water Injection",,,"CSNOX, CSOSG2, CSSO2G1"
"MO","James River",2161,"**GT1",89860,,2023,1315,1162.84,64001.27,,0.358,0.001,50184.913,0.0591,67.023,0.1525,843803.976,"Natural Gas","Diesel Oil","Combustion turbine",,"Water Injection",,,"CSNOX, CSOSG2, CSSO2G1"
"MO","James River",2161,"**GT2",1350,,2023,1536,1368.36,74159.95,,0.423,0.001,59295.409,0.0594,72.548,0.1459,993555.035,"Natural Gas","Diesel Oil","Combustion turbine",,"Water Injection",,,"ARP, CSNOX, CSOSG2, CSSO2G1"
"MO","New Madrid Power Plant",2167,"1",1357,,2023,7616,7601.28,3091013.55,,5197.589,0.3636,2970312.973,0.105,5319.221,0.3988,28321119.925,"Coal","Diesel Oil","Cyclone boiler",,"Selective Catalytic Reduction|Overfire Air","Electrostatic Precipitator","Additives to Enhance PAC and Existing Equipment Performance","ARP, CSNOX, CSOSG2, CSSO2G1, MATS"
"MO","New Madrid Power Plant",2167,"2",1358,,2023,4832,4814.73,1888805.16,,5615.397,0.662,1775234.409,0.1049,4699.354,0.5589,16929303.234,"Coal","Diesel Oil","Cyclone boiler",,"Selective Catalytic Reduction|Overfire Air","Electrostatic Precipitator","Additives to Enhance PAC and Existing Equipment Performance","ARP, CSNOX, CSOSG2, CSSO2G1, MATS"
"MO","Thomas Hill Energy Center",2168,"MB1",1359,,2023,7271,7218.42,1083906.59,,2053.509,0.3518,1196063.479,0.1045,2147.863,0.3828,11406282.966,"Coal","Diesel Oil","Cyclone boiler",,"Overfire Air|Selective Catalytic Reduction","Electrostatic Precipitator","Additives to Enhance PAC and Existing Equipment Performance","ARP, CSNOX, CSOSG2, CSSO2G1, MATS"
"MO","Thomas Hill Energy Center",2168,"MB2",1360,,2023,7332,7316.36,1841573.33,,3138.772,0.3439,1907298.975,0.105,2520.183,0.2798,18185598.671,"Coal","Diesel Oil","Cyclone boiler",,"Overfire Air|Selective Catalytic Reduction","Electrostatic Precipitator","Additives to Enhance PAC and Existing Equipment Performance","ARP, CSNOX, CSOSG2, CSSO2G1, MATS"
"MO","Thomas Hill Energy Center",2168,"MB3",1361,,2023,5109,5089.94,3259773.96,,6096.894,0.3642,3429205.378,0.1048,3160.951,0.1889,32698524.753,"Coal","Diesel Oil","Dry bottom wall-fired boiler",,"Overfire Air|Low NOx Burner Technology (Dry Bottom only)|Selective Catalytic Reduction","Electrostatic Precipitator","Additives to Enhance PAC and Existing Equipment Performance","ARP, CSNOX, CSOSG2, CSSO2G1, MATS"
"MT","Glendive Generating Station",2176,"GT-2",1363,,2023,116,99.77,1918.42,,0.011,0.0012,1390.035,0.0604,1.733,0.1469,22820.626,"Pipeline Natural Gas","Diesel Oil","Combustion turbine",,"Dry Low NOx Burners",,,"ARP"
"NE","Canaday",2226,"1",1367,,2023,942,934.87,26021.16,,0.102,0.0009,18436.7,0.0589,39.084,0.2501,312623.9,"Pipeline Natural Gas",,"Tangentially-fired",,,,,"ARP, CSNOX, CSSO2G2"
"NE","Lon D Wright Power Plant",2240,"50T",9176,,2023,445,391.65,13780.3,,0.06,0.001,13355.9,0.059,79.271,0.7,226491.6,"Pipeline Natural Gas","Diesel Oil","Combustion turbine",,"Dry Low NOx Burners|Water Injection",,,"ARP, CSNOX, CSSO2G2"
"NE","Lon D Wright Power Plant",2240,"8",1371,,2023,7928,7924.84,426429.86,,889.216,0.3788,481367.459,0.104,458.31,0.1957,4629704.034,"Coal","Pipeline Natural Gas","Dry bottom wall-fired boiler","Wet Limestone","Low NOx Burner Technology (Dry Bottom only)","Baghouse|Electrostatic Precipitator","Halogenated PAC Sorbent Injection","ARP, CSNOX, CSSO2G2, MATS"
"NE","C W Burdick",2241,"GT-2",88133,,2023,73,60.47,1429.46,,0.034,0.003,1359.734,0.0643,0.678,0.0604,20748.967,"Pipeline Natural Gas","Diesel Oil","Combustion turbine",,"Dry Low NOx Burners|Water Injection",,,"ARP, CSNOX, CSSO2G2"
"NE","C W Burdick",2241,"GT-3",88134,,2023,264,214.94,4703.76,,0.043,0.0014,4270.196,0.0604,1.476,0.0409,70234.542,"Pipeline Natural Gas","Diesel Oil","Combustion turbine",,"Dry Low NOx Burners|Water Injection",,,"ARP, CSNOX, CSSO2G2"
"NE","J Street",2250,"1",90730,,2023,304,255.05,4937.84,,0.235,0.0074,,,29.97,0.7165,84147.4,"Pipeline Natural Gas","Diesel Oil","Combustion turbine",,"Water Injection",,,"CSNOX, CSSO2G2"
"NE","Hallam Peaking",2265,"1A",90723,,2023,153,108.29,1509.63,,5.996,0.4572,,,14.509,1.1555,24324.8,"Pipeline Natural Gas","Diesel Oil","Combustion turbine",,,,,"CSNOX, CSSO2G2"
"NE","Hallam Peaking",2265,"1B",90724,,2023,89,53.58,665.13,,2.919,0.4222,,,7.144,1.1235,12072.5,"Pipeline Natural Gas","Diesel Oil","Combustion turbine",,,,,"CSNOX, CSSO2G2"
"NE","Hebron Peaking",2266,"1A",90725,,2023,165,135.84,2098.91,,8.055,0.5005,,,19.331,1.2003,32215.2,"Diesel Oil",,"Combustion turbine",,,,,"CSNOX, CSSO2G2"
"NE","Hebron Peaking",2266,"1B",90726,,2023,167,136.43,2098.98,,7.7,0.5008,,,18.474,1.2003,30793.2,"Diesel Oil",,"Combustion turbine",,,,,"CSNOX, CSSO2G2"
"NE","McCook Peaking",2271,"1A",90727,,2023,99,74.46,1069.11,,4.122,0.5013,,,9.891,1.2002,16484.4,"Diesel Oil",,"Combustion turbine",,,,,"CSNOX, CSSO2G2"
"NE","McCook Peaking",2271,"1B",90728,,2023,34,20.29,238.44,,1.034,0.5016,,,2.482,1.2,4136.3,"Diesel Oil",,"Combustion turbine",,,,,"CSNOX, CSSO2G2"
"NE","Sheldon",2277,"1",1379,,2023,4853,4836.07,417716.36,,1290.599,0.5649,468599.676,0.105,1095.843,0.491,4467957.819,"Coal","Pipeline Natural Gas","Cyclone boiler",,"Overfire Air","Baghouse",,"ARP, CSNOX, CSSO2G2, MATS"
"NE","Sheldon",2277,"2",1380,,2023,4276,4256.16,396330.9,,1216.417,0.5648,433812.484,0.105,843.562,0.3914,4136281.95,"Coal","Pipeline Natural Gas","Cyclone boiler",,"Overfire Air","Baghouse",,"ARP, CSNOX, CSSO2G2, MATS"
"NE","Jones Street",2290,"1",90740,"CP100",2023,376,306.97,6547.3,,2.779,0.0501,,,66.024,1.1995,110039.5,"Diesel Oil",,"Combustion turbine",,,,,"CSNOX, CSSO2G2"
"NE","Jones Street",2290,"2",90741,"CP100",2023,235,182.64,4585.98,,1.94,0.0496,,,46.116,1.1989,76860.7,"Diesel Oil",,"Combustion turbine",,,,,"CSNOX, CSSO2G2"
"NE","North Omaha Station",2291,"1",1381,"CS000A",2023,394,384.93,10686.45,,0.038,0.001,7513.412,0.059,3.502,0.0555,126747.609,"Pipeline Natural Gas",,"Tangentially-fired",,,"Electrostatic Precipitator",,"ARP, CSNOX, CSSO2G2"
"NE","North Omaha Station",2291,"2",1382,"CS000A",2023,662,650.24,27763.71,,0.096,0.001,18904.153,0.059,10.245,0.0605,318907.287,"Pipeline Natural Gas",,"Tangentially-fired",,"Low NOx Burner Technology w/ Closed-coupled OFA","Electrostatic Precipitator",,"ARP, CSNOX, CSSO2G2"
"NE","North Omaha Station",2291,"3",1383,"CS000A",2023,3202,3155.47,136742.02,,0.478,0.0007,94172.972,0.0507,49.697,0.046,1589072.987,"Pipeline Natural Gas",,"Tangentially-fired",,"Low NOx Burner Technology w/ Closed-coupled OFA","Electrostatic Precipitator",,"ARP, CSNOX, CSSO2G2"
"NE","North Omaha Station",2291,"4",1384,,2023,7010,6996.96,541543.19,,1638.274,0.5742,611616.355,0.1022,912.126,0.3015,5842470.049,"Coal","Natural Gas","Tangentially-fired",,,"Electrostatic Precipitator","Halogenated PAC Sorbent Injection","ARP, CSNOX, CSSO2G2, MATS"
"NE","North Omaha Station",2291,"5",1385,,2023,8222,8209.67,1007619.66,,2675.655,0.5489,1005436.712,0.1041,1501.114,0.3143,9596058.988,"Coal","Natural Gas","Dry bottom wall-fired boiler",,"Low NOx Burner Technology (Dry Bottom only)","Electrostatic Precipitator","Halogenated PAC Sorbent Injection","ARP, CSNOX, CSSO2G2, MATS"
"NE","Sarpy County Station",2292,"1",90742,,2023,340,284.85,7507.02,,0.04,0.001,,,16.581,0.263,122967.016,"Diesel Oil","Pipeline Natural Gas","Combustion turbine",,,,,"CSNOX, CSSO2G2"
"NE","Sarpy County Station",2292,"2",90743,,2023,1127,978.3,27317.48,,0.133,0.001,,,63.062,0.2771,433322.537,"Pipeline Natural Gas","Diesel Oil","Combustion turbine",,,,,"CSNOX, CSSO2G2"
"NE","Sarpy County Station",2292,"CT3",1387,,2023,1568,1352.11,87838.18,,0.348,0.001,68678.759,0.0595,30.813,0.0539,1145876.907,"Pipeline Natural Gas","Diesel Oil","Combustion turbine",,"Dry Low NOx Burners|Water Injection",,,"ARP, CSNOX, CSSO2G2"
"NE","Sarpy County Station",2292,"CT4A",1388,,2023,760,615.08,10572.37,,0.037,0.001,7366.251,0.0603,4.695,0.0788,122421.877,"Pipeline Natural Gas","Diesel Oil","Combustion turbine",,"Water Injection",,,"ARP, CSNOX, CSSO2G2"
"NE","Sarpy County Station",2292,"CT4B",1389,,2023,766,624.16,10404.79,,0.036,0.001,7111.539,0.0604,4.867,0.0836,117947.505,"Pipeline Natural Gas","Diesel Oil","Combustion turbine",,"Water Injection",,,"ARP, CSNOX, CSSO2G2"
"NE","Sarpy County Station",2292,"CT5A",1390,,2023,754,607.47,10369.16,,0.037,0.001,7240.291,0.0608,4.56,0.0776,118965.188,"Pipeline Natural Gas","Diesel Oil","Combustion turbine",,"Water Injection",,,"ARP, CSNOX, CSSO2G2"
"NE","Sarpy County Station",2292,"CT5B",1391,,2023,755,609.44,10680.29,,0.038,0.001,7526.447,0.0607,4.897,0.0798,123760.119,"Pipeline Natural Gas","Diesel Oil","Combustion turbine",,"Water Injection",,,"ARP, CSNOX, CSSO2G2"
"NV","Clark",2322,"11A",89799,"CS11",2023,339,221.58,4668.1,,0.015,0.001,2890.831,0.0597,0.833,0.0646,48654.897,"Pipeline Natural Gas",,"Combustion turbine",,"Selective Catalytic Reduction",,,"ARP"
"NV","Clark",2322,"11B",89800,"CS11",2023,339,221.81,4673.07,,0.014,0.0009,2719.54,0.0624,0.691,0.0626,45744.894,"Pipeline Natural Gas",,"Combustion turbine",,"Selective Catalytic Reduction",,,"ARP"
"NV","Clark",2322,"12A",89801,"CS12",2023,255,162.05,3314.4,,0.011,0.001,2184.489,0.06,0.554,0.0511,36756.612,"Pipeline Natural Gas",,"Combustion turbine",,"Selective Catalytic Reduction",,,"ARP"
"NV","Clark",2322,"12B",89802,"CS12",2023,256,163.74,3324.58,,0.011,0.0009,2106.618,0.0594,0.533,0.0551,35449.766,"Pipeline Natural Gas",,"Combustion turbine",,"Selective Catalytic Reduction",,,"ARP"
"NV","Clark",2322,"13A",89803,"CS13",2023,257,167.36,3647.23,,0.012,0.001,2349.085,0.0596,0.624,0.062,39519.931,"Pipeline Natural Gas",,"Combustion turbine",,"Selective Catalytic Reduction",,,"ARP"
"NV","Clark",2322,"13B",89804,"CS13",2023,252,163.96,3595.73,,0.012,0.001,2293.872,0.0595,0.567,0.0625,38596.752,"Pipeline Natural Gas",,"Combustion turbine",,"Selective Catalytic Reduction",,,"ARP"
"NV","Clark",2322,"14A",89805,"CS14",2023,282,180.74,3810.91,,0.013,0.001,2500.714,0.0597,0.73,0.0659,42078.985,"Pipeline Natural Gas",,"Combustion turbine",,"Selective Catalytic Reduction",,,"ARP"
"NV","Clark",2322,"14B",89806,"CS14",2023,281,182.13,3848.69,,0.013,0.001,2483.431,0.0605,0.7,0.0656,41794.414,"Pipeline Natural Gas",,"Combustion turbine",,"Selective Catalytic Reduction",,,"ARP"
"NV","Clark",2322,"15A",89807,"CS15",2023,633,470.4,10794.7,,0.035,0.001,6945.151,0.0595,1.386,0.0417,116855.656,"Pipeline Natural Gas",,"Combustion turbine",,"Selective Catalytic Reduction",,,"ARP"
"NV","Clark",2322,"15B",89808,"CS15",2023,628,466.38,10736.03,,0.035,0.001,6916.533,0.0596,1.337,0.0423,116382.93,"Pipeline Natural Gas",,"Combustion turbine",,"Selective Catalytic Reduction",,,"ARP"
"NV","Clark",2322,"16A",89809,"CS16",2023,578,441.52,10249.69,,0.033,0.001,6492.085,0.0593,1.161,0.0366,109261.685,"Pipeline Natural Gas",,"Combustion turbine",,"Selective Catalytic Reduction",,,"ARP"
"NV","Clark",2322,"16B",89810,"CS16",2023,566,431.98,10129.92,,0.033,0.001,6543.777,0.0594,1.142,0.0367,110104.535,"Pipeline Natural Gas",,"Combustion turbine",,"Selective Catalytic Reduction",,,"ARP"
"NV","Clark",2322,"17A",89811,"CS17",2023,538,411.13,9035.05,,0.03,0.001,5950.225,0.0594,1.125,0.0403,100110.922,"Pipeline Natural Gas",,"Combustion turbine",,"Selective Catalytic Reduction",,,"ARP"
"NV","Clark",2322,"17B",89812,"CS17",2023,537,410.16,9012.43,,0.029,0.001,5760.778,0.0594,1.078,0.0409,96922.248,"Pipeline Natural Gas",,"Combustion turbine",,"Selective Catalytic Reduction",,,"ARP"
"NV","Clark",2322,"18A",89813,"CS18",2023,515,388.89,8291.18,,0.028,0.001,5575.497,0.0594,1.116,0.0432,93825.242,"Pipeline Natural Gas",,"Combustion turbine",,"Selective Catalytic Reduction",,,"ARP"
"NV","Clark",2322,"18B",89814,"CS18",2023,511,383.53,8245.16,,0.027,0.001,5304.257,0.0594,1.05,0.0434,89250.299,"Pipeline Natural Gas",,"Combustion turbine",,"Selective Catalytic Reduction",,,"ARP"
"NV","Clark",2322,"19A",89815,"CS19",2023,287,193.22,4137.67,,0.013,0.001,2664.631,0.0595,0.612,0.0523,44842.042,"Pipeline Natural Gas",,"Combustion turbine",,"Selective Catalytic Reduction",,,"ARP"
"NV","Clark",2322,"19B",89816,"CS19",2023,278,190.54,4106,,0.013,0.001,2668.588,0.0593,0.596,0.051,44905.254,"Pipeline Natural Gas",,"Combustion turbine",,"Selective Catalytic Reduction",,,"ARP"
"NV","Clark",2322,"20A",89817,"CS20",2023,231,148.24,3062.03,,0.01,0.001,2014.176,0.0594,0.477,0.056,33890.039,"Pipeline Natural Gas",,"Combustion turbine",,"Selective Catalytic Reduction",,,"ARP"
"NV","Clark",2322,"20B",89818,"CS20",2023,225,148.59,3085.41,,0.01,0.001,2062.426,0.0597,0.453,0.0549,34709.908,"Pipeline Natural Gas",,"Combustion turbine",,"Selective Catalytic Reduction",,,"ARP"
"NV","Clark",2322,"21A",89820,"CS21",2023,292,202.73,4506.62,,0.015,0.001,3054.723,0.06,0.677,0.0477,51403.912,"Pipeline Natural Gas",,"Combustion turbine",,"Selective Catalytic Reduction",,,"ARP"
"NV","Clark",2322,"21B",89819,"CS21",2023,286,199.62,4461.61,,0.014,0.001,2825.195,0.0597,0.598,0.0477,47524.347,"Pipeline Natural Gas",,"Combustion turbine",,"Selective Catalytic Reduction",,,"ARP"
"NV","Clark",2322,"22A",89821,"CS22",2023,161,117.15,2679.78,,0.009,0.001,1699.729,0.0593,0.32,0.0351,28600.847,"Pipeline Natural Gas",,"Combustion turbine",,"Selective Catalytic Reduction",,,"ARP"
"NV","Clark",2322,"22B",89822,"CS22",2023,163,117.8,2688.12,,0.009,0.001,1748.984,0.0594,0.311,0.0348,29420.673,"Pipeline Natural Gas",,"Combustion turbine",,"Selective Catalytic Reduction",,,"ARP"
"NV","Fort Churchill",2330,"1",1406,,2023,5385,5300.5,223058.74,,0.758,0.001,150113.62,0.0592,177.587,0.1406,2525952.944,"Pipeline Natural Gas",,"Dry bottom wall-fired boiler",,"Low NOx Burner Technology w/ Overfire Air",,,"ARP"
"NV","Fort Churchill",2330,"2",1407,,2023,5035,4913.4,219035.3,,0.729,0.001,144463.274,0.0591,149.302,0.1241,2430880.733,"Pipeline Natural Gas",,"Dry bottom wall-fired boiler",,,,,"ARP"
"NV","Tracy",2336,"3",1410,,2023,881,840.52,42154.29,,0.148,0.001,29291.621,0.0592,32.601,0.1201,492879.977,"Pipeline Natural Gas",,"Dry bottom wall-fired boiler",,,,,"ARP"
"NV","Tracy",2336,"4",1411,,2023,1095,976.58,46012.27,,0.187,0.001,37137.016,0.059,9.557,0.0371,624901.628,"Pipeline Natural Gas","Diesel Oil","Combustion turbine",,"Dry Low NOx Burners",,,"ARP"
"NV","Tracy",2336,"5",1412,,2023,1793,1690.55,75875.76,,0.312,0.001,61878.186,0.059,13.949,0.0287,1041237.423,"Pipeline Natural Gas","Diesel Oil","Combustion turbine",,"Dry Low NOx Burners",,,"ARP"
"NV","Tracy",2336,"6",1413,,2023,5780,5658.36,398620.61,,0.978,0.001,193733.116,0.0591,249.408,0.1523,3259931.461,"Pipeline Natural Gas",,"Combined cycle",,"Other",,,"ARP"
"NV","Tracy",2336,"8",90238,,2023,8326,8291.45,1729068.95,,3.859,0.001,764381.71,0.059,33.335,0.0059,12862204.436,"Pipeline Natural Gas",,"Combined cycle",,"Dry Low NOx Burners|Selective Catalytic Reduction",,,"ARP"
"NV","Tracy",2336,"9",90239,,2023,8089,8029.91,1699541.86,,3.8,0.001,752657.932,0.059,33.155,0.006,12664796.613,"Pipeline Natural Gas",,"Combined cycle",,"Dry Low NOx Burners|Selective Catalytic Reduction",,,"ARP"
"NH","Lost Nation",2362,"CT1",1416,,2023,23,23,188,,,,,,1.824,0.61,5980,"Diesel Oil",,"Combustion turbine",,,,,"NHNOX"
"NH","Merrimack",2364,"1",1417,"CS001",2023,483,462.34,39884.79,,29.684,0.1495,42281.94,0.103,49.745,0.2838,412099.782,"Coal",,"Cyclone boiler","Wet Lime FGD","Selective Catalytic Reduction","Electrostatic Precipitator",,"ARP, MATS, NHNOX, RGGI"
"NH","Merrimack",2364,"2",1418,"CS001",2023,721,708.31,140333.63,,69.804,0.0893,143698.68,0.103,225.972,0.3959,1400554.98,"Coal",,"Cyclone boiler","Wet Lime FGD","Selective Catalytic Reduction","Electrostatic Precipitator",,"ARP, MATS, NHNOX, RGGI"
"NH","Merrimack",2364,"CT1",1419,,2023,48,48,342,,,,,,4.903,0.853,11496,"Other Oil",,"Combustion turbine",,,,,"NHNOX"
"NH","Merrimack",2364,"CT2",1420,,2023,40,40,304,,,,,,3.712,0.779,9532,"Other Oil",,"Combustion turbine",,,,,"NHNOX"
"NH","Schiller",2367,"4",1421,,2023,0,0,,,,,,,,,,"Coal","Residual Oil","Dry bottom wall-fired boiler",,"Selective Non-catalytic Reduction|Low NOx Burner Technology w/ Overfire Air","Electrostatic Precipitator","Halogenated PAC Sorbent Injection|Sodium Based","ARP, MATS, NHNOX, RGGI"
"NH","Schiller",2367,"5",1422,,2023,0,0,,,,,,,,,,"Wood","Coal, Pipeline Natural Gas","Circulating fluidized bed boiler","Fluidized Bed Limestone Injection","Selective Non-catalytic Reduction","Baghouse",,"ARP, NHNOX, RGGI"
"NH","Schiller",2367,"6",1423,,2023,0,0,,,,,,,,,,"Coal","Residual Oil","Dry bottom wall-fired boiler",,"Selective Non-catalytic Reduction|Low NOx Burner Technology w/ Overfire Air","Electrostatic Precipitator","Halogenated PAC Sorbent Injection|Sodium Based","ARP, MATS, NHNOX, RGGI"
"NH","Schiller",2367,"CT1",1424,,2023,22,22,172,,,,,,2.518,0.81,6217.2,"Other Oil",,"Combustion turbine",,,,,"NHNOX"
"NH","White Lake",2369,"CT1",1425,,2023,32,32,239,,,,,,3.122,0.81,7708.8,"Other Oil",,"Combustion turbine",,,,,"NHNOX"
"NJ","Carlls Corner Energy Center",2379,"002001",1429,,2023,118,93.91,2622.53,,0.103,0.0093,2851,0.0596,3.802,0.1678,48177.4,"Pipeline Natural Gas","Diesel Oil","Combustion turbine",,"Water Injection",,,"CSNOX, CSOSG3, CSSO2G1, RGGI"
"NJ","Carlls Corner Energy Center",2379,"003001",1430,,2023,73,57.86,1594.76,,0.104,0.0077,1687,0.0592,2.336,0.1641,28455.6,"Pipeline Natural Gas","Diesel Oil","Combustion turbine",,"Water Injection",,,"CSNOX, CSOSG3, CSSO2G1, RGGI"
"NJ","Sayreville",2390,"012001",1460,,2023,25,10.01,149.17,,0.323,0.202,259.1,0.081,0.24,0.15,3200.9,"Pipeline Natural Gas","Diesel Oil","Combustion turbine",,"Water Injection|Selective Catalytic Reduction",,,"CSNOX, CSOSG3, CSSO2G1, RGGI"
"NJ","Sayreville",2390,"014001",1461,,2023,21,11.4,266.59,,0.426,0.1518,427.7,0.0756,0.426,0.1522,5679.1,"Pipeline Natural Gas","Diesel Oil","Combustion turbine",,"Water Injection|Selective Catalytic Reduction",,,"CSNOX, CSOSG3, CSSO2G1, RGGI"
"NJ","Sayreville",2390,"015001",1462,,2023,6,3.83,103,,0.001,0.001,119.5,0.059,0.152,0.15,2022.9,"Pipeline Natural Gas","Diesel Oil","Combustion turbine",,"Water Injection|Selective Catalytic Reduction",,,"CSNOX, CSOSG3, CSSO2G1, RGGI"
"NJ","Sayreville",2390,"016001",1463,,2023,19,9.43,187,,0.34,0.1246,402,0.0727,0.417,0.15,5559,"Pipeline Natural Gas","Diesel Oil","Combustion turbine",,"Water Injection|Selective Catalytic Reduction",,,"CSNOX, CSOSG3, CSSO2G1, RGGI"
"NJ","Gilbert Generating Station",2393,"04",1477,,2023,139,115.99,5246.42,,0.021,0.001,4147.14,0.0591,1.093,0.0475,69771.612,"Pipeline Natural Gas",,"Combined cycle",,"Dry Low NOx Burners",,,"ARP, CSNOX, CSOSG3, CSSO2G1, RGGI"
"NJ","Gilbert Generating Station",2393,"05",1478,,2023,132,111.98,5212.89,,0.021,0.001,4075.832,0.0591,0.953,0.0405,68586.683,"Pipeline Natural Gas",,"Combined cycle",,"Dry Low NOx Burners",,,"ARP, CSNOX, CSOSG3, CSSO2G1, RGGI"
"NJ","Gilbert Generating Station",2393,"06",1479,,2023,142,122.89,5839.14,,0.023,0.001,4561.396,0.0591,0.778,0.0351,76752.476,"Pipeline Natural Gas",,"Combined cycle",,"Dry Low NOx Burners",,,"ARP, CSNOX, CSOSG3, CSSO2G1, RGGI"
"NJ","Gilbert Generating Station",2393,"07",1480,,2023,148,132.92,6345.5,,0.025,0.001,4932.623,0.0591,1.182,0.0417,82995.591,"Pipeline Natural Gas",,"Combined cycle",,"Dry Low NOx Burners",,,"ARP, CSNOX, CSOSG3, CSSO2G1, RGGI"
"NJ","Gilbert Generating Station",2393,"9",1481,,2023,97,77.22,9089.17,,0.032,0.0016,5747.091,0.0617,4.527,0.1831,96663.727,"Pipeline Natural Gas","Diesel Oil","Combustion turbine",,"Dry Low NOx Burners|Water Injection",,,"ARP, CSNOX, CSOSG3, CSSO2G1, RGGI"
"NJ","Bergen Generating Station",2398,"1101",1485,,2023,1157,1056.78,117512.26,,0.296,0.001,58633.565,0.0591,16.656,0.0409,986021.066,"Pipeline Natural Gas","Diesel Oil","Combined cycle",,"Dry Low NOx Burners|Water Injection",,,"ARP, CSNOX, CSOSG3, CSSO2G1, RGGI"
"NJ","Bergen Generating Station",2398,"1201",1486,,2023,1842,1698.5,200203.57,,0.493,0.001,97643.624,0.0591,27.052,0.0396,1641839.247,"Pipeline Natural Gas","Diesel Oil","Combined cycle",,"Dry Low NOx Burners|Water Injection",,,"ARP, CSNOX, CSOSG3, CSSO2G1, RGGI"
"NJ","Bergen Generating Station",2398,"1301",1487,,2023,2621,2525.32,291904.25,,0.711,0.001,140869.11,0.059,29.955,0.027,2369696.395,"Pipeline Natural Gas","Diesel Oil","Combined cycle",,"Dry Low NOx Burners|Water Injection",,,"ARP, CSNOX, CSOSG3, CSSO2G1, RGGI"
"NJ","Bergen Generating Station",2398,"1401",1488,,2023,2427,2330.11,299494.91,,0.73,0.001,145078.818,0.0592,42.019,0.0364,2434544.671,"Pipeline Natural Gas","Diesel Oil","Combined cycle",,"Dry Low NOx Burners|Water Injection",,,"ARP, CSNOX, CSOSG3, CSSO2G1, RGGI"
"NJ","Bergen Generating Station",2398,"2101",1490,,2023,4448,4273.23,871536.84,,1.865,0.001,370354.608,0.0592,29.017,0.0181,6219116.455,"Pipeline Natural Gas","Diesel Oil","Combined cycle",,"Dry Low NOx Burners|Water Injection|Selective Catalytic Reduction",,,"ARP, CSNOX, CSOSG3, CSSO2G1, RGGI"
"NJ","Bergen Generating Station",2398,"2201",1491,,2023,4658,4529.76,966313.47,,2.052,0.001,406502.257,0.059,27.557,0.0148,6839481.909,"Pipeline Natural Gas","Diesel Oil","Combined cycle",,"Dry Low NOx Burners|Water Injection|Selective Catalytic Reduction",,,"ARP, CSNOX, CSOSG3, CSSO2G1, RGGI"
"NJ","Burlington Generating Station",2399,"121",1498,,2023,316,186.07,6873.39,,0.02,0.001,3918.782,0.0597,3.257,0.149,65462.485,"Pipeline Natural Gas","Diesel Oil","Combustion turbine",,"Water Injection",,,"ARP, CSNOX, CSOSG3, CSSO2G1, RGGI"
"NJ","Burlington Generating Station",2399,"122",1499,,2023,295,179.38,6789.08,,0.02,0.001,3852.732,0.0598,3.024,0.1384,64346.823,"Pipeline Natural Gas","Diesel Oil","Combustion turbine",,"Water Injection",,,"ARP, CSNOX, CSOSG3, CSSO2G1, RGGI"
"NJ","Burlington Generating Station",2399,"123",1500,,2023,316,179.6,6789.21,,0.02,0.001,3766.479,0.0597,3.064,0.1486,62857.78,"Pipeline Natural Gas","Diesel Oil","Combustion turbine",,"Water Injection",,,"ARP, CSNOX, CSOSG3, CSSO2G1, RGGI"
"NJ","Burlington Generating Station",2399,"124",1501,,2023,334,193.79,7125.27,,0.022,0.001,4250.477,0.0598,3.458,0.1515,71178.662,"Pipeline Natural Gas","Diesel Oil","Combustion turbine",,"Water Injection",,,"ARP, CSNOX, CSOSG3, CSSO2G1, RGGI"
"NJ","Kearny Generating Station",2404,"121",1540,,2023,702,506.66,13972.35,,0.047,0.001,9342.926,0.0594,7.049,0.1169,156909.441,"Pipeline Natural Gas","Diesel Oil","Combustion turbine",,"Water Injection",,,"ARP, CSNOX, CSOSG3, CSSO2G1, RGGI"
"NJ","Kearny Generating Station",2404,"122",1541,,2023,396,223.14,6343.81,,0.021,0.001,4205.759,0.0595,3.128,0.1386,70570.165,"Pipeline Natural Gas","Diesel Oil","Combustion turbine",,"Water Injection",,,"ARP, CSNOX, CSOSG3, CSSO2G1, RGGI"
"NJ","Kearny Generating Station",2404,"123",1542,,2023,690,502.72,13794.83,,0.049,0.001,9711.814,0.0594,7.093,0.1081,163154.31,"Pipeline Natural Gas","Diesel Oil","Combustion turbine",,"Water Injection",,,"ARP, CSNOX, CSOSG3, CSSO2G1, RGGI"
"NJ","Kearny Generating Station",2404,"124",1543,,2023,682,501.47,13702.33,,0.101,0.0024,9076.457,0.0593,6.829,0.1141,152689.391,"Pipeline Natural Gas","Diesel Oil","Combustion turbine",,"Water Injection",,,"ARP, CSNOX, CSOSG3, CSSO2G1, RGGI"
"NJ","Kearny Generating Station",2404,"131",90777,,2023,521,337.31,10396.19,,0.034,0.001,6770.001,0.0593,0.55,0.0244,113913.464,"Pipeline Natural Gas",,"Combustion turbine",,"Water Injection|Selective Catalytic Reduction",,,"ARP, CSNOX, CSOSG3, CSSO2G1, RGGI"
"NJ","Kearny Generating Station",2404,"132",90778,,2023,379,213.09,6170.57,,0.021,0.001,4103.956,0.0593,0.395,0.0308,69053.354,"Pipeline Natural Gas",,"Combustion turbine",,"Water Injection|Selective Catalytic Reduction",,,"ARP, CSNOX, CSOSG3, CSSO2G1, RGGI"
"NJ","Kearny Generating Station",2404,"133",90779,,2023,541,352.12,10891.18,,0.035,0.001,6931.557,0.0593,0.448,0.0148,116628.44,"Pipeline Natural Gas",,"Combustion turbine",,"Water Injection|Selective Catalytic Reduction",,,"ARP, CSNOX, CSOSG3, CSSO2G1, RGGI"
"NJ","Kearny Generating Station",2404,"134",90780,,2023,440,276.08,8574.27,,0.025,0.0009,5017.281,0.0538,0.449,0.0286,84423.521,"Pipeline Natural Gas",,"Combustion turbine",,"Water Injection|Selective Catalytic Reduction",,,"ARP, CSNOX, CSOSG3, CSSO2G1, RGGI"
"NJ","Kearny Generating Station",2404,"141",90781,,2023,1295,1036.86,30861.89,,0.102,0.001,20278.645,0.0593,1.201,0.0091,341216.928,"Pipeline Natural Gas",,"Combustion turbine",,"Water Injection|Selective Catalytic Reduction",,,"ARP, CSNOX, CSOSG3, CSSO2G1, RGGI"
"NJ","Kearny Generating Station",2404,"142",90782,,2023,1196,967.52,29595.88,,0.093,0.001,18404.535,0.0579,1.19,0.0104,309708.059,"Pipeline Natural Gas",,"Combustion turbine",,"Water Injection|Selective Catalytic Reduction",,,"ARP, CSNOX, CSOSG3, CSSO2G1, RGGI"
"NJ","Linden Generating Station",2406,"1101",1552,,2023,4779,4690.92,1034364.31,,2.225,0.001,438986.221,0.0592,27.113,0.0125,7370763.361,"Pipeline Natural Gas","Diesel Oil","Combined cycle",,"Dry Low NOx Burners|Water Injection|Selective Catalytic Reduction",,,"ARP, CSNOX, CSOSG3, CSSO2G1, RGGI"
"NJ","Linden Generating Station",2406,"1201",1553,,2023,4607,4518.48,1009464.83,,2.19,0.001,433546.227,0.0591,23.611,0.0111,7292761.535,"Pipeline Natural Gas","Diesel Oil","Combined cycle",,"Dry Low NOx Burners|Water Injection|Selective Catalytic Reduction",,,"ARP, CSNOX, CSOSG3, CSSO2G1, RGGI"
"NJ","Linden Generating Station",2406,"2101",1558,,2023,6197,6032.97,1389213.65,,3.704,0.0021,587717.412,0.0591,36.719,0.0131,9875491.892,"Pipeline Natural Gas","Diesel Oil","Combined cycle",,"Dry Low NOx Burners|Water Injection|Selective Catalytic Reduction",,,"ARP, CSNOX, CSOSG3, CSSO2G1, RGGI"
"NJ","Linden Generating Station",2406,"2201",1559,,2023,6008,5868.03,1351909.71,,2.88,0.001,570560.903,0.059,32.857,0.0119,9600748.637,"Pipeline Natural Gas","Diesel Oil","Combined cycle",,"Dry Low NOx Burners|Water Injection|Selective Catalytic Reduction",,,"ARP, CSNOX, CSOSG3, CSSO2G1, RGGI"
"NJ","Linden Generating Station",2406,"5",1561,,2023,114,82.25,5134.17,,0.018,0.001,3608.051,0.0582,1.371,0.0616,60447.909,"Pipeline Natural Gas","Diesel Oil","Combustion turbine",,"Dry Low NOx Burners|Water Injection",,,"ARP, CSNOX, CSOSG3, CSSO2G1, RGGI"
"NJ","Linden Generating Station",2406,"6",1562,,2023,103,75.13,5175.77,,0.018,0.001,3539.285,0.0599,1.44,0.0674,59033.552,"Pipeline Natural Gas","Diesel Oil","Combustion turbine",,"Dry Low NOx Burners|Water Injection",,,"ARP, CSNOX, CSOSG3, CSSO2G1, RGGI"
"NJ","Linden Generating Station",2406,"7",1563,,2023,147,114.89,7320.32,,0.027,0.001,5208.573,0.0596,2.103,0.0625,87191.574,"Pipeline Natural Gas","Diesel Oil","Combustion turbine",,"Dry Low NOx Burners|Water Injection",,,"ARP, CSNOX, CSOSG3, CSSO2G1, RGGI"
"NJ","Linden Generating Station",2406,"8",1565,,2023,134,94.72,5917.64,,0.022,0.001,4325.395,0.0588,1.715,0.0677,72438.217,"Pipeline Natural Gas","Diesel Oil","Combustion turbine",,"Dry Low NOx Burners|Water Injection",,,"ARP, CSNOX, CSOSG3, CSSO2G1, RGGI"
"NJ","Salem Generating Station",2410,"2001",1572,,2023,0,0,,,,,,,,,,"Diesel Oil",,"Combustion turbine",,,,,"CSNOX, CSOSG3, CSSO2G1"
"NJ","Sewaren Generating Station",2411,"7",91149,,2023,7734,7716.19,3351747.81,,6.673,0.001,1321921.114,0.0591,68.662,0.0063,22225226.031,"Pipeline Natural Gas","Diesel Oil","Combined cycle",,"Dry Low NOx Burners|Selective Catalytic Reduction",,,"ARP, CSNOX, CSOSG3, CSSO2G1, RGGI"
"NJ","Howard M Down",2434,"U11",90625,,2023,1464,1276.59,71422.25,,0.21,0.001,41615.554,0.0592,9.237,0.043,699870.105,"Natural Gas","Diesel Oil","Combustion turbine",,"Water Injection|Selective Catalytic Reduction",,,"ARP, CSNOX, CSOSG3, CSSO2G1, RGGI"
"NM","Four Corners Steam Elec Station",2442,"4",1584,,2023,5933,5920.43,4061492.86,,788.759,0.0425,3927509.133,0.103,1313.775,0.0756,38279806.732,"Coal",,"Cell burner boiler","Wet Lime FGD","Low NOx Cell Burner|Selective Catalytic Reduction","Baghouse",,"ARP, MATS"
"NM","Four Corners Steam Elec Station",2442,"5",1585,,2023,5712,5697.42,3944073.23,,1024.624,0.0558,3925240.774,0.1029,1294.279,0.0779,38257694.065,"Coal",,"Cell burner boiler","Wet Lime FGD","Low NOx Cell Burner|Selective Catalytic Reduction","Baghouse",,"ARP, MATS"
"NM","Rio Grande",2444,"6",1586,,2023,2842,2833.85,87433.91,,0.148,0,62715.645,0.0592,105.896,0.1885,1055282.819,"Pipeline Natural Gas","Diesel Oil","Dry bottom wall-fired boiler",,,,,"ARP"
"NM","Rio Grande",2444,"7",1587,,2023,4156,4132.26,104218.42,,0.183,0,77791.298,0.0588,52.307,0.077,1308985.017,"Pipeline Natural Gas","Diesel Oil","Dry bottom wall-fired boiler",,,,,"ARP"
"NM","Rio Grande",2444,"8",1588,,2023,7319,7287.85,699947.59,,0.949,0,402849.58,0.059,807.776,0.2327,6778562.528,"Pipeline Natural Gas","Diesel Oil","Dry bottom wall-fired boiler",,,,,"ARP"
"NM","Rio Grande",2444,"9",90701,,2023,1379,1172,76291.15,,0.102,0,43423.869,0.0591,3.346,0.0125,730687.674,"Pipeline Natural Gas",,"Combustion turbine",,"Dry Low NOx Burners|Selective Catalytic Reduction",,,"ARP"
"NM","Maddox",2446,"051B",1590,,2023,7837,7825.68,502608.49,,1.543,0.001,305706.218,0.0591,377.482,0.1338,5144081.956,"Pipeline Natural Gas",,"Tangentially-fired",,"Overfire Air",,,"ARP"
"NM","Reeves Generating Station",2450,"1",1593,,2023,4926,4641.28,134570.23,,0.487,0.001,96437.302,0.0592,203.593,0.2203,1622772.418,"Pipeline Natural Gas",,"Dry bottom wall-fired boiler",,,,,"ARP"
"NM","Reeves Generating Station",2450,"2",1594,,2023,3354,3168.62,90483.99,,0.336,0.001,66568.377,0.0593,135.151,0.2159,1120087.136,"Pipeline Natural Gas",,"Dry bottom wall-fired boiler",,,,,"ARP"
"NM","Reeves Generating Station",2450,"3",1595,,2023,5310,5046.38,225156.05,,0.786,0.001,155701.954,0.0591,310.569,0.2227,2620053.649,"Pipeline Natural Gas",,"Dry bottom wall-fired boiler",,,,,"ARP"
"NM","Cunningham",2454,"121B",1600,,2023,0,0,,,,,,,,,,"Pipeline Natural Gas",,"Tangentially-fired",,"Overfire Air",,,"ARP"
"NM","Cunningham",2454,"122B",1601,,2023,5581,5566.14,660594.36,,1.94,0.001,384219.354,0.059,532.106,0.1518,6465244.31,"Pipeline Natural Gas","Other Oil","Tangentially-fired",,"Overfire Air",,,"ARP"
"NM","Cunningham",2454,"123T",1602,,2023,4949,4876.12,455090.22,,1.593,0.001,315465.381,0.059,155.079,0.0589,5308325.273,"Pipeline Natural Gas",,"Combustion turbine",,"Dry Low NOx Burners",,,"ARP"
"NM","Cunningham",2454,"124T",1603,,2023,4064,4008.77,358025.96,,1.284,0.001,254283.257,0.059,122.939,0.0581,4278746.68,"Pipeline Natural Gas",,"Combustion turbine",,"Dry Low NOx Burners",,,"ARP"
"NY","Danskammer Generating Station",2480,"1",1606,,2023,72,67.14,1582.16,,0.007,0.0008,1375.56,0.0591,0.943,0.0563,23203.442,"Pipeline Natural Gas","Residual Oil","Tangentially-fired",,,,,"ARP, CSNOX, CSOSG3, CSSO2G1, RGGI"
"NY","Danskammer Generating Station",2480,"2",1607,,2023,53,47.05,1404.42,,0.006,0.0008,1089.178,0.0591,0.817,0.0698,18378.245,"Pipeline Natural Gas","Residual Oil","Tangentially-fired",,,,,"ARP, CSNOX, CSOSG3, CSSO2G1, RGGI"
"NY","Danskammer Generating Station",2480,"3",1608,,2023,99,95.68,4826.24,,0.015,0.0008,2872.604,0.0591,1.977,0.0621,48459.489,"Pipeline Natural Gas",,"Tangentially-fired",,"Low NOx Burner Technology w/ Separated OFA","Electrostatic Precipitator",,"ARP, CSNOX, CSOSG3, CSSO2G1, RGGI"
"NY","Danskammer Generating Station",2480,"4",1609,,2023,201,195.17,12189.06,,0.039,0.0009,7522.67,0.0588,4.161,0.0544,126906.986,"Pipeline Natural Gas",,"Tangentially-fired",,"Low NOx Burner Technology w/ Separated OFA","Electrostatic Precipitator",,"ARP, CSNOX, CSOSG3, CSSO2G1, RGGI"
"NY","Arthur Kill",2490,"20",1610,"CS0002",2023,6438,6415.99,869132.14,,2.719,0.001,538586.836,0.059,300.994,0.061,9062772.443,"Pipeline Natural Gas",,"Dry bottom wall-fired boiler",,,,,"ARP, CSNOX, CSOSG3, CSSO2G1, RGGI"
"NY","Arthur Kill",2490,"30",1611,"CS0002",2023,1385,1368.2,248256.59,,0.807,0.001,159931.1,0.0591,107.328,0.071,2691165.023,"Pipeline Natural Gas",,"Tangentially-fired",,,,,"ARP, CSNOX, CSOSG3, CSSO2G1, RGGI"
"NY","Arthur Kill",2490,"CT0001",1612,,2023,83,59.39,619.34,,,,825.4,0.0592,2.269,0.325,13957.7,"Pipeline Natural Gas",,"Combustion turbine",,,,,"RGGI, SIPNOX"
"NY","East River",2493,"1",1614,,2023,7373,7356.25,1087150,,3.556,0.001,694026.85,0.059,40.265,0.0071,11676993,"Pipeline Natural Gas",,"Combined cycle",,"Ammonia Injection|Selective Catalytic Reduction",,,"ARP, CSNOX, CSOSG3, CSSO2G1, RGGI"
"NY","East River",2493,"2",1615,,2023,7033,7023.25,1045461,,3.349,0.001,655700.45,0.059,40.041,0.0079,11032476.325,"Pipeline Natural Gas",,"Combined cycle",,"Ammonia Injection|Selective Catalytic Reduction",,,"ARP, CSNOX, CSOSG3, CSSO2G1, RGGI"
"NY","East River",2493,"60",1617,,2023,5587,5577.5,,4675727.75,10.291,0.0034,399722.725,0.0592,446.543,0.1266,6706140.25,"Pipeline Natural Gas","Residual Oil","Dry bottom wall-fired boiler",,,,,"ARP, CSNOX, CSOSG3, CSSO2G1, MATS, RGGI"
"NY","East River",2493,"70",1618,,2023,5609,5604.25,,4745934,11.538,0.0039,412754.275,0.0592,399.177,0.1129,6922906.325,"Pipeline Natural Gas","Residual Oil","Dry bottom wall-fired boiler",,,,,"ARP, CSNOX, CSOSG3, CSSO2G1, MATS, RGGI"
"NY","Gowanus Generating Station",2494,"CT01-1",1619,"CP0001",2023,0,0,,,,,,,,,,"Diesel Oil",,"Combustion turbine",,,,,"RGGI, SIPNOX"
"NY","Gowanus Generating Station",2494,"CT01-2",1620,"CP0001",2023,0,0,,,,,,,,,,"Diesel Oil",,"Combustion turbine",,,,,"RGGI, SIPNOX"
"NY","Gowanus Generating Station",2494,"CT01-3",1621,"CP0001",2023,0,0,,,,,,,,,,"Diesel Oil",,"Combustion turbine",,,,,"RGGI, SIPNOX"
"NY","Gowanus Generating Station",2494,"CT01-4",1622,"CP0001",2023,0,0,,,,,,,,,,"Diesel Oil",,"Combustion turbine",,,,,"RGGI, SIPNOX"
"NY","Gowanus Generating Station",2494,"CT01-5",1623,"CP0001",2023,0,0,,,,,,,,,,"Diesel Oil",,"Combustion turbine",,,,,"RGGI, SIPNOX"
"NY","Gowanus Generating Station",2494,"CT01-6",1624,"CP0001",2023,0,0,,,,,,,,,,"Diesel Oil",,"Combustion turbine",,,,,"RGGI, SIPNOX"
"NY","Gowanus Generating Station",2494,"CT01-7",1625,"CP0001",2023,0,0,,,,,,,,,,"Diesel Oil",,"Combustion turbine",,,,,"RGGI, SIPNOX"
"NY","Gowanus Generating Station",2494,"CT01-8",1626,"CP0001",2023,0,0,,,,,,,,,,"Diesel Oil",,"Combustion turbine",,,,,"RGGI, SIPNOX"
"NY","Gowanus Generating Station",2494,"CT02-1",1627,"CP0001",2023,35,26.1,392.1,,,,398.6,0.059,1.039,0.3077,6765.7,"Diesel Oil","Pipeline Natural Gas","Combustion turbine",,,,,"RGGI, SIPNOX"
"NY","Gowanus Generating Station",2494,"CT02-2",1628,"CP0001",2023,61,48.5,719.9,,,,729.3,0.059,1.911,0.309,12380.1,"Diesel Oil","Pipeline Natural Gas","Combustion turbine",,,,,"RGGI, SIPNOX"
"NY","Gowanus Generating Station",2494,"CT02-3",1629,"CP0001",2023,60,48.2,808,,,,822.5,0.059,2.134,0.3063,13939.2,"Diesel Oil","Pipeline Natural Gas","Combustion turbine",,,,,"RGGI, SIPNOX"
"NY","Gowanus Generating Station",2494,"CT02-4",1630,"CP0001",2023,58,44.3,622,,,,633.2,0.059,1.645,0.3062,10729.3,"Diesel Oil","Pipeline Natural Gas","Combustion turbine",,,,,"RGGI, SIPNOX"
"NY","Gowanus Generating Station",2494,"CT02-5",1631,"CP0001",2023,78,60.8,952.2,,,,969.9,0.059,2.536,0.3086,16424.4,"Diesel Oil","Pipeline Natural Gas","Combustion turbine",,,,,"RGGI, SIPNOX"
"NY","Gowanus Generating Station",2494,"CT02-6",1632,"CP0001",2023,58,46.4,761.5,,,,775.7,0.059,2.013,0.3064,13142.4,"Diesel Oil","Pipeline Natural Gas","Combustion turbine",,,,,"RGGI, SIPNOX"
"NY","Gowanus Generating Station",2494,"CT02-7",1633,"CP0001",2023,83,66.8,1107.5,,,,1123.3,0.059,2.948,0.3102,19024.4,"Diesel Oil","Pipeline Natural Gas","Combustion turbine",,,,,"RGGI, SIPNOX"
"NY","Gowanus Generating Station",2494,"CT02-8",1634,"CP0001",2023,75,57,814.3,,,,829.1,0.059,2.183,0.3094,14056.6,"Diesel Oil","Pipeline Natural Gas","Combustion turbine",,,,,"RGGI, SIPNOX"
"NY","Gowanus Generating Station",2494,"CT03-1",1635,"CP0001",2023,41,28.7,420.8,,,,421.7,0.0588,1.109,0.3103,7147.7,"Diesel Oil","Pipeline Natural Gas","Combustion turbine",,,,,"RGGI, SIPNOX"
"NY","Gowanus Generating Station",2494,"CT03-2",1636,"CP0001",2023,52,36.1,550.4,,,,554.2,0.059,1.457,0.3096,9387.3,"Diesel Oil","Pipeline Natural Gas","Combustion turbine",,,,,"RGGI, SIPNOX"
"NY","Gowanus Generating Station",2494,"CT03-3",1637,"CP0001",2023,36,24.1,403.2,,,,408.3,0.059,1.084,0.313,6912,"Diesel Oil","Pipeline Natural Gas","Combustion turbine",,,,,"RGGI, SIPNOX"
"NY","Gowanus Generating Station",2494,"CT03-4",1638,"CP0001",2023,56,37.7,586,,,,595.1,0.0589,1.559,0.309,10086.5,"Diesel Oil","Pipeline Natural Gas","Combustion turbine",,,,,"RGGI, SIPNOX"
"NY","Gowanus Generating Station",2494,"CT03-5",1639,"CP0001",2023,41,27,447.6,,,,455.4,0.059,1.203,0.3113,7715.5,"Diesel Oil","Pipeline Natural Gas","Combustion turbine",,,,,"RGGI, SIPNOX"
"NY","Gowanus Generating Station",2494,"CT03-6",1640,"CP0001",2023,39,23.8,357.5,,,,364.1,0.059,0.96,0.31,6173.9,"Diesel Oil","Pipeline Natural Gas","Combustion turbine",,,,,"RGGI, SIPNOX"
"NY","Gowanus Generating Station",2494,"CT03-7",1641,"CP0001",2023,48,35.5,580.1,,,,589.1,0.059,1.548,0.3099,9976.5,"Diesel Oil","Pipeline Natural Gas","Combustion turbine",,,,,"RGGI, SIPNOX"
"NY","Gowanus Generating Station",2494,"CT03-8",1642,"CP0001",2023,35,22.7,367.3,,,,375.6,0.0591,0.989,0.3109,6359.5,"Diesel Oil","Pipeline Natural Gas","Combustion turbine",,,,,"RGGI, SIPNOX"
"NY","Gowanus Generating Station",2494,"CT04-1",1643,"CP0001",2023,0,0,,,,,,,,,,"Diesel Oil",,"Combustion turbine",,,,,"RGGI, SIPNOX"
"NY","Gowanus Generating Station",2494,"CT04-2",1644,"CP0001",2023,0,0,,,,,,,,,,"Diesel Oil",,"Combustion turbine",,,,,"RGGI, SIPNOX"
"NY","Gowanus Generating Station",2494,"CT04-3",1645,"CP0001",2023,0,0,,,,,,,,,,"Diesel Oil",,"Combustion turbine",,,,,"RGGI, SIPNOX"
"NY","Gowanus Generating Station",2494,"CT04-4",1646,"CP0001",2023,0,0,,,,,,,,,,"Diesel Oil",,"Combustion turbine",,,,,"RGGI, SIPNOX"
"NY","Gowanus Generating Station",2494,"CT04-5",1647,"CP0001",2023,0,0,,,,,,,,,,"Diesel Oil",,"Combustion turbine",,,,,"RGGI, SIPNOX"
"NY","Gowanus Generating Station",2494,"CT04-6",1648,"CP0001",2023,0,0,,,,,,,,,,"Diesel Oil",,"Combustion turbine",,,,,"RGGI, SIPNOX"
"NY","Gowanus Generating Station",2494,"CT04-7",1649,"CP0001",2023,0,0,,,,,,,,,,"Diesel Oil",,"Combustion turbine",,,,,"RGGI, SIPNOX"
"NY","Gowanus Generating Station",2494,"CT04-8",1650,"CP0001",2023,0,0,,,,,,,,,,"Diesel Oil",,"Combustion turbine",,,,,"RGGI, SIPNOX"
"NY","Hudson Avenue",2496,"CT0003",1655,,2023,0,0,,,,,,,,,,"Other Oil",,"Combustion turbine",,,,,
"NY","Hudson Avenue",2496,"CT0004",1656,,2023,0,0,,,,,,,,,,"Other Oil",,"Combustion turbine",,,,,
"NY","Hudson Avenue",2496,"CT0005",1657,,2023,0,0,,,,,,,,,,"Other Oil",,"Combustion turbine",,,,,
"NY","Narrows Generating Station",2499,"CT01-1",1659,"CP0001",2023,145,124.4,2051.9,,,,2078.8,0.0592,6.338,0.3611,35207.8,"Pipeline Natural Gas","Diesel Oil","Combustion turbine",,,,,"RGGI, SIPNOX"
"NY","Narrows Generating Station",2499,"CT01-2",1660,"CP0001",2023,63,49.7,754.7,,,,766.6,0.0594,2.337,0.3627,12979.2,"Pipeline Natural Gas","Diesel Oil","Combustion turbine",,,,,"RGGI, SIPNOX"
"NY","Narrows Generating Station",2499,"CT01-3",1661,"CP0001",2023,89,77,1181.1,,,,1196,0.0593,3.646,0.3619,20248.2,"Pipeline Natural Gas","Diesel Oil","Combustion turbine",,,,,"RGGI, SIPNOX"
"NY","Narrows Generating Station",2499,"CT01-4",1662,"CP0001",2023,130,109.3,1781.6,,,,1803.9,0.0592,5.5,0.3612,30552.5,"Pipeline Natural Gas","Diesel Oil","Combustion turbine",,,,,"RGGI, SIPNOX"
"NY","Narrows Generating Station",2499,"CT01-5",1663,"CP0001",2023,194,163.8,2763.4,,,,2804.4,0.0591,8.556,0.3609,47515.4,"Pipeline Natural Gas","Diesel Oil","Combustion turbine",,,,,"RGGI, SIPNOX"
"NY","Narrows Generating Station",2499,"CT01-6",1664,"CP0001",2023,60,49.6,690.5,,,,700.8,0.0594,2.136,0.3628,11860.7,"Pipeline Natural Gas","Diesel Oil","Combustion turbine",,,,,"RGGI, SIPNOX"
"NY","Narrows Generating Station",2499,"CT01-7",1665,"CP0001",2023,125,105.2,1744.7,,,,1770.5,0.0592,5.399,0.3612,29988.8,"Pipeline Natural Gas","Diesel Oil","Combustion turbine",,,,,"RGGI, SIPNOX"
"NY","Narrows Generating Station",2499,"CT01-8",1666,"CP0001",2023,80,67.7,988.7,,,,1001.5,0.0593,3.054,0.3621,16957.5,"Pipeline Natural Gas","Diesel Oil","Combustion turbine",,,,,"RGGI, SIPNOX"
"NY","Narrows Generating Station",2499,"CT02-1",1667,"CP0001",2023,182,149,2444.7,,,,2496.9,0.059,7.614,0.3599,42296.6,"Pipeline Natural Gas","Diesel Oil","Combustion turbine",,,,,"RGGI, SIPNOX"
"NY","Narrows Generating Station",2499,"CT02-2",1668,"CP0001",2023,111,90.5,1337.8,,,,1370.5,0.0591,4.179,0.3615,23211.5,"Pipeline Natural Gas","Diesel Oil","Combustion turbine",,,,,"RGGI, SIPNOX"
"NY","Narrows Generating Station",2499,"CT02-3",1669,"CP0001",2023,112,90.8,1405.2,,,,1442,0.0589,4.397,0.36,24423.8,"Pipeline Natural Gas","Diesel Oil","Combustion turbine",,,,,"RGGI, SIPNOX"
"NY","Narrows Generating Station",2499,"CT02-4",1670,"CP0001",2023,218,177.8,2986.8,,,,3048.5,0.0591,9.299,0.3607,51649,"Pipeline Natural Gas","Diesel Oil","Combustion turbine",,,,,"RGGI, SIPNOX"
"NY","Narrows Generating Station",2499,"CT02-5",1671,"CP0001",2023,236,188.8,3213.1,,,,3284.4,0.059,10.02,0.3599,55655.4,"Pipeline Natural Gas","Diesel Oil","Combustion turbine",,,,,"RGGI, SIPNOX"
"NY","Narrows Generating Station",2499,"CT02-6",1672,"CP0001",2023,100,78.1,1136.6,,,,1167,0.059,3.558,0.36,19763.8,"Pipeline Natural Gas","Diesel Oil","Combustion turbine",,,,,"RGGI, SIPNOX"
"NY","Narrows Generating Station",2499,"CT02-7",1673,"CP0001",2023,157,125.4,2023.9,,,,2067.4,0.059,6.304,0.3599,35021.1,"Pipeline Natural Gas","Diesel Oil","Combustion turbine",,,,,"RGGI, SIPNOX"
"NY","Narrows Generating Station",2499,"CT02-8",1674,"CP0001",2023,94,71.9,1029.2,,,,1050.6,0.0589,3.203,0.3612,17791.9,"Pipeline Natural Gas","Diesel Oil","Combustion turbine",,,,,"RGGI, SIPNOX"
"NY","Ravenswood Generating Station",2500,"10",1675,,2023,1862,1822.64,280870.55,,12.696,0.0079,182796.115,0.0596,123.634,0.0793,3046114.705,"Pipeline Natural Gas","Residual Oil","Tangentially-fired",,"Overfire Air",,,"ARP, CSNOX, CSOSG3, CSSO2G1, RGGI"
"NY","Ravenswood Generating Station",2500,"20",1676,,2023,1339,1320.52,225005.59,,0.714,0.001,141517.354,0.059,85.228,0.0747,2381287.804,"Pipeline Natural Gas","Residual Oil","Tangentially-fired",,"Overfire Air",,,"ARP, CSNOX, CSOSG3, CSSO2G1, MATS, RGGI"
"NY","Ravenswood Generating Station",2500,"30",1677,,2023,1604,1581.6,374790.4,,1.293,0.001,256074.059,0.0591,169.788,0.0643,4308931.815,"Pipeline Natural Gas","Residual Oil","Tangentially-fired",,,,,"ARP, CSNOX, CSOSG3, CSSO2G1, MATS, RGGI"
"NY","Ravenswood Generating Station",2500,"CT0001",1682,,2023,0,0,,,,,,,,,,"Pipeline Natural Gas",,"Combustion turbine",,,,,"RGGI, SIPNOX"
"NY","Ravenswood Generating Station",2500,"CT0010",1689,,2023,75,75,786,,,,675.9,0.0591,2.652,0.4626,11457.1,"Pipeline Natural Gas","Diesel Oil","Combustion turbine",,,,,"RGGI, SIPNOX"
"NY","Ravenswood Generating Station",2500,"CT0011",1690,,2023,0,0,,,,,,,,,,"Pipeline Natural Gas","Diesel Oil","Combustion turbine",,,,,"RGGI, SIPNOX"
"NY","Ravenswood Generating Station",2500,"UCC001",89141,,2023,7870,7835.6,1964171.26,,4.219,0.001,835256.313,0.0591,47.877,0.0079,14035648.425,"Pipeline Natural Gas","Diesel Oil","Combined cycle",,"Dry Low NOx Burners|Ammonia Injection",,,"ARP, CSNOX, CSOSG3, CSSO2G1, RGGI"
"NY","59th Street",2503,"BLR114",1708,"CS0001",2023,4829,4819.5,,1244301.75,,,,,91.468,0.0925,1797386.9,"Pipeline Natural Gas","Residual Oil","Tangentially-fired",,"Combustion Modification/Fuel Reburning",,,"SIPNOX"
"NY","59th Street",2503,"BLR115",1709,"CS0001",2023,3099,3092.5,,807228,,,,,56.388,0.0896,1138403.8,"Pipeline Natural Gas","Residual Oil","Tangentially-fired",,"Combustion Modification/Fuel Reburning",,,"SIPNOX"
"NY","59th Street",2503,"BLR116",1710,"CS0001",2023,1258,1192,,82075,,,,,6.554,0.1222,104144.6,"Residual Oil","Pipeline Natural Gas","Dry bottom wall-fired boiler",,"Combustion Modification/Fuel Reburning",,,"SIPNOX"
"NY","59th Street",2503,"BLR117",1711,"CS0001",2023,1551,1470.75,,103622,,,,,7.273,0.1142,123984.875,"Residual Oil","Pipeline Natural Gas","Dry bottom wall-fired boiler",,"Combustion Modification/Fuel Reburning",,,"SIPNOX"
"NY","59th Street",2503,"BLR118",1712,"CS0001",2023,1306,1233.75,,88951.25,,,,,6.389,0.1149,107579.5,"Residual Oil","Pipeline Natural Gas","Dry bottom wall-fired boiler",,"Combustion Modification/Fuel Reburning",,,"SIPNOX"
"NY","59th Street",2503,"CT0001",1713,,2023,48,48,672,,,,,,6.336,1.2,10560,"Other Oil",,"Combustion turbine",,,,,"SIPNOX"
"NY","74th Street",2504,"120",1714,"CS0002",2023,3230,3225.75,,804591.75,3.116,0.0047,63993.7,0.0595,46.42,0.0842,1070032.1,"Pipeline Natural Gas","Residual Oil","Tangentially-fired",,,,,"ARP, SIPNOX"
"NY","74th Street",2504,"121",1715,"CS0002",2023,4484,4478.5,,1224513.5,0.463,0.001,91611.8,0.0593,69.817,0.0879,1541435.975,"Pipeline Natural Gas","Residual Oil","Tangentially-fired",,,,,"ARP, SIPNOX"
"NY","74th Street",2504,"122",1716,"CS0002",2023,3617,3614.5,,949104.75,0.342,0.001,67682.275,0.0593,47.233,0.0795,1138852.45,"Pipeline Natural Gas","Residual Oil","Tangentially-fired",,,,,"ARP, SIPNOX"
"NY","74th Street",2504,"CT0001",1717,,2023,5,5,70,,,,90.5,0.081,0.669,1.2,1115,"Other Oil",,"Combustion turbine",,,,,"RGGI, SIPNOX"
"NY","74th Street",2504,"CT0002",1718,,2023,10,10,140,,,,181,0.081,1.338,1.2,2230,"Other Oil",,"Combustion turbine",,,,,"RGGI, SIPNOX"
"NY","E F Barrett",2511,"10",1719,,2023,6838,6823,859761.15,,12.482,0.0036,507383.803,0.0592,385.95,0.0896,8518755.986,"Pipeline Natural Gas","Residual Oil","Tangentially-fired",,,,,"ARP, CSNOX, CSOSG3, CSSO2G1, RGGI"
"NY","E F Barrett",2511,"20",1720,,2023,4247,4225.17,526082.28,,10.385,0.0052,310560.833,0.0593,136.128,0.0499,5208932.624,"Pipeline Natural Gas","Residual Oil","Tangentially-fired",,"Overfire Air",,,"ARP, CSNOX, CSOSG3, CSSO2G1, RGGI"
"NY","E F Barrett",2511,"U00004",1721,"CP001",2023,395,395,3758,,,,3342.2,0.0597,9.606,0.343,55825.9,"Pipeline Natural Gas","Diesel Oil","Combustion turbine",,"Water Injection",,,"RGGI, SIPNOX"
"NY","E F Barrett",2511,"U00005",1722,"CP001",2023,461,461,4463,,,,3902.1,0.0595,11.181,0.3416,65542.2,"Pipeline Natural Gas","Diesel Oil","Combustion turbine",,"Water Injection",,,"RGGI, SIPNOX"
"NY","E F Barrett",2511,"U00006",1723,"CP001",2023,407,407,3729,,,,3334.4,0.0595,9.564,0.3432,55870.6,"Pipeline Natural Gas","Diesel Oil","Combustion turbine",,"Water Injection",,,"RGGI, SIPNOX"
"NY","E F Barrett",2511,"U00007",1724,"CP001",2023,220,220,2285,,,,2154.8,0.0588,6.139,0.3359,36545.2,"Pipeline Natural Gas","Diesel Oil","Combustion turbine",,"Water Injection",,,"RGGI, SIPNOX"
"NY","E F Barrett",2511,"U00008",1725,"CP001",2023,373,373,3291,,,,2846.5,0.0589,8.095,0.336,48195.5,"Pipeline Natural Gas","Diesel Oil","Combustion turbine",,"Water Injection",,,"RGGI, SIPNOX"
"NY","E F Barrett",2511,"U00009",1726,"CP001",2023,413,413,3838,,,,3284.3,0.0588,9.352,0.336,55671.5,"Pipeline Natural Gas","Diesel Oil","Combustion turbine",,"Water Injection",,,"RGGI, SIPNOX"
"NY","E F Barrett",2511,"U00011",1728,"CP001",2023,412,412,3947,,,,3395.4,0.0591,9.667,0.3369,57437.5,"Pipeline Natural Gas","Diesel Oil","Combustion turbine",,"Water Injection",,,"RGGI, SIPNOX"
"NY","E F Barrett",2511,"U00012",1729,"CP001",2023,973,973,10562,,0.048,0.0006,9429,0.0591,22.28,0.3024,159283.1,"Pipeline Natural Gas","Diesel Oil","Combustion turbine",,"Water Injection",,,"CSNOX, CSOSG3, CSSO2G1, RGGI"
"NY","E F Barrett",2511,"U00013",1730,"CP001",2023,973,973,10562,,0.048,0.0006,9457.8,0.0593,22.586,0.3064,159283.1,"Pipeline Natural Gas","Diesel Oil","Combustion turbine",,"Water Injection",,,"CSNOX, CSOSG3, CSSO2G1, RGGI"
"NY","E F Barrett",2511,"U00014",1731,"CP001",2023,1415,1415,20187,,0.091,0.0006,18052.3,0.059,46.501,0.3008,305366.7,"Pipeline Natural Gas","Diesel Oil","Combustion turbine",,"Water Injection",,,"CSNOX, CSOSG3, CSSO2G1, RGGI"
"NY","E F Barrett",2511,"U00015",1732,"CP001",2023,1415,1415,20187,,0.091,0.0006,18103.5,0.0591,47.03,0.3036,305366.7,"Pipeline Natural Gas","Diesel Oil","Combustion turbine",,"Water Injection",,,"CSNOX, CSOSG3, CSSO2G1, RGGI"
"NY","E F Barrett",2511,"U00016",1733,"CP001",2023,1107,1107,16861,,0.067,0.0003,14638.6,0.059,36.691,0.298,247943.3,"Pipeline Natural Gas","Diesel Oil","Combustion turbine",,"Water Injection",,,"CSNOX, CSOSG3, CSSO2G1, RGGI"
"NY","E F Barrett",2511,"U00017",1734,"CP001",2023,1107,1107,16861,,0.067,0.0003,14687.8,0.0591,36.913,0.2991,247943.3,"Pipeline Natural Gas","Diesel Oil","Combustion turbine",,"Water Injection",,,"CSNOX, CSOSG3, CSSO2G1, RGGI"
"NY","E F Barrett",2511,"U00018",1735,"CP001",2023,711,711,9499,,0.041,0.0005,8441.4,0.059,16.381,0.2289,143042.2,"Pipeline Natural Gas","Diesel Oil","Combustion turbine",,"Water Injection",,,"CSNOX, CSOSG3, CSSO2G1, RGGI"
"NY","E F Barrett",2511,"U00019",1736,"CP001",2023,711,711,9499,,0.041,0.0005,8441.4,0.059,16.408,0.2296,143042.2,"Pipeline Natural Gas","Diesel Oil","Combustion turbine",,"Water Injection",,,"CSNOX, CSOSG3, CSSO2G1, RGGI"
"NY","East Hampton Facility",2512,"UGT001",1737,,2023,800,674.97,9916.61,,,,11936.258,0.0807,44.384,0.5469,147138.906,"Diesel Oil",,"Combustion turbine",,,,,"SIPNOX"
"NY","Glenwood",2514,"U00020",1741,"CP001",2023,23,23,495,,0.004,0.001,832.7,0.0812,2.897,0.5347,10280.6,"Diesel Oil",,"Combustion turbine",,"Water Injection",,,"CSNOX, CSOSG3, CSSO2G1, RGGI"
"NY","Glenwood",2514,"U00021",1742,"CP001",2023,22,22,474,,0.005,0.0011,981.9,0.0811,3.588,0.592,12121.6,"Diesel Oil",,"Combustion turbine",,,,,"CSNOX, CSOSG3, CSSO2G1, RGGI"
"NY","Northport",2516,"1",1743,,2023,3644,3621.88,775894.52,,10.928,0.0028,470849.54,0.0591,216.261,0.0482,7910784.909,"Pipeline Natural Gas","Residual Oil","Tangentially-fired",,"Overfire Air|Low NOx Burner Technology w/ Separated OFA","Electrostatic Precipitator",,"ARP, CSNOX, CSOSG3, CSSO2G1, MATS, RGGI"
"NY","Northport",2516,"2",1744,,2023,3213,3195.63,695815.86,,48.566,0.0111,415988.864,0.0595,200.233,0.0495,6933822.293,"Pipeline Natural Gas","Residual Oil","Tangentially-fired",,"Overfire Air|Low NOx Burner Technology w/ Separated OFA","Electrostatic Precipitator",,"ARP, CSNOX, CSOSG3, CSSO2G1, MATS, RGGI"
"NY","Northport",2516,"3",1745,,2023,3720,3701.78,772868.84,,32.108,0.0071,471049.122,0.0593,209.317,0.0476,7884158.264,"Pipeline Natural Gas","Residual Oil","Tangentially-fired",,"Overfire Air|Low NOx Burner Technology w/ Separated OFA","Electrostatic Precipitator",,"ARP, CSNOX, CSOSG3, CSSO2G1, MATS, RGGI"
"NY","Northport",2516,"4",1746,,2023,1680,1662.32,311117.07,,22.828,0.0141,197379.076,0.0596,73.422,0.0357,3290257.725,"Pipeline Natural Gas","Residual Oil","Tangentially-fired",,"Overfire Air|Low NOx Burner Technology w/ Separated OFA","Electrostatic Precipitator",,"ARP, CSNOX, CSOSG3, CSSO2G1, MATS, RGGI"
"NY","Northport",2516,"UGT001",1747,,2023,18,18,137,,,,278.1,0.0809,2.059,1.2001,3431.3,"Diesel Oil",,"Combustion turbine",,,,,"RGGI, SIPNOX"
"NY","Port Jefferson Energy Center",2517,"3",1750,,2023,2164,2144.94,187803.63,,19.395,0.0147,126878.459,0.0597,56.119,0.0446,2108530.211,"Pipeline Natural Gas","Residual Oil","Tangentially-fired",,"Overfire Air|Low NOx Burner Technology w/ Separated OFA","Electrostatic Precipitator",,"ARP, CSNOX, CSOSG3, CSSO2G1, MATS, RGGI"
"NY","Port Jefferson Energy Center",2517,"4",1751,,2023,1943,1911.05,135912.87,,17.917,0.0184,90722.07,0.0599,39.777,0.0431,1501989.853,"Pipeline Natural Gas","Residual Oil","Tangentially-fired",,"Overfire Air|Low NOx Burner Technology w/ Separated OFA","Electrostatic Precipitator",,"ARP, CSNOX, CSOSG3, CSSO2G1, MATS, RGGI"
"NY","Port Jefferson Energy Center",2517,"UGT001",1752,,2023,9,9,67,,,,168.7,0.081,1.25,1.2,2084,"Diesel Oil",,"Combustion turbine",,,,,"RGGI, SIPNOX"
"NY","Port Jefferson Energy Center",2517,"UGT002",10016,,2023,783,655.17,27108.41,,0.077,0.001,15162.512,0.0602,1.501,0.0384,252584.751,"Pipeline Natural Gas","Diesel Oil","Combustion turbine",,"Water Injection|Selective Catalytic Reduction",,,"ARP, CSNOX, CSOSG3, CSSO2G1, RGGI"
"NY","Port Jefferson Energy Center",2517,"UGT003",10017,,2023,1213,971.36,41177.4,,0.122,0.001,24191.416,0.0595,2.62,0.0467,405678.611,"Pipeline Natural Gas","Diesel Oil","Combustion turbine",,"Water Injection|Selective Catalytic Reduction",,,"ARP, CSNOX, CSOSG3, CSSO2G1, RGGI"
"NY","West Babylon Facility",2521,"UGT001",1753,,2023,6,6,40,,0,0.0012,59.6,0.081,0.215,0.5852,734,"Diesel Oil",,"Combustion turbine",,,,,"CSNOX, CSOSG3, CSSO2G1, RGGI"
"NY","Greenidge Generation LLC",2527,"6",1759,,2023,8446,8439.08,665425.54,,1.936,0.001,388036.305,0.059,66.151,0.0189,6544486.668,"Pipeline Natural Gas","Wood","Tangentially-fired","Dry Lime FGD","Low NOx Burner Technology w/ Closed-coupled OFA|Selective Catalytic Reduction","Electrostatic Precipitator|Baghouse",,"ARP, CSNOX, CSOSG3, CSSO2G1, RGGI"
"NY","Bethlehem Energy Center (Albany)",2539,"10001",1771,,2023,8023,7995.02,1395493.27,,4.191,0.001,830186.396,0.059,38.025,0.0065,13969401.382,"Pipeline Natural Gas","Diesel Oil","Combined cycle",,"Dry Low NOx Burners|Water Injection|Selective Catalytic Reduction",,,"ARP, CSNOX, CSOSG3, CSSO2G1, RGGI"
"NY","Bethlehem Energy Center (Albany)",2539,"10002",1772,,2023,8004,7981.59,1393935.28,,4.256,0.001,843092.899,0.059,38.317,0.0063,14186678.175,"Pipeline Natural Gas","Diesel Oil","Combined cycle",,"Dry Low NOx Burners|Water Injection|Selective Catalytic Reduction",,,"ARP, CSNOX, CSOSG3, CSSO2G1, RGGI"
"NY","Bethlehem Energy Center (Albany)",2539,"10003",1773,,2023,7932,7912.22,1388398.69,,4.189,0.001,829798.356,0.059,39.717,0.0064,13963005.666,"Pipeline Natural Gas","Diesel Oil","Combined cycle",,"Dry Low NOx Burners|Water Injection|Selective Catalytic Reduction",,,"ARP, CSNOX, CSOSG3, CSSO2G1, RGGI"
"NY","Oswego Harbor Power",2594,"5",1791,,2023,137,131.62,23800.41,,59.856,0.2447,21260.015,0.081,28.025,0.1154,262664.567,"Residual Oil","Pipeline Natural Gas","Dry bottom wall-fired boiler",,"Overfire Air",,,"ARP, CSNOX, CSOSG3, CSSO2G1, MATS, RGGI"
"NY","Oswego Harbor Power",2594,"6",1792,,2023,210,205.76,37470.9,,103.376,0.3097,35564.094,0.0723,36.021,0.1002,443492.232,"Residual Oil","Pipeline Natural Gas","Dry bottom wall-fired boiler",,,,,"ARP, CSNOX, CSOSG3, CSSO2G1, MATS, RGGI"
"NY","Bowline Generating Station",2625,"1",1793,,2023,1965,1948.72,731957.71,,25.256,0.0148,415637.546,0.0592,413.806,0.1016,6994960.532,"Pipeline Natural Gas","Residual Oil","Tangentially-fired",,"Low NOx Burner Technology w/ Closed-coupled OFA",,,"ARP, CSNOX, CSOSG3, CSSO2G1, MATS, RGGI"
"NY","Bowline Generating Station",2625,"2",1794,,2023,776,764.67,243542.58,,7.819,0.0133,150673.429,0.0591,134.509,0.0861,2537440.133,"Pipeline Natural Gas","Residual Oil","Dry bottom wall-fired boiler",,"Overfire Air",,,"ARP, CSNOX, CSOSG3, CSSO2G1, MATS, RGGI"
"NY","Hillburn",2628,"001",1795,,2023,73,39.34,912.4,,0.006,0.0011,1067.584,0.0595,7.286,0.7584,17914.978,"Pipeline Natural Gas","Diesel Oil","Combustion turbine",,,,,"CSNOX, CSOSG3, CSSO2G1, RGGI"
"NY","Shoemaker",2632,"1",1799,,2023,69,36.85,945.29,,0.005,0.001,1007.219,0.0593,7.766,0.8573,16947.229,"Pipeline Natural Gas","Diesel Oil","Combustion turbine",,,,,"CSNOX, CSOSG3, CSSO2G1, RGGI"
"NY","Freeport Power Plant No. 2",2679,"5",88098,,2023,812,626.85,24494.33,,0.083,0.0012,14518.049,0.0594,1.512,0.0661,244081.546,"Pipeline Natural Gas","Diesel Oil","Combustion turbine",,"Water Injection|Selective Catalytic Reduction",,,"ARP, CSNOX, CSOSG3, CSSO2G1, RGGI"
"NY","Freeport Power Plant No. 2",2679,"CT3",91412,,2023,10,5.63,54.77,,,,127.8,0.0808,,,1576.4,"Diesel Oil",,"Combustion turbine",,,,,"RGGI"
"NY","S A Carlson",2682,"10",1811,,2023,54,54,,,0.001,0.0005,198.6,0.0594,0.094,0.056,3350.6,"Pipeline Natural Gas",,"Dry bottom wall-fired boiler",,"Low NOx Burner Technology (Dry Bottom only)",,,"ARP, CSNOX, CSOSG3, CSSO2G1, RGGI"
"NY","S A Carlson",2682,"20",1814,,2023,1225,1219,42292.25,,0.145,0.001,28643.95,0.0592,28.07,0.117,482010.625,"Pipeline Natural Gas",,"Combined cycle",,"Water Injection",,,"ARP, CSNOX, CSOSG3, CSSO2G1, RGGI"
"NY","S A Carlson",2682,"9",1815,,2023,74,74,,,0.002,0.0006,313,0.0603,0.139,0.0535,5278.2,"Pipeline Natural Gas","Diesel Oil","Dry bottom wall-fired boiler",,"Low NOx Burner Technology (Dry Bottom only)",,,"ARP, CSNOX, CSOSG3, CSSO2G1, RGGI"
"NC","Asheville",2706,"3",1818,,2023,481,422.71,52259.49,,0.18,0.001,35685.96,0.0594,35.171,0.1216,599448.865,"Pipeline Natural Gas","Diesel Oil","Combustion turbine",,"Water Injection",,,"ARP, CSNOX, CSSO2G1, SIPNOX"
"NC","Asheville",2706,"4",1819,,2023,824,768.4,85494.02,,0.309,0.001,61237.746,0.0591,46.169,0.0898,1029418.959,"Pipeline Natural Gas","Diesel Oil","Combustion turbine",,"Water Injection",,,"ARP, CSNOX, CSSO2G1, SIPNOX"
"NC","Asheville",2706,"CT5",91313,,2023,8161,8153.72,2110834.58,,4.18,0.001,828000.001,0.059,168.953,0.0249,13931039.925,"Pipeline Natural Gas","Diesel Oil","Combined cycle",,"Dry Low NOx Burners|Water Injection|Selective Catalytic Reduction",,,"ARP, CSNOX, CSSO2G1"
"NC","Asheville",2706,"CT7",91314,,2023,6560,6549.04,1705565.4,,3.401,0.001,673738.086,0.059,147.899,0.0272,11335324.557,"Pipeline Natural Gas","Diesel Oil","Combined cycle",,"Dry Low NOx Burners|Water Injection|Selective Catalytic Reduction",,,"ARP, CSNOX, CSSO2G1"
"NC","Blewett",2707,"1",90042,,2023,26,13.81,0,,0.957,0.5005,309.8,0.081,2.295,1.2002,3825.6,"Diesel Oil",,"Combustion turbine",,,,,"CSNOX, CSSO2G1, SIPNOX"
"NC","Blewett",2707,"2",90043,,2023,26,13.51,0,,0.936,0.5003,303.4,0.0813,2.246,1.2003,3742.5,"Diesel Oil",,"Combustion turbine",,,,,"CSNOX, CSSO2G1, SIPNOX"
"NC","Blewett",2707,"3",90044,,2023,23,12.56,0,,0.87,0.5007,281.7,0.0806,2.088,1.2001,3479.2,"Diesel Oil",,"Combustion turbine",,,,,"CSNOX, CSSO2G1, SIPNOX"
"NC","Blewett",2707,"4",90045,,2023,23,12.56,0,,0.87,0.5006,281.9,0.0812,2.088,1.2003,3479.3,"Diesel Oil",,"Combustion turbine",,,,,"CSNOX, CSSO2G1, SIPNOX"
"NC","H F Lee Steam Electric Plant",2709,"01A",90644,,2023,8339,8334.32,2222504.44,,3.771,0.0003,928142.335,0.059,274.681,0.0417,15617672.623,"Natural Gas","Diesel Oil","Combined cycle",,"Dry Low NOx Burners|Water Injection|Selective Catalytic Reduction",,,"ARP, CSNOX, CSSO2G1, SIPNOX"
"NC","H F Lee Steam Electric Plant",2709,"01B",90645,,2023,7799,7796.38,2048815.64,,3.543,0.0003,855696.313,0.059,340.384,0.054,14398731.273,"Natural Gas","Diesel Oil","Combined cycle",,"Dry Low NOx Burners|Water Injection|Selective Catalytic Reduction",,,"ARP, CSNOX, CSSO2G1, SIPNOX"
"NC","H F Lee Steam Electric Plant",2709,"01C",90646,,2023,8391,8385.39,2226889.61,,3.761,0.0003,923590.404,0.059,324.69,0.048,15541129.171,"Natural Gas","Diesel Oil","Combined cycle",,"Dry Low NOx Burners|Water Injection|Selective Catalytic Reduction",,,"ARP, CSNOX, CSSO2G1, SIPNOX"
"NC","H F Lee Steam Electric Plant",2709,"10",1825,,2023,101,81.13,10499.85,,0.024,0.0001,7256.656,0.0608,5.201,0.0887,120840.201,"Diesel Oil","Natural Gas","Combustion turbine",,"Water Injection",,,"ARP, CSNOX, CSSO2G1, SIPNOX"
"NC","H F Lee Steam Electric Plant",2709,"11",1826,,2023,78,61.43,7782.93,,0.021,0.0003,5647.319,0.0642,3.985,0.0904,88681.046,"Diesel Oil","Natural Gas","Combustion turbine",,"Water Injection",,,"ARP, CSNOX, CSSO2G1, SIPNOX"
"NC","H F Lee Steam Electric Plant",2709,"12",1827,,2023,189,149.3,18614.38,,0.044,0.0002,12425.809,0.0602,4.212,0.0494,207443.769,"Natural Gas","Diesel Oil","Combustion turbine",,"Dry Low NOx Burners|Water Injection",,,"ARP, CSNOX, CSSO2G1, SIPNOX"
"NC","H F Lee Steam Electric Plant",2709,"13",1828,,2023,350,302.28,39012.43,,0.092,0.0001,25061.865,0.0593,7.695,0.0413,419499.321,"Natural Gas","Diesel Oil","Combustion turbine",,"Dry Low NOx Burners|Water Injection",,,"ARP, CSNOX, CSSO2G1, SIPNOX"
"NC","H F Lee Steam Electric Plant",2709,"14",89702,,2023,224,177.08,22691.62,,0.057,0.0002,15197.144,0.06,4.613,0.0449,252844.797,"Natural Gas","Diesel Oil","Combustion turbine",,"Dry Low NOx Burners|Water Injection",,,"ARP, CSNOX, CSSO2G1, SIPNOX"
"NC","Roxboro",2712,"1",1831,,2023,4314,4302.08,994564.28,,374.904,0.0637,1048712.463,0.1019,753.491,0.1532,10230186.26,"Coal","Residual Oil","Dry bottom wall-fired boiler","Wet Lime FGD","Overfire Air|Low NOx Burner Technology (Dry Bottom only)|Selective Catalytic Reduction","Electrostatic Precipitator|Wet Scrubber",,"ARP, CSNOX, CSSO2G1, MATS, SIPNOX"
"NC","Roxboro",2712,"2",1832,,2023,3472,3460.38,1396185.99,,978.605,0.1326,1266967.235,0.1018,1023.129,0.2012,12358205.278,"Coal","Residual Oil","Tangentially-fired","Wet Lime FGD","Low NOx Burner Technology w/ Separated OFA|Overfire Air|Selective Catalytic Reduction","Electrostatic Precipitator|Wet Scrubber",,"ARP, CSNOX, CSSO2G1, MATS, SIPNOX"
"NC","Roxboro",2712,"3A",1833,"CS003A",2023,3511,3501.28,,5296207.75,400.056,0.1001,681986.351,0.1021,398.362,0.1315,6652355.227,"Coal","Diesel Oil","Dry bottom wall-fired boiler","Wet Limestone","Low NOx Burner Technology (Dry Bottom only)|Overfire Air|Selective Catalytic Reduction","Wet Scrubber|Electrostatic Precipitator",,"ARP, CSNOX, CSSO2G1, MATS, SIPNOX"
"NC","Roxboro",2712,"3B",1834,"CS003A",2023,3804,3797.81,,5916658.21,425.589,0.0967,764096.532,0.1022,464.492,0.1342,7453823.3,"Coal","Diesel Oil","Dry bottom wall-fired boiler","Wet Limestone","Low NOx Burner Technology (Dry Bottom only)|Overfire Air|Selective Catalytic Reduction","Wet Scrubber|Electrostatic Precipitator",,"ARP, CSNOX, CSSO2G1, MATS, SIPNOX"
"NC","Roxboro",2712,"4A",1835,"CS004A",2023,1741,1728.1,,2424441.96,243.029,0.112,450161.053,0.1004,263.133,0.1191,4396400.754,"Coal","Diesel Oil","Dry bottom wall-fired boiler","Wet Limestone","Low NOx Burner Technology (Dry Bottom only)|Overfire Air|Selective Catalytic Reduction","Wet Scrubber|Electrostatic Precipitator",,"ARP, CSNOX, CSSO2G1, MATS, SIPNOX"
"NC","Roxboro",2712,"4B",1836,"CS004A",2023,1589,1579.29,,1596513.05,163.636,0.1044,292539.161,0.1003,186.27,0.1219,2864539.502,"Coal","Diesel Oil","Dry bottom wall-fired boiler","Wet Limestone","Low NOx Burner Technology (Dry Bottom only)|Overfire Air|Selective Catalytic Reduction","Wet Scrubber|Electrostatic Precipitator",,"ARP, CSNOX, CSSO2G1, MATS, SIPNOX"
"NC","L V Sutton",2713,"01A",90667,,2023,7473,7465.21,1953831.45,,3.272,0.0002,811939.848,0.059,297.423,0.0489,13662263.937,"Natural Gas","Diesel Oil","Combined cycle",,"Dry Low NOx Burners|Water Injection|Selective Catalytic Reduction",,,"ARP, CSNOX, CSSO2G1, SIPNOX"
"NC","L V Sutton",2713,"01B",90668,,2023,7610,7605.29,2009597.36,,3.329,0.0002,825943.128,0.059,273.412,0.0447,13897986.227,"Natural Gas","Diesel Oil","Combined cycle",,"Dry Low NOx Burners|Water Injection|Selective Catalytic Reduction",,,"ARP, CSNOX, CSSO2G1, SIPNOX"
"NC","L V Sutton",2713,"4",91147,,2023,57,34.43,1034.75,,0.005,0.0016,599.228,0.0628,0.625,0.1766,9838.94,"Natural Gas","Diesel Oil","Combustion turbine",,"Water Injection",,,"ARP, CSNOX, CSSO2G1, SIPNOX"
"NC","L V Sutton",2713,"5",91148,,2023,43,28.6,1052.26,,0.004,0.0019,605.525,0.0633,0.545,0.1602,10039.745,"Natural Gas","Diesel Oil","Combustion turbine",,"Water Injection",,,"ARP, CSNOX, CSSO2G1, SIPNOX"
"NC","W H Weatherspoon",2716,"4",88324,,2023,26,13.23,0,,1.896,0.5004,614,0.0807,4.548,1.2,7580.7,"Diesel Oil",,"Combustion turbine",,,,,"CSNOX, CSSO2G1, SIPNOX"
"NC","W H Weatherspoon",2716,"5",88325,,2023,22,11.31,0,,1.62,0.5005,524.8,0.0806,3.888,1.2,6480.6,"Diesel Oil",,"Combustion turbine",,,,,"CSNOX, CSSO2G1, SIPNOX"
"NC","W H Weatherspoon",2716,"6",88326,,2023,32,14.08,0,,2.017,0.5003,653.4,0.0807,4.841,1.2,8067.8,"Diesel Oil",,"Combustion turbine",,,,,"CSNOX, CSSO2G1, SIPNOX"
"NC","W H Weatherspoon",2716,"7",88327,,2023,27,13.22,0,,1.894,0.5006,613.4,0.0806,4.545,1.2,7575.2,"Diesel Oil",,"Combustion turbine",,,,,"CSNOX, CSSO2G1, SIPNOX"
"NC","G G Allen",2718,"1",1843,"CS125",2023,857,846.55,65931.62,,6.667,0.0172,72972.282,0.103,105.134,0.2804,711231.467,"Coal","Diesel Oil","Tangentially-fired","Wet Limestone","Low NOx Burner Technology w/ Closed-coupled/Separated OFA|Selective Non-catalytic Reduction","Electrostatic Precipitator|Wet Scrubber",,"ARP, CSNOX, CSSO2G1, MATS, SIPNOX"
"NC","G G Allen",2718,"5",1847,"CS125",2023,683,672.1,73047.37,,8.872,0.0196,81163.796,0.1029,124.203,0.2878,791076.466,"Coal","Diesel Oil","Tangentially-fired","Wet Limestone","Low NOx Burner Technology w/ Closed-coupled/Separated OFA|Selective Non-catalytic Reduction","Electrostatic Precipitator|Wet Scrubber",,"ARP, CSNOX, CSSO2G1, MATS, SIPNOX"
"NC","Buck",2720,"11C",90410,,2023,6629,6614.4,1965152.48,,4.044,0.001,801091.954,0.059,60.313,0.0104,13479812.979,"Pipeline Natural Gas",,"Combined cycle",,"Dry Low NOx Burners|Selective Catalytic Reduction",,,"ARP, CSNOX, CSSO2G1, SIPNOX"
"NC","Buck",2720,"12C",90411,,2023,6732,6713.79,1985273.69,,4.07,0.001,806152.588,0.059,59.349,0.0098,13565094.162,"Pipeline Natural Gas",,"Combined cycle",,"Dry Low NOx Burners|Selective Catalytic Reduction",,,"ARP, CSNOX, CSSO2G1, SIPNOX"
"NC","Cliffside",2721,"5",1857,,2023,3534,3517.39,1080666.35,,373.256,0.052,1080531.322,0.0898,870.895,0.1619,11359630.414,"Coal","Diesel Oil, Pipeline Natural Gas","Tangentially-fired","Wet Lime FGD","Low NOx Burner Technology w/ Closed-coupled/Separated OFA|Selective Catalytic Reduction","Electrostatic Precipitator|Wet Scrubber",,"ARP, CSNOX, CSSO2G1, MATS, SIPNOX"
"NC","Cliffside",2721,"6",90414,,2023,6893,6889.95,4654467.9,,649.769,0.0305,2987632.425,0.0752,1151.386,0.0579,39659382.862,"Coal","Diesel Oil, Pipeline Natural Gas","Dry bottom wall-fired boiler","Wet Lime FGD","Low NOx Burner Technology w/ Overfire Air|Selective Catalytic Reduction","Baghouse|Wet Scrubber",,"ARP, CSNOX, CSSO2G1, MATS, SIPNOX"
"NC","Dan River",2723,"8C",90412,,2023,6523,6504.95,1915150.72,,2.782,0.0001,799555.816,0.059,212.213,0.0327,13453923.843,"Natural Gas",,"Combined cycle",,"Dry Low NOx Burners|Selective Catalytic Reduction",,,"ARP, CSNOX, CSSO2G1, SIPNOX"
"NC","Dan River",2723,"9C",90413,,2023,6665,6649.06,1949138.74,,2.866,0.0001,813068.529,0.059,200.887,0.0305,13681448.29,"Natural Gas",,"Combined cycle",,"Dry Low NOx Burners|Selective Catalytic Reduction",,,"ARP, CSNOX, CSSO2G1, SIPNOX"
"NC","Marshall",2727,"1",1861,"CS001",2023,3744,3735.78,858678.48,,321.282,0.0642,697677.073,0.0799,761.504,0.1688,8330808.145,"Coal","Diesel Oil, Pipeline Natural Gas","Tangentially-fired","Wet Lime FGD","Low NOx Burner Technology w/ Closed-coupled/Separated OFA|Selective Non-catalytic Reduction","Electrostatic Precipitator|Wet Scrubber",,"ARP, CSNOX, CSSO2G1, MATS, SIPNOX"
"NC","Marshall",2727,"2",1862,"CS001",2023,3623,3612.78,877076.77,,398.509,0.0782,728244.935,0.0842,829.533,0.1841,8333576.313,"Coal","Diesel Oil, Pipeline Natural Gas","Tangentially-fired","Wet Lime FGD","Low NOx Burner Technology w/ Closed-coupled/Separated OFA|Selective Non-catalytic Reduction","Electrostatic Precipitator|Wet Scrubber",,"ARP, CSNOX, CSSO2G1, MATS, SIPNOX"
"NC","Marshall",2727,"3",1863,,2023,5915,5899.38,2459782.53,,301.628,0.0288,1829307.976,0.0752,1586.569,0.1302,23318225.148,"Coal","Diesel Oil, Other Oil, Pipeline Natural Gas","Tangentially-fired","Wet Lime FGD","Low NOx Burner Technology w/ Closed-coupled/Separated OFA|Selective Catalytic Reduction","Electrostatic Precipitator|Wet Scrubber",,"ARP, CSNOX, CSSO2G1, MATS, SIPNOX"
"NC","Marshall",2727,"4",1864,,2023,7218,7211.65,3201676.64,,400.544,0.0224,2392002.486,0.0771,3084.017,0.2002,30008613.605,"Coal","Diesel Oil, Pipeline Natural Gas","Tangentially-fired","Wet Lime FGD","Low NOx Burner Technology w/ Closed-coupled/Separated OFA|Selective Non-catalytic Reduction","Electrostatic Precipitator|Wet Scrubber",,"ARP, CSNOX, CSSO2G1, MATS, SIPNOX"
"ND","R M Heskett",2790,"CT6",90931,,2023,590,534.71,29532.16,,0.119,0.001,23608.183,0.0592,9.424,0.0673,397238.131,"Pipeline Natural Gas",,"Combustion turbine",,"Dry Low NOx Burners",,,"ARP"
"ND","Leland Olds",2817,"1",1876,,2023,5564,5554.57,1041686.65,,465.76,0.0831,1141022.475,0.1089,770.538,0.1446,10480621.402,"Coal",,"Dry bottom wall-fired boiler","Wet Lime FGD","Low NOx Burner Technology (Dry Bottom only)|Overfire Air|Selective Non-catalytic Reduction","Electrostatic Precipitator","Additives to Enhance PAC and Existing Equipment Performance|Untreated PAC Sorbent Injection","ARP, MATS"
"ND","Leland Olds",2817,"2",1877,,2023,7505,7488.36,2624873.77,,1404.658,0.095,3000603.235,0.1085,4263.586,0.305,27561365.757,"Coal",,"Cyclone boiler","Wet Lime FGD","Overfire Air|Selective Non-catalytic Reduction","Electrostatic Precipitator","Additives to Enhance PAC and Existing Equipment Performance|Untreated PAC Sorbent Injection","ARP, MATS"
"ND","Milton R Young",2823,"B1",1878,,2023,8282,8269.76,1971884.69,,194.386,0.02,2101594.095,0.109,3215.304,0.3307,19303690.197,"Coal",,"Cyclone boiler","Wet Lime FGD|Wet Limestone","Overfire Air|Selective Non-catalytic Reduction","Electrostatic Precipitator",,"ARP, MATS"
"ND","Milton R Young",2823,"B2",1879,,2023,7333,7322.28,3021502.68,,1802.132,0.1155,3360776.081,0.109,5037.809,0.3274,30869636.994,"Coal",,"Cyclone boiler","Dual Alkali|Wet Lime FGD","Overfire Air|Selective Non-catalytic Reduction","Electrostatic Precipitator",,"ARP, MATS"
"OH","Cardinal",2828,"1",1883,,2023,6606,6592.12,3172343.26,,3039.554,0.2013,3045767.603,0.103,962.381,0.0665,29685856.683,"Coal",,"Cell burner boiler","Wet Limestone","Low NOx Cell Burner|Selective Catalytic Reduction","Electrostatic Precipitator",,"ARP, CSNOX, CSOSG3, CSSO2G1, MATS"
"OH","Cardinal",2828,"2",1884,,2023,7594,7585.35,3908956.62,,4654.314,0.268,3734830.71,0.103,1297.806,0.0714,36401896.546,"Coal",,"Cell burner boiler","Wet Limestone","Low NOx Cell Burner|Selective Catalytic Reduction","Electrostatic Precipitator",,"ARP, CSNOX, CSOSG3, CSSO2G1, MATS"
"OH","Cardinal",2828,"3",1885,,2023,6333,6321.19,3334360.58,,2994.778,0.2742,3339445.406,0.103,1333.907,0.0835,32548210.44,"Coal",,"Dry bottom wall-fired boiler","Wet Limestone","Low NOx Burner Technology (Dry Bottom only)|Selective Catalytic Reduction","Electrostatic Precipitator|Wet Scrubber",,"ARP, CSNOX, CSOSG3, CSSO2G1, MATS"
"OH","Cardinal",2828,"B008",9274,,2023,53,51.47,,,,,,,1.935,0.151,25632.1,"Diesel Oil",,"Other boiler",,,,,"SIPNOX"
"OH","Cardinal",2828,"B010",89735,,2023,165,155.67,,26377.34,,,,,0.139,0.0935,2890.4,"Diesel Oil",,"Other boiler",,,,,"SIPNOX"
"OH","Dicks Creek Power Company LLC",2831,"1",9185,,2023,26,18.38,749.38,,0.011,0.001,,,12.737,0.7,36392.4,"Pipeline Natural Gas",,"Combustion turbine",,,,,"CSNOX, CSOSG3, CSSO2G1"
"OH","Miami Fort Power Station",2832,"6",1894,,2023,0,0,,,,,,,,,,"Coal",,"Tangentially-fired",,,"Electrostatic Precipitator",,"ARP, CSNOX, CSOSG3, CSSO2G1, MATS"
"OH","Miami Fort Power Station",2832,"7",1895,,2023,4693,4659.24,1718540.39,,2849.507,0.2751,1733892.92,0.1029,2154.135,0.2388,16899526.445,"Coal",,"Cell burner boiler","Wet Limestone","Low NOx Cell Burner|Selective Catalytic Reduction","Wet Scrubber|Electrostatic Precipitator",,"ARP, CSNOX, CSOSG3, CSSO2G1, MATS"
"OH","Miami Fort Power Station",2832,"8",1896,,2023,4341,4316.9,1430982.34,,2425.239,0.2918,1396208.605,0.1029,1767.494,0.2477,13608252.671,"Coal",,"Dry bottom wall-fired boiler","Wet Limestone","Selective Catalytic Reduction|Low NOx Burner Technology (Dry Bottom only)|Low NOx Cell Burner","Wet Scrubber|Electrostatic Precipitator",,"ARP, CSNOX, CSOSG3, CSSO2G1, MATS"
"OH","Eastlake",2837,"6",10209,,2023,0,0,,,,,,,,,,"Diesel Oil",,"Combustion turbine",,,,,
"OH","Frank M Tait Station",2847,"1",1928,,2023,1495,1262.93,81989.02,,0.305,0.0023,60701.7,0.0589,58.517,0.242,1028756.4,"Pipeline Natural Gas","Diesel Oil","Combustion turbine",,"Water Injection",,,"ARP, CSNOX, CSOSG3, CSSO2G1"
"OH","Frank M Tait Station",2847,"2",1929,,2023,1639,1406.77,89288.04,,2.317,0.0048,68371.4,0.0593,79.824,0.2563,1155939.3,"Pipeline Natural Gas","Diesel Oil","Combustion turbine",,"Water Injection",,,"ARP, CSNOX, CSOSG3, CSSO2G1"
"OH","Frank M Tait Station",2847,"3",1930,,2023,3767,3387.26,222916.34,,0.826,0.0013,160792.6,0.059,90.327,0.1538,2725618,"Pipeline Natural Gas","Diesel Oil","Combustion turbine",,"Dry Low NOx Burners|Water Injection",,,"ARP, CSNOX, CSOSG3, CSSO2G1"
"OH","O H Hutchings",2848,"H-7",88237,,2023,19,19,475,,0.003,0.001,,,3.711,0.7,10602,"Pipeline Natural Gas","Diesel Oil","Combustion turbine",,,,,"CSNOX, CSOSG3, CSSO2G1"
"OH","Niles",2861,"CTA",9278,,2023,5,2.7,55.8,,0.269,0.5033,,,0.646,1.2013,1076.1,"Diesel Oil",,"Combustion turbine",,,,,"CSNOX, CSOSG3, CSSO2G1"
"OH","W H Sammis",2866,"5",1960,"CSA, CSB",2023,815,799.64,42109.59,,17.11,0.0388,60159.281,0.1046,39.943,0.1028,573594.781,"Coal",,"Dry bottom wall-fired boiler","Wet Lime FGD","Low NOx Burner Technology (Dry Bottom only)|Selective Non-catalytic Reduction","Electrostatic Precipitator",,"ARP, CSNOX, CSOSG3, CSSO2G1, MATS"
"OH","W H Sammis",2866,"6",1961,"CSA, CSB",2023,1885,1874.64,799319.98,,236.144,0.0539,871159.72,0.105,376.339,0.0929,8306267.911,"Coal",,"Dry bottom wall-fired boiler","Wet Lime FGD","Low NOx Burner Technology w/ Overfire Air|Selective Catalytic Reduction","Electrostatic Precipitator",,"ARP, CSNOX, CSOSG3, CSSO2G1, MATS"
"OH","W H Sammis",2866,"7",1962,"CSA, CSB",2023,665,653.17,231647.06,,70.788,0.0544,248785.482,0.105,94.147,0.0869,2372096.28,"Coal",,"Cell burner boiler","Wet Lime FGD","Low NOx Cell Burner|Selective Catalytic Reduction","Electrostatic Precipitator",,"ARP, CSNOX, CSOSG3, CSSO2G1, MATS"
"OH","West Lorain",2869,"1A",9279,,2023,8,8,317,,0.42,0.1,,,2.402,0.572,8400,"Diesel Oil",,"Combustion turbine",,,,,"CSNOX, CSOSG3, CSSO2G1"
"OH","West Lorain",2869,"1B",9280,,2023,14,14,516,,0.735,0.1,,,4.204,0.572,14700,"Diesel Oil",,"Combustion turbine",,,,,"CSNOX, CSOSG3, CSSO2G1"
"OH","West Lorain",2869,"2",8316,,2023,3356,3052.59,219829.82,,0.79,0.001,156502.958,0.0591,34.397,0.032,2633137.297,"Diesel Oil","Pipeline Natural Gas","Combustion turbine",,"Dry Low NOx Burners|Water Injection",,,"ARP, CSNOX, CSOSG3, CSSO2G1"
"OH","West Lorain",2869,"3",8318,,2023,3456,3141.51,227744.75,,0.821,0.001,162564.751,0.0591,36.127,0.0312,2735348.45,"Diesel Oil","Pipeline Natural Gas","Combustion turbine",,"Dry Low NOx Burners|Water Injection",,,"ARP, CSNOX, CSOSG3, CSSO2G1"
"OH","West Lorain",2869,"4",8320,,2023,3634,3306.74,235507.92,,0.85,0.001,168315.422,0.0591,38.757,0.0325,2832055.272,"Diesel Oil","Pipeline Natural Gas","Combustion turbine",,"Dry Low NOx Burners|Water Injection",,,"ARP, CSNOX, CSOSG3, CSSO2G1"
"OH","West Lorain",2869,"5",8322,,2023,2733,2477.38,181541.68,,0.646,0.001,127875.282,0.0592,29.194,0.0324,2150434.787,"Diesel Oil","Pipeline Natural Gas","Combustion turbine",,"Dry Low NOx Burners|Water Injection",,,"ARP, CSNOX, CSOSG3, CSSO2G1"
"OH","West Lorain",2869,"6",8324,,2023,3715,3397.67,246240.13,,0.88,0.001,174144.898,0.0592,41.624,0.033,2928646.234,"Diesel Oil","Pipeline Natural Gas","Combustion turbine",,"Dry Low NOx Burners|Water Injection",,,"ARP, CSNOX, CSOSG3, CSSO2G1"
"OH","Kyger Creek",2876,"1",1971,"CS12",2023,6802,6795.15,1052597.58,,657.279,0.1265,1043846.61,0.103,649.399,0.1296,10173955.47,"Coal",,"Wet bottom wall-fired boiler","Wet Lime FGD|Wet Limestone","Overfire Air|Selective Catalytic Reduction","Electrostatic Precipitator|Wet Scrubber",,"ARP, CSNOX, CSOSG3, CSSO2G1, MATS"
"OH","Kyger Creek",2876,"2",1972,"CS12",2023,6943,6932.59,1053506.73,,668.578,0.1571,1048070.005,0.103,609.87,0.1245,10215125.231,"Coal",,"Wet bottom wall-fired boiler","Wet Lime FGD|Wet Limestone","Overfire Air|Selective Catalytic Reduction","Electrostatic Precipitator|Wet Scrubber",,"ARP, CSNOX, CSOSG3, CSSO2G1, MATS"
"OH","Kyger Creek",2876,"3",1973,"CS35",2023,7099,7081.25,1001151.44,,642.177,0.1202,1046042.033,0.103,584.973,0.1188,10195343.061,"Coal",,"Wet bottom wall-fired boiler","Wet Lime FGD|Wet Limestone","Overfire Air|Selective Catalytic Reduction","Electrostatic Precipitator|Wet Scrubber",,"ARP, CSNOX, CSOSG3, CSSO2G1, MATS"
"OH","Kyger Creek",2876,"4",1974,"CS35",2023,7080,7064.13,1028683.21,,668.956,0.1217,1071854.793,0.103,629.245,0.1227,10446923.908,"Coal",,"Wet bottom wall-fired boiler","Wet Lime FGD|Wet Limestone","Overfire Air|Selective Catalytic Reduction","Electrostatic Precipitator|Wet Scrubber",,"ARP, CSNOX, CSOSG3, CSSO2G1, MATS"
"OH","Kyger Creek",2876,"5",1975,"CS35",2023,7422,7404.06,1076461.53,,660.692,0.117,1126743.599,0.103,671.216,0.1241,10981905.937,"Coal",,"Wet bottom wall-fired boiler","Wet Lime FGD|Wet Limestone","Overfire Air|Selective Catalytic Reduction","Electrostatic Precipitator|Wet Scrubber",,"ARP, CSNOX, CSOSG3, CSSO2G1, MATS"
"OH","Bay Shore",2878,"1",1984,,2023,7777,7757.59,,9247345.69,2337.563,0.3625,1338817.86,0.105,458.841,0.0736,12696221.384,"Petroleum Coke","Coal","Circulating fluidized bed boiler","Dry Lime FGD","Overfire Air","Baghouse","Halogenated PAC Sorbent Injection","ARP, CSNOX, CSOSG3, CSSO2G1, MATS"
"OH","Richland Peaking Station",2880,"CTG4",1988,,2023,1190,1032.91,96712.99,,0.384,0.001,76071.072,0.059,54.87,0.0899,1280031.124,"Pipeline Natural Gas",,"Combustion turbine",,"Water Injection",,,"ARP, CSNOX, CSOSG3, CSSO2G1"
"OH","Richland Peaking Station",2880,"CTG5",1989,,2023,785,682.66,63055.7,,0.255,0.001,50500.238,0.059,35.874,0.0871,849757.099,"Pipeline Natural Gas",,"Combustion turbine",,"Water Injection",,,"ARP, CSNOX, CSOSG3, CSSO2G1"
"OH","Richland Peaking Station",2880,"CTG6",1990,,2023,961,829.75,73822.78,,0.298,0.001,58980.265,0.059,42.033,0.0882,992477.199,"Pipeline Natural Gas",,"Combustion turbine",,"Water Injection",,,"ARP, CSNOX, CSOSG3, CSSO2G1"
"OK","Horseshoe Lake",2951,"10",1999,,2023,589,523.43,22212.74,,0.066,0.001,13100.441,0.0592,10.424,0.1028,220443.995,"Pipeline Natural Gas",,"Combustion turbine",,"Water Injection",,,"ARP, CSOSG2"
"OK","Horseshoe Lake",2951,"6",2000,,2023,3140,3117.58,300279.95,,1.135,0.001,224764.519,0.059,529.73,0.2499,3781993.434,"Pipeline Natural Gas","Residual Oil","Dry bottom wall-fired boiler",,,,,"ARP, CSOSG2"
"OK","Horseshoe Lake",2951,"7",2001,,2023,0,0,,,,,,,,,,"Pipeline Natural Gas","Residual Oil","Combined cycle",,,,,"ARP, CSOSG2"
"OK","Horseshoe Lake",2951,"8",2002,,2023,2578,2546.36,393060.11,,1.438,0.001,284872.366,0.0591,470.506,0.1475,4793475.056,"Pipeline Natural Gas",,"Tangentially-fired",,,,,"ARP, CSOSG2"
"OK","Horseshoe Lake",2951,"9",2003,,2023,1986,1761.86,76591.61,,0.226,0.001,44739.697,0.0592,36.98,0.1049,752819.506,"Pipeline Natural Gas",,"Combustion turbine",,"Water Injection",,,"ARP, CSOSG2"
"OK","Muskogee",2952,"4",2005,,2023,2577,2548.16,616813.37,,2.022,0.001,400554.123,0.059,344.261,0.0912,6740117.383,"Pipeline Natural Gas",,"Tangentially-fired",,"Low NOx Burner Technology w/ Closed-coupled/Separated OFA|Overfire Air","Electrostatic Precipitator",,"ARP, CSOSG2"
"OK","Muskogee",2952,"5",2006,,2023,1633,1610.16,445948.73,,1.427,0.001,282665.258,0.0591,281.496,0.1002,4756389.206,"Pipeline Natural Gas",,"Tangentially-fired",,"Low NOx Burner Technology w/ Closed-coupled/Separated OFA|Overfire Air","Electrostatic Precipitator",,"ARP, CSOSG2"
"OK","Muskogee",2952,"6",2007,,2023,3224,3193.05,840229.91,,2189.882,0.4026,990840.624,0.0987,1199.732,0.2253,9518052.597,"Coal","Pipeline Natural Gas","Tangentially-fired",,"Overfire Air","Electrostatic Precipitator","Halogenated PAC Sorbent Injection","ARP, CSOSG2, MATS"
"OK","Mustang",2953,"T10",91175,,2023,1926,1642.32,72162.49,,0.212,0.001,42034.374,0.0592,28.529,0.0985,707295.92,"Pipeline Natural Gas",,"Combustion turbine",,"Water Injection",,,"ARP, CSOSG2"
"OK","Mustang",2953,"T11",91176,,2023,2911,2694.34,116634.78,,0.347,0.001,68768.245,0.0592,48.501,0.0943,1157202.427,"Pipeline Natural Gas",,"Combustion turbine",,"Water Injection",,,"ARP, CSOSG2"
"OK","Mustang",2953,"T12",91177,,2023,308,269.3,10675.05,,0.032,0.001,6410.892,0.0592,4.611,0.1034,107870.722,"Pipeline Natural Gas",,"Combustion turbine",,"Water Injection",,,"ARP, CSOSG2"
"OK","Mustang",2953,"T6",91171,,2023,1601,1391.69,64420.23,,0.188,0.001,37259.657,0.0592,25.288,0.0966,626994.58,"Pipeline Natural Gas",,"Combustion turbine",,"Water Injection",,,"ARP, CSOSG2"
"OK","Mustang",2953,"T7",91172,,2023,1989,1838.62,77800.61,,0.234,0.001,46294.653,0.0592,32.056,0.0925,779001.875,"Pipeline Natural Gas",,"Combustion turbine",,"Water Injection",,,"ARP, CSOSG2"
"OK","Mustang",2953,"T8",91173,,2023,2802,2402.82,103342.33,,0.307,0.001,60808.229,0.0592,41.703,0.0999,1023222.551,"Pipeline Natural Gas",,"Combustion turbine",,"Water Injection",,,"ARP, CSOSG2"
"OK","Mustang",2953,"T9",91174,,2023,3239,2767.33,120630.91,,0.357,0.001,70768.338,0.0592,48.174,0.0977,1190834.135,"Pipeline Natural Gas",,"Combustion turbine",,"Water Injection",,,"ARP, CSOSG2"
"OK","Seminole (2956)",2956,"1",2012,,2023,3550,3532.6,857908.87,,2.783,0.001,551205.544,0.059,634.963,0.1295,9275063.634,"Pipeline Natural Gas",,"Dry bottom wall-fired boiler",,"Low NOx Burner Technology (Dry Bottom only)",,,"ARP, CSOSG2"
"OK","Seminole (2956)",2956,"2",2013,,2023,4274,4258.92,1037218.34,,3.239,0.001,641642.28,0.059,720.213,0.111,10796814.773,"Pipeline Natural Gas",,"Dry bottom wall-fired boiler",,"Low NOx Burner Technology (Dry Bottom only)",,,"ARP, CSOSG2"
"OK","Seminole (2956)",2956,"3",2014,,2023,4250,3878.92,900495.89,,2.813,0.001,557172.163,0.0591,603.311,0.1028,9375445.1,"Pipeline Natural Gas",,"Dry bottom wall-fired boiler",,"Low NOx Burner Technology (Dry Bottom only)","Cyclone",,"ARP, CSOSG2"
"OK","Northeastern",2963,"3301A",2016,,2023,5253,5237.62,701720.93,,2.21,0.001,437678.329,0.059,147.803,0.0411,7364739.817,"Pipeline Natural Gas",,"Combined cycle",,"Dry Low NOx Burners",,,"ARP, CSOSG2"
"OK","Northeastern",2963,"3301B",2017,,2023,1368,1350.58,176603.13,,0.61,0.001,120766.172,0.059,30.708,0.035,2032139.509,"Pipeline Natural Gas",,"Combined cycle",,"Dry Low NOx Burners",,,"ARP, CSOSG2"
"OK","Northeastern",2963,"3302",2018,,2023,4296,4279.53,1095743.19,,4.053,0.001,802859.959,0.059,1513.549,0.2143,13509637.575,"Pipeline Natural Gas",,"Cell burner boiler",,"Low NOx Cell Burner",,,"ARP, CSOSG2"
"OK","Northeastern",2963,"3313",2019,,2023,5737,5715.21,1798116.27,,3181.199,0.3099,2078508.764,0.105,1293.045,0.1305,19817967.222,"Coal",,"Tangentially-fired","Dry Sorbent Injection","Overfire Air|Low NOx Burner Technology w/ Closed-coupled OFA","Baghouse|Electrostatic Precipitator","Halogenated PAC Sorbent Injection","ARP, CSOSG2, MATS"
"OK","Southwestern",2964,"8002",2021,"CP001",2023,5228,5191.12,121798.75,,0.434,0.001,85909.408,0.059,214.755,0.2541,1445652.666,"Pipeline Natural Gas",,"Dry bottom wall-fired boiler",,,,,"ARP, CSOSG2"
"OK","Southwestern",2964,"8003",2022,"CP001",2023,6879,6856.37,800510.73,,2.613,0.001,517630.867,0.059,1412.36,0.2437,8710236.655,"Pipeline Natural Gas",,"Cell burner boiler",,"Low NOx Cell Burner|Overfire Air",,,"ARP, CSOSG2"
"OK","Southwestern",2964,"8004",91253,,2023,1699,1519.26,106136.88,,0.42,0.001,82350.6,0.0592,60.141,0.1789,1395721.9,"Pipeline Natural Gas",,"Combustion turbine",,"Combustion Modification/Fuel Reburning",,,"ARP, CSOSG2"
"OK","Southwestern",2964,"8005",91254,,2023,1506,1335.1,91470.14,,0.354,0.001,69881.6,0.0594,53.504,0.1909,1184283.9,"Pipeline Natural Gas",,"Combustion turbine",,"Combustion Modification/Fuel Reburning",,,"ARP, CSOSG2"
"OK","Southwestern",2964,"801N",2023,"CP001",2023,1494,1475.72,20673.32,,0.068,0.001,13566.984,0.059,10.7,0.0846,228318.937,"Pipeline Natural Gas",,"Dry bottom wall-fired boiler",,,,,"ARP, CSOSG2"
"OK","Southwestern",2964,"801S",2024,"CP001",2023,1493,1475.1,20668.9,,0.068,0.001,13564.655,0.059,20.919,0.1676,228279.624,"Pipeline Natural Gas",,"Dry bottom wall-fired boiler",,,,,"ARP, CSOSG2"
"OK","Tulsa",2965,"1402",2025,"CP001",2023,2342,2306.47,100727.16,,0.33,0.001,65420.289,0.0592,194.909,0.2896,1100840.228,"Pipeline Natural Gas",,"Dry bottom wall-fired boiler",,,,,"ARP, CSOSG2"
"OK","Tulsa",2965,"1404",2027,"CP001",2023,3859,3835.9,141396.05,,0.519,0.001,102835.148,0.0592,182.25,0.184,1730444.41,"Pipeline Natural Gas",,"Dry bottom wall-fired boiler",,,,,"ARP, CSOSG2"
"OK","Weleetka",2966,"4",90969,,2023,86,73.33,,,,,,,25.537,0.7,72964.1,"Pipeline Natural Gas",,"Combustion turbine",,,,,"CSOSG2"
"OK","Weleetka",2966,"5",90970,,2023,113,95.73,,,,,,,33.338,0.7,95252.3,"Pipeline Natural Gas",,"Combustion turbine",,,,,"CSOSG2"
"OK","Anadarko",3006,"10",90430,,2023,967,867.44,17667.28,,0.066,0.001,13024.756,0.0593,9.783,0.0949,219170.606,"Pipeline Natural Gas",,"Combustion turbine",,"Water Injection",,,"ARP, CSOSG2"
"OK","Anadarko",3006,"11",90431,,2023,828,753.56,16836.3,,0.062,0.001,12190.104,0.0593,8.701,0.0902,205116.34,"Pipeline Natural Gas",,"Combustion turbine",,"Water Injection",,,"ARP, CSOSG2"
"OK","Anadarko",3006,"3",2028,,2023,0,0,,,,,,,,,,"Pipeline Natural Gas",,"Dry bottom wall-fired boiler",,,,,"ARP, CSOSG2"
"OK","Anadarko",3006,"4",90966,,2023,3921,3755.28,319184,,,,,,32.396,0.0278,2799797.633,"Pipeline Natural Gas",,"Combined cycle",,"Dry Low NOx Burners",,,"CSOSG2"
"OK","Anadarko",3006,"5",90967,,2023,5510,5363.71,474727.51,,,,,,29.99,0.0189,4113674.522,"Pipeline Natural Gas",,"Combined cycle",,"Dry Low NOx Burners",,,"CSOSG2"
"OK","Anadarko",3006,"6",90968,,2023,2350,2222.8,181457.25,,,,,,14.392,0.0273,1530650.931,"Pipeline Natural Gas",,"Combined cycle",,"Dry Low NOx Burners",,,"CSOSG2"
"OK","Anadarko",3006,"7",8326,,2023,1626,1487.48,35795.45,,0.122,0.001,24214.571,0.0594,18.04,0.0903,407433.275,"Pipeline Natural Gas",,"Combustion turbine",,"Water Injection",,,"ARP, CSOSG2"
"OK","Anadarko",3006,"8",8328,,2023,1604,1472.67,37729.29,,0.125,0.001,24744.457,0.0593,18.365,0.0918,416355.856,"Pipeline Natural Gas",,"Combustion turbine",,"Water Injection",,,"ARP, CSOSG2"
"OK","Anadarko",3006,"9",90429,,2023,1037,934.58,18412.85,,0.071,0.001,13980.294,0.0593,10.845,0.0982,235277.164,"Pipeline Natural Gas",,"Combustion turbine",,"Water Injection",,,"ARP, CSOSG2"
"OK","Mooreland",3008,"1",2029,,2023,517,510.19,15346.53,,0.051,0.001,10060.184,0.0621,34.976,0.3765,169254.383,"Pipeline Natural Gas",,"Dry bottom wall-fired boiler",,,,,"ARP, CSOSG2"
"OK","Mooreland",3008,"2",2030,,2023,1357,1251.29,38706.3,,0.121,0.0009,23919.43,0.0635,30.591,0.1008,402415.004,"Pipeline Natural Gas",,"Dry bottom wall-fired boiler",,,,,"ARP, CSOSG2"
"OK","Mooreland",3008,"3",2031,,2023,2034,1892.26,50217.32,,0.163,0.0009,32311.607,0.0699,33.887,0.0827,543361.098,"Pipeline Natural Gas",,"Dry bottom wall-fired boiler",,"Other|Overfire Air",,,"ARP, CSOSG2"
"PA","Brunot Island Power Station",3096,"2A",2032,,2023,768,737.14,28424.67,,0.131,0.001,26003.042,0.0591,4.676,0.0295,437530.471,"Pipeline Natural Gas",,"Combined cycle",,"Selective Catalytic Reduction|Water Injection",,,"ARP, CSNOX, CSOSG3, CSSO2G1, RGGI"
"PA","Brunot Island Power Station",3096,"2B",2033,,2023,715,683.14,26267.17,,0.116,0.001,22966.898,0.0591,4.221,0.0297,386454.573,"Pipeline Natural Gas",,"Combined cycle",,"Selective Catalytic Reduction|Water Injection",,,"ARP, CSNOX, CSOSG3, CSSO2G1, RGGI"
"PA","Brunot Island Power Station",3096,"3",2034,,2023,755,724.92,27588.98,,0.116,0.001,23014.73,0.0591,4.197,0.0301,387267.3,"Pipeline Natural Gas",,"Combined cycle",,"Selective Catalytic Reduction|Water Injection",,,"ARP, CSNOX, CSOSG3, CSSO2G1, RGGI"
"PA","Mountain",3111,"031",2049,,2023,85,84.27,1548.24,,1.156,0.101,1854.3,0.081,7.602,0.6634,22892.9,"Diesel Oil","Pipeline Natural Gas","Combustion turbine",,,,,"CSNOX, CSOSG3, CSSO2G1, RGGI"
"PA","Mountain",3111,"032",2050,,2023,116,109.88,1787.18,,1.445,0.101,2318.9,0.0811,9.476,0.662,28618.7,"Diesel Oil","Pipeline Natural Gas","Combustion turbine",,,,,"CSNOX, CSOSG3, CSSO2G1, RGGI"
"PA","Portland",3113,"5",2056,,2023,18,8.34,707.9,,0.094,0.02,745.337,0.081,1.414,1.2032,9184.829,"Pipeline Natural Gas","Diesel Oil","Combustion turbine",,"Dry Low NOx Burners|Water Injection",,,"ARP, CSNOX, CSOSG3, CSSO2G1, RGGI"
"PA","Tolna",3116,"031",2063,,2023,13,12.83,113,,0.1,0.1007,160.7,0.0813,0.672,0.6706,1983,"Diesel Oil",,"Combustion turbine",,,,,"CSNOX, CSOSG3, CSSO2G1, RGGI"
"PA","Tolna",3116,"032",2064,,2023,26,25,300,,0.265,0.1013,424.5,0.081,1.766,0.6691,5241.1,"Diesel Oil",,"Combustion turbine",,,,,"CSNOX, CSOSG3, CSSO2G1, RGGI"
"PA","Conemaugh",3118,"1",2065,,2023,4128,4124.54,2285635.17,,714.669,0.0614,2246118.568,0.1022,724.767,0.0672,21911568.125,"Coal","Pipeline Natural Gas","Tangentially-fired","Wet Limestone","Low NOx Burner Technology w/ Closed-coupled/Separated OFA|Selective Catalytic Reduction","Electrostatic Precipitator",,"ARP, CSNOX, CSOSG3, CSSO2G1, MATS, RGGI"
"PA","Conemaugh",3118,"2",2066,,2023,1572,1565.93,850682.59,,363.053,0.0847,823488.279,0.1009,270.37,0.068,8045278.028,"Coal","Pipeline Natural Gas","Tangentially-fired","Wet Limestone","Low NOx Burner Technology w/ Closed-coupled/Separated OFA|Selective Catalytic Reduction","Electrostatic Precipitator",,"ARP, CSNOX, CSOSG3, CSSO2G1, MATS, RGGI"
"PA","Homer City",3122,"1",2072,,2023,1395,1393.3,462076.9,,413.968,0.1832,494809.755,0.103,250.19,0.1051,4822705.12,"Coal",,"Dry bottom wall-fired boiler","Dry Lime FGD","Low NOx Burner Technology w/ Overfire Air|Selective Catalytic Reduction","Electrostatic Precipitator|Baghouse","Untreated PAC Sorbent Injection","ARP, CSNOX, CSOSG3, CSSO2G1, MATS, RGGI"
"PA","Homer City",3122,"2",2073,,2023,0,0,,,,,,,,,,"Coal",,"Dry bottom wall-fired boiler","Dry Lime FGD","Low NOx Burner Technology w/ Overfire Air|Selective Catalytic Reduction","Electrostatic Precipitator|Baghouse","Untreated PAC Sorbent Injection","ARP, CSNOX, CSOSG3, CSSO2G1, MATS, RGGI"
"PA","Homer City",3122,"3",2074,,2023,2185,2179.47,740595.02,,323.571,0.0753,764540.711,0.103,369.584,0.0961,7451659.577,"Coal",,"Dry bottom wall-fired boiler","Wet Limestone","Low NOx Burner Technology w/ Overfire Air|Selective Catalytic Reduction","Electrostatic Precipitator",,"ARP, CSNOX, CSOSG3, CSSO2G1, MATS, RGGI"
"PA","Seward",3130,"1",88264,"CS1",2023,5929,5917.16,,9712061.02,4174.181,0.5644,1478180.994,0.0991,834.517,0.1121,14881024.301,"Coal Refuse",,"Circulating fluidized bed boiler","Fluidized Bed Limestone Injection","Selective Non-catalytic Reduction","Baghouse",,"ARP, CSNOX, CSOSG3, CSSO2G1, MATS, RGGI"
"PA","Seward",3130,"2",88265,"CS1",2023,4154,4140.68,,6690682.87,2853.871,0.5598,1009105.83,0.0985,572.987,0.1117,10209996.977,"Coal Refuse",,"Circulating fluidized bed boiler","Fluidized Bed Limestone Injection","Selective Non-catalytic Reduction","Baghouse",,"ARP, CSNOX, CSOSG3, CSSO2G1, MATS, RGGI"
"PA","Shawville",3131,"1",2078,,2023,3090,2979.31,211170.6,,0.652,0.001,129069.929,0.0591,72.788,0.0626,2171888.277,"Pipeline Natural Gas",,"Dry bottom wall-fired boiler",,"Low NOx Burner Technology (Dry Bottom only)",,,"ARP, CSNOX, CSOSG3, CSSO2G1, RGGI"
"PA","Shawville",3131,"2",2079,,2023,3046,2917.67,191952.98,,0.643,0.001,127287.879,0.059,83.38,0.0711,2141899.925,"Pipeline Natural Gas",,"Dry bottom wall-fired boiler",,"Low NOx Burner Technology (Dry Bottom only)",,,"ARP, CSNOX, CSOSG3, CSSO2G1, RGGI"
"PA","Shawville",3131,"3",2080,"CS1",2023,5168,5048.33,660391.72,,2.014,0.001,398847.298,0.0588,180.383,0.0504,6711374.629,"Pipeline Natural Gas",,"Tangentially-fired",,"Low NOx Burner Technology w/ Closed-coupled/Separated OFA",,,"ARP, CSNOX, CSOSG3, CSSO2G1, RGGI"
"PA","Shawville",3131,"4",2081,"CS1",2023,5284,5147.54,657595.44,,2.009,0.001,397864.754,0.0588,178.654,0.0498,6694860.417,"Pipeline Natural Gas",,"Tangentially-fired",,"Low NOx Burner Technology w/ Closed-coupled/Separated OFA",,,"ARP, CSNOX, CSOSG3, CSSO2G1, RGGI"
"PA","Warren",3132,"005",2082,,2023,462,386.53,19611.11,,0.085,0.0013,16584.803,0.0597,70.672,0.4606,278957.039,"Pipeline Natural Gas","Diesel Oil","Combustion turbine",,,,,"CSNOX, CSOSG3, CSSO2G1, RGGI"
"PA","Keystone",3136,"1",2089,,2023,2225,2221.61,1568982.62,,3021.028,0.392,1537171.158,0.1029,515.195,0.0702,14982171.583,"Coal","Pipeline Natural Gas","Tangentially-fired","Wet Lime FGD","Low NOx Burner Technology w/ Closed-coupled/Separated OFA|Selective Catalytic Reduction","Electrostatic Precipitator",,"ARP, CSNOX, CSOSG3, CSSO2G1, MATS, RGGI"
"PA","Keystone",3136,"2",2090,,2023,2207,2199.67,1504583.04,,3395.138,0.434,1502648.614,0.1027,483.445,0.0667,14645680.84,"Coal","Pipeline Natural Gas","Tangentially-fired","Wet Lime FGD","Low NOx Burner Technology w/ Closed-coupled/Separated OFA|Selective Catalytic Reduction","Electrostatic Precipitator",,"ARP, CSNOX, CSOSG3, CSSO2G1, MATS, RGGI"
"PA","New Castle",3138,"3",2093,,2023,4698,4589.87,271934.18,,0.857,0.001,169788.967,0.0591,105.293,0.068,2857031.334,"Pipeline Natural Gas",,"Dry bottom wall-fired boiler",,"Low NOx Burner Technology w/ Overfire Air|Selective Non-catalytic Reduction","Electrostatic Precipitator",,"ARP, CSNOX, CSOSG3, CSSO2G1, RGGI"
"PA","New Castle",3138,"4",2094,,2023,5743,5623.73,349488.59,,1.136,0.001,225030.585,0.0591,124.047,0.0592,3786610.08,"Pipeline Natural Gas",,"Dry bottom wall-fired boiler",,"Low NOx Burner Technology w/ Overfire Air|Selective Non-catalytic Reduction","Electrostatic Precipitator",,"ARP, CSNOX, CSOSG3, CSSO2G1, RGGI"
"PA","New Castle",3138,"5",2095,,2023,4179,4089.75,330247.66,,1.043,0.001,206568.507,0.0591,118.248,0.0581,3475925.047,"Pipeline Natural Gas",,"Dry bottom wall-fired boiler",,"Low NOx Burner Technology w/ Overfire Air|Selective Non-catalytic Reduction","Electrostatic Precipitator",,"ARP, CSNOX, CSOSG3, CSSO2G1, RGGI"
"PA","Brunner Island, LLC",3140,"1",2100,"CS102F",2023,3584,3557.73,800790.86,,70.454,0.0218,506801.745,0.0606,331.357,0.077,8364069.319,"Coal","Natural Gas, Other Oil, Pipeline Natural Gas","Tangentially-fired","Wet Lime FGD","Low NOx Burner Technology w/ Closed-coupled/Separated OFA","Baghouse",,"ARP, CSNOX, CSOSG3, CSSO2G1, MATS, RGGI"
"PA","Brunner Island, LLC",3140,"2",2101,"CS102F",2023,4919,4892.86,1209393.75,,67.652,0.0195,765318.818,0.0598,476.92,0.0706,12797138.466,"Coal","Natural Gas, Other Oil, Pipeline Natural Gas","Tangentially-fired","Wet Lime FGD","Low NOx Burner Technology w/ Closed-coupled/Separated OFA","Electrostatic Precipitator",,"ARP, CSNOX, CSOSG3, CSSO2G1, MATS, RGGI"
"PA","Brunner Island, LLC",3140,"3",2102,,2023,2069,2054.62,969680.76,,72.346,0.0516,562684.247,0.06,366.739,0.0732,9343549.492,"Coal","Natural Gas, Other Oil, Pipeline Natural Gas","Tangentially-fired","Wet Lime FGD","Low NOx Burner Technology w/ Closed-coupled/Separated OFA","Electrostatic Precipitator",,"ARP, CSNOX, CSOSG3, CSSO2G1, MATS, RGGI"
"PA","Martins Creek, LLC",3148,"3",2117,,2023,1099,1047.07,250364.71,,14.212,0.0649,175090.407,0.059,110.587,0.059,2939055.91,"Residual Oil","Pipeline Natural Gas","Tangentially-fired",,,,,"ARP, CSNOX, CSOSG3, CSSO2G1, MATS, RGGI"
"PA","Martins Creek, LLC",3148,"4",2118,,2023,1501,1450.88,363917.01,,15.019,0.0862,248055.559,0.0587,146.974,0.0601,4180663.384,"Residual Oil","Pipeline Natural Gas","Tangentially-fired",,,,,"ARP, CSNOX, CSOSG3, CSSO2G1, MATS, RGGI"
"PA","Montour, LLC",3149,"1",2124,,2023,795,786.98,336818.64,,233.287,0.1361,267667.725,0.0832,136.079,0.0883,3240950.615,"Coal","Natural Gas, Other Oil","Tangentially-fired","Wet Lime FGD","Low NOx Burner Technology w/ Closed-coupled/Separated OFA|Selective Catalytic Reduction","Electrostatic Precipitator",,"ARP, CSNOX, CSOSG3, CSSO2G1, MATS, RGGI"
"PA","Montour, LLC",3149,"2",2125,,2023,751,733.23,303494.93,,195.833,0.1345,261159.119,0.0809,158.29,0.1016,3253851.015,"Coal","Natural Gas, Other Oil","Tangentially-fired","Wet Lime FGD","Low NOx Burner Technology w/ Closed-coupled/Separated OFA|Selective Catalytic Reduction","Electrostatic Precipitator",,"ARP, CSNOX, CSOSG3, CSSO2G1, MATS, RGGI"
"PA","Eddystone Generating Station",3161,"3",2152,"CS034",2023,286,273.11,16544.85,,0.086,0.001,15088.211,0.0629,8.007,0.056,236524.982,"Pipeline Natural Gas","Diesel Oil","Tangentially-fired",,"Other",,,"ARP, CSNOX, CSOSG3, CSSO2G1, MATS, RGGI"
"PA","Eddystone Generating Station",3161,"4",2154,"CS034",2023,285,270.02,14107.24,,0.075,0.001,13243.722,0.0626,6.796,0.0561,209617.621,"Pipeline Natural Gas","Diesel Oil","Tangentially-fired",,"Other",,,"ARP, CSNOX, CSOSG3, CSSO2G1, MATS, RGGI"
"PA","Richmond",3168,"91",2164,,2023,15,10.69,529.13,,0.7,0.202,560.9,0.081,2.009,0.5801,6927.9,"Diesel Oil",,"Combustion turbine",,,,,"CSNOX, CSOSG3, CSSO2G1, RGGI"
"PA","Richmond",3168,"92",2165,,2023,11,6.53,297.37,,0.398,0.2015,318.9,0.081,1.142,0.5803,3938,"Diesel Oil",,"Combustion turbine",,,,,"CSNOX, CSOSG3, CSSO2G1, RGGI"
"PA","Hunlock Creek Generating LLC",3176,"CT5",90563,,2023,5663,5338.48,317376.71,,0.743,0.001,147178.817,0.0592,12.58,0.0125,2476581.283,"Pipeline Natural Gas","Diesel Oil","Combined cycle",,"Water Injection|Selective Catalytic Reduction",,,"ARP, CSNOX, CSOSG3, CSSO2G1, RGGI"
"PA","Hunlock Creek Generating LLC",3176,"CT6",90564,,2023,5489,5174.26,308270.15,,0.715,0.001,141681.546,0.0592,11.933,0.013,2384147.725,"Pipeline Natural Gas","Diesel Oil","Combined cycle",,"Water Injection|Selective Catalytic Reduction",,,"ARP, CSNOX, CSOSG3, CSSO2G1, RGGI"
"RI","Manchester Street Station",3236,"10",2191,,2023,4161,4007.75,392566,,1.682,0.0011,292876.05,0.0592,75.382,0.0394,4928206.25,"Pipeline Natural Gas","Diesel Oil","Combined cycle",,"Dry Low NOx Burners|Selective Catalytic Reduction|Steam Injection",,,"ARP, RGGI, SIPNOX"
"RI","Manchester Street Station",3236,"11",2192,,2023,4474,4358.25,429333.75,,2.062,0.0012,333589.025,0.0593,72.883,0.0315,5599262.95,"Pipeline Natural Gas","Diesel Oil","Combined cycle",,"Dry Low NOx Burners|Selective Catalytic Reduction|Steam Injection",,,"ARP, RGGI, SIPNOX"
"RI","Manchester Street Station",3236,"9",2196,,2023,4119,3919.25,381994.5,,1.75,0.0012,269423.55,0.0594,71.561,0.0431,4517157.375,"Pipeline Natural Gas","Diesel Oil","Combined cycle",,"Dry Low NOx Burners|Selective Catalytic Reduction|Steam Injection",,,"ARP, RGGI, SIPNOX"
"SC","Darlington County",3250,"12",2199,,2023,171,142.33,12544.83,,0.045,0.0009,9010.624,0.0631,7.379,0.1041,143345.02,"Pipeline Natural Gas","Diesel Oil","Combustion turbine",,"Water Injection",,,"ARP, CSNOX, CSSO2G2, SIPNOX"
"SC","Darlington County",3250,"13",2200,,2023,156,131.81,11595.26,,0.046,0.001,8972.515,0.0639,7.12,0.1045,142399.833,"Pipeline Natural Gas","Diesel Oil","Combustion turbine",,"Water Injection",,,"ARP, CSNOX, CSSO2G2, SIPNOX"
"SC","W S Lee",3264,"11",91015,,2023,8073,8067.71,3098407.6,,6.486,0.001,1284686.308,0.059,100.271,0.0096,21617669.75,"Pipeline Natural Gas",,"Combined cycle",,"Dry Low NOx Burners|Selective Catalytic Reduction",,,"ARP, CSNOX, CSSO2G2, SIPNOX"
"SC","W S Lee",3264,"12",91016,,2023,8024,8014.29,3075658.22,,6.476,0.001,1282793.27,0.059,99.995,0.0096,21585940.466,"Pipeline Natural Gas",,"Combined cycle",,"Dry Low NOx Burners|Selective Catalytic Reduction",,,"ARP, CSNOX, CSSO2G2, SIPNOX"
"SC","W S Lee",3264,"7C",89636,,2023,209,159.3,5556.49,,0.018,0.001,3465.158,0.0615,2.62,0.0961,57306.567,"Pipeline Natural Gas","Diesel Oil","Combustion turbine",,"Water Injection",,,"ARP, CSNOX, CSSO2G2, SIPNOX"
"SC","W S Lee",3264,"8C",89637,,2023,274,228.09,5440.26,,0.021,0.001,3967.636,0.0673,3.08,0.1127,62961.483,"Pipeline Natural Gas","Diesel Oil","Combustion turbine",,"Water Injection",,,"ARP, CSNOX, CSSO2G2, SIPNOX"
"SC","Hagood",3285,"HAG4",2225,,2023,325,265.8,17468.8,,0.081,0.001,16372.208,0.0858,17.24,0.1447,242190.101,"Pipeline Natural Gas","Diesel Oil","Combustion turbine",,"Water Injection",,,"ARP, CSNOX, CSSO2G2, SIPNOX"
"SC","McMeekin",3287,"MCM1",2226,,2023,3563,3559.9,341395.11,,0.878,0.001,175152.923,0.059,108.888,0.0823,2954636.62,"Pipeline Natural Gas",,"Tangentially-fired",,"Low NOx Burner Technology w/ Separated OFA","Baghouse",,"ARP, CSNOX, CSSO2G2, SIPNOX"
"SC","McMeekin",3287,"MCM2",2227,,2023,4625,4620.81,440949.85,,1.142,0.001,227691.404,0.059,135.55,0.0858,3840987.042,"Pipeline Natural Gas",,"Tangentially-fired",,"Low NOx Burner Technology w/ Separated OFA","Baghouse",,"ARP, CSNOX, CSSO2G2, SIPNOX"
"SC","Urquhart",3295,"URQ3",2230,,2023,1855,1844.66,103818.25,,0.353,0.0009,67724.321,0.0588,46.596,0.0842,1142494.821,"Pipeline Natural Gas",,"Tangentially-fired",,"Low NOx Burner Technology w/ Separated OFA",,,"ARP, CSNOX, CSSO2G2, SIPNOX"
"SC","Urquhart",3295,"URQ4",2231,,2023,56,34.63,1306.05,,0.005,0.001,1040.2,0.0807,0.808,0.1003,15515.514,"Pipeline Natural Gas","Diesel Oil","Combustion turbine",,"Water Injection",,,"ARP, CSNOX, CSSO2G2, SIPNOX"
"SC","Urquhart",3295,"URQ5",8330,,2023,5553,5540.09,668230.83,,2.261,0.001,447870.893,0.059,93.327,0.0267,7536017.673,"Pipeline Natural Gas","Diesel Oil","Combined cycle",,"Dry Low NOx Burners|Water Injection",,,"ARP, CSNOX, CSSO2G2, SIPNOX"
"SC","Urquhart",3295,"URQ6",8332,,2023,5459,5446.08,654501.17,,2.232,0.001,441797.308,0.059,83.855,0.0245,7432034.78,"Pipeline Natural Gas","Diesel Oil","Combined cycle",,"Dry Low NOx Burners|Water Injection",,,"ARP, CSNOX, CSSO2G2, SIPNOX"
"SC","Wateree",3297,"WAT1",2232,"CS001, MS1",2023,2132,2128.45,478107.36,,72.012,0.0312,450320.425,0.103,233.993,0.1047,4389098.432,"Coal","Residual Oil","Dry bottom wall-fired boiler","Wet Limestone","Low NOx Burner Technology (Dry Bottom only)|Selective Catalytic Reduction","Baghouse|Electrostatic Precipitator",,"ARP, CSNOX, CSSO2G2, MATS, SIPNOX"
"SC","Wateree",3297,"WAT2",2233,"CS001, MS2",2023,6277,6258.35,1439342,,194.461,0.0364,1339991.075,0.1028,684.153,0.1053,13060352.826,"Coal","Residual Oil","Dry bottom wall-fired boiler","Wet Limestone","Low NOx Burner Technology (Dry Bottom only)|Selective Catalytic Reduction","Baghouse",,"ARP, CSNOX, CSSO2G2, MATS, SIPNOX"
"SC","Williams",3298,"WIL1",2234,,2023,6645,6635.51,2166731.14,,520.477,0.046,2210026.965,0.103,2568.644,0.2477,21540248.683,"Coal","Residual Oil","Tangentially-fired","Wet Limestone","Low NOx Burner Technology w/ Closed-coupled OFA|Selective Catalytic Reduction","Electrostatic Precipitator",,"ARP, CSNOX, CSSO2G2, MATS, SIPNOX"
"SC","Hilton Head Gas Turbine Site",3318,"CT1",88281,"CP1",2023,5,1.98,12.35,,0.138,0.5,,,0.331,1.1998,551.6,"Diesel Oil",,"Combustion turbine",,,,,"CSNOX, CSSO2G2, SIPNOX"
"SC","Hilton Head Gas Turbine Site",3318,"CT2",88282,"CP1",2023,3,1.48,10.63,,0.104,0.5003,,,0.25,1.1997,417.4,"Diesel Oil",,"Combustion turbine",,,,,"CSNOX, CSSO2G2, SIPNOX"
"SC","Hilton Head Gas Turbine Site",3318,"CT3",88283,"CP1",2023,22,11.01,104.99,,1.281,0.5008,,,3.073,1.2008,5121.2,"Diesel Oil",,"Combustion turbine",,"Water Injection",,,"CSNOX, CSSO2G2, SIPNOX"
"SC","Myrtle Beach Gas Turbine Site",3320,"CT3",88284,"CP1",2023,9,7.09,68.02,,0.428,0.5002,,,1.028,1.2001,1713.1,"Diesel Oil",,"Combustion turbine",,,,,"CSNOX, CSSO2G2, SIPNOX"
"SC","Myrtle Beach Gas Turbine Site",3320,"CT4",88285,"CP1",2023,0,0,,,,,,,,,,"Diesel Oil",,"Combustion turbine",,,,,"CSNOX, CSSO2G2, SIPNOX"
"SC","Myrtle Beach Gas Turbine Site",3320,"CT5",88286,"CP1",2023,1,0.5,2.5,,0.058,0.5,,,0.14,1.2,233,"Diesel Oil",,"Combustion turbine",,,,,"CSNOX, CSSO2G2, SIPNOX"
"SD","Aberdeen Generating Station",3338,"2A",90796,,2023,768,659.97,17881.98,,0.069,0.001,12614.7,0.0591,17.121,0.1645,213169.6,"Pipeline Natural Gas","Diesel Oil","Combustion turbine",,"Water Injection",,,"ARP"
"SD","Aberdeen Generating Station",3338,"2B",90797,,2023,767,659.71,17694.06,,0.07,0.001,12611.5,0.0591,17.187,0.1644,213085.2,"Pipeline Natural Gas","Diesel Oil","Combustion turbine",,"Water Injection",,,"ARP"
"SD","Huron",3344,"**2A",2244,,2023,0,0,,,,,,,,,,"Pipeline Natural Gas","Diesel Oil","Combustion turbine",,"Water Injection",,,
"SD","Huron",3344,"**2B",2245,,2023,0,0,,,,,,,,,,"Pipeline Natural Gas","Diesel Oil","Combustion turbine",,"Water Injection",,,
"TN","Allen",3393,"ACC1",91027,,2023,6570,6544.8,2619547.5,,5.144,0.001,1019005.498,0.059,98.988,0.0125,17146692.02,"Pipeline Natural Gas",,"Combined cycle",,"Dry Low NOx Burners|Selective Catalytic Reduction",,,"ARP, CSNOX, CSOSG2, CSSO2G1, NSPS4T"
"TN","Allen",3393,"ACC2",91028,,2023,7037,7017.28,2873895.37,,5.618,0.001,1112873.851,0.059,132.692,0.0146,18726264.869,"Pipeline Natural Gas",,"Combined cycle",,"Dry Low NOx Burners|Selective Catalytic Reduction",,,"ARP, CSNOX, CSOSG2, CSSO2G1, NSPS4T"
"TN","Allen",3393,"ACT17",88158,,2023,0,0,,,,,,,,,,"Pipeline Natural Gas","Diesel Oil","Combustion turbine",,,,,"CSNOX, CSOSG2, CSSO2G1"
"TN","Allen",3393,"ACT18",88159,,2023,0,0,,,,,,,,,,"Pipeline Natural Gas","Diesel Oil","Combustion turbine",,,,,"CSNOX, CSOSG2, CSSO2G1"
"TN","Allen",3393,"ACT19",88160,,2023,25,25,487,,1.884,0.5008,610.3,0.0817,3.207,0.7618,7532.8,"Pipeline Natural Gas","Diesel Oil","Combustion turbine",,,,,"CSNOX, CSOSG2, CSSO2G1"
"TN","Allen",3393,"ACT20",88161,,2023,22,22,292,,0.691,0.454,225.9,0.0787,0.848,0.6237,2801.1,"Pipeline Natural Gas","Diesel Oil","Combustion turbine",,,,,"CSNOX, CSOSG2, CSSO2G1"
"TN","Bull Run",3396,"1",2251,,2023,1821,1810.72,847648.16,,348.141,0.0714,901593.139,0.103,446.951,0.1132,8787436.555,"Coal",,"Tangentially-fired","Wet Limestone","Selective Catalytic Reduction","Electrostatic Precipitator",,"ARP, CSNOX, CSOSG2, CSSO2G1, MATS"
"TN","Cumberland",3399,"1",2252,,2023,5496,5484.01,4039549.49,,1499.592,0.0679,4200812.894,0.103,1573.387,0.0797,40943617.097,"Coal",,"Cell burner boiler","Wet Limestone","Low NOx Cell Burner|Selective Catalytic Reduction","Electrostatic Precipitator",,"ARP, CSNOX, CSOSG2, CSSO2G1, MATS"
"TN","Cumberland",3399,"2",2253,,2023,7611,7600.14,5708441.29,,2574.858,0.0801,6119673.156,0.103,1903.614,0.0655,59645996.038,"Coal",,"Cell burner boiler","Wet Limestone","Low NOx Cell Burner|Selective Catalytic Reduction","Electrostatic Precipitator",,"ARP, CSNOX, CSOSG2, CSSO2G1, MATS"
"TN","Cumberland",3399,"A1",89848,,2023,314,288.03,,,,,,,10.786,0.2052,100580.2,"Diesel Oil",,"Dry bottom wall-fired boiler",,,,,"SIPNOX"
"TN","Cumberland",3399,"B1",89849,,2023,344,317.43,,,,,,,16.823,0.3071,110846.6,"Diesel Oil",,"Dry bottom wall-fired boiler",,,,,"SIPNOX"
"TN","Gallatin",3403,"1",2254,,2023,6363,6358.02,892892.32,,305.403,0.0658,949683.06,0.105,291.59,0.0701,9054936.384,"Coal",,"Tangentially-fired","Dry Lime FGD","Low NOx Burner Technology w/ Separated OFA|Selective Catalytic Reduction","Baghouse",,"ARP, CSNOX, CSOSG2, CSSO2G1, MATS"
"TN","Gallatin",3403,"2",2255,,2023,6404,6401.62,967435.75,,324.243,0.0663,1008041.596,0.105,306.13,0.0694,9611403.683,"Coal",,"Tangentially-fired","Dry Lime FGD","Low NOx Burner Technology w/ Separated OFA|Selective Catalytic Reduction","Baghouse",,"ARP, CSNOX, CSOSG2, CSSO2G1, MATS"
"TN","Gallatin",3403,"3",2256,,2023,7241,7235.86,1190273.44,,386.873,0.0623,1305176.436,0.105,277.57,0.0466,12444446.596,"Coal",,"Tangentially-fired","Dry Lime FGD","Low NOx Burner Technology w/ Separated OFA|Selective Catalytic Reduction","Baghouse",,"ARP, CSNOX, CSOSG2, CSSO2G1, MATS"
"TN","Gallatin",3403,"4",2257,,2023,7182,7180.2,1204843.68,,411.164,0.0828,1295407.913,0.105,311.677,0.0536,12351333.541,"Coal",,"Tangentially-fired","Dry Lime FGD","Low NOx Burner Technology w/ Separated OFA|Selective Catalytic Reduction","Baghouse",,"ARP, CSNOX, CSOSG2, CSSO2G1, MATS"
"TN","Gallatin",3403,"GCT1",88162,,2023,105,105,4332,,1.116,0.0412,3746.1,0.0607,14.055,0.4554,61865.7,"Pipeline Natural Gas","Diesel Oil","Combustion turbine",,,,,"CSNOX, CSOSG2, CSSO2G1"
"TN","Gallatin",3403,"GCT2",88163,,2023,148,148,5779,,0.024,0.0007,4864.7,0.0593,17.67,0.4209,82450.1,"Pipeline Natural Gas","Diesel Oil","Combustion turbine",,,,,"CSNOX, CSOSG2, CSSO2G1"
"TN","Gallatin",3403,"GCT3",88164,,2023,24,24,933,,2.03,0.2295,1325.3,0.069,8.832,0.9293,19443.1,"Pipeline Natural Gas","Diesel Oil","Combustion turbine",,,,,"CSNOX, CSOSG2, CSSO2G1"
"TN","Gallatin",3403,"GCT4",88165,,2023,0,0,,,,,,,,,,"Pipeline Natural Gas","Diesel Oil","Combustion turbine",,,,,"CSNOX, CSOSG2, CSSO2G1"
"TN","Gallatin",3403,"GCT5",2258,,2023,112,86.65,5555.33,,0.054,0.0021,4141.759,0.0596,1.326,0.0431,69172.391,"Pipeline Natural Gas","Diesel Oil","Combustion turbine",,"Dry Low NOx Burners|Water Injection",,,"ARP, CSNOX, CSOSG2, CSSO2G1"
"TN","Gallatin",3403,"GCT6",2259,,2023,94,68.33,4345.54,,0.04,0.0021,3322.529,0.0596,1.059,0.0498,55545.279,"Pipeline Natural Gas","Diesel Oil","Combustion turbine",,"Dry Low NOx Burners|Water Injection",,,"ARP, CSNOX, CSOSG2, CSSO2G1"
"TN","Gallatin",3403,"GCT7",2260,,2023,116,88.93,5832.08,,0.082,0.0025,4372.339,0.0598,1.239,0.0381,72634.66,"Pipeline Natural Gas","Diesel Oil","Combustion turbine",,"Dry Low NOx Burners|Water Injection",,,"ARP, CSNOX, CSOSG2, CSSO2G1"
"TN","Gallatin",3403,"GCT8",2261,,2023,421,362.1,26621.11,,0.281,0.0026,19242.008,0.0598,5.459,0.0407,320950.168,"Pipeline Natural Gas","Diesel Oil","Combustion turbine",,"Dry Low NOx Burners|Water Injection",,,"ARP, CSNOX, CSOSG2, CSSO2G1"
"TN","John Sevier",3405,"JCC1",90657,,2023,6474,6424.51,1347032.89,,2.887,0.001,571733.485,0.059,45.382,0.0111,9620371.996,"Pipeline Natural Gas","Diesel Oil","Combined cycle",,"Dry Low NOx Burners|Water Injection|Selective Catalytic Reduction",,,"ARP, CSNOX, CSOSG2, CSSO2G1"
"TN","John Sevier",3405,"JCC2",90658,,2023,7889,7869.61,1634777.82,,3.561,0.001,705159.409,0.059,61.216,0.0113,11865405.498,"Pipeline Natural Gas","Diesel Oil","Combined cycle",,"Dry Low NOx Burners|Water Injection|Selective Catalytic Reduction",,,"ARP, CSNOX, CSOSG2, CSSO2G1"
"TN","John Sevier",3405,"JCC3",90659,,2023,6868,6797.54,1437775.49,,3.07,0.001,607887.556,0.059,52.738,0.0124,10228620.034,"Pipeline Natural Gas","Diesel Oil","Combined cycle",,"Dry Low NOx Burners|Water Injection|Selective Catalytic Reduction",,,"ARP, CSNOX, CSOSG2, CSSO2G1"
"TN","Johnsonville",3406,"AUX1",91222,,2023,1588,1569.6,,223086.78,,,,,0.76,0.006,274053.789,"Pipeline Natural Gas",,"Dry bottom wall-fired boiler",,"Low NOx Burner Technology (Dry Bottom only)|Selective Catalytic Reduction",,,"SIPNOX"
"TN","Johnsonville",3406,"AUX2",91223,,2023,1416,1394.71,,211346.19,,,,,2.169,0.0239,252836.237,"Pipeline Natural Gas",,"Dry bottom wall-fired boiler",,"Low NOx Burner Technology (Dry Bottom only)|Selective Catalytic Reduction",,,"SIPNOX"
"TN","Johnsonville",3406,"JCT1",88166,,2023,42,42,2061,,0.007,0.001,1313,0.059,4.061,0.3629,22248.5,"Pipeline Natural Gas","Diesel Oil","Combustion turbine",,,,,"CSNOX, CSOSG2, CSSO2G1"
"TN","Johnsonville",3406,"JCT10",88167,,2023,36,36,1225,,1.489,0.2126,1014.6,0.0684,3.31,0.4517,14979.9,"Pipeline Natural Gas","Diesel Oil","Combustion turbine",,,,,"CSNOX, CSOSG2, CSSO2G1"
"TN","Johnsonville",3406,"JCT11",88168,,2023,6,6,273,,0.001,0.001,175.6,0.059,0.488,0.328,2976.9,"Pipeline Natural Gas","Diesel Oil","Combustion turbine",,,,,"CSNOX, CSOSG2, CSSO2G1"
"TN","Johnsonville",3406,"JCT12",88169,,2023,27,27,920,,1.543,0.2503,692.9,0.07,2.374,0.4587,9440,"Pipeline Natural Gas","Diesel Oil","Combustion turbine",,,,,"CSNOX, CSOSG2, CSSO2G1"
"TN","Johnsonville",3406,"JCT13",88170,,2023,9,9,345,,0.001,0.0007,198.9,0.059,0.563,0.3493,3370.9,"Pipeline Natural Gas","Diesel Oil","Combustion turbine",,,,,"CSNOX, CSOSG2, CSSO2G1"
"TN","Johnsonville",3406,"JCT14",88171,,2023,22,22,476,,0.627,0.2006,478.2,0.0678,1.506,0.4362,7174.1,"Pipeline Natural Gas","Diesel Oil","Combustion turbine",,,,,"CSNOX, CSOSG2, CSSO2G1"
"TN","Johnsonville",3406,"JCT15",88172,,2023,14,14,531,,0.002,0.0008,299.6,0.059,0.859,0.3466,5080.1,"Pipeline Natural Gas","Diesel Oil","Combustion turbine",,,,,"CSNOX, CSOSG2, CSSO2G1"
"TN","Johnsonville",3406,"JCT16",88173,,2023,18,18,698,,0.375,0.1677,416.3,0.0662,1.289,0.4266,6497.3,"Pipeline Natural Gas","Diesel Oil","Combustion turbine",,,,,"CSNOX, CSOSG2, CSSO2G1"
"TN","Johnsonville",3406,"JCT17",2276,,2023,1036,952.16,67088.77,,0.252,0.001,48339.353,0.059,13.919,0.036,813268.766,"Pipeline Natural Gas","Diesel Oil","Combustion turbine",,"Dry Low NOx Burners|Water Injection",,,"ARP, CSNOX, CSOSG2, CSSO2G1"
"TN","Johnsonville",3406,"JCT18",2277,,2023,1048,959.68,64243.36,,0.238,0.0014,34894.626,0.0593,9.831,0.0371,586183.596,"Pipeline Natural Gas","Diesel Oil","Combustion turbine",,"Dry Low NOx Burners|Water Injection",,,"ARP, CSNOX, CSOSG2, CSSO2G1"
"TN","Johnsonville",3406,"JCT19",2278,,2023,1012,928.36,65107.32,,0.435,0.0015,48616.381,0.0592,13.75,0.0363,815125.122,"Pipeline Natural Gas","Diesel Oil","Combustion turbine",,"Dry Low NOx Burners|Water Injection",,,"ARP, CSNOX, CSOSG2, CSSO2G1"
"TN","Johnsonville",3406,"JCT2",88174,,2023,64,64,2852,,1.272,0.091,1938.3,0.0629,5.967,0.3917,30968.7,"Pipeline Natural Gas","Diesel Oil","Combustion turbine",,,,,"CSNOX, CSOSG2, CSSO2G1"
"TN","Johnsonville",3406,"JCT20",2279,,2023,7606,7583.61,789326.04,,1.873,0.0012,345207.491,0.0591,17.396,0.0065,5806768.558,"Pipeline Natural Gas","Diesel Oil","Combustion turbine",,"Selective Catalytic Reduction",,,"ARP, CSNOX, CSOSG2, CSSO2G1"
"TN","Johnsonville",3406,"JCT3",88175,,2023,60,60,2837,,1.008,0.0856,1943.3,0.0627,6.142,0.3984,31443.6,"Pipeline Natural Gas","Diesel Oil","Combustion turbine",,,,,"CSNOX, CSOSG2, CSSO2G1"
"TN","Johnsonville",3406,"JCT4",88176,,2023,74,74,2969,,1.058,0.0979,1598.3,0.0633,4.953,0.3976,25516.3,"Pipeline Natural Gas","Diesel Oil","Combustion turbine",,,,,"CSNOX, CSOSG2, CSSO2G1"
"TN","Johnsonville",3406,"JCT5",88177,,2023,65,65,2898,,1.582,0.1119,2030.7,0.0639,6.365,0.4041,32075.7,"Pipeline Natural Gas","Diesel Oil","Combustion turbine",,,,,"CSNOX, CSOSG2, CSSO2G1"
"TN","Johnsonville",3406,"JCT6",88178,,2023,49,49,1588,,1.052,0.134,1225.3,0.0648,3.985,0.4222,19212.2,"Pipeline Natural Gas","Diesel Oil","Combustion turbine",,,,,"CSNOX, CSOSG2, CSSO2G1"
"TN","Johnsonville",3406,"JCT7",88179,,2023,29,29,1087,,0.946,0.1303,761.7,0.0647,2.473,0.4207,11497.7,"Pipeline Natural Gas","Diesel Oil","Combustion turbine",,,,,"CSNOX, CSOSG2, CSSO2G1"
"TN","Johnsonville",3406,"JCT8",88180,,2023,57,57,1993,,1.614,0.1478,1612.7,0.0655,5.246,0.4276,24942.2,"Pipeline Natural Gas","Diesel Oil","Combustion turbine",,,,,"CSNOX, CSOSG2, CSSO2G1"
"TN","Johnsonville",3406,"JCT9",88181,,2023,23,23,725,,0.002,0.0009,367.9,0.059,1.079,0.3548,6233.1,"Pipeline Natural Gas","Diesel Oil","Combustion turbine",,,,,"CSNOX, CSOSG2, CSSO2G1"
"TN","Kingston",3407,"1",2280,"CSN19, CSS19",2023,3201,3188.91,227341.66,,167.503,0.1304,261453.923,0.104,123.954,0.0983,2517511.179,"Coal",,"Tangentially-fired","Wet Lime FGD","Selective Catalytic Reduction","Electrostatic Precipitator",,"ARP, CSNOX, CSOSG2, CSSO2G1, MATS"
"TN","Kingston",3407,"2",2281,"CSN19, CSS19",2023,5141,5136.39,399627.75,,252.525,0.1174,452158.431,0.104,202.827,0.0947,4353777.629,"Coal",,"Tangentially-fired","Wet Lime FGD","Selective Catalytic Reduction","Electrostatic Precipitator",,"ARP, CSNOX, CSOSG2, CSSO2G1, MATS"
"TN","Kingston",3407,"3",2282,"CSN19, CSS19",2023,5725,5717.61,435929.35,,298.291,0.1268,494175.079,0.104,216.13,0.0913,4758363.364,"Coal",,"Tangentially-fired","Wet Lime FGD","Selective Catalytic Reduction","Electrostatic Precipitator",,"ARP, CSNOX, CSOSG2, CSSO2G1, MATS"
"TN","Kingston",3407,"4",2283,"CSN19, CSS19",2023,6188,6181.15,455886.32,,309.632,0.1222,519377.669,0.104,211.134,0.0849,5001040.544,"Coal",,"Tangentially-fired","Wet Lime FGD","Selective Catalytic Reduction","Electrostatic Precipitator",,"ARP, CSNOX, CSOSG2, CSSO2G1, MATS"
"TN","Kingston",3407,"5",2284,"CSN19, CSS19",2023,5086,5074.69,477268.84,,324.196,0.1224,543699.198,0.104,228.889,0.0881,5235224.13,"Coal",,"Tangentially-fired","Wet Lime FGD","Low NOx Burner Technology w/ Separated OFA|Selective Catalytic Reduction","Electrostatic Precipitator",,"ARP, CSNOX, CSOSG2, CSSO2G1, MATS"
"TN","Kingston",3407,"6",2285,"CSN19, CSS19",2023,2710,2700.93,254631.06,,201.085,0.1394,291531.599,0.104,108.464,0.0787,2807130.397,"Coal",,"Tangentially-fired","Wet Lime FGD","Low NOx Burner Technology w/ Separated OFA|Selective Catalytic Reduction","Electrostatic Precipitator",,"ARP, CSNOX, CSOSG2, CSSO2G1, MATS"
"TN","Kingston",3407,"7",2286,"CSN19, CSS19",2023,1182,1173.31,94902.66,,68.673,0.1262,110574.086,0.104,44.161,0.087,1064706.309,"Coal",,"Tangentially-fired","Wet Lime FGD","Low NOx Burner Technology w/ Separated OFA|Selective Catalytic Reduction","Electrostatic Precipitator",,"ARP, CSNOX, CSOSG2, CSSO2G1, MATS"
"TN","Kingston",3407,"8",2287,"CSN19, CSS19",2023,3055,3049.13,273756.65,,192.239,0.1237,317434.767,0.104,126.259,0.0839,3056553.048,"Coal",,"Tangentially-fired","Wet Lime FGD","Low NOx Burner Technology w/ Separated OFA|Selective Catalytic Reduction","Electrostatic Precipitator",,"ARP, CSNOX, CSOSG2, CSSO2G1, MATS"
"TN","Kingston",3407,"9",2288,"CSN19, CSS19",2023,1858,1845.04,181971.98,,128.273,0.1232,209104.317,0.104,82.218,0.0833,2013442.875,"Coal",,"Tangentially-fired","Wet Lime FGD","Selective Catalytic Reduction","Electrostatic Precipitator",,"ARP, CSNOX, CSOSG2, CSSO2G1, MATS"
"TX","Laredo",3439,"4",90196,,2023,491,351.5,25349.41,,0.072,0.001,14289.265,0.0592,1.408,0.0206,240439.724,"Pipeline Natural Gas",,"Combustion turbine",,"Water Injection|Selective Catalytic Reduction",,,"ARP, CSOSG2"
"TX","Laredo",3439,"5",90197,,2023,348,252.69,16920.99,,0.049,0.001,9792.324,0.0592,0.882,0.0162,164773.749,"Pipeline Natural Gas",,"Combustion turbine",,"Water Injection|Selective Catalytic Reduction",,,"ARP, CSOSG2"
"TX","Nueces Bay",3441,"8",90242,,2023,2896,2731.7,526559.78,,1.161,0.001,230044.038,0.0591,36.725,0.0338,3870943.87,"Pipeline Natural Gas",,"Combined cycle",,"Selective Catalytic Reduction",,,"ARP, CSOSG2"
"TX","Nueces Bay",3441,"9",90243,,2023,3225,3044.25,591357.08,,1.323,0.001,262046.829,0.0591,36.806,0.0282,4409414.978,"Pipeline Natural Gas",,"Combined cycle",,"Selective Catalytic Reduction",,,"ARP, CSOSG2"
"TX","Victoria Power Station",3443,"9",90094,,2023,4491,4481.11,987193.16,,2.298,0.001,455106.736,0.059,60.463,0.0177,7658066.885,"Pipeline Natural Gas",,"Combined cycle",,"Dry Low NOx Burners|Selective Catalytic Reduction",,,"ARP, CSOSG2"
"TX","Lake Hubbard",3452,"1",2313,,2023,1038,972.19,119376.75,,1.79,0.0026,91190.361,0.0613,103.244,0.1059,1465920.485,"Pipeline Natural Gas","Diesel Oil","Dry bottom wall-fired boiler",,"Combustion Modification/Fuel Reburning",,,"ARP, CSOSG2"
"TX","Lake Hubbard",3452,"2",2314,,2023,3266,3177.67,817274.94,,2.694,0.001,530109.329,0.0597,117.305,0.0326,8838556.398,"Pipeline Natural Gas","Diesel Oil","Dry bottom wall-fired boiler",,"Selective Catalytic Reduction|Low NOx Burner Technology w/ Overfire Air",,,"ARP, CSOSG2"
"TX","Mountain Creek Generating Station",3453,"6",2318,,2023,2122,2102.36,107166.04,,0.394,0.001,77964.017,0.0592,80.25,0.0844,1311845.799,"Pipeline Natural Gas",,"Dry bottom wall-fired boiler",,"Low NOx Burner Technology (Dry Bottom only)|Combustion Modification/Fuel Reburning",,,"ARP, CSOSG2"
"TX","Mountain Creek Generating Station",3453,"7",2319,,2023,3103,3076.01,143328.12,,0.515,0.001,101930.787,0.0592,186.538,0.1591,1715149.09,"Pipeline Natural Gas",,"Dry bottom wall-fired boiler",,"Low NOx Burner Technology (Dry Bottom only)|Combustion Modification/Fuel Reburning",,,"ARP, CSOSG2"
"TX","Mountain Creek Generating Station",3453,"8",2320,,2023,1517,1490.33,382352.97,,1.265,0.001,250623.084,0.059,48.571,0.022,4217207.298,"Pipeline Natural Gas",,"Tangentially-fired",,"Selective Catalytic Reduction",,,"ARP, CSOSG2"
"TX","Newman Power Station",3456,"1",2329,,2023,6060,6047.41,276828.05,,0.97,0.001,192095.413,0.0591,337.945,0.201,3232388.282,"Pipeline Natural Gas","Diesel Oil","Dry bottom wall-fired boiler",,,,,"ARP, CSOSG2"
"TX","Newman Power Station",3456,"2",2330,,2023,5484,5468.58,264365.34,,0.946,0.001,187376.974,0.0591,287.441,0.1705,3152964.233,"Pipeline Natural Gas","Diesel Oil","Dry bottom wall-fired boiler",,,,,"ARP, CSOSG2, TXSO2"
"TX","Newman Power Station",3456,"3",2331,,2023,2295,2285.02,105241.17,,0.347,0.001,68817.136,0.0591,99.925,0.1722,1158035.84,"Pipeline Natural Gas","Diesel Oil","Dry bottom wall-fired boiler",,,,,"ARP, CSOSG2, TXSO2"
"TX","Newman Power Station",3456,"**4",2327,,2023,7507,7481.44,647573.79,,1.848,0.001,366095.188,0.059,481.987,0.1598,6160274.404,"Pipeline Natural Gas",,"Combined cycle",,"Water Injection",,,"ARP, CSOSG2, TXSO2"
"TX","Newman Power Station",3456,"**5",2328,,2023,7275,7260.21,620415.29,,1.788,0.001,354121.848,0.059,448.935,0.1542,5958779.014,"Pipeline Natural Gas",,"Combined cycle",,"Water Injection",,,"ARP, CSOSG2, TXSO2"
"TX","Newman Power Station",3456,"GT-6A",91266,,2023,6939,6932.49,686717.84,,1.652,0.001,327267.345,0.059,25.2,0.0093,5506874.306,"Pipeline Natural Gas",,"Combined cycle",,"Dry Low NOx Burners",,,"ARP, CSOSG2"
"TX","Newman Power Station",3456,"GT-6B",91267,,2023,6956,6949.18,680463.15,,1.653,0.001,327362.618,0.059,25.076,0.0092,5508530.586,"Pipeline Natural Gas",,"Combined cycle",,"Dry Low NOx Burners",,,"ARP, CSOSG2"
"TX","Lewis Creek",3457,"1",2332,,2023,4900,4896.31,861725.06,,2.576,0.001,510224.701,0.059,111.504,0.0261,8585512.611,"Pipeline Natural Gas",,"Dry bottom wall-fired boiler",,"Selective Catalytic Reduction",,,"ARP, CSOSG2"
"TX","Lewis Creek",3457,"2",2333,,2023,5727,5718.48,971196.67,,3.002,0.001,594681.58,0.059,135.98,0.0264,10006613.327,"Pipeline Natural Gas",,"Dry bottom wall-fired boiler",,"Selective Catalytic Reduction",,,"ARP, CSOSG2"
"TX","Sabine",3459,"1",2338,,2023,4091,4066.03,474703.64,,1.448,0.001,286827.37,0.0591,342.393,0.1364,4826143.047,"Pipeline Natural Gas",,"Tangentially-fired",,,,,"ARP, CSOSG2"
"TX","Sabine",3459,"3",2340,,2023,4328,4310.41,815786.2,,2.53,0.001,501079.331,0.059,328.388,0.0794,8431590.685,"Pipeline Natural Gas",,"Tangentially-fired",,"Low NOx Burner Technology w/ Separated OFA",,,"ARP, CSOSG2"
"TX","Sabine",3459,"4",2341,,2023,5979,5972.76,1937971.07,,5.784,0.001,1145726.237,0.059,1732.79,0.1611,19279027.41,"Pipeline Natural Gas",,"Dry bottom wall-fired boiler",,"Combustion Modification/Fuel Reburning",,,"ARP, CSOSG2"
"TX","Sabine",3459,"5",2342,,2023,2731,2719.48,680224.73,,2.123,0.001,420542.894,0.0591,334.086,0.0797,7076368.962,"Pipeline Natural Gas",,"Tangentially-fired",,"Low NOx Burner Technology w/ Closed-coupled OFA",,,"ARP, CSOSG2"
"TX","Cedar Bayou",3460,"CBY1",2343,,2023,4074,4063.8,1642668.44,,5.076,0.001,1005433.273,0.059,625.136,0.0597,16918375.783,"Pipeline Natural Gas",,"Dry bottom wall-fired boiler",,"Selective Catalytic Reduction",,,"ARP, CSOSG2"
"TX","Cedar Bayou",3460,"CBY2",2344,,2023,4159,4147.74,1432772.9,,4.372,0.001,866125.772,0.059,482.611,0.0555,14574260.942,"Pipeline Natural Gas",,"Dry bottom wall-fired boiler",,"Selective Catalytic Reduction",,,"ARP, CSOSG2"
"TX","Greens Bayou",3464,"GBY73",89952,,2023,364,322.57,15391.02,,,,,,22.04,0.2559,228578.3,"Pipeline Natural Gas","Diesel Oil","Combustion turbine",,"Water Injection",,,"CSOSG2"
"TX","Greens Bayou",3464,"GBY74",89953,,2023,375,326.95,14997.49,,,,,,22.51,0.266,231772.4,"Pipeline Natural Gas","Diesel Oil","Combustion turbine",,"Water Injection",,,"CSOSG2"
"TX","Greens Bayou",3464,"GBY81",89954,,2023,418,368.81,17150.21,,,,,,24.093,0.2565,248627.4,"Pipeline Natural Gas","Diesel Oil","Combustion turbine",,"Water Injection",,,"CSOSG2"
"TX","Greens Bayou",3464,"GBY82",89955,,2023,368,329.06,13856.28,,,,,,21.259,0.2686,207151.7,"Pipeline Natural Gas","Diesel Oil","Combustion turbine",,"Water Injection",,,"CSOSG2"
"TX","Greens Bayou",3464,"GBY83",89956,,2023,391,337.77,16573.45,,,,,,21.899,0.2653,234129.2,"Pipeline Natural Gas","Diesel Oil","Combustion turbine",,"Water Injection",,,"CSOSG2"
"TX","Greens Bayou",3464,"GBY84",89957,,2023,366,317.9,15238.79,,,,,,21.835,0.2724,216973.8,"Pipeline Natural Gas","Diesel Oil","Combustion turbine",,"Water Injection",,,"CSOSG2"
"TX","T H Wharton",3469,"THW31",89958,,2023,1536,1372.21,71389.55,,,,58107.653,0.0592,7.965,0.0215,977767.52,"Pipeline Natural Gas",,"Combined cycle",,"Combustion Modification/Fuel Reburning",,,"CSOSG2"
"TX","T H Wharton",3469,"THW32",89959,,2023,1956,1808.92,98954.12,,,,,,10.03,0.0197,1271686.205,"Pipeline Natural Gas",,"Combined cycle",,"Combustion Modification/Fuel Reburning",,,"CSOSG2"
"TX","T H Wharton",3469,"THW33",89960,,2023,1469,1313.91,72504.56,,,,55996.947,0.0592,6.516,0.0186,942266.132,"Pipeline Natural Gas",,"Combined cycle",,,,,"CSOSG2"
"TX","T H Wharton",3469,"THW34",89961,,2023,1394,1241.19,68939.98,,,,53766.057,0.0591,7.455,0.0223,904695.049,"Pipeline Natural Gas",,"Combined cycle",,,,,"CSOSG2"
"TX","T H Wharton",3469,"THW41",89962,,2023,1168,1044.91,55537.81,,,,43995.186,0.0592,5.966,0.0214,740324.438,"Pipeline Natural Gas",,"Combined cycle",,,,,"CSOSG2"
"TX","T H Wharton",3469,"THW42",89963,,2023,1395,1246.51,65266.16,,,,51985.231,0.0591,6.819,0.0213,874783.545,"Pipeline Natural Gas",,"Combined cycle",,,,,"CSOSG2"
"TX","T H Wharton",3469,"THW43",89964,,2023,1374,1228.97,64778.69,,,,51375.003,0.0593,6.595,0.0202,864492.746,"Pipeline Natural Gas",,"Combined cycle",,,,,"CSOSG2"
"TX","T H Wharton",3469,"THW44",89965,,2023,1630,1476.52,78079.92,,,,,,8.499,0.0211,1046051.324,"Pipeline Natural Gas",,"Combined cycle",,"Combustion Modification/Fuel Reburning",,,"CSOSG2"
"TX","T H Wharton",3469,"THW51",89966,"CP50",2023,689,599.49,35375.61,,,,,,34.491,0.1462,470684.342,"Pipeline Natural Gas",,"Combustion turbine",,"Water Injection",,,"CSOSG2"
"TX","T H Wharton",3469,"THW52",89967,"CP50",2023,710,614.13,32474.9,,,,,,32.671,0.1463,445551.302,"Pipeline Natural Gas",,"Combustion turbine",,"Water Injection",,,"CSOSG2"
"TX","T H Wharton",3469,"THW53",89968,"CP50",2023,678,586.36,30499.29,,,,,,33.403,0.1582,422802.688,"Pipeline Natural Gas",,"Combustion turbine",,"Water Injection",,,"CSOSG2"
"TX","T H Wharton",3469,"THW54",89969,"CP50",2023,617,529.03,27020.85,,,,,,29.177,0.1545,377821.082,"Pipeline Natural Gas",,"Combustion turbine",,"Water Injection",,,"CSOSG2"
"TX","T H Wharton",3469,"THW55",89970,"CP50",2023,638,550.58,30071.86,,,,,,31.016,0.153,406314.126,"Pipeline Natural Gas",,"Combustion turbine",,"Water Injection",,,"CSOSG2"
"TX","T H Wharton",3469,"THW56",89971,"CP50",2023,601,514.48,27643.34,,,,,,28.771,0.1541,374015.74,"Pipeline Natural Gas",,"Combustion turbine",,"Water Injection",,,"CSOSG2"
"TX","W A Parish",3470,"WAP1",2374,,2023,1811,1763.7,155809.12,,0.541,0.001,107178.297,0.0591,208.168,0.1995,1803483.843,"Pipeline Natural Gas",,"Dry bottom wall-fired boiler",,"Overfire Air",,,"ARP, CSOSG2"
"TX","W A Parish",3470,"WAP2",2375,,2023,2696,2628.39,186850.63,,0.679,0.001,134490.626,0.0591,146.034,0.1103,2263084.487,"Pipeline Natural Gas",,"Dry bottom wall-fired boiler",,"Overfire Air",,,"ARP, CSOSG2"
"TX","W A Parish",3470,"WAP3",2376,,2023,3001,2953.92,385961.1,,1.23,0.001,243708.947,0.059,544.412,0.2037,4100916.666,"Pipeline Natural Gas",,"Dry bottom wall-fired boiler",,"Overfire Air",,,"ARP, CSOSG2"
"TX","W A Parish",3470,"WAP4",2377,,2023,2233,2178.19,591688.52,,1.956,0.001,387454.621,0.059,513.774,0.1291,6519643.095,"Pipeline Natural Gas",,"Tangentially-fired",,"Overfire Air",,,"ARP, CSOSG2, TXSO2"
"TX","W A Parish",3470,"WAP5",2378,,2023,7633,7624.76,3127356.58,,9518.587,0.6195,3132104.755,0.1037,994.955,0.0622,30216025.713,"Coal","Pipeline Natural Gas","Dry bottom wall-fired boiler",,"Selective Catalytic Reduction","Baghouse","Halogenated PAC Sorbent Injection","ARP, CSOSG2, MATS, TXSO2"
"TX","W A Parish",3470,"WAP6",2379,,2023,7453,7443.13,2886659.74,,10025.995,0.6355,3193890.307,0.1028,1145.72,0.0687,31041414.958,"Coal","Pipeline Natural Gas","Dry bottom wall-fired boiler",,"Selective Catalytic Reduction","Baghouse","Halogenated PAC Sorbent Injection","ARP, CSOSG2, MATS, TXSO2"
"TX","W A Parish",3470,"WAP7",2380,,2023,7694,7678.99,3021391.32,,8406.217,0.6163,2788147.79,0.1039,985.308,0.0728,26688633.149,"Coal","Pipeline Natural Gas","Tangentially-fired",,"Selective Catalytic Reduction","Baghouse","Halogenated PAC Sorbent Injection","ARP, CSOSG2, MATS, TXSO2"
"TX","W A Parish",3470,"WAP8",2381,"MS1, MS2",2023,3091,3082.44,1252742.36,,542.614,0.0813,929643.529,0.0724,457.156,0.0701,12975504.726,"Coal","Pipeline Natural Gas","Tangentially-fired","Sodium Based|Wet Lime FGD","Low NOx Burner Technology w/ Closed-coupled/Separated OFA|Selective Catalytic Reduction|Ammonia Injection","Baghouse","Halogenated PAC Sorbent Injection","ARP, CSOSG2, MATS"
"TX","Knox Lee Power Plant",3476,"5",2388,,2023,3918,3892.67,501603.96,,1.522,0.001,301381.902,0.059,374.358,0.1253,5071367.391,"Pipeline Natural Gas",,"Tangentially-fired",,,,,"ARP, CSOSG2"
"TX","Wilkes Power Plant",3478,"1",2390,,2023,2978,2945.03,141910.94,,0.516,0.001,102266.836,0.0591,119.669,0.1263,1720805.02,"Pipeline Natural Gas","Other Oil","Tangentially-fired",,"Combustion Modification/Fuel Reburning",,,"ARP, CSOSG2, TXSO2"
"TX","Wilkes Power Plant",3478,"2",2391,,2023,3840,3822.71,448012.98,,1.417,0.001,280660.765,0.0592,399.783,0.1344,4722671.31,"Pipeline Natural Gas",,"Dry bottom wall-fired boiler",,"Low NOx Burner Technology (Dry Bottom only)",,,"ARP, CSOSG2, TXSO2"
"TX","Wilkes Power Plant",3478,"3",2392,,2023,4756,4736.15,601496.47,,1.77,0.001,350527.106,0.0591,411.083,0.1067,5898240.251,"Pipeline Natural Gas",,"Dry bottom wall-fired boiler",,"Low NOx Burner Technology (Dry Bottom only)",,,"ARP, CSOSG2, TXSO2"
"TX","Jones Station",3482,"151B",2394,,2023,6436,6391.43,814209.57,,2.452,0.001,484926.369,0.059,455.756,0.0998,8157508.682,"Pipeline Natural Gas","Diesel Oil","Tangentially-fired",,"Overfire Air",,,"ARP, CSOSG2"
"TX","Jones Station",3482,"152B",2395,,2023,5227,5183.71,606436.48,,1.884,0.001,373029.536,0.059,308.285,0.0962,6275633.032,"Pipeline Natural Gas","Diesel Oil, Other Oil","Tangentially-fired",,"Low NOx Burner Technology w/ Separated OFA",,,"ARP, CSOSG2"
"TX","Jones Station",3482,"153T",90700,,2023,2184,2005.37,261162.68,,0.859,0.001,170098.874,0.059,44.116,0.036,2862258.726,"Pipeline Natural Gas",,"Combustion turbine",,"Dry Low NOx Burners",,,"ARP, CSOSG2"
"TX","Jones Station",3482,"154T",90833,,2023,1972,1789.92,242802.31,,0.79,0.001,156396.296,0.059,41.073,0.037,2631684.083,"Pipeline Natural Gas",,"Combustion turbine",,"Dry Low NOx Burners",,,"ARP, CSOSG2"
"TX","Nichols Station",3484,"141B",2398,,2023,6755,6718.77,337332.49,,0.984,0.001,194763.617,0.0592,162.682,0.0937,3277292.303,"Pipeline Natural Gas",,"Tangentially-fired",,"Overfire Air",,,"ARP, CSOSG2"
"TX","Nichols Station",3484,"142B",2399,,2023,7141,7100.11,338661.2,,1.126,0.001,220656.447,0.0592,218.946,0.0965,3712983.796,"Pipeline Natural Gas",,"Tangentially-fired",,"Overfire Air",,,"ARP, CSOSG2"
"TX","Nichols Station",3484,"143B",2400,,2023,6977,6918.54,631463.94,,2.021,0.001,400237.646,0.0592,402.619,0.1102,6734684.341,"Pipeline Natural Gas",,"Tangentially-fired",,"Overfire Air",,,"ARP, CSOSG2"
"TX","Plant X",3485,"111B",2401,,2023,0,0,,,,,,,,,,"Pipeline Natural Gas","Diesel Oil","Dry bottom wall-fired boiler",,,,,"ARP, CSOSG2"
"TX","Plant X",3485,"112B",2402,,2023,0,0,,,,,,,,,,"Pipeline Natural Gas","Diesel Oil","Tangentially-fired",,,,,"ARP, CSOSG2"
"TX","Plant X",3485,"114B",2404,,2023,6319,6281.03,690767.61,,2.133,0.001,422481.125,0.059,459.597,0.1095,7108288.653,"Pipeline Natural Gas","Diesel Oil, Other Oil","Tangentially-fired",,"Overfire Air",,,"ARP, CSOSG2"
"TX","Graham",3490,"1",2408,,2023,3176,3097.59,527098.68,,1.474,0.001,291944.545,0.059,930.776,0.3221,4912442.294,"Pipeline Natural Gas","Diesel Oil","Dry bottom wall-fired boiler",,"Combustion Modification/Fuel Reburning",,,"ARP, CSOSG2"
"TX","Graham",3490,"2",2409,,2023,2983,2876.72,673661.87,,2.036,0.001,403337.934,0.059,1425.225,0.2987,6786700.655,"Pipeline Natural Gas","Diesel Oil","Dry bottom wall-fired boiler",,"Combustion Modification/Fuel Reburning|Overfire Air",,,"ARP, CSOSG2, TXSO2"
"TX","Handley Generating Station",3491,"3",2413,,2023,3317,3290.79,559981.41,,1.9,0.001,376322.597,0.059,74.314,0.0192,6332379.449,"Pipeline Natural Gas",,"Dry bottom wall-fired boiler",,"Combustion Modification/Fuel Reburning|Selective Catalytic Reduction",,,"ARP, CSOSG2"
"TX","Handley Generating Station",3491,"4",2414,,2023,2858,2745.83,568933.52,,1.997,0.001,395501.334,0.059,36.774,0.0152,6655072.949,"Pipeline Natural Gas",,"Dry bottom wall-fired boiler",,"Selective Catalytic Reduction",,,"ARP, CSOSG2"
"TX","Handley Generating Station",3491,"5",2415,,2023,2553,2447.76,498643.65,,1.835,0.001,363462.973,0.059,42.695,0.0195,6115976.476,"Pipeline Natural Gas",,"Dry bottom wall-fired boiler",,"Selective Catalytic Reduction",,,"ARP, CSOSG2"
"TX","Morgan Creek",3492,"CT1",90017,,2023,394,308.02,14614.64,,,,,,84.577,0.9278,197977.9,"Pipeline Natural Gas","Diesel Oil","Combustion turbine",,"Water Injection",,,"CSOSG2"
"TX","Morgan Creek",3492,"CT2",90018,,2023,377,297.17,14678.52,,,,,,86.699,0.9116,205349.6,"Pipeline Natural Gas","Diesel Oil","Combustion turbine",,"Water Injection",,,"CSOSG2"
"TX","Morgan Creek",3492,"CT3",90019,,2023,295,231.52,11610.16,,,,,,74.409,0.9258,170811.1,"Pipeline Natural Gas","Diesel Oil","Combustion turbine",,"Water Injection",,,"CSOSG2"
"TX","Morgan Creek",3492,"CT4",90020,,2023,257,192.03,8824.64,,,,,,74.515,1.1796,126678.6,"Pipeline Natural Gas","Diesel Oil","Combustion turbine",,"Water Injection",,,"CSOSG2"
"TX","Morgan Creek",3492,"CT5",90021,,2023,299,227.09,11744.32,,,,,,84.199,1.0772,160401.2,"Pipeline Natural Gas","Diesel Oil","Combustion turbine",,"Water Injection",,,"CSOSG2"
"TX","Morgan Creek",3492,"CT6",90022,,2023,255,194.23,9355.78,,,,,,70.861,1.1329,126068.1,"Pipeline Natural Gas","Diesel Oil","Combustion turbine",,"Water Injection",,,"CSOSG2"
"TX","Permian Basin",3494,"CT1",90023,,2023,1679,1427.07,71619.5,,,,55204.754,0.0588,113.59,0.223,925669.296,"Pipeline Natural Gas","Diesel Oil","Combustion turbine",,"Water Injection",,,"CSOSG2"
"TX","Permian Basin",3494,"CT2",90024,,2023,1388,1157.13,58414.78,,,,44431.912,0.0594,97.845,0.2329,745908.731,"Pipeline Natural Gas","Diesel Oil","Combustion turbine",,"Water Injection",,,"CSOSG2"
"TX","Permian Basin",3494,"CT3",90025,,2023,1671,1406.44,70986.57,,,,54185.856,0.0593,117.073,0.2329,910037.538,"Pipeline Natural Gas","Diesel Oil","Combustion turbine",,"Water Injection",,,"CSOSG2"
"TX","Permian Basin",3494,"CT4",90026,,2023,1614,1334.13,64526.96,,,,52271.745,0.0593,115.104,0.2372,877815.79,"Pipeline Natural Gas","Diesel Oil","Combustion turbine",,"Water Injection",,,"CSOSG2"
"TX","Permian Basin",3494,"CT5",90027,,2023,1783,1519.75,78228.44,,,,60171.259,0.0594,130.305,0.2343,1008598.142,"Pipeline Natural Gas","Diesel Oil","Combustion turbine",,"Water Injection",,,"CSOSG2"
"TX","Stryker Creek",3504,"1",2429,,2023,2797,2718.79,235613.25,,0.819,0.001,162198.322,0.0591,287.052,0.1629,2729159.219,"Pipeline Natural Gas","Diesel Oil","Dry bottom wall-fired boiler",,"Low NOx Burner Technology (Dry Bottom only)",,,"ARP, CSOSG2"
"TX","Stryker Creek",3504,"2",2430,,2023,3543,3409.74,869696.5,,2.742,0.001,543186.921,0.059,427.851,0.0809,9140094.598,"Pipeline Natural Gas","Diesel Oil","Tangentially-fired",,"Low NOx Burner Technology w/ Separated OFA",,,"ARP, CSOSG2, TXSO2"
"TX","Trinidad",3507,"9",2435,,2023,2389,2323.18,339322.11,,1.269,0.001,251395.385,0.059,518.463,0.2056,4230250.784,"Pipeline Natural Gas","Residual Oil","Tangentially-fired",,,,,"ARP, CSOSG2"
"TX","Decker Creek",3548,"GT-1A",89911,,2023,672,515.04,11570.25,,,,,,63.096,0.7001,180264,"Pipeline Natural Gas","Other Oil","Combustion turbine",,"Water Injection",,,"CSOSG2"
"TX","Decker Creek",3548,"GT-1B",89912,,2023,410,297.6,6760.25,,,,,,36.458,0.7002,104160,"Pipeline Natural Gas","Other Oil","Combustion turbine",,"Water Injection",,,"CSOSG2"
"TX","Decker Creek",3548,"GT-2A",89913,,2023,613,492.44,11047.95,,,,,,60.327,0.7001,172354,"Pipeline Natural Gas","Other Oil","Combustion turbine",,"Water Injection",,,"CSOSG2"
"TX","Decker Creek",3548,"GT-2B",89914,,2023,627,500.84,10990.65,,,,,,61.356,0.7001,175294,"Pipeline Natural Gas","Other Oil","Combustion turbine",,"Water Injection",,,"CSOSG2"
"TX","Decker Creek",3548,"GT-3A",89915,,2023,657,521.61,12647.12,,,,,,63.9,0.7001,182563.5,"Pipeline Natural Gas","Other Oil","Combustion turbine",,"Water Injection",,,"CSOSG2"
"TX","Decker Creek",3548,"GT-3B",89916,,2023,674,533.73,13683.28,,,,,,65.385,0.7001,186805.5,"Pipeline Natural Gas","Other Oil","Combustion turbine",,"Water Injection",,,"CSOSG2"
"TX","Decker Creek",3548,"GT-4A",89917,,2023,601,459.91,11051.06,,,,,,56.342,0.7001,160968.5,"Pipeline Natural Gas","Other Oil","Combustion turbine",,"Water Injection",,,"CSOSG2"
"TX","Decker Creek",3548,"GT-4B",89918,,2023,657,503.5,12093.37,,,,,,61.682,0.7002,176225,"Pipeline Natural Gas","Other Oil","Combustion turbine",,"Water Injection",,,"CSOSG2"
"TX","Silas Ray",3559,"10",89523,,2023,2288,2004.63,51542.56,,0.165,0.0009,32713.562,0.063,2.995,0.0176,550527.755,"Pipeline Natural Gas",,"Combustion turbine",,"Selective Catalytic Reduction",,,"ARP, CSOSG2"
"TX","Silas Ray",3559,"9",2461,,2023,2202,1965.94,66336.31,,0.3,0.001,59468.386,0.0592,32.745,0.0712,1000660.123,"Pipeline Natural Gas","Diesel Oil","Combined cycle",,"Dry Low NOx Burners",,,"ARP, CSOSG2"
"TX","Ray Olinger",3576,"BW2",2464,,2023,2211,2058.5,36240.75,,0.137,0.001,27175.525,0.0594,14.544,0.0439,457287.5,"Pipeline Natural Gas",,"Dry bottom wall-fired boiler",,"Overfire Air",,,"ARP, CSOSG2"
"TX","Ray Olinger",3576,"BW3",2465,,2023,2364,2214.5,57015.25,,0.16,0.001,31647.675,0.058,20.659,0.0626,533228.8,"Pipeline Natural Gas",,"Dry bottom wall-fired boiler",,"Low NOx Burner Technology w/ Overfire Air",,,"ARP, CSOSG2"
"TX","Ray Olinger",3576,"CE1",2466,,2023,0,0,,,,,,,,,,"Pipeline Natural Gas",,"Tangentially-fired",,"Low NOx Burner Technology w/ Separated OFA",,,"ARP, CSOSG2"
"TX","Ray Olinger",3576,"GE4",2467,,2023,651,570,33189.5,,0.12,0.001,23678.225,0.0592,5.745,0.0405,398415.225,"Pipeline Natural Gas",,"Combustion turbine",,"Dry Low NOx Burners",,,"ARP, CSOSG2"
"TX","Sim Gideon",3601,"1",2468,,2023,3635,3607.78,243103.48,,0.752,0.001,149024.328,0.0591,174.567,0.1202,2507639.197,"Pipeline Natural Gas","Diesel Oil","Dry bottom wall-fired boiler",,"Overfire Air|Other",,,"ARP, CSOSG2"
"TX","Sim Gideon",3601,"2",2469,,2023,4373,4341.19,305142.5,,0.893,0.001,176878.683,0.0591,222.818,0.1324,2976251.253,"Pipeline Natural Gas","Diesel Oil","Dry bottom wall-fired boiler",,"Overfire Air|Other",,,"ARP, CSOSG2"
"TX","Sim Gideon",3601,"3",2470,,2023,4447,4399.32,717874.6,,2.264,0.001,448471.897,0.059,502.774,0.1142,7546445.709,"Pipeline Natural Gas","Diesel Oil","Tangentially-fired",,"Combustion Modification/Fuel Reburning|Overfire Air",,,"ARP, CSOSG2"
"TX","J Robert Massengale Generating Station",3604,"GT1",2474,,2023,1048,920.74,36797.57,,0.095,0.0009,18814.585,0.0593,6.156,0.0438,316573.817,"Pipeline Natural Gas",,"Combined cycle",,"Selective Catalytic Reduction",,,"ARP, CSOSG2"
"TX","Leon Creek",3609,"CGT1",89297,,2023,1511,1307.06,57416.75,,0.167,0.001,33096.319,0.0592,4.312,0.0276,556905.175,"Pipeline Natural Gas",,"Combustion turbine",,"Selective Catalytic Reduction",,,"ARP, CSOSG2"
"TX","Leon Creek",3609,"CGT2",89298,,2023,1556,1341.14,57560.58,,0.17,0.001,33605.876,0.0592,4.441,0.0325,565495.38,"Pipeline Natural Gas",,"Combustion turbine",,"Selective Catalytic Reduction",,,"ARP, CSOSG2"
"TX","Leon Creek",3609,"CGT3",89299,,2023,1481,1286.15,57690.41,,0.167,0.001,33169.268,0.0592,4.34,0.0275,558159.328,"Pipeline Natural Gas",,"Combustion turbine",,"Selective Catalytic Reduction",,,"ARP, CSOSG2"
"TX","Leon Creek",3609,"CGT4",89300,,2023,1616,1400.16,62124.63,,0.181,0.001,35856.365,0.0592,4.935,0.0309,603346.576,"Pipeline Natural Gas",,"Combustion turbine",,"Selective Catalytic Reduction",,,"ARP, CSOSG2"
"TX","O W Sommers",3611,"1",2479,,2023,5128,5095.26,1153499.33,,3.556,0.001,704448.281,0.0591,1005.433,0.1509,11853703.102,"Pipeline Natural Gas","Diesel Oil","Tangentially-fired",,,,,"ARP, CSOSG2, TXSO2"
"TX","O W Sommers",3611,"2",2480,,2023,4297,4243.68,821446.22,,2.712,0.001,537245.422,0.0589,572.28,0.1127,9040192.549,"Pipeline Natural Gas","Diesel Oil","Tangentially-fired",,,,,"ARP, CSOSG2, TXSO2"
"TX","V H Braunig",3612,"1",2481,,2023,3265,3169.33,408368.57,,1.145,0.001,226846.49,0.0591,414.496,0.1725,3817101.97,"Pipeline Natural Gas","Diesel Oil","Tangentially-fired",,,,,"ARP, CSOSG2"
"TX","V H Braunig",3612,"2",2482,,2023,2159,2039.96,181787.98,,0.601,0.001,119085.392,0.0591,144.101,0.1186,2003829.077,"Pipeline Natural Gas","Diesel Oil","Tangentially-fired",,,,,"ARP, CSOSG2"
"TX","V H Braunig",3612,"3",2483,,2023,4856,4821.21,977484.91,,3.161,0.001,626075.317,0.059,876.5,0.144,10534889.299,"Pipeline Natural Gas","Diesel Oil","Tangentially-fired",,,,,"ARP, CSOSG2"
"TX","V H Braunig",3612,"CGT5",89837,,2023,1583,1349.35,59428.92,,0.188,0.0009,34860.447,0.0595,4.103,0.0226,585690.842,"Pipeline Natural Gas","Diesel Oil","Combustion turbine",,"Selective Catalytic Reduction",,,"ARP, CSOSG2"
"TX","V H Braunig",3612,"CGT6",89838,,2023,1590,1360.73,59811.09,,0.189,0.0009,35182.301,0.0594,4.122,0.0235,591001.943,"Pipeline Natural Gas","Diesel Oil","Combustion turbine",,"Selective Catalytic Reduction",,,"ARP, CSOSG2"
"TX","V H Braunig",3612,"CGT7",89839,,2023,1475,1278.03,56232.95,,0.178,0.0009,32514.709,0.0595,4.147,0.0238,545718.402,"Pipeline Natural Gas","Diesel Oil","Combustion turbine",,"Selective Catalytic Reduction",,,"ARP, CSOSG2"
"TX","V H Braunig",3612,"CGT8",89840,,2023,1508,1303.22,56520.55,,0.181,0.0009,32977.511,0.0595,3.74,0.0197,553875.25,"Pipeline Natural Gas","Diesel Oil","Combustion turbine",,"Selective Catalytic Reduction",,,"ARP, CSOSG2"
"TX","V H Braunig",3612,"CT01",2484,"CP01",2023,5754,5731.87,1322618.5,,2.685,0.001,531792.015,0.059,97.566,0.0223,8948374.251,"Pipeline Natural Gas",,"Combined cycle",,"Dry Low NOx Burners|Selective Catalytic Reduction",,,"ARP, CSOSG2"
"TX","V H Braunig",3612,"CT02",2485,"CP01",2023,6862,6846.8,1588852.96,,3.267,0.001,647160.953,0.059,127.738,0.0238,10889504.719,"Pipeline Natural Gas",,"Combined cycle",,"Dry Low NOx Burners|Selective Catalytic Reduction",,,"ARP, CSOSG2"
"TX","R W Miller",3628,"1",2493,,2023,0,0,,,,,,,,,,"Pipeline Natural Gas",,"Dry bottom wall-fired boiler",,,,,"ARP, CSOSG2"
"TX","R W Miller",3628,"2",2494,,2023,3147,3114.81,160863.01,,1.923,0.0025,113479.601,0.0593,295.917,0.2674,1903792.525,"Pipeline Natural Gas","Diesel Oil","Dry bottom wall-fired boiler",,,,,"ARP, CSOSG2"
"TX","R W Miller",3628,"3",2495,,2023,3269,3253.97,243982.85,,0.851,0.0011,158454.901,0.0591,178.49,0.1176,2665893.049,"Pipeline Natural Gas","Diesel Oil","Dry bottom wall-fired boiler",,"Combustion Modification/Fuel Reburning",,,"ARP, CSOSG2"
"TX","R W Miller",3628,"**4",2491,,2023,846,732.33,51072.2,,0.378,0.0022,39684.376,0.06,30.196,0.108,663195.8,"Pipeline Natural Gas","Diesel Oil","Combustion turbine",,"Water Injection",,,"ARP, CSOSG2"
"TX","R W Miller",3628,"**5",2492,,2023,915,794.68,53430.84,,0.572,0.0024,43907.342,0.0602,38.682,0.1272,729815.387,"Pipeline Natural Gas","Diesel Oil","Combustion turbine",,"Water Injection",,,"ARP, CSOSG2"
"TX","Sam Rayburn Plant",3631,"CT7",8334,,2023,3345,3100.87,90778.76,,0.288,0.001,55364.66,0.061,8.345,0.0267,906939.213,"Pipeline Natural Gas","Diesel Oil","Combined cycle",,"Dry Low NOx Burners|Selective Catalytic Reduction",,,"ARP, CSOSG2"
"TX","Sam Rayburn Plant",3631,"CT8",8336,,2023,3087,2830.74,81492.57,,0.263,0.001,50058.322,0.061,7.848,0.0255,819942.225,"Pipeline Natural Gas","Diesel Oil","Combined cycle",,"Dry Low NOx Burners|Selective Catalytic Reduction",,,"ARP, CSOSG2"
"TX","Sam Rayburn Plant",3631,"CT9",8338,,2023,3357,3084.88,92442.24,,0.281,0.0011,53020.047,0.061,9.417,0.0327,868021.377,"Pipeline Natural Gas","Diesel Oil","Combined cycle",,"Dry Low NOx Burners|Selective Catalytic Reduction",,,"ARP, CSOSG2"
"UT","Gadsby",3648,"1",2498,,2023,2380,2144.07,50918.69,,0.262,0.001,51848.818,0.0593,47.728,0.0809,872477.851,"Pipeline Natural Gas",,"Dry bottom wall-fired boiler",,"Low NOx Burner Technology (Dry Bottom only)",,,"ARP"
"UT","Gadsby",3648,"2",2499,,2023,2550,2321.19,65481.98,,0.292,0.001,57893.41,0.0592,54.74,0.091,974150.954,"Pipeline Natural Gas",,"Dry bottom wall-fired boiler",,"Low NOx Burner Technology (Dry Bottom only)",,,"ARP"
"UT","Gadsby",3648,"3",2500,,2023,4458,4088.55,160147.14,,0.57,0.001,112879.239,0.0592,84.382,0.0887,1899426.036,"Pipeline Natural Gas",,"Tangentially-fired",,,,,"ARP"
"UT","Gadsby",3648,"4",9559,,2023,212,126.68,1888.51,,0.007,0.001,1369.603,0.0591,0.623,0.0678,23049.65,"Pipeline Natural Gas",,"Combustion turbine",,"Water Injection|Selective Catalytic Reduction",,,"ARP"
"UT","Gadsby",3648,"5",9560,,2023,217,125.98,1906.75,,0.007,0.001,1463.999,0.0588,0.516,0.0516,24633.101,"Pipeline Natural Gas",,"Combustion turbine",,"Water Injection|Selective Catalytic Reduction",,,"ARP"
"UT","Gadsby",3648,"6",9561,,2023,235,139.46,2095.33,,0.008,0.001,1570.782,0.0591,0.696,0.0629,26429.021,"Pipeline Natural Gas",,"Combustion turbine",,"Water Injection|Selective Catalytic Reduction",,,"ARP"
"VT","Berlin 5",3734,"A",90480,,2023,37,34.2,,,,,765.3,0.081,,,9456.6,"Diesel Oil",,"Combustion turbine",,,,,"RGGI"
"VT","Berlin 5",3734,"B",90516,,2023,37,34.2,,,,,477.7,0.081,,,5894.9,"Diesel Oil",,"Combustion turbine",,,,,"RGGI"
"VT","Penny Lane Gas Turbine",3754,"CT1",90491,,2023,53,39.5,,,,,405.7,0.0811,,,5009.5,"Diesel Oil",,"Combustion turbine",,,,,"RGGI"
"VT","Penny Lane Gas Turbine",3754,"CT2",90515,,2023,53,39,,,,,417.2,0.0812,,,5158.9,"Diesel Oil",,"Combustion turbine",,,,,"RGGI"
"VA","Clinch River",3775,"1",2502,"CS012",2023,546,538.14,44378.5,,13.957,0.0517,32209.808,0.059,35.191,0.1144,542003.47,"Natural Gas",,"Dry bottom vertically-fired boiler",,"Low NOx Burner Technology (Dry Bottom only)|Selective Non-catalytic Reduction",,,"ARP, CSNOX, CSOSG3, CSSO2G1, RGGI"
"VA","Clinch River",3775,"2",2503,"CS012",2023,674,662.73,48451.7,,14.981,0.0517,34575.084,0.059,37.412,0.1138,581797.415,"Natural Gas",,"Dry bottom vertically-fired boiler",,"Low NOx Burner Technology (Dry Bottom only)|Selective Non-catalytic Reduction",,,"ARP, CSNOX, CSOSG3, CSSO2G1, RGGI"
"VA","Tasley Energy Center",3785,"TA10",89335,,2023,115,115,2360,,0.581,0.021,4427.5,0.081,32.746,1.2,54579,"Diesel Oil",,"Combustion turbine",,,,,"CSNOX, CSOSG3, CSSO2G1, RGGI"
"VA","Chesterfield Power Station",3797,"5",2519,,2023,684,679.92,127267.23,,53.37,0.0775,130562.297,0.103,29.254,0.0471,1272521.469,"Coal",,"Tangentially-fired","Wet Lime FGD (Retired May 31, 2023)","Low NOx Burner Technology w/ Separated OFA (Retired May 31, 2023)|Selective Catalytic Reduction (Retired May 31, 2023)","Electrostatic Precipitator (Retired May 31, 2023)",,"ARP, CSNOX, CSOSG3, CSSO2G1, MATS, RGGI"
"VA","Chesterfield Power Station",3797,"6",2520,,2023,766,763.11,332650.76,,129.936,0.0687,371579.474,0.103,105.088,0.062,3621627.396,"Coal",,"Tangentially-fired","Wet Limestone (Retired May 31, 2023)","Low NOx Burner Technology w/ Closed-coupled/Separated OFA (Retired May 31, 2023)|Selective Catalytic Reduction (Retired May 31, 2023)","Baghouse (Retired May 31, 2023)|Wet Scrubber (Retired May 31, 2023)",,"ARP, CSNOX, CSOSG3, CSSO2G1, MATS, RGGI"
"VA","Chesterfield Power Station",3797,"7",89200,,2023,5482,5466.27,954206.3,,2.178,0.001,431441.174,0.059,463.674,0.128,7259778.523,"Pipeline Natural Gas","Diesel Oil","Combined cycle",,"Steam Injection",,,"CSNOX, CSOSG3, CSSO2G1, RGGI"
"VA","Chesterfield Power Station",3797,"**8A",2515,,2023,6247,6238.48,1099050.86,,2.464,0.001,485474.766,0.059,517.956,0.1238,8168909.964,"Pipeline Natural Gas","Diesel Oil","Combined cycle",,"Steam Injection",,,"ARP, CSNOX, CSOSG3, CSSO2G1, RGGI"
"VA","Possum Point Power Station",3804,"6A",8340,,2023,4505,4493.63,940520.65,,2.004,0.001,397002.964,0.059,32.885,0.0116,6680290.331,"Pipeline Natural Gas","Diesel Oil","Combined cycle",,"Dry Low NOx Burners|Water Injection|Selective Catalytic Reduction",,,"ARP, CSNOX, CSOSG3, CSSO2G1, RGGI"
"VA","Possum Point Power Station",3804,"6B",8342,,2023,4745,4728.39,991730.61,,2.102,0.001,416387.03,0.059,32.934,0.0109,7006481.251,"Pipeline Natural Gas","Diesel Oil","Combined cycle",,"Dry Low NOx Burners|Water Injection|Selective Catalytic Reduction",,,"ARP, CSNOX, CSOSG3, CSSO2G1, RGGI"
"VA","Yorktown Power Station",3809,"3",2532,,2023,160,157.25,0,,0.75,2.2149,1624.589,0.0678,0.218,0.018,20095.829,"Residual Oil","Diesel Oil, Pipeline Natural Gas","Tangentially-fired",,"Other (Retired Jun 30, 2023)","Other (Retired Jun 30, 2023)",,"ARP, CSNOX, CSOSG3, CSSO2G1, MATS, RGGI"
"WA","Centralia",3845,"BW22",2534,,2023,7155,7145.59,4436384.54,,1161.237,0.0537,4960494.358,0.105,4107.822,0.1743,47296886.614,"Coal",,"Tangentially-fired","Wet Limestone","Low NOx Burner Technology w/ Closed-coupled/Separated OFA","Wet Scrubber|Electrostatic Precipitator",,"ARP, MATS"
"WV","John E Amos",3935,"1",2538,,2023,5580,5566.45,2069367.97,,705.437,0.0627,2190566.585,0.103,969.412,0.0957,21350563.971,"Coal",,"Dry bottom wall-fired boiler","Wet Limestone","Low NOx Burner Technology (Dry Bottom only)|Selective Catalytic Reduction","Electrostatic Precipitator",,"ARP, CSNOX, CSOSG2E, CSSO2G1, MATS"
"WV","John E Amos",3935,"2",2539,,2023,5857,5838.26,2405417.2,,903.306,0.0922,2452007.241,0.103,1035.519,0.0928,23898716.628,"Coal",,"Dry bottom wall-fired boiler","Wet Limestone","Low NOx Burner Technology (Dry Bottom only)|Selective Catalytic Reduction","Electrostatic Precipitator",,"ARP, CSNOX, CSOSG2E, CSSO2G1, MATS"
"WV","John E Amos",3935,"3",2540,,2023,5990,5982.99,4713846.73,,2928.039,0.1371,4915175.795,0.103,2426.731,0.1012,47906174.242,"Coal",,"Cell burner boiler","Wet Limestone","Low NOx Cell Burner|Selective Catalytic Reduction","Electrostatic Precipitator",,"ARP, CSNOX, CSOSG2E, CSSO2G1, MATS"
"WV","John E Amos",3935,"AUX1",10024,,2023,81,76.2,,,,,,,48.92,2,48920.4,"Diesel Oil",,"Other boiler",,,,,"SIPNOX"
"WV","John E Amos",3935,"AUX3",10025,,2023,8,3.57,,,,,,,0.11,0.103,2134.9,"Diesel Oil",,"Other boiler",,,,,"SIPNOX"
"WV","Fort Martin Power Station",3943,"1",2551,,2023,5507,5486.31,2028915.64,,972.979,0.1161,1843186.738,0.1026,2236.396,0.2353,17964767.217,"Coal",,"Tangentially-fired","Wet Lime FGD","Low NOx Burner Technology w/ Closed-coupled OFA","Electrostatic Precipitator","Catalyst (gold, palladium, or other) used to oxidize mercury","ARP, CSNOX, CSOSG2E, CSSO2G1, MATS"
"WV","Fort Martin Power Station",3943,"2",2552,,2023,7053,7036.49,2793096.22,,1399.576,0.1041,2630304.769,0.1023,3025.017,0.2233,25636491.435,"Coal",,"Cell burner boiler","Wet Lime FGD","Low NOx Cell Burner","Electrostatic Precipitator","Catalyst (gold, palladium, or other) used to oxidize mercury","ARP, CSNOX, CSOSG2E, CSSO2G1, MATS"
"WV","Harrison Power Station",3944,"1",2553,,2023,7212,7197.85,4377431.28,,5368.136,0.2874,4388063.04,0.103,1792.943,0.0868,42768692.644,"Coal",,"Dry bottom wall-fired boiler","Wet Lime FGD","Low NOx Burner Technology (Dry Bottom only)|Selective Catalytic Reduction","Electrostatic Precipitator",,"ARP, CSNOX, CSOSG2E, CSSO2G1, MATS"
"WV","Harrison Power Station",3944,"2",2554,,2023,7627,7613.7,4662894.43,,5438.518,46.4207,4459713.034,0.1028,1411.72,0.0731,43466988.049,"Coal",,"Dry bottom wall-fired boiler","Wet Lime FGD","Low NOx Burner Technology (Dry Bottom only)|Selective Catalytic Reduction","Electrostatic Precipitator",,"ARP, CSNOX, CSOSG2E, CSSO2G1, MATS"
"WV","Harrison Power Station",3944,"3",2555,,2023,5481,5470.02,3090272.89,,4844.564,1.0206,3377121.692,0.103,1557.722,0.1051,32915413.859,"Coal",,"Dry bottom wall-fired boiler","Wet Lime FGD","Low NOx Burner Technology (Dry Bottom only)|Selective Catalytic Reduction","Electrostatic Precipitator",,"ARP, CSNOX, CSOSG2E, CSSO2G1, MATS"
"WV","Mitchell (WV)",3948,"1",2563,,2023,3970,3956,1483392.77,,653.441,0.085,1629678.25,0.1029,692.098,0.0938,15883813.869,"Coal",,"Dry bottom wall-fired boiler","Wet Limestone","Low NOx Burner Technology (Dry Bottom only)|Selective Catalytic Reduction","Electrostatic Precipitator",,"ARP, CSNOX, CSOSG2E, CSSO2G1, MATS"
"WV","Mitchell (WV)",3948,"2",2564,,2023,4980,4974.88,2192417.9,,539.624,0.0513,2278849.371,0.103,888.982,0.0841,22211049.582,"Coal",,"Dry bottom wall-fired boiler","Wet Limestone","Low NOx Burner Technology (Dry Bottom only)|Selective Catalytic Reduction","Electrostatic Precipitator",,"ARP, CSNOX, CSOSG2E, CSSO2G1, MATS"
"WV","Mitchell (WV)",3948,"AUX1",10026,,2023,105,95.73,,,,,,,2.842,0.0895,63469.2,"Diesel Oil",,"Other boiler",,,,,"SIPNOX"
"WV","Mount Storm Power Station",3954,"1",2565,"CS0",2023,3010,2985.4,1071378.08,,496.165,0.0831,1108130.912,0.1029,450.267,0.0886,10800505.595,"Coal",,"Tangentially-fired","Wet Limestone","Low NOx Burner Technology w/ Closed-coupled OFA|Selective Catalytic Reduction","Electrostatic Precipitator|Wet Scrubber",,"ARP, CSNOX, CSOSG2E, CSSO2G1, MATS"
"WV","Mount Storm Power Station",3954,"2",2566,"CS0",2023,3475,3463.09,1292948.18,,726.266,0.1,1351552.479,0.1029,447.971,0.0666,13173040.352,"Coal",,"Tangentially-fired","Wet Limestone","Low NOx Burner Technology w/ Closed-coupled OFA|Selective Catalytic Reduction","Electrostatic Precipitator|Wet Scrubber",,"ARP, CSNOX, CSOSG2E, CSSO2G1, MATS"
"WV","Mount Storm Power Station",3954,"3",2567,,2023,3525,3513.75,1438971.3,,834.195,0.1152,1431207.985,0.103,477.499,0.0686,13949408.629,"Coal",,"Tangentially-fired","Wet Limestone","Low NOx Burner Technology w/ Closed-coupled OFA|Selective Catalytic Reduction","Wet Scrubber|Electrostatic Precipitator",,"ARP, CSNOX, CSOSG2E, CSSO2G1, MATS"
"WI","Bay Front",3982,"1",2568,,2023,6633,6627.51,83186.82,,25.965,0.0365,148649.285,0.1038,123.258,0.1716,1425764.522,"Wood","Coal, Pipeline Natural Gas","Stoker",,"Other|Overfire Air|Selective Non-catalytic Reduction","Baghouse",,"ARP, CSNOX, CSOSG3, CSSO2G1"
"WI","Bay Front",3982,"2",2569,,2023,6388,6382.6,76735.15,,28.092,0.0405,144288.879,0.1038,120.28,0.1728,1384233.694,"Wood","Coal, Pipeline Natural Gas","Stoker",,"Other|Overfire Air|Selective Non-catalytic Reduction","Baghouse","Halogenated PAC Sorbent Injection","ARP, CSNOX, CSOSG3, CSSO2G1"
"WI","Fitchburg Generating Station",3991,"1",90092,,2023,17,10.63,106.68,,0.001,0.0008,,,1.361,0.7001,3889.4,"Pipeline Natural Gas",,"Combustion turbine",,,,,"CSNOX, CSOSG3, CSSO2G1"
"WI","Fitchburg Generating Station",3991,"2",90093,,2023,12,7.16,97.15,,0.001,0.0007,,,0.917,0.6999,2619.9,"Pipeline Natural Gas",,"Combustion turbine",,,,,"CSNOX, CSOSG3, CSSO2G1"
"WI","Blount Street",3992,"8",2578,,2023,1448,1352.39,13527.03,,0.083,0.001,11566.556,0.0595,20.094,0.214,194580.053,"Natural Gas",,"Dry bottom wall-fired boiler",,,,,"ARP, CSNOX, CSOSG3, CSSO2G1"
"WI","Blount Street",3992,"9",2579,,2023,103,92.01,524,,0.005,0.001,640.576,0.0593,1.596,0.2563,10784.909,"Natural Gas",,"Dry bottom wall-fired boiler",,"Other",,,"ARP, CSNOX, CSOSG3, CSSO2G1"
"WI","French Island",4005,"3",90016,,2023,2,0.5,9.54,,0.038,0.5,,,0.091,1.1995,152,"Diesel Oil",,"Combustion turbine",,,,,"CSNOX, CSOSG3, CSSO2G1"
"WI","French Island",4005,"4",90032,,2023,7,5.52,135.24,,0.135,0.5001,,,0.324,1.1987,539.9,"Diesel Oil",,"Combustion turbine",,,,,"CSNOX, CSOSG3, CSSO2G1"
"WI","Wheaton Generating Plant",4014,"1",89998,,2023,279,242,7194.88,,0.032,0.0009,,,13.652,0.2162,108223.145,"Pipeline Natural Gas","Diesel Oil","Combustion turbine",,,,,"CSNOX, CSOSG3, CSSO2G1"
"WI","Wheaton Generating Plant",4014,"2",89999,,2023,360,317.78,9659.96,,0.043,0.001,,,19.166,0.228,143981.116,"Pipeline Natural Gas","Diesel Oil","Combustion turbine",,,,,"CSNOX, CSOSG3, CSSO2G1"
"WI","Wheaton Generating Plant",4014,"3",90000,,2023,348,306.91,8616.89,,0.04,0.001,,,16.371,0.2234,132277.169,"Pipeline Natural Gas","Diesel Oil","Combustion turbine",,,,,"CSNOX, CSOSG3, CSSO2G1"
"WI","Wheaton Generating Plant",4014,"4",90001,,2023,313,273.31,7747.41,,0.035,0.001,,,14.809,0.2302,115950.231,"Pipeline Natural Gas","Diesel Oil","Combustion turbine",,,,,"CSNOX, CSOSG3, CSSO2G1"
"WI","Wheaton Generating Plant",4014,"5",90002,,2023,0,0,,,,,,,,,,"Diesel Oil",,"Combustion turbine",,,,,"CSNOX, CSOSG3, CSSO2G1"
"WI","Wheaton Generating Plant",4014,"6",90003,,2023,15,10.3,314.1,,1.211,0.5005,,,2.907,1.2,4845.1,"Diesel Oil",,"Combustion turbine",,,,,"CSNOX, CSOSG3, CSSO2G1"
"WI","Port Washington Generating Station",4040,"11",89429,,2023,7920,7826.95,2176022.4,,4.407,0.001,872937.528,0.059,73.756,0.0119,14688848.784,"Pipeline Natural Gas",,"Combined cycle",,"Dry Low NOx Burners|Selective Catalytic Reduction",,,"ARP, CSNOX, CSOSG3, CSSO2G1"
"WI","Port Washington Generating Station",4040,"12",89430,,2023,8071,8013.43,2222680.28,,4.505,0.001,892366.244,0.059,71.071,0.0109,15015752.407,"Pipeline Natural Gas",,"Combined cycle",,"Dry Low NOx Burners|Selective Catalytic Reduction",,,"ARP, CSNOX, CSOSG3, CSSO2G1"
"WI","Port Washington Generating Station",4040,"21",89431,,2023,7854,7778.62,2144048.28,,4.337,0.001,859148.756,0.059,69.966,0.0112,14456857.669,"Pipeline Natural Gas",,"Combined cycle",,"Dry Low NOx Burners|Selective Catalytic Reduction",,,"ARP, CSNOX, CSOSG3, CSSO2G1"
"WI","Port Washington Generating Station",4040,"22",89432,,2023,7722,7646.77,2113113.42,,4.28,0.001,847746.215,0.059,70.281,0.0116,14265029.877,"Pipeline Natural Gas",,"Combined cycle",,"Dry Low NOx Burners|Selective Catalytic Reduction",,,"ARP, CSNOX, CSOSG3, CSSO2G1"
"WI","South Oak Creek",4041,"5",2590,"CS1",2023,3756,3745.1,671544.75,,4.952,0.0021,751819.345,0.1045,235.118,0.0664,7170407.238,"Coal","Pipeline Natural Gas","Dry bottom wall-fired boiler","Wet Limestone","Selective Catalytic Reduction","Electrostatic Precipitator|Wet Scrubber",,"ARP, CSNOX, CSOSG3, CSSO2G1, MATS"
"WI","South Oak Creek",4041,"6",2591,"CS1",2023,5053,5031.17,825356.67,,6.712,0.005,928242.197,0.1033,307.771,0.0686,8862365.112,"Coal","Pipeline Natural Gas","Dry bottom wall-fired boiler","Wet Limestone","Selective Catalytic Reduction","Electrostatic Precipitator|Wet Scrubber",,"ARP, CSNOX, CSOSG3, CSSO2G1, MATS"
"WI","South Oak Creek",4041,"7",2592,"CS2",2023,5832,5825.65,1357712.77,,55.04,0.0308,1438442.206,0.1044,434.732,0.0633,13717505.895,"Coal","Pipeline Natural Gas","Tangentially-fired","Wet Limestone","Low NOx Burner Technology w/ Closed-coupled/Separated OFA|Selective Catalytic Reduction","Electrostatic Precipitator|Wet Scrubber",,"ARP, CSNOX, CSOSG3, CSSO2G1, MATS"
"WI","South Oak Creek",4041,"8",2593,"CS2",2023,4891,4880.7,1152134.71,,49.387,0.0149,1214662.135,0.1043,368.512,0.0635,11585106.759,"Coal","Pipeline Natural Gas","Tangentially-fired","Wet Limestone","Low NOx Burner Technology w/ Closed-coupled/Separated OFA|Selective Catalytic Reduction","Electrostatic Precipitator|Wet Scrubber",,"ARP, CSNOX, CSOSG3, CSSO2G1, MATS"
"WI","Valley (WEPCO)",4042,"1",2594,"CS1",2023,6393,6379.57,,1856856.11,0.714,0.001,139985.694,0.059,74.992,0.0628,2361451.69,"Pipeline Natural Gas",,"Dry bottom wall-fired boiler",,"Low NOx Burner Technology (Dry Bottom only)",,,"ARP, CSNOX, CSOSG3, CSSO2G1"
"WI","Valley (WEPCO)",4042,"2",2595,"CS1",2023,6786,6777.12,,1996293.49,0.765,0.001,149974.607,0.059,80.698,0.0631,2529942.659,"Pipeline Natural Gas",,"Dry bottom wall-fired boiler",,"Low NOx Burner Technology (Dry Bottom only)",,,"ARP, CSNOX, CSOSG3, CSSO2G1"
"WI","Valley (WEPCO)",4042,"3",2596,"CS2",2023,3326,3304.95,,1004596.52,0.415,0.001,82337.476,0.059,42.936,0.0602,1388970.598,"Pipeline Natural Gas",,"Dry bottom wall-fired boiler",,"Low NOx Burner Technology (Dry Bottom only)",,,"ARP, CSNOX, CSOSG3, CSSO2G1"
"WI","Valley (WEPCO)",4042,"4",2597,"CS2",2023,3514,3496.14,,1049466.99,0.438,0.001,86853.384,0.059,45.266,0.0602,1465149.615,"Pipeline Natural Gas",,"Dry bottom wall-fired boiler",,"Low NOx Burner Technology (Dry Bottom only)",,,"ARP, CSNOX, CSOSG3, CSSO2G1"
"WI","Edgewater (4050)",4050,"5",2600,,2023,7328,7312.02,2077014.05,,390.705,0.0346,2288176.066,0.105,535.689,0.0483,21817056.431,"Coal",,"Dry bottom wall-fired boiler","Dry Lime FGD","Low NOx Burner Technology w/ Overfire Air|Selective Catalytic Reduction","Electrostatic Precipitator|Baghouse","Additives to Enhance PAC and Existing Equipment Performance","ARP, CSNOX, CSOSG3, CSSO2G1, MATS"
"WI","Pulliam",4072,"32",9282,,2023,1600,1465.66,109037.28,,0.393,0.001,77796.239,0.0591,17.91,0.0312,1309039.713,"Pipeline Natural Gas",,"Combustion turbine",,"Dry Low NOx Burners",,,"ARP, CSNOX, CSOSG3, CSSO2G1"
"WI","West Marinette",4076,"31A",89871,,2023,484,436.57,6760.03,,0.031,0.001,6192.582,0.0593,21.693,0.39,104205.055,"Pipeline Natural Gas",,"Combustion turbine",,,,,"CSNOX, CSOSG3, CSSO2G1"
"WI","West Marinette",4076,"31B",89872,,2023,484,436.63,6595.69,,0.031,0.001,6053.933,0.0593,17.801,0.326,101872.674,"Pipeline Natural Gas",,"Combustion turbine",,,,,"CSNOX, CSOSG3, CSSO2G1"
"WI","West Marinette",4076,"32A",89873,,2023,564,506.94,7948.32,,0.037,0.001,7227.754,0.0593,23.443,0.3575,121632.423,"Pipeline Natural Gas",,"Combustion turbine",,,,,"CSNOX, CSOSG3, CSSO2G1"
"WI","West Marinette",4076,"32B",89874,,2023,519,465.65,7009.79,,0.032,0.001,6416.141,0.0593,22.134,0.3853,107976.304,"Pipeline Natural Gas",,"Combustion turbine",,,,,"CSNOX, CSOSG3, CSSO2G1"
"WI","West Marinette",4076,"**33",2611,,2023,1272,1158.22,77349.78,,0.282,0.001,55937.374,0.059,60.914,0.1278,941238.52,"Pipeline Natural Gas",,"Combustion turbine",,"Water Injection",,,"ARP, CSNOX, CSOSG3, CSSO2G1"
"WI","West Marinette",4076,"**34",2612,,2023,1515,1374.22,83699.94,,0.345,0.0009,67893.2,0.059,28.366,0.1255,1150598.6,"Pipeline Natural Gas","Diesel Oil","Combustion turbine",,"Dry Low NOx Burners|Water Injection",,,"ARP, CSNOX, CSOSG3, CSSO2G1"
"WI","Weston",4078,"2",2614,,2023,0,0,,,,,,,,,,"Pipeline Natural Gas",,"Dry bottom wall-fired boiler",,"Overfire Air","Electrostatic Precipitator",,"ARP, CSNOX, CSSO2G1"
"WI","Weston",4078,"3",2615,,2023,2838,2830,670722.41,,69.88,0.0247,589805.564,0.1023,220.548,0.0716,5647931.685,"Coal","Natural Gas","Tangentially-fired","Other","Low NOx Burner Technology w/ Separated OFA|Low NOx Burner Technology w/ Closed-coupled OFA","Baghouse","Regenerative Activated Coke Technology","ARP, CSNOX, CSOSG3, CSSO2G1, MATS"
"WI","Weston",4078,"32A",89867,,2023,20,15.41,319.12,,0.001,0.0009,276.388,0.0562,1.093,0.47,4649.892,"Pipeline Natural Gas",,"Combustion turbine",,,,,"CSNOX, CSOSG3, CSSO2G1"
"WI","Weston",4078,"32B",89875,,2023,0,0,,,,,,,,,,"Pipeline Natural Gas",,"Combustion turbine",,,,,"CSNOX, CSOSG3, CSSO2G1"
"WI","Weston",4078,"4",89565,,2023,6645,6637.4,3133483.24,,458.636,0.0369,2672447.134,0.1044,693.603,0.0548,25495799.301,"Coal","Natural Gas","Dry bottom wall-fired boiler","Dry Lime FGD","Selective Catalytic Reduction","Baghouse","Additives to Enhance PAC and Existing Equipment Performance|Untreated PAC Sorbent Injection","ARP, CSNOX, CSOSG3, CSSO2G1, MATS"
"WI","Manitowoc",4125,"8",2621,,2023,5678,5671.41,,910325.21,5.137,0.0107,96781.624,0.102,57.068,0.1203,948342.619,"Petroleum Coke","Coal, Other Solid Fuel","Circulating fluidized bed boiler","Fluidized Bed Limestone Injection",,"Baghouse",,"ARP, CSNOX, CSOSG3, CSSO2G1"
"WI","Manitowoc",4125,"9",2622,,2023,4514,4501.83,,957835.24,99.711,0.1488,141283.68,0.1038,49.702,0.0735,1361115.079,"Petroleum Coke","Coal","Circulating fluidized bed boiler","Fluidized Bed Limestone Injection","Selective Non-catalytic Reduction","Baghouse",,"ARP, CSNOX, CSOSG3, CSSO2G1, MATS"
"WY","Dave Johnston",4158,"BW41",2633,,2023,8217,8207.86,516647.01,,1905.488,0.6852,577404.293,0.105,830.78,0.2943,5505401.858,"Coal",,"Dry bottom wall-fired boiler",,,"Electrostatic Precipitator","Halogenated PAC Sorbent Injection","ARP, MATS"
"WY","Dave Johnston",4158,"BW42",2634,,2023,6707,6654.62,437924.93,,1664.919,0.6793,496581.134,0.105,740.436,0.2903,4734774.54,"Coal",,"Dry bottom wall-fired boiler",,,"Electrostatic Precipitator","Halogenated PAC Sorbent Injection","ARP, MATS"
"WY","Dave Johnston",4158,"BW43",2635,,2023,7763,7739.76,1172509.48,,693.147,0.1033,1366950.144,0.1049,1398.108,0.2092,13033490.07,"Coal",,"Dry bottom wall-fired boiler","Dry Lime FGD","Low NOx Burner Technology w/ Overfire Air","Baghouse","Additives to Enhance PAC and Existing Equipment Performance|Untreated PAC Sorbent Injection","ARP, MATS"
"WY","Dave Johnston",4158,"BW44",2636,,2023,8050,8033.97,1815392.28,,1236.872,0.1211,2116050.298,0.105,1367.253,0.1337,20175938.082,"Coal",,"Tangentially-fired","Dry Lime FGD","Low NOx Burner Technology w/ Separated OFA","Baghouse","Additives to Enhance PAC and Existing Equipment Performance|Untreated PAC Sorbent Injection","ARP, MATS"
"WY","Naughton",4162,"1",2637,,2023,7980,7960.16,1018836.61,,734.297,0.1225,1139196.555,0.1036,1133.447,0.2084,10880225.483,"Coal","Pipeline Natural Gas","Tangentially-fired","Sodium Based","Low NOx Burner Technology w/ Separated OFA","Electrostatic Precipitator","Additives to Enhance PAC and Existing Equipment Performance","ARP, MATS"
"WY","Naughton",4162,"2",2638,,2023,6636,6593.53,1053534.94,,700.026,0.1196,1159655.403,0.1029,1113.545,0.197,11087153.722,"Coal","Pipeline Natural Gas","Tangentially-fired","Sodium Based","Low NOx Burner Technology w/ Separated OFA","Electrostatic Precipitator","Additives to Enhance PAC and Existing Equipment Performance","ARP, MATS"
"WY","Naughton",4162,"3",2639,,2023,7549,7488.75,977903.85,,3.046,0.001,603284.819,0.059,320.432,0.0598,10151467.9,"Pipeline Natural Gas",,"Tangentially-fired",,"Low NOx Burner Technology w/ Separated OFA",,,"ARP"
"TX","Power Lane Steam Plant",4195,"2",2640,,2023,1848,1558.5,12993.25,,0.129,0.0013,11037.75,0.0606,19.94,0.2258,179826.55,"Pipeline Natural Gas","Diesel Oil","Dry bottom wall-fired boiler",,,,,"ARP, CSOSG2"
"TX","Power Lane Steam Plant",4195,"3",2641,,2023,1977,1719.75,23461.5,,0.438,0.0022,17669.25,0.0601,27.749,0.1765,290353.7,"Pipeline Natural Gas","Diesel Oil","Dry bottom wall-fired boiler",,,,,"ARP, CSOSG2"
"TX","Spencer",4266,"4",2651,,2023,1465,1367,23655.5,,0.084,0.001,16665.3,0.0594,10.404,0.0713,280410.025,"Pipeline Natural Gas",,"Dry bottom wall-fired boiler",,"Low NOx Burner Technology (Dry Bottom only)",,,"ARP, CSOSG2"
"TX","Spencer",4266,"5",2652,,2023,1520,1416.75,31041.5,,0.104,0.001,20583.825,0.0593,11.83,0.0625,346355.3,"Pipeline Natural Gas",,"Dry bottom wall-fired boiler",,"Low NOx Burner Technology (Dry Bottom only)",,,"ARP, CSOSG2"
"WI","J P Madgett",4271,"B1",2653,,2023,6914,6907.71,1378716.86,,651.925,0.0799,1695122.342,0.105,617.575,0.0745,16162517.869,"Coal",,"Dry bottom turbo-fired boiler","Dry Sorbent Injection","Low NOx Burner Technology (Dry Bottom only)|Selective Catalytic Reduction","Baghouse|Electrostatic Precipitator","Halogenated PAC Sorbent Injection","ARP, CSNOX, CSOSG3, CSSO2G1, MATS"
"TX","T C Ferguson Power Plant",4937,"CT-1",90812,,2023,7829,7786.55,1259863.55,,3.883,0.001,769113.988,0.059,35.065,0.0064,12941903.945,"Pipeline Natural Gas",,"Combined cycle",,"Dry Low NOx Burners|Ammonia Injection|Selective Catalytic Reduction",,,"ARP, CSOSG2"
"TX","T C Ferguson Power Plant",4937,"CT-2",90813,,2023,7449,7406.05,1202640.23,,3.659,0.001,724848.864,0.059,34.546,0.0066,12196974.258,"Pipeline Natural Gas",,"Combined cycle",,"Dry Low NOx Burners|Ammonia Injection|Selective Catalytic Reduction",,,"ARP, CSOSG2"
"TX","Barney M. Davis",4939,"1",2658,,2023,2234,2202.51,192936.88,,0.697,0.001,137990.09,0.059,139.936,0.0958,2321938.255,"Pipeline Natural Gas",,"Tangentially-fired",,,,,"ARP, CSOSG2"
"TX","Barney M. Davis",4939,"3",90244,,2023,3926,3716.73,704542.71,,1.644,0.001,325732.012,0.059,48.916,0.0296,5481008.636,"Pipeline Natural Gas",,"Combined cycle",,"Selective Catalytic Reduction",,,"ARP, CSOSG2"
"TX","Barney M. Davis",4939,"4",90245,,2023,3906,3683.61,711465.3,,1.646,0.001,325974.075,0.059,45.622,0.027,5485138.61,"Pipeline Natural Gas",,"Combined cycle",,"Selective Catalytic Reduction",,,"ARP, CSOSG2"
"OK","Riverside (4940)",4940,"1501",2660,,2023,3157,3150.42,614910.03,,2.19,0.001,433846.553,0.059,888.292,0.2262,7300295.148,"Pipeline Natural Gas",,"Dry bottom wall-fired boiler",,,,,"ARP, CSOSG2"
"OK","Riverside (4940)",4940,"1502",2661,,2023,3275,3254.39,556342.09,,2.005,0.001,397085.822,0.059,822.073,0.2243,6681788.985,"Pipeline Natural Gas",,"Dry bottom wall-fired boiler",,,,,"ARP, CSOSG2"
"OK","Riverside (4940)",4940,"1503",91251,,2023,815,700.22,47999.38,,0.184,0.0009,35835.3,0.0595,47.762,0.2666,607236.9,"Pipeline Natural Gas",,"Combustion turbine",,"Combustion Modification/Fuel Reburning",,,"ARP, CSOSG2"
"OK","Riverside (4940)",4940,"1504",91252,,2023,783,670.19,46699.09,,0.183,0.0009,35140.8,0.0597,46.968,0.2716,595666.9,"Pipeline Natural Gas",,"Combustion turbine",,"Combustion Modification/Fuel Reburning",,,"ARP, CSOSG2"
"NJ","Cumberland Energy Center",5083,"004001",2668,,2023,199,152.56,9914.85,,0.043,0.001,8530.489,0.0594,4.891,0.0674,143154.024,"Pipeline Natural Gas","Diesel Oil","Combustion turbine",,"Water Injection",,,"CSNOX, CSOSG3, CSSO2G1, RGGI"
"NJ","Cumberland Energy Center",5083,"05001",90246,,2023,799,667.43,58685.19,,0.162,0.001,32078.882,0.0593,2.837,0.0165,539225.873,"Pipeline Natural Gas","Diesel Oil","Combustion turbine",,"Water Injection|Selective Catalytic Reduction",,,"ARP, CSNOX, CSOSG3, CSSO2G1, RGGI"
"AL","James H Miller Jr",6002,"1",2669,,2023,7231,7226.75,3671968,,212.103,0.016,3894002.775,0.105,1239.247,0.0661,37128191.125,"Coal","Diesel Oil, Pipeline Natural Gas","Dry bottom wall-fired boiler","Wet Limestone","Selective Catalytic Reduction|Low NOx Burner Technology (Dry Bottom only)","Electrostatic Precipitator","Catalyst (gold, palladium, or other) used to oxidize mercury","ARP, CSNOX, CSOSG2, CSSO2G2, MATS"
"AL","James H Miller Jr",6002,"2",2670,,2023,7147,7139.75,3779352.25,,142.862,0.0129,4039641.95,0.105,1282.042,0.0668,38516811.975,"Coal","Diesel Oil, Pipeline Natural Gas","Dry bottom wall-fired boiler","Wet Limestone","Selective Catalytic Reduction|Low NOx Burner Technology (Dry Bottom only)","Electrostatic Precipitator","Catalyst (gold, palladium, or other) used to oxidize mercury","ARP, CSNOX, CSOSG2, CSSO2G2, MATS"
"AL","James H Miller Jr",6002,"3",2671,,2023,8721,8718.5,4781800.5,,226.444,0.0092,5112281.875,0.105,1562.154,0.0634,48744083.65,"Coal","Diesel Oil, Pipeline Natural Gas","Dry bottom wall-fired boiler","Wet Limestone","Selective Catalytic Reduction|Low NOx Burner Technology (Dry Bottom only)","Electrostatic Precipitator","Catalyst (gold, palladium, or other) used to oxidize mercury","ARP, CSNOX, CSOSG2, CSSO2G2, MATS"
"AL","James H Miller Jr",6002,"4",2672,,2023,8690,8686.75,4759583.75,,195.792,0.0082,5063251.7,0.105,1594.917,0.0662,48276618.675,"Coal","Diesel Oil, Pipeline Natural Gas","Dry bottom wall-fired boiler","Wet Limestone","Selective Catalytic Reduction|Low NOx Burner Technology (Dry Bottom only)","Electrostatic Precipitator","Catalyst (gold, palladium, or other) used to oxidize mercury","ARP, CSNOX, CSOSG2, CSSO2G2, MATS"
"WV","Pleasants Power Station",6004,"1",2673,,2023,4439,4421.67,2488663.31,,3054.561,0.287,2395474.068,0.1029,2294.277,0.193,23347712.537,"Coal",,"Dry bottom wall-fired boiler","Wet Lime FGD","Low NOx Burner Technology (Dry Bottom only)|Selective Catalytic Reduction","Electrostatic Precipitator",,"ARP, CSNOX, CSOSG2E, CSSO2G1, MATS"
"WV","Pleasants Power Station",6004,"2",2674,,2023,4788,4771.9,2625491.48,,3932.941,0.3099,2612093.542,0.1029,2266.283,0.1759,25459002.963,"Coal",,"Dry bottom wall-fired boiler","Wet Lime FGD","Low NOx Burner Technology (Dry Bottom only)|Selective Catalytic Reduction","Electrostatic Precipitator",,"ARP, CSNOX, CSOSG2E, CSSO2G1, MATS"
"AR","White Bluff",6009,"1",2675,,2023,3049,3043.03,1321699.36,,3480.766,0.4355,1602500.369,0.1043,1164.838,0.1553,15287807.089,"Coal","Residual Oil","Tangentially-fired",,"Low NOx Burner Technology w/ Separated OFA","Electrostatic Precipitator","Additives to Enhance PAC and Existing Equipment Performance","ARP, CSOSG2, MATS"
"AR","White Bluff",6009,"2",2676,,2023,5425,5415.96,2433095.49,,6036.467,0.4441,2747399.47,0.1046,2021.159,0.1668,26204433.231,"Coal","Residual Oil","Tangentially-fired",,"Low NOx Burner Technology w/ Separated OFA","Electrostatic Precipitator","Additives to Enhance PAC and Existing Equipment Performance","ARP, CSOSG2, MATS"
"CA","Olive",6013,"01",2677,,2023,0,0,,,,,,,,,,"Pipeline Natural Gas",,"Dry bottom wall-fired boiler",,"Low NOx Burner Technology (Dry Bottom only)|Selective Catalytic Reduction",,,"ARP"
"CA","Olive",6013,"02",2678,,2023,0,0,,,,,,,,,,"Pipeline Natural Gas",,"Dry bottom wall-fired boiler",,"Combustion Modification/Fuel Reburning|Selective Catalytic Reduction",,,"ARP"
"IL","Newton",6017,"1",2680,,2023,7899,7888.1,3375064.06,,7421.618,0.5215,3794291.578,0.1049,2090.753,0.1155,36177452.825,"Coal",,"Tangentially-fired",,"Low NOx Burner Technology w/ Closed-coupled/Separated OFA|Other","Electrostatic Precipitator",,"ARP, CSNOX, CSOSG3, CSSO2G1, MATS"
"KY","East Bend",6018,"2",2682,,2023,5960,5949,2456362.62,,1562.314,0.1147,2727244.902,0.103,1410.015,0.1069,26581377.568,"Coal",,"Dry bottom wall-fired boiler","Wet Lime FGD","Selective Catalytic Reduction|Overfire Air","Electrostatic Precipitator|Wet Scrubber",,"ARP, CSNOX, CSOSG2E, CSSO2G1, MATS"
"CO","Craig",6021,"C1",2684,,2023,8083,8072.47,2015029.49,,526.926,0.0474,2210610.216,0.105,2518.031,0.2337,21077513.402,"Coal","Pipeline Natural Gas","Dry bottom wall-fired boiler","Wet Limestone","Low NOx Burner Technology w/ Overfire Air","Baghouse",,"ARP, MATS"
"CO","Craig",6021,"C2",2685,,2023,5582,5573.88,1245370.13,,282.48,0.0381,1457229.042,0.105,401.375,0.0562,13894277.443,"Coal","Pipeline Natural Gas","Dry bottom wall-fired boiler","Wet Limestone","Low NOx Burner Technology w/ Overfire Air|Selective Catalytic Reduction","Baghouse",,"ARP, MATS"
"CO","Craig",6021,"C3",2686,,2023,7624,7611.42,1981366.4,,1195.702,0.117,2135790.307,0.105,2131.88,0.2023,20364134.444,"Coal","Pipeline Natural Gas","Dry bottom wall-fired boiler","Dry Lime FGD","Low NOx Burner Technology w/ Overfire Air|Selective Non-catalytic Reduction","Baghouse",,"ARP, MATS"
"ND","Coal Creek",6030,"1",2692,,2023,6315,6297,3168080.8,,2258.249,0.139,3476895.806,0.109,2030.863,0.1273,31936202.148,"Coal",,"Tangentially-fired","Wet Lime FGD","Low NOx Burner Technology w/ Closed-coupled/Separated OFA","Electrostatic Precipitator","Additives to Enhance PAC and Existing Equipment Performance","ARP, MATS"
"ND","Coal Creek",6030,"2",2693,,2023,8377,8367.03,4610647.44,,3287.971,0.1435,4963860.995,0.109,2870.471,0.1261,45594374.174,"Coal",,"Tangentially-fired","Wet Lime FGD","Low NOx Burner Technology w/ Closed-coupled/Separated OFA|Overfire Air","Electrostatic Precipitator","Additives to Enhance PAC and Existing Equipment Performance","ARP, MATS"
"MI","Belle River",6034,"1",2695,,2023,7734,7729.06,3536799.77,,8831.158,0.5483,3322921.937,0.105,3418.006,0.2161,31683071.133,"Coal","Diesel Oil","Dry bottom wall-fired boiler",,"Low NOx Burner Technology (Dry Bottom only)","Electrostatic Precipitator","Halogenated PAC Sorbent Injection","ARP, CSNOX, CSOSG3, CSSO2G1, MATS"
"MI","Belle River",6034,"2",2696,,2023,6593,6579.97,2812623.96,,7961.242,0.5671,2924927.586,0.1049,3142.187,0.2269,27888305.13,"Coal","Diesel Oil","Dry bottom wall-fired boiler",,"Low NOx Burner Technology (Dry Bottom only)","Electrostatic Precipitator","Halogenated PAC Sorbent Injection","ARP, CSNOX, CSOSG3, CSSO2G1, MATS"
"MI","Belle River",6034,"CTG121",2697,,2023,875,825.24,63423.62,,0.231,0.001,45722.786,0.0589,10.043,0.0304,769378.751,"Pipeline Natural Gas",,"Combustion turbine",,"Dry Low NOx Burners",,,"ARP, CSNOX, CSOSG3, CSSO2G1"
"MI","Belle River",6034,"CTG122",2698,,2023,695,659.18,50458.88,,0.181,0.001,35781.704,0.059,8.945,0.0336,602087.878,"Pipeline Natural Gas",,"Combustion turbine",,"Dry Low NOx Burners",,,"ARP, CSNOX, CSOSG3, CSSO2G1"
"MI","Belle River",6034,"CTG131",2699,,2023,592,549.47,41286.58,,0.152,0.001,30028.301,0.059,7.201,0.0333,505296.677,"Pipeline Natural Gas",,"Combustion turbine",,"Dry Low NOx Burners",,,"ARP, CSNOX, CSOSG3, CSSO2G1"
"MI","Greenwood",6035,"1",2700,,2023,3247,3217.45,970287.27,,3.571,0.0012,585771.836,0.059,692.873,0.1155,9877552.945,"Pipeline Natural Gas","Residual Oil","Dry bottom wall-fired boiler",,,,,"ARP, CSNOX, CSOSG3, CSSO2G1"
"MI","Greenwood",6035,"CTG111",2701,,2023,604,567.52,43215.96,,0.16,0.001,31626.797,0.059,7.632,0.0286,532214.503,"Pipeline Natural Gas",,"Combustion turbine",,"Dry Low NOx Burners",,,"ARP, CSNOX, CSOSG3, CSSO2G1"
"MI","Greenwood",6035,"CTG112",2702,,2023,682,640.13,49386.66,,0.179,0.001,35382.667,0.059,8.423,0.0282,595385.411,"Pipeline Natural Gas",,"Combustion turbine",,"Dry Low NOx Burners",,,"ARP, CSNOX, CSOSG3, CSSO2G1"
"MI","Greenwood",6035,"CTG121",2703,,2023,554,511.34,37832.04,,0.139,0.001,27623.329,0.059,5.195,0.0223,464835.075,"Pipeline Natural Gas",,"Combustion turbine",,"Dry Low NOx Burners",,,"ARP, CSNOX, CSOSG3, CSSO2G1"
"KY","H L Spurlock",6041,"1",2704,,2023,6135,6125.61,1485258.94,,525.018,0.0649,1476704.227,0.103,603.083,0.0844,14392887.101,"Coal",,"Dry bottom wall-fired boiler","Wet Limestone","Selective Catalytic Reduction|Low NOx Burner Technology (Dry Bottom only)","Electrostatic Precipitator|Wet ESP|Wet Scrubber",,"ARP, CSNOX, CSOSG2E, CSSO2G1, MATS"
"KY","H L Spurlock",6041,"2",2705,,2023,7306,7300.08,3110384.4,,1735.447,0.1026,3263558.071,0.103,1392.119,0.0876,31808596.174,"Coal",,"Tangentially-fired","Wet Limestone","Selective Catalytic Reduction|Low NOx Burner Technology w/ Closed-coupled OFA","Wet ESP|Wet Scrubber|Electrostatic Precipitator",,"ARP, CSNOX, CSOSG2E, CSSO2G1, MATS"
"KY","H L Spurlock",6041,"3",89571,,2023,7360,7356.18,1868724.7,,1100.603,0.1397,1712124.087,0.103,531.81,0.0661,16687339.849,"Coal",,"Circulating fluidized bed boiler","Dry Lime FGD|Fluidized Bed Limestone Injection","Selective Non-catalytic Reduction","Baghouse",,"ARP, CSNOX, CSOSG2E, CSSO2G1, MATS"
"KY","H L Spurlock",6041,"4",90241,,2023,7449,7439.08,1911076.53,,722.967,0.1194,1655896.331,0.103,500.744,0.0641,16139300.677,"Coal",,"Circulating fluidized bed boiler","Dry Lime FGD|Fluidized Bed Limestone Injection","Selective Non-catalytic Reduction","Baghouse",,"ARP, CSNOX, CSOSG2E, CSSO2G1, MATS"
"FL","Manatee",6042,"MTCT3A",88110,,2023,7006,6967.67,1852818.92,,3.675,0.001,727893.059,0.059,44.057,0.008,12248150.457,"Pipeline Natural Gas",,"Combined cycle",,"Dry Low NOx Burners|Selective Catalytic Reduction",,,"ARP"
"FL","Manatee",6042,"MTCT3B",88111,,2023,6883,6836.59,1818732.31,,3.615,0.001,716152.739,0.059,49.43,0.0092,12050668.29,"Pipeline Natural Gas",,"Combined cycle",,"Dry Low NOx Burners|Selective Catalytic Reduction",,,"ARP"
"FL","Manatee",6042,"MTCT3C",88112,,2023,6231,6115.93,1598366.56,,3.196,0.001,632992.029,0.059,45.598,0.0117,10651238.108,"Pipeline Natural Gas",,"Combined cycle",,"Dry Low NOx Burners|Selective Catalytic Reduction",,,"ARP"
"FL","Manatee",6042,"MTCT3D",88113,,2023,5719,5560.76,1449713.37,,2.876,0.001,569694.4,0.059,49.831,0.0157,9586096.049,"Pipeline Natural Gas",,"Combined cycle",,"Dry Low NOx Burners|Selective Catalytic Reduction",,,"ARP"
"FL","Manatee",6042,"PMT1",2706,,2023,137,133.31,21182.06,,5.847,0.0177,16109.611,0.0597,9.335,0.0592,264787.06,"Pipeline Natural Gas","Residual Oil","Dry bottom wall-fired boiler",,"Low NOx Burner Technology (Dry Bottom only)","Cyclone",,"ARP"
"FL","Manatee",6042,"PMT2",2707,,2023,76,74.51,6681.79,,0.36,0.0028,5135.808,0.0593,4.732,0.0657,86048.863,"Pipeline Natural Gas","Residual Oil","Dry bottom wall-fired boiler",,"Low NOx Burner Technology (Dry Bottom only)","Cyclone",,"ARP"
"FL","Martin",6043,"HRSG3A",2710,,2023,4149,3994.76,726041.13,,1.632,0.001,323190.66,0.059,78.152,0.0378,5438238.888,"Pipeline Natural Gas",,"Combined cycle",,"Dry Low NOx Burners",,,"ARP"
"FL","Martin",6043,"HRSG3B",2711,,2023,4317,4142.65,757666.97,,1.694,0.001,335569.925,0.059,79.349,0.0378,5646621.745,"Pipeline Natural Gas",,"Combined cycle",,"Dry Low NOx Burners",,,"ARP"
"FL","Martin",6043,"HRSG4A",2712,,2023,4300,4129.23,775638.97,,1.718,0.001,340381.168,0.059,82.502,0.0392,5727611.945,"Pipeline Natural Gas",,"Combined cycle",,"Dry Low NOx Burners",,,"ARP"
"FL","Martin",6043,"HRSG4B",2713,,2023,4410,4247.05,793752.16,,1.768,0.001,350292.998,0.059,86.409,0.0399,5894361.379,"Pipeline Natural Gas",,"Combined cycle",,"Dry Low NOx Burners",,,"ARP"
"FL","Martin",6043,"PMR8A",2716,,2023,6287,6118.75,1441384.48,,2.984,0.001,591041.702,0.059,40.375,0.0116,9945315.932,"Pipeline Natural Gas","Diesel Oil","Combined cycle",,"Selective Catalytic Reduction|Dry Low NOx Burners|Water Injection",,,"ARP"
"FL","Martin",6043,"PMR8B",2717,,2023,6737,6572.41,1517080.33,,3.139,0.001,621649.848,0.059,44.821,0.0126,10459685.292,"Pipeline Natural Gas","Diesel Oil","Combined cycle",,"Selective Catalytic Reduction|Dry Low NOx Burners|Water Injection",,,"ARP"
"FL","Martin",6043,"PMR8C",88114,,2023,5340,5195.69,1250491.54,,2.534,0.001,501246.318,0.059,33.538,0.0109,8430425.296,"Pipeline Natural Gas","Diesel Oil","Combined cycle",,"Dry Low NOx Burners|Water Injection|Selective Catalytic Reduction",,,"ARP"
"FL","Martin",6043,"PMR8D",88115,,2023,5953,5819.38,1377514.23,,2.787,0.001,552038.477,0.059,35.34,0.0101,9289137.428,"Pipeline Natural Gas","Diesel Oil","Combined cycle",,"Dry Low NOx Burners|Water Injection|Selective Catalytic Reduction",,,"ARP"
"FL","Debary",6046,"**10",2718,,2023,58,43.88,1955.33,,0.245,0.017,2295.857,0.081,1.879,0.163,28294.296,"Diesel Oil",,"Combustion turbine",,"Water Injection",,,"ARP"
"FL","Debary",6046,"**7",2719,,2023,917,744.4,40781.77,,0.293,0.0014,33276.493,0.0597,21.097,0.0789,554357.248,"Pipeline Natural Gas","Diesel Oil","Combustion turbine",,"Water Injection",,,"ARP"
"FL","Debary",6046,"**8",2720,,2023,689,568.02,30981.56,,0.33,0.0019,26336.897,0.0604,14.977,0.0751,434511.414,"Pipeline Natural Gas","Diesel Oil","Combustion turbine",,"Water Injection",,,"ARP"
"FL","Debary",6046,"**9",2721,,2023,692,564.91,29804.64,,0.305,0.002,25035.753,0.0605,15.65,0.0997,413310.386,"Pipeline Natural Gas","Diesel Oil","Combustion turbine",,"Water Injection",,,"ARP"
"LA","Big Cajun 2",6055,"2B1",2724,,2023,1069,1054.84,334795.13,,512.679,0.2713,336267.67,0.0989,209.65,0.118,3236152.007,"Coal","Pipeline Natural Gas","Dry bottom wall-fired boiler","Dry Sorbent Injection","Low NOx Burner Technology w/ Overfire Air|Selective Non-catalytic Reduction","Electrostatic Precipitator","Halogenated PAC Sorbent Injection","ARP, CSOSG2E, MATS"
"LA","Big Cajun 2",6055,"2B2",2725,,2023,3520,3507.93,1002917.61,,3.21,0.001,648926.642,0.0609,430.449,0.0778,10705073.204,"Pipeline Natural Gas",,"Dry bottom wall-fired boiler",,"Low NOx Burner Technology w/ Overfire Air|Selective Non-catalytic Reduction|Other",,,"ARP, CSOSG2E"
"LA","Big Cajun 2",6055,"2B3",2726,,2023,3249,3236.18,1127781.49,,3170.279,0.4738,1322833.618,0.1034,748.685,0.1144,12642603.004,"Coal","Pipeline Natural Gas","Dry bottom wall-fired boiler",,"Low NOx Burner Technology w/ Overfire Air|Selective Non-catalytic Reduction","Electrostatic Precipitator","Additives to Enhance PAC and Existing Equipment Performance","ARP, CSOSG2E, MATS"
"MN","Cascade Creek",6058,"CT1",90209,,2023,207,157.94,0,,0.913,0.0467,,,25.656,0.7459,70757.4,"Pipeline Natural Gas","Diesel Oil","Combustion turbine",,"Water Injection",,,"CSNOX, CSSO2G2"
"MN","Cascade Creek",6058,"CT2",2727,,2023,1036,837.4,16634.09,,0.112,0.0015,11442.327,0.0596,7.286,0.085,191551.372,"Pipeline Natural Gas","Diesel Oil","Combustion turbine",,"Water Injection",,,"ARP, CSNOX, CSSO2G2"
"MN","Cascade Creek",6058,"CT3",2728,,2023,1039,838.91,15840.49,,0.111,0.0015,10865.828,0.0597,7.688,0.0931,181820.785,"Pipeline Natural Gas","Diesel Oil","Combustion turbine",,"Water Injection",,,"ARP, CSNOX, CSSO2G2"
"MS","R D Morrow Senior Generating Plant",6061,"3",91385,,2023,6536,6500.61,3423953.45,,5.616,0.001,1112468.211,0.059,172.081,0.0185,18719080.685,"Pipeline Natural Gas",,"Combined cycle",,"Dry Low NOx Burners|Selective Catalytic Reduction",,,"ARP, CSOSG2, NSPS4T"
"IA","Electrifarm",6063,"1",90086,,2023,117,117,3530,,0.145,0.0095,,,8.092,0.363,44742.6,"Pipeline Natural Gas","Diesel Oil","Combustion turbine",,,,,"CSNOX, CSOSG2, CSSO2G1"
"IA","Electrifarm",6063,"2",90087,,2023,146,146,4114,,0.198,0.0252,,,8.272,0.3383,54036.1,"Pipeline Natural Gas","Diesel Oil","Combustion turbine",,"Water Injection",,,"CSNOX, CSOSG2, CSSO2G1"
"IA","Electrifarm",6063,"3",90088,,2023,137,137,4164,,0.055,0.0083,,,7.434,0.239,62644.5,"Pipeline Natural Gas","Diesel Oil","Combustion turbine",,"Water Injection",,,"CSNOX, CSOSG2, CSSO2G1"
"KS","Nearman Creek",6064,"CT4",89528,,2023,1579,1436.85,88437.3,,0.339,0.001,67469.081,0.0596,15.005,0.0308,1125382.997,"Pipeline Natural Gas","Diesel Oil","Combustion turbine",,"Dry Low NOx Burners|Water Injection",,,"ARP, CSNOX, CSOSG2, CSSO2G2"
"KS","Nearman Creek",6064,"N1",2731,,2023,3889,3872.14,781858.68,,527.831,0.1158,917853.034,0.1039,825.386,0.1837,8760557.055,"Coal",,"Dry bottom wall-fired boiler","Dry Lime FGD","Low NOx Burner Technology w/ Overfire Air|Selective Catalytic Reduction","Baghouse","Untreated PAC Sorbent Injection","ARP, CSNOX, CSOSG2, CSSO2G2, MATS"
"MO","Iatan",6065,"1",2733,,2023,4896,4872.96,2364218.73,,227.604,0.0171,2253539.242,0.105,587.548,0.0567,21486849.054,"Coal",,"Dry bottom wall-fired boiler","Wet Lime FGD","Low NOx Burner Technology w/ Overfire Air|Overfire Air|Selective Catalytic Reduction","Baghouse","Halogenated PAC Sorbent Injection","ARP, CSNOX, CSOSG2, CSSO2G1, MATS"
"MO","Iatan",6065,"2",2732,,2023,4316,4291.81,2982549.31,,146.461,0.0096,2860365.279,0.105,722.832,0.0526,27272775.927,"Coal",,"Dry bottom wall-fired boiler","Wet Lime FGD","Low NOx Burner Technology w/ Overfire Air|Overfire Air|Selective Catalytic Reduction","Baghouse","Halogenated PAC Sorbent Injection","ARP, CSNOX, CSOSG2, CSSO2G1, MATS"
"KS","Jeffrey Energy Center",6068,"1",2734,,2023,5542,5515.31,3078667.43,,128.721,0.0077,2984612.336,0.1044,612.432,0.0434,28468349.023,"Coal",,"Tangentially-fired","Wet Limestone","Low NOx Burner Technology w/ Closed-coupled/Separated OFA|Selective Catalytic Reduction","Electrostatic Precipitator","Halogenated PAC Sorbent Injection","ARP, CSNOX, CSOSG2, CSSO2G2, MATS"
"KS","Jeffrey Energy Center",6068,"2",2735,,2023,6576,6557.23,3561379.68,,175.692,0.0087,3722003.712,0.1047,1997.601,0.1096,35497307.453,"Coal",,"Tangentially-fired","Wet Limestone","Low NOx Burner Technology w/ Closed-coupled/Separated OFA|Selective Non-catalytic Reduction","Electrostatic Precipitator","Halogenated PAC Sorbent Injection","ARP, CSNOX, CSOSG2, CSSO2G2, MATS"
"KS","Jeffrey Energy Center",6068,"3",2736,,2023,3,2.8,2.8,,0,0,11.048,0.089,0,0.0053,123.888,"Coal",,"Tangentially-fired","Wet Limestone","Low NOx Burner Technology w/ Closed-coupled/Separated OFA|Selective Non-catalytic Reduction","Electrostatic Precipitator","Halogenated PAC Sorbent Injection","ARP, CSNOX, CSOSG2, CSSO2G2, MATS"
"KY","Trimble County",6071,"1",2737,,2023,7962,7956.19,3591531.33,,1555.354,0.0958,3275101.484,0.103,1046.031,0.0659,31921022.377,"Coal","Diesel Oil","Tangentially-fired","Wet Limestone","Low NOx Burner Technology w/ Closed-coupled OFA|Selective Catalytic Reduction","Baghouse|Electrostatic Precipitator|Wet Scrubber","Additives to Enhance PAC and Existing Equipment Performance|Untreated PAC Sorbent Injection","ARP, CSNOX, CSOSG2E, CSSO2G1, MATS"
"KY","Trimble County",6071,"10",2738,,2023,583,518.23,76267.22,,0.243,0.001,48138.837,0.059,13.843,0.0422,810010.084,"Pipeline Natural Gas",,"Combustion turbine",,"Dry Low NOx Burners",,,"ARP, CSNOX, CSOSG2E, CSSO2G1"
"KY","Trimble County",6071,"2",90433,"MS-2A, MS-2B",2023,7159,7146.88,4614178.25,,1275.692,0.064,4099943.863,0.105,764.838,0.041,39091737.551,"Coal",,"Dry bottom wall-fired boiler","Wet Limestone","Selective Catalytic Reduction","Baghouse|Electrostatic Precipitator|Wet ESP|Wet Scrubber","Additives to Enhance PAC and Existing Equipment Performance|Untreated PAC Sorbent Injection","ARP, CSNOX, CSOSG2E, CSSO2G1, MATS"
"KY","Trimble County",6071,"5",2739,,2023,260,231.85,33190.51,,0.109,0.001,21567.287,0.059,7.674,0.0533,362918.747,"Pipeline Natural Gas",,"Combustion turbine",,"Dry Low NOx Burners",,,"ARP, CSNOX, CSOSG2E, CSSO2G1"
"KY","Trimble County",6071,"6",2740,,2023,1012,921.51,134578.61,,0.441,0.001,87405.699,0.059,24.742,0.0404,1470757.035,"Pipeline Natural Gas",,"Combustion turbine",,"Dry Low NOx Burners",,,"ARP, CSNOX, CSOSG2E, CSSO2G1"
"KY","Trimble County",6071,"7",2741,,2023,796,744.27,105344.31,,0.342,0.001,67701.325,0.059,19.921,0.0454,1139230.015,"Pipeline Natural Gas",,"Combustion turbine",,"Dry Low NOx Burners",,,"ARP, CSNOX, CSOSG2E, CSSO2G1"
"KY","Trimble County",6071,"8",2742,,2023,248,219.17,34376.05,,0.11,0.001,21878.074,0.059,5.899,0.044,368128.059,"Pipeline Natural Gas",,"Combustion turbine",,"Dry Low NOx Burners",,,"ARP, CSNOX, CSOSG2E, CSSO2G1"
"KY","Trimble County",6071,"9",2743,,2023,333,290.79,41753.62,,0.135,0.001,26818.828,0.059,7.836,0.0448,451268.916,"Pipeline Natural Gas",,"Combustion turbine",,"Dry Low NOx Burners",,,"ARP, CSNOX, CSOSG2E, CSSO2G1"
"MS","Daniel Electric Generating Plant",6073,"1",2744,,2023,780,770.32,190825.21,,25.559,0.0254,218397.823,0.1028,227.357,0.1968,2128641.701,"Coal","Residual Oil","Tangentially-fired","Wet Limestone",,"Electrostatic Precipitator",,"ARP, CSOSG2, MATS"
"MS","Daniel Electric Generating Plant",6073,"2",2745,,2023,5334,5325.55,1525879,,144.667,0.0152,1770502.217,0.103,2590.833,0.298,17256349.523,"Coal","Residual Oil","Tangentially-fired",,,"Electrostatic Precipitator",,"ARP, CSOSG2, MATS"
"MS","Daniel Electric Generating Plant",6073,"3A",2746,,2023,8255,8247.24,2284391.88,,4.648,0.001,920691.651,0.059,54.534,0.0072,15492456.795,"Pipeline Natural Gas",,"Combined cycle",,"Dry Low NOx Burners|Selective Catalytic Reduction",,,"ARP, CSOSG2"
"MS","Daniel Electric Generating Plant",6073,"3B",2747,,2023,8277,8271.61,2286743.02,,4.63,0.001,917062.395,0.059,73.545,0.0093,15431479.501,"Pipeline Natural Gas",,"Combined cycle",,"Dry Low NOx Burners|Selective Catalytic Reduction",,,"ARP, CSOSG2"
"MS","Daniel Electric Generating Plant",6073,"4A",2748,,2023,8101,8095.48,2286125.91,,4.514,0.001,894259.762,0.059,52.817,0.0071,15047610.442,"Pipeline Natural Gas",,"Combined cycle",,"Dry Low NOx Burners|Selective Catalytic Reduction",,,"ARP, CSOSG2"
"MS","Daniel Electric Generating Plant",6073,"4B",2749,,2023,8059,8053.23,2183483.45,,4.302,0.001,852076.068,0.059,50.11,0.0071,14338004.211,"Pipeline Natural Gas",,"Combined cycle",,"Dry Low NOx Burners|Selective Catalytic Reduction",,,"ARP, CSOSG2"
"MO","Greenwood Energy Center",6074,"1",90007,,2023,2039,1801.4,28312.44,,4.542,0.0288,,,71.263,0.2844,545744.6,"Pipeline Natural Gas","Diesel Oil","Combustion turbine",,,,,"CSNOX, CSOSG2, CSSO2G1"
"MO","Greenwood Energy Center",6074,"2",90008,,2023,2057,1821.7,35820.47,,2.223,0.0111,,,99.147,0.2636,781527.5,"Pipeline Natural Gas","Diesel Oil","Combustion turbine",,,,,"CSNOX, CSOSG2, CSSO2G1"
"MO","Greenwood Energy Center",6074,"3",90009,,2023,1605,1403.93,19239.75,,1.01,0.0108,,,49.771,0.228,462025.2,"Pipeline Natural Gas","Diesel Oil","Combustion turbine",,,,,"CSNOX, CSOSG2, CSSO2G1"
"MO","Greenwood Energy Center",6074,"4",90010,,2023,1508,1333.35,22135.42,,1.16,0.0134,,,55.585,0.2622,450528.2,"Pipeline Natural Gas","Diesel Oil","Combustion turbine",,,,,"CSNOX, CSOSG2, CSSO2G1"
"MT","Colstrip",6076,"3",2752,,2023,8160,8145.91,5986980.15,,2554.686,0.1214,5873809.053,0.1044,4090.174,0.1432,56019880.592,"Coal",,"Tangentially-fired","Wet Lime FGD","Low NOx Burner Technology w/ Closed-coupled/Separated OFA","Wet Scrubber","Additives to Enhance PAC and Existing Equipment Performance","ARP, MATS"
"MT","Colstrip",6076,"4",2753,,2023,8099,8089.4,5925548.84,,2723.398,0.1229,6118602.848,0.1045,4561.587,0.1537,58354245.151,"Coal",,"Tangentially-fired","Wet Lime FGD","Low NOx Burner Technology w/ Closed-coupled/Separated OFA","Wet Scrubber","Additives to Enhance PAC and Existing Equipment Performance","ARP, MATS"
"NE","Gerald Gentleman Station",6077,"1",2754,,2023,7903,7894,4016849,,10201.933,0.541,3862612.775,0.105,3941.425,0.2037,36828895.4,"Coal",,"Dry bottom wall-fired boiler",,"Low NOx Burner Technology w/ Overfire Air","Baghouse","Halogenated PAC Sorbent Injection","ARP, CSNOX, CSSO2G2, MATS"
"NE","Gerald Gentleman Station",6077,"2",2755,,2023,7685,7681.25,4150454.75,,10674.89,0.5477,4021734.85,0.105,3241.42,0.168,38346064.225,"Coal",,"Dry bottom wall-fired boiler",,"Low NOx Burner Technology w/ Overfire Air","Baghouse","Halogenated PAC Sorbent Injection","ARP, CSNOX, CSSO2G2, MATS"
"MA","Stony Brook Energy Center",6081,"001",2756,,2023,81,76.5,6350.25,,,,4798.525,0.0734,6.558,0.203,64201.075,"Pipeline Natural Gas","Diesel Oil","Combined cycle",,"Steam Injection",,,"RGGI, SIPNOX"
"MA","Stony Brook Energy Center",6081,"002",2757,,2023,49,44.25,3509,,,,2772.8,0.0779,2.84,0.1632,35501.1,"Pipeline Natural Gas","Diesel Oil","Combined cycle",,"Water Injection|Dry Low NOx Burners",,,"RGGI, SIPNOX"
"MA","Stony Brook Energy Center",6081,"003",2758,,2023,65,63.25,5606.75,,,,4037.425,0.0732,5.064,0.1875,54219.875,"Pipeline Natural Gas","Diesel Oil","Combined cycle",,"Steam Injection",,,"RGGI, SIPNOX"
"MA","Stony Brook Energy Center",6081,"004",2759,,2023,82,64.5,2758.5,,,,3584.8,0.0812,26.549,1.2001,44247.2,"Diesel Oil",,"Combustion turbine",,"Water Injection",,,"RGGI, SIPNOX"
"MA","Stony Brook Energy Center",6081,"005",2760,,2023,63,63,2284,,,,2906.2,0.081,21.526,1.2,35877.3,"Diesel Oil",,"Combustion turbine",,"Water Injection",,,"RGGI, SIPNOX"
"IN","R M Schahfer Generating Station",6085,"16A",9095,,2023,238,170.9,7839.53,,0.039,0.001,,,12.444,0.1787,130612.022,"Pipeline Natural Gas",,"Combustion turbine",,,,,"CSNOX, CSOSG3, CSSO2G1"
"IN","R M Schahfer Generating Station",6085,"16B",9096,,2023,284,240.97,15937.42,,0.01,0.001,,,3.687,0.2209,33495.236,"Pipeline Natural Gas",,"Combustion turbine",,,,,"CSNOX, CSOSG3, CSSO2G1"
"IN","R M Schahfer Generating Station",6085,"17",2764,,2023,4615,4604.64,1046265.59,,226.381,0.0442,1101153.526,0.1029,762.963,0.1379,10732496.864,"Coal",,"Tangentially-fired","Wet Limestone","Low NOx Burner Technology w/ Closed-coupled/Separated OFA","Electrostatic Precipitator",,"ARP, CSNOX, CSOSG3, CSSO2G1, MATS"
"IN","R M Schahfer Generating Station",6085,"18",2765,,2023,3966,3952.83,840983.04,,237.868,0.0546,846467.191,0.103,578.185,0.1329,8250151.675,"Coal",,"Tangentially-fired","Wet Limestone","Low NOx Burner Technology w/ Closed-coupled/Separated OFA","Electrostatic Precipitator",,"ARP, CSNOX, CSOSG3, CSSO2G1, MATS"
"MN","Sherburne County",6090,"1",2767,"CS1",2023,6314,6303.74,2895569.15,,187.342,0.0115,3205016.685,0.105,1988.32,0.1257,30558933.624,"Coal","Diesel Oil","Tangentially-fired","Wet Limestone","Low NOx Burner Technology w/ Closed-coupled/Separated OFA","Wet ESP|Wet Scrubber","Halogenated PAC Sorbent Injection","ARP, CSNOX, CSSO2G2, MATS"
"MN","Sherburne County",6090,"2",2768,"CS1",2023,3038,3026.71,1262596.47,,107.744,0.0157,1390649.461,0.105,805.787,0.1203,13259419.518,"Coal","Diesel Oil","Tangentially-fired","Wet Limestone","Low NOx Burner Technology w/ Closed-coupled/Separated OFA","Wet ESP|Wet Scrubber","Halogenated PAC Sorbent Injection","ARP, CSNOX, CSSO2G2, MATS"
"MN","Sherburne County",6090,"3",2769,,2023,4841,4833.54,3206841.91,,2340.79,0.15,3263881.936,0.1044,2067.215,0.126,31137479.637,"Coal","Diesel Oil","Dry bottom wall-fired boiler","Dry Lime FGD","Low NOx Burner Technology (Dry Bottom only)","Baghouse","Halogenated PAC Sorbent Injection","ARP, CSNOX, CSSO2G2, MATS"
"OK","Sooner",6095,"1",2773,,2023,2211,2192.05,548936.59,,30.929,0.0123,591543.58,0.1023,349.293,0.1155,5652877.91,"Coal","Diesel Oil","Tangentially-fired","Fluidized Bed Limestone Injection","Low NOx Burner Technology w/ Closed-coupled/Separated OFA|Overfire Air","Electrostatic Precipitator","Halogenated PAC Sorbent Injection","ARP, CSOSG2, MATS"
"OK","Sooner",6095,"2",2774,,2023,1895,1883.48,529056.08,,29.414,0.0112,567782.258,0.1018,328.047,0.1101,5427778.971,"Coal","Diesel Oil","Tangentially-fired","Fluidized Bed Limestone Injection","Low NOx Burner Technology w/ Closed-coupled/Separated OFA|Overfire Air","Electrostatic Precipitator","Halogenated PAC Sorbent Injection","ARP, CSOSG2, MATS"
"NE","Nebraska City Station",6096,"1",2775,,2023,7850,7844.42,3507397.13,,9291.779,0.5414,3567553.608,0.1042,3375.47,0.198,34062186.554,"Coal",,"Dry bottom wall-fired boiler",,"Low NOx Burner Technology w/ Overfire Air","Electrostatic Precipitator","Halogenated PAC Sorbent Injection","ARP, CSNOX, CSSO2G2, MATS"
"NE","Nebraska City Station",6096,"2",90278,,2023,6870,6861.65,2984210.86,,1324.546,0.0942,2912202.843,0.1035,858.729,0.061,27822456.203,"Coal",,"Dry bottom wall-fired boiler","Dry Lime FGD","Selective Catalytic Reduction","Baghouse",,"ARP, CSNOX, CSSO2G2, MATS"
"SD","Big Stone",6098,"1",2776,,2023,6738,6723.47,1658505.34,,726.938,0.0776,2094916.223,0.105,794,0.0809,19974388.52,"Coal","Diesel Oil, Wood","Cyclone boiler","Dry Lime FGD","Overfire Air|Selective Catalytic Reduction","Baghouse","Halogenated PAC Sorbent Injection","ARP, MATS"
"WY","Wyodak",6101,"BW91",2777,,2023,7824,7810.45,2041923.98,,1802.985,0.1554,2441975.826,0.105,2672.879,0.227,23283557.773,"Coal",,"Dry bottom wall-fired boiler","Dry Lime FGD","Low NOx Burner Technology w/ Overfire Air","Baghouse","Untreated PAC Sorbent Injection|Additives to Enhance PAC and Existing Equipment Performance","ARP, MATS"
"CO","Fort St. Vrain",6112,"2",2779,,2023,6861,6836.04,1268400.81,,2.818,0.001,558148.326,0.059,125.391,0.0276,9391822.845,"Pipeline Natural Gas",,"Combined cycle",,"Dry Low NOx Burners",,,"ARP"
"CO","Fort St. Vrain",6112,"3",2780,,2023,7913,7895.15,1431916.73,,3.039,0.001,601996.497,0.059,138.637,0.0282,10129747.712,"Pipeline Natural Gas",,"Combined cycle",,"Dry Low NOx Burners",,,"ARP"
"CO","Fort St. Vrain",6112,"4",2781,,2023,7283,7261.58,1338764.29,,2.994,0.001,593115.879,0.059,47.428,0.01,9980317.412,"Pipeline Natural Gas",,"Combined cycle",,"Selective Catalytic Reduction",,,"ARP"
"CO","Fort St. Vrain",6112,"5",90254,,2023,709,625.35,51264.27,,0.192,0.001,38032.938,0.0592,10.376,0.0417,639975.957,"Pipeline Natural Gas",,"Combustion turbine",,"Dry Low NOx Burners",,,"ARP"
"CO","Fort St. Vrain",6112,"6",90255,,2023,713,633.47,52091.13,,0.195,0.001,38704.103,0.0591,9.877,0.0371,651256.337,"Pipeline Natural Gas",,"Combustion turbine",,"Dry Low NOx Burners",,,"ARP"
"IN","Gibson",6113,"1",2782,,2023,7681,7671.24,2674166.4,,931.126,0.0623,2683693.117,0.103,1021.622,0.0801,26156866.903,"Coal","Diesel Oil","Dry bottom wall-fired boiler","Wet Limestone","Low NOx Burner Technology w/ Overfire Air|Selective Catalytic Reduction","Electrostatic Precipitator|Wet Scrubber",,"ARP, CSNOX, CSOSG3, CSSO2G1, MATS"
"IN","Gibson",6113,"2",2783,,2023,6124,6113.61,2160829.93,,879.368,0.0704,2182569.594,0.103,760.117,0.0707,21272620.376,"Coal","Diesel Oil","Dry bottom wall-fired boiler","Wet Limestone","Low NOx Burner Technology w/ Overfire Air|Selective Catalytic Reduction","Electrostatic Precipitator|Wet Scrubber",,"ARP, CSNOX, CSOSG3, CSSO2G1, MATS"
"IN","Gibson",6113,"3",2784,,2023,3403,3390.82,1094648.85,,430.812,0.0743,1115176.962,0.1029,463.446,0.0903,10869189.032,"Coal","Diesel Oil","Dry bottom wall-fired boiler","Wet Limestone","Low NOx Burner Technology w/ Overfire Air|Selective Catalytic Reduction","Wet Scrubber|Electrostatic Precipitator",,"ARP, CSNOX, CSOSG3, CSSO2G1, MATS"
"IN","Gibson",6113,"4",2785,,2023,4143,4126.9,1335459.04,,1081.088,0.1386,1392847.696,0.1027,458.795,0.0719,13575555.048,"Coal","Diesel Oil","Dry bottom wall-fired boiler","Wet Limestone","Low NOx Burner Technology w/ Overfire Air|Selective Catalytic Reduction","Wet Scrubber|Electrostatic Precipitator",,"ARP, CSNOX, CSOSG3, CSSO2G1, MATS"
"IN","Gibson",6113,"5",2786,,2023,5975,5959.92,1665642.44,,1191.24,0.1312,1667241.162,0.103,867.218,0.1114,16249946.729,"Coal","Diesel Oil","Dry bottom wall-fired boiler","Wet Limestone","Low NOx Burner Technology w/ Overfire Air|Selective Catalytic Reduction","Electrostatic Precipitator|Wet Scrubber",,"ARP, CSNOX, CSOSG3, CSSO2G1, MATS"
"GA","McIntosh (6124)",6124,"CT1",2788,,2023,74,74,3426,,0.123,0.0076,2299.7,0.0617,5.011,0.3797,37302.2,"Pipeline Natural Gas","Diesel Oil","Combustion turbine",,"Water Injection",,,"ARP, CSNOX, CSOSG1, CSSO2G2"
"GA","McIntosh (6124)",6124,"CT2",2789,,2023,84,84,4096,,0.097,0.0057,2886.4,0.0612,5.432,0.3261,47672.6,"Pipeline Natural Gas","Diesel Oil","Combustion turbine",,"Water Injection",,,"ARP, CSNOX, CSOSG1, CSSO2G2"
"GA","McIntosh (6124)",6124,"CT3",2790,,2023,71,71,3082,,0.148,0.0147,2053.1,0.065,4.287,0.4503,32736.1,"Pipeline Natural Gas","Diesel Oil","Combustion turbine",,"Water Injection",,,"ARP, CSNOX, CSOSG1, CSSO2G2"
"GA","McIntosh (6124)",6124,"CT4",2791,,2023,102,102,4749,,0.113,0.0068,3312.2,0.0616,6.857,0.3665,54708.7,"Pipeline Natural Gas","Diesel Oil","Combustion turbine",,"Water Injection",,,"ARP, CSNOX, CSOSG1, CSSO2G2"
"GA","McIntosh (6124)",6124,"CT5",2792,,2023,40,40,1957,,0.064,0.0059,1308.5,0.0611,2.196,0.2955,21318.3,"Pipeline Natural Gas","Diesel Oil","Combustion turbine",,"Water Injection",,,"ARP, CSNOX, CSOSG1, CSSO2G2"
"GA","McIntosh (6124)",6124,"CT6",2793,,2023,129,129,6427,,0.17,0.0052,4594.2,0.0609,8.415,0.3113,75682,"Pipeline Natural Gas","Diesel Oil","Combustion turbine",,"Water Injection",,,"ARP, CSNOX, CSOSG1, CSSO2G2"
"GA","McIntosh (6124)",6124,"CT7",2794,,2023,84,84,3962,,0.193,0.0097,2788.8,0.0629,6.122,0.3898,44575.1,"Pipeline Natural Gas","Diesel Oil","Combustion turbine",,"Water Injection",,,"ARP, CSNOX, CSOSG1, CSSO2G2"
"GA","McIntosh (6124)",6124,"CT8",2795,,2023,55,55,2554,,0.083,0.0072,1634.4,0.0618,3.313,0.3557,26587.1,"Pipeline Natural Gas","Diesel Oil","Combustion turbine",,"Water Injection",,,"ARP, CSNOX, CSOSG1, CSSO2G2"
"IN","A B Brown Generating Station",6137,"1",2797,,2023,4925,4901.74,875876.14,,1248.332,0.2683,951917.928,0.103,483.945,0.1046,9277955.788,"Coal",,"Dry bottom wall-fired boiler","Dual Alkali","Selective Catalytic Reduction","Baghouse","Sodium Based","ARP, CSNOX, CSOSG3, CSSO2G1, MATS"
"IN","A B Brown Generating Station",6137,"2",2798,,2023,6058,6048.53,1126251.41,,1469.411,0.2552,1191010.568,0.103,615.295,0.1055,11608285.064,"Coal",,"Dry bottom wall-fired boiler","Dual Alkali","Selective Catalytic Reduction","Electrostatic Precipitator","Sodium Based","ARP, CSNOX, CSOSG3, CSSO2G1, MATS"
"IN","A B Brown Generating Station",6137,"3",2799,,2023,422,339.88,13996.2,,0.493,0.0049,10901.977,0.0597,14.751,0.15,181572.983,"Pipeline Natural Gas","Diesel Oil","Combustion turbine",,"Water Injection",,,"ARP, CSNOX, CSOSG3, CSSO2G1"
"IN","A B Brown Generating Station",6137,"4",10210,,2023,414,335.41,17011.01,,0.07,0.001,13814.578,0.0591,2.977,0.0374,232459.54,"Pipeline Natural Gas",,"Combustion turbine",,"Dry Low NOx Burners|Water Injection",,,"ARP, CSNOX, CSOSG3, CSSO2G1"
"AR","Flint Creek Power Plant",6138,"1",2800,,2023,7821,7808.42,2276365.06,,642.987,0.0569,2491950.095,0.105,2574.732,0.218,23759994.669,"Coal",,"Dry bottom wall-fired boiler","Dry Lime FGD","Low NOx Burner Technology w/ Overfire Air","Baghouse|Electrostatic Precipitator","Halogenated PAC Sorbent Injection","ARP, CSOSG2, MATS"
"TX","Welsh Power Plant",6139,"1",2801,,2023,6253,6246.99,2096619.99,,5239.412,0.4497,2402954.948,0.105,2079.077,0.177,22911483.723,"Coal",,"Dry bottom wall-fired boiler",,"Low NOx Burner Technology w/ Overfire Air","Baghouse|Electrostatic Precipitator","Halogenated PAC Sorbent Injection","ARP, CSOSG2, MATS, TXSO2"
"TX","Welsh Power Plant",6139,"3",2803,,2023,5453,5441.44,1760180.24,,4256.261,0.4409,1969204.226,0.105,1937.705,0.2082,18775756.434,"Coal",,"Dry bottom wall-fired boiler",,"Low NOx Burner Technology w/ Overfire Air","Baghouse|Electrostatic Precipitator","Halogenated PAC Sorbent Injection","ARP, CSOSG2, MATS, TXSO2"
"TX","Martin Lake",6146,"1",2804,,2023,7720,7713.61,4400579.29,,4195.57,0.1517,4899902.586,0.105,3206.249,0.1437,46719108.146,"Coal",,"Tangentially-fired","Wet Limestone","Low NOx Burner Technology w/ Separated OFA","Electrostatic Precipitator","Untreated PAC Sorbent Injection","ARP, CSOSG2, MATS, TXSO2"
"TX","Martin Lake",6146,"2",2805,,2023,8254,8245.57,4436025.28,,4633.157,0.1733,4598687.206,0.105,2856.385,0.1279,43847126.509,"Coal",,"Tangentially-fired","Wet Limestone","Low NOx Burner Technology w/ Separated OFA","Electrostatic Precipitator",,"ARP, CSOSG2, MATS, TXSO2"
"TX","Martin Lake",6146,"3",2806,,2023,7145,7130.04,4189019.44,,4473.805,0.1725,4497728.571,0.1049,3082.258,0.1436,42884523.184,"Coal",,"Tangentially-fired","Wet Limestone","Low NOx Burner Technology w/ Separated OFA","Electrostatic Precipitator",,"ARP, CSOSG2, MATS, TXSO2"
"MO","Rush Island",6155,"1",2813,,2023,905,894.12,413675.78,,947.26,0.4375,412162.484,0.1048,176.275,0.0996,3929846.04,"Coal",,"Tangentially-fired",,"Low NOx Burner Technology w/ Closed-coupled/Separated OFA","Electrostatic Precipitator",,"ARP, CSNOX, CSOSG2, CSSO2G1, MATS"
"MO","Rush Island",6155,"2",2814,,2023,1044,1027.86,477359.97,,1101.786,0.4701,449357.906,0.1049,191.021,0.0983,4284491.892,"Coal",,"Tangentially-fired",,"Low NOx Burner Technology w/ Closed-coupled/Separated OFA","Electrostatic Precipitator",,"ARP, CSNOX, CSOSG2, CSSO2G1, MATS"
"CT","New Haven Harbor",6156,"NHB1",2815,,2023,219,205.2,30569.55,,28.685,0.1109,27295.075,0.0671,19.361,0.0762,381566.218,"Residual Oil","Diesel Oil, Pipeline Natural Gas","Tangentially-fired",,,"Electrostatic Precipitator",,"ARP, MATS, RGGI, SIPNOX"
"CT","New Haven Harbor",6156,"NHHS2",90569,,2023,49,34.41,1442.01,,0.004,0.0005,1048.133,0.0758,0.151,0.0295,13592.722,"Diesel Oil","Pipeline Natural Gas","Combustion turbine",,"Water Injection|Selective Catalytic Reduction",,,"ARP, RGGI, SIPNOX"
"CT","New Haven Harbor",6156,"NHHS3",90570,,2023,56,38.29,1585.31,,0.004,0.0006,1123.32,0.0779,0.135,0.0301,14565.687,"Diesel Oil","Pipeline Natural Gas","Combustion turbine",,"Water Injection|Selective Catalytic Reduction",,,"ARP, RGGI, SIPNOX"
"CT","New Haven Harbor",6156,"NHHS4",90571,,2023,43,31.61,1329.14,,0.004,0.0006,948.745,0.0774,0.119,0.022,12375.088,"Diesel Oil","Pipeline Natural Gas","Combustion turbine",,"Water Injection|Selective Catalytic Reduction",,,"ARP, RGGI, SIPNOX"
"UT","Hunter",6165,"1",2816,,2023,7330,7322.65,1754820.66,,660.496,0.0726,1791288.655,0.103,1562.887,0.1781,17458972.477,"Coal",,"Tangentially-fired","Wet Lime FGD","Low NOx Burner Technology w/ Closed-coupled/Separated OFA","Baghouse",,"ARP, MATS"
"UT","Hunter",6165,"2",2817,,2023,7217,7196.86,1641758.71,,658.237,0.077,1715668.084,0.103,1345.796,0.1556,16721935.347,"Coal",,"Tangentially-fired","Wet Lime FGD","Low NOx Burner Technology w/ Closed-coupled/Separated OFA","Baghouse",,"ARP, MATS"
"UT","Hunter",6165,"3",2818,,2023,6569,6552.14,1293720.39,,621.49,0.0898,1408901.659,0.1029,1745.747,0.2493,13732018.68,"Coal",,"Dry bottom wall-fired boiler","Wet Lime FGD","Low NOx Burner Technology w/ Overfire Air","Wet Scrubber|Baghouse",,"ARP, MATS"
"IN","Rockport",6166,"AB1",9177,,2023,190,184.61,,,,,,,5.732,0.103,111320,"Diesel Oil",,"Other boiler",,,,,"SIPNOX"
"IN","Rockport",6166,"AB2",9178,,2023,176,167.51,,,,,,,5.201,0.103,101008.7,"Diesel Oil",,"Other boiler",,,,,"SIPNOX"
"IN","Rockport",6166,"MB1",2819,"CS012",2023,2510,2501.94,1534815.92,,1039.288,0.1257,1772350.335,0.105,599.959,0.0704,16898845.074,"Coal",,"Dry bottom wall-fired boiler","Sodium Based","Low NOx Burner Technology (Dry Bottom only)|Selective Catalytic Reduction","Electrostatic Precipitator","Halogenated PAC Sorbent Injection","ARP, CSNOX, CSOSG3, CSSO2G1, MATS"
"IN","Rockport",6166,"MB2",2820,"CS012",2023,2330,2322.71,1455227.45,,968.998,0.1371,1616215.326,0.105,538.542,0.0703,15410150.108,"Coal",,"Dry bottom wall-fired boiler","Sodium Based","Low NOx Burner Technology (Dry Bottom only)|Selective Catalytic Reduction","Electrostatic Precipitator","Halogenated PAC Sorbent Injection","ARP, CSNOX, CSOSG3, CSSO2G1, MATS"
"AZ","Coronado Generating Station",6177,"U1B",2823,,2023,6080,6064.38,1578842.93,,65.552,0.0068,1787975.847,0.1044,2141.75,0.2359,17060443.206,"Coal","Diesel Oil","Dry bottom turbo-fired boiler","Wet Limestone","Low NOx Burner Technology w/ Overfire Air","Electrostatic Precipitator",,"ARP, MATS"
"AZ","Coronado Generating Station",6177,"U2B",2824,,2023,6832,6826.25,1938229.22,,60.199,0.0048,2217280.782,0.1045,679.693,0.0628,21168693.204,"Coal","Diesel Oil","Dry bottom turbo-fired boiler","Wet Limestone","Low NOx Burner Technology w/ Overfire Air|Selective Catalytic Reduction","Electrostatic Precipitator",,"ARP, MATS"
"TX","Coleto Creek",6178,"1",2826,,2023,6160,6140.1,2851065.68,,9577.27,0.6382,3013749.179,0.105,2121.567,0.1511,28735198.007,"Coal",,"Tangentially-fired",,"Low NOx Burner Technology w/ Closed-coupled/Separated OFA","Baghouse","Additives to Enhance PAC and Existing Equipment Performance","ARP, CSOSG2, MATS, TXSO2"
"TX","Sam Seymour",6179,"1",2827,,2023,8431,8429.79,2932694.71,,144.854,0.0092,3195360.801,0.105,1845.929,0.1323,30466870.694,"Coal","Diesel Oil, Other Solid Fuel","Tangentially-fired","Wet Limestone","Low NOx Burner Technology w/ Closed-coupled/Separated OFA","Electrostatic Precipitator",,"ARP, CSOSG2, MATS, TXSO2"
"TX","Sam Seymour",6179,"2",2828,,2023,8559,8554.16,3021247.11,,255.1,0.0148,3441232.536,0.105,1903.536,0.1256,32811145.885,"Coal","Diesel Oil, Other Solid Fuel","Tangentially-fired","Wet Limestone","Low NOx Burner Technology w/ Closed-coupled/Separated OFA","Electrostatic Precipitator",,"ARP, CSOSG2, MATS, TXSO2"
"TX","Sam Seymour",6179,"3",2829,,2023,6438,6435.79,2315265.07,,178.406,0.0134,2611498.55,0.105,1614.624,0.1365,24899886.941,"Coal","Diesel Oil, Other Solid Fuel","Tangentially-fired","Wet Limestone","Low NOx Burner Technology w/ Closed-coupled/Separated OFA","Electrostatic Precipitator",,"ARP, CSOSG2, MATS"
"TX","Oak Grove",6180,"1",2830,,2023,8253,8240.85,6567981.88,,4102.414,0.1267,6860505.428,0.1086,2294.468,0.0709,63042079.818,"Coal","Pipeline Natural Gas","Tangentially-fired","Wet Limestone","Low NOx Burner Technology w/ Separated OFA|Ammonia Injection|Selective Catalytic Reduction","Baghouse",,"ARP, CSOSG2, MATS"
"TX","Oak Grove",6180,"2",2831,,2023,8197,8183.03,6443900.45,,4093.119,0.133,6572744.752,0.1084,2078.794,0.0705,60399833.457,"Coal","Pipeline Natural Gas","Dry bottom wall-fired boiler","Wet Limestone","Low NOx Burner Technology (Dry Bottom only)|Ammonia Injection|Selective Catalytic Reduction","Baghouse",,"ARP, CSOSG2, MATS"
"TX","San Miguel",6183,"SM-1",2835,,2023,5648,5632.45,1573373.95,,4615.175,0.4761,1972164.289,0.109,1426.175,0.1569,18114837.765,"Coal",,"Dry bottom wall-fired boiler","Wet Limestone","Overfire Air|Low NOx Burner Technology (Dry Bottom only)","Electrostatic Precipitator|Wet Scrubber",,"ARP, CSOSG2, MATS"
"LA","Brame Energy Center",6190,"1",2836,,2023,6670,6652.48,1435751.92,,4.383,0.001,868289.673,0.0589,1656.669,0.2113,14610686.766,"Pipeline Natural Gas",,"Dry bottom wall-fired boiler",,,,,"ARP, CSOSG2E"
"LA","Brame Energy Center",6190,"2",2837,,2023,7811,7799.26,1833395.19,,2379.127,0.2469,2069013.854,0.1048,1919.472,0.1941,19730318.266,"Coal",,"Dry bottom wall-fired boiler",,"Low NOx Burner Technology w/ Overfire Air|Selective Non-catalytic Reduction","Baghouse|Electrostatic Precipitator","Untreated PAC Sorbent Injection","ARP, CSOSG2E, MATS"
"LA","Brame Energy Center",6190,"3-1",90034,,2023,2293,2285.03,537377.67,,334.862,0.1117,618544.632,0.1028,94.764,0.0317,5882073.286,"Petroleum Coke","Coal","Circulating fluidized bed boiler","Dry Lime FGD","Selective Non-catalytic Reduction","Baghouse","Untreated PAC Sorbent Injection","ARP, CSOSG2E, MATS"
"LA","Brame Energy Center",6190,"3-2",90035,,2023,2816,2813.57,729254.87,,447.737,0.1135,824683.699,0.1045,113.703,0.0284,7825611.368,"Petroleum Coke","Coal","Circulating fluidized bed boiler","Dry Lime FGD","Selective Non-catalytic Reduction","Baghouse","Untreated PAC Sorbent Injection","ARP, CSOSG2E, MATS"
"TX","Harrington Station",6193,"061B",2838,,2023,5742,5690.29,1136647.21,,3519.516,0.542,1294692.543,0.1011,742.666,0.1127,12409152.463,"Coal","Pipeline Natural Gas","Tangentially-fired",,"Low NOx Burner Technology w/ Separated OFA|Overfire Air","Electrostatic Precipitator","Halogenated PAC Sorbent Injection","ARP, CSOSG2, MATS, TXSO2"
"TX","Harrington Station",6193,"062B",2839,,2023,4790,4764.23,1009126.12,,2929.332,0.5725,1039712.872,0.1026,627.796,0.1204,9938342.79,"Coal","Pipeline Natural Gas","Tangentially-fired",,"Low NOx Burner Technology w/ Closed-coupled/Separated OFA|Overfire Air","Baghouse","Halogenated PAC Sorbent Injection","ARP, CSOSG2, MATS, TXSO2"
"TX","Harrington Station",6193,"063B",2840,,2023,6749,6715.99,1397386.63,,4083.016,0.5599,1466200.22,0.1027,946.728,0.1331,14016206.945,"Coal","Pipeline Natural Gas","Tangentially-fired",,"Low NOx Burner Technology w/ Closed-coupled/Separated OFA|Overfire Air","Baghouse","Halogenated PAC Sorbent Injection","ARP, CSOSG2, MATS, TXSO2"
"TX","Tolk Station",6194,"171B",2841,,2023,5727,5693.22,1545733.37,,4454.198,0.535,1642795.416,0.1023,1191.753,0.1542,15719901.147,"Coal",,"Tangentially-fired",,"Low NOx Burner Technology w/ Separated OFA|Overfire Air","Baghouse","Halogenated PAC Sorbent Injection","ARP, CSOSG2, MATS, TXSO2"
"TX","Tolk Station",6194,"172B",2842,,2023,5574,5543.83,1369851.78,,3975.69,0.5281,1459982.426,0.1022,981.59,0.1333,13975940.544,"Coal",,"Tangentially-fired",,"Low NOx Burner Technology w/ Separated OFA|Overfire Air","Baghouse","Halogenated PAC Sorbent Injection","ARP, CSOSG2, MATS, TXSO2"
"MO","John Twitty Energy Center",6195,"1",2843,,2023,6817,6801.71,952624.77,,2091.507,0.4456,959463.595,0.1031,503.507,0.1089,9237022.425,"Coal","Diesel Oil, Natural Gas, Pipeline Natural Gas","Dry bottom wall-fired boiler",,"Other|Selective Catalytic Reduction","Baghouse","Halogenated PAC Sorbent Injection","ARP, CSNOX, CSOSG2, CSSO2G1, MATS"
"MO","John Twitty Energy Center",6195,"2",90438,,2023,5935,5921.54,1124081.6,,417.293,0.0807,1063764.021,0.103,366.077,0.0725,10207597.48,"Coal","Natural Gas, Pipeline Natural Gas","Dry bottom wall-fired boiler","Dry Lime FGD","Low NOx Burner Technology w/ Overfire Air|Selective Catalytic Reduction","Baghouse","Other (Non PAC) Sorbent Injection","ARP, CSNOX, CSOSG2, CSSO2G1, MATS"
"MO","John Twitty Energy Center",6195,"CT1A",89861,,2023,1658,1397.07,26608.61,,0.161,0.001,23606.859,0.0593,30.745,0.1647,397197.043,"Natural Gas",,"Combustion turbine",,"Water Injection",,,"CSNOX, CSOSG2, CSSO2G1"
"MO","John Twitty Energy Center",6195,"CT1B",89862,,2023,980,826.07,14307.92,,0.083,0.001,12356.511,0.0594,15.217,0.1507,207888.59,"Natural Gas",,"Combustion turbine",,"Water Injection",,,"CSNOX, CSOSG2, CSSO2G1"
"MO","John Twitty Energy Center",6195,"CT2A",89863,,2023,1178,993.27,15881.05,,0.102,0.001,15416.32,0.0593,18.98,0.152,259388.965,"Natural Gas",,"Combustion turbine",,"Water Injection",,,"CSNOX, CSOSG2, CSSO2G1"
"MO","John Twitty Energy Center",6195,"CT2B",89864,,2023,1789,1498.04,26055.17,,0.167,0.001,24571.065,0.0593,31.766,0.1543,413472.004,"Natural Gas",,"Combustion turbine",,"Water Injection",,,"CSNOX, CSOSG2, CSSO2G1"
"WY","Laramie River",6204,"1",2844,,2023,5223,5210.68,2135455.13,,1293.028,0.1031,2615610.552,0.105,600.521,0.0491,24939115.449,"Coal",,"Dry bottom wall-fired boiler","Wet Limestone","Overfire Air|Selective Catalytic Reduction|Low NOx Burner Technology (Dry Bottom only)","Electrostatic Precipitator","Halogenated PAC Sorbent Injection","ARP, MATS"
"WY","Laramie River",6204,"2",2845,,2023,8453,8445.89,4051784.71,,2249.682,0.1064,4377557.709,0.105,2959.87,0.14,41738797.863,"Coal",,"Dry bottom wall-fired boiler","Wet Limestone","Overfire Air|Selective Non-catalytic Reduction|Low NOx Burner Technology (Dry Bottom only)","Electrostatic Precipitator","Halogenated PAC Sorbent Injection","ARP, MATS"
"WY","Laramie River",6204,"3",2846,,2023,8581,8573.28,4052006.85,,3087.692,0.1289,5014801.03,0.105,3336.836,0.1383,47814656.742,"Coal",,"Dry bottom wall-fired boiler","Dry Lime FGD","Overfire Air|Selective Non-catalytic Reduction|Low NOx Burner Technology (Dry Bottom only)","Electrostatic Precipitator","Halogenated PAC Sorbent Injection","ARP, MATS"
"IN","Merom",6213,"1SG1",2853,,2023,6895,6877.78,2482094.93,,1269.823,0.0954,2608357.524,0.103,711.958,0.0574,25422608.189,"Coal",,"Dry bottom turbo-fired boiler","Wet Limestone","Selective Catalytic Reduction|Low NOx Burner Technology w/ Overfire Air","Electrostatic Precipitator","Untreated PAC Sorbent Injection","ARP, CSNOX, CSOSG3, CSSO2G1, MATS"
"IN","Merom",6213,"2SG1",2854,,2023,5763,5751.39,2136893.6,,1568.429,0.1261,2466924.62,0.103,656.464,0.0559,24044082.456,"Coal",,"Dry bottom turbo-fired boiler","Wet Limestone","Selective Catalytic Reduction|Low NOx Burner Technology w/ Overfire Air","Electrostatic Precipitator","Untreated PAC Sorbent Injection","ARP, CSNOX, CSOSG3, CSSO2G1, MATS"
"MO","Empire District Elec Co Energy Ctr",6223,"1",89857,,2023,1050,968.75,48019.29,,0.265,0.0011,45180.731,0.0606,56.359,0.1594,749806.454,"Pipeline Natural Gas","Diesel Oil","Combustion turbine",,"Water Injection",,,"CSNOX, CSOSG2, CSSO2G1"
"MO","Empire District Elec Co Energy Ctr",6223,"2",89858,,2023,901,822.74,43493.36,,0.228,0.0012,39963.997,0.061,46.662,0.1604,661825.281,"Pipeline Natural Gas","Diesel Oil","Combustion turbine",,"Water Injection",,,"CSNOX, CSOSG2, CSSO2G1"
"MO","Empire District Elec Co Energy Ctr",6223,"3A",9179,,2023,2565,2248.41,39451.34,,0.157,0.0011,28248.153,0.0602,20.239,0.0926,470592.138,"Pipeline Natural Gas","Diesel Oil","Combustion turbine",,"Water Injection",,,"ARP, CSNOX, CSOSG2, CSSO2G1"
"MO","Empire District Elec Co Energy Ctr",6223,"3B",9180,,2023,2513,2185.02,37002.58,,0.147,0.0011,26215.071,0.0604,19.024,0.0976,436633.16,"Pipeline Natural Gas","Diesel Oil","Combustion turbine",,"Water Injection",,,"ARP, CSNOX, CSOSG2, CSSO2G1"
"MO","Empire District Elec Co Energy Ctr",6223,"4A",9181,,2023,2425,2106.85,34364.25,,0.137,0.0011,24302.407,0.0602,17.525,0.0933,404491.192,"Pipeline Natural Gas","Diesel Oil","Combustion turbine",,"Water Injection",,,"ARP, CSNOX, CSOSG2, CSSO2G1"
"MO","Empire District Elec Co Energy Ctr",6223,"4B",9182,,2023,2451,2134.14,38618.26,,0.152,0.0011,27139.149,0.0602,19.579,0.0937,451801.201,"Pipeline Natural Gas","Diesel Oil","Combustion turbine",,"Water Injection",,,"ARP, CSNOX, CSOSG2, CSSO2G1"
"TX","Roland C. Dansby Power Plant",6243,"1",2860,,2023,5584,5573.26,114611.25,,0.274,0.001,54349.559,0.0594,38.791,0.0841,914505.511,"Pipeline Natural Gas","Diesel Oil","Dry bottom wall-fired boiler",,"Overfire Air",,,"ARP, CSOSG2"
"TX","Roland C. Dansby Power Plant",6243,"2",89412,,2023,1322,1118.19,48857.81,,0.143,0.001,28259.925,0.0592,2.951,0.0168,475534.658,"Pipeline Natural Gas",,"Combustion turbine",,"Water Injection|Selective Catalytic Reduction",,,"ARP, CSOSG2"
"TX","Roland C. Dansby Power Plant",6243,"3",90415,,2023,1284,1100.2,49009.5,,0.144,0.001,28439.229,0.0592,4.744,0.0248,478557.847,"Pipeline Natural Gas","Diesel Oil","Combustion turbine",,"Water Injection|Selective Catalytic Reduction",,,"ARP, CSOSG2"
"CO","Pawnee",6248,"1",2866,,2023,8299,8295.13,3008781.52,,1518.024,0.0952,3398439.339,0.1047,782.381,0.0476,32408952.602,"Coal","Natural Gas","Dry bottom wall-fired boiler","Dry Lime FGD","Low NOx Burner Technology w/ Overfire Air|Selective Catalytic Reduction","Baghouse","Halogenated PAC Sorbent Injection","ARP, MATS"
"SC","Winyah",6249,"1",2867,,2023,5117,5101.41,919143.29,,382.133,0.0833,943585.503,0.103,396.592,0.0869,9196733.872,"Coal",,"Dry bottom wall-fired boiler","Wet Limestone","Low NOx Burner Technology w/ Overfire Air|Selective Catalytic Reduction","Electrostatic Precipitator",,"ARP, CSNOX, CSSO2G2, MATS, SIPNOX"
"SC","Winyah",6249,"2",2868,,2023,5976,5960.26,1030036.92,,453.573,0.0782,1034374.393,0.103,521.993,0.1049,10081631.256,"Coal",,"Dry bottom turbo-fired boiler","Wet Limestone","Overfire Air|Selective Catalytic Reduction","Electrostatic Precipitator",,"ARP, CSNOX, CSSO2G2, MATS, SIPNOX"
"SC","Winyah",6249,"3",2869,,2023,3362,3334.19,506387.55,,493.219,0.1522,581453.284,0.103,287.452,0.101,5667191.964,"Coal",,"Dry bottom turbo-fired boiler","Wet Limestone","Selective Catalytic Reduction","Electrostatic Precipitator",,"ARP, CSNOX, CSSO2G2, MATS, SIPNOX"
"SC","Winyah",6249,"4",2870,,2023,3451,3437.33,609204.49,,343.174,0.1079,617368.67,0.1028,306.322,0.1047,6017249.221,"Coal",,"Dry bottom turbo-fired boiler","Wet Limestone","Selective Catalytic Reduction","Electrostatic Precipitator",,"ARP, CSNOX, CSSO2G2, MATS, SIPNOX"
"NC","Mayo",6250,"1A",2871,"CS005A",2023,3483,3468.92,,5548383.83,983.016,0.227,793106.665,0.1011,429.498,0.1186,7744552.187,"Coal","Diesel Oil","Dry bottom wall-fired boiler","Wet Lime FGD","Low NOx Burner Technology (Dry Bottom only)|Selective Catalytic Reduction","Wet Scrubber|Electrostatic Precipitator",,"ARP, CSNOX, CSSO2G1, MATS, SIPNOX"
"NC","Mayo",6250,"1B",2872,"CS005A",2023,3482,3467.93,,4903671.92,853.772,0.227,704403.791,0.1011,385.959,0.1187,6871302.242,"Coal","Diesel Oil","Dry bottom wall-fired boiler","Wet Lime FGD","Low NOx Burner Technology (Dry Bottom only)|Selective Catalytic Reduction","Wet Scrubber|Electrostatic Precipitator",,"ARP, CSNOX, CSSO2G1, MATS, SIPNOX"
"WI","Germantown Power Plant",6253,"**5",2873,,2023,278,239.16,14421.52,,0.055,0.001,10835.839,0.0591,2.668,0.029,182317.512,"Pipeline Natural Gas","Diesel Oil","Combustion turbine",,"Water Injection",,,"ARP, CSNOX, CSOSG3, CSSO2G1"
"WI","Germantown Power Plant",6253,"P30",90037,,2023,34,22,,,0.18,0.05,579.1,0.081,4.291,1.2,7150.7,"Diesel Oil",,"Combustion turbine",,,,,"CSNOX, CSOSG3, CSSO2G1"
"WI","Germantown Power Plant",6253,"P31",90038,,2023,38,26.75,,,0.219,0.05,704,0.081,5.217,1.2,8694.4,"Diesel Oil",,"Combustion turbine",,,,,"CSNOX, CSOSG3, CSSO2G1"
"WI","Germantown Power Plant",6253,"P32",90039,,2023,31,22,,,0.18,0.05,579,0.081,4.291,1.2,7150.5,"Diesel Oil",,"Combustion turbine",,,,,"CSNOX, CSOSG3, CSSO2G1"
"WI","Germantown Power Plant",6253,"P33",90040,,2023,20,12.77,,,0.105,0.0498,336.2,0.0808,2.49,1.2,4150.5,"Diesel Oil",,"Combustion turbine",,,,,"CSNOX, CSOSG3, CSSO2G1"
"WI","Germantown Power Plant",6253,"P34",90234,,2023,26,18.5,,,0.152,0.05,486.8,0.081,3.608,1.2,6013,"Diesel Oil",,"Combustion turbine",,,,,"CSNOX, CSOSG3, CSSO2G1"
"WI","Germantown Power Plant",6253,"P35",90235,,2023,27,19.25,,,0.158,0.05,506.5,0.081,3.754,1.2,6256.8,"Diesel Oil",,"Combustion turbine",,,,,"CSNOX, CSOSG3, CSSO2G1"
"WI","Germantown Power Plant",6253,"P36",90236,,2023,27,18.25,,,0.15,0.05,480.5,0.081,3.559,1.2,5931.6,"Diesel Oil",,"Combustion turbine",,,,,"CSNOX, CSOSG3, CSSO2G1"
"WI","Germantown Power Plant",6253,"P37",90237,,2023,30,19.5,,,0.16,0.05,513.4,0.081,3.803,1.2,6338,"Diesel Oil",,"Combustion turbine",,,,,"CSNOX, CSOSG3, CSSO2G1"
"IA","Ottumwa",6254,"1",2874,,2023,6706,6696.21,3433325.23,,1015.917,0.0567,3756421.45,0.1046,1003.454,0.0596,35825535.131,"Coal",,"Tangentially-fired","Dry Lime FGD","Low NOx Burner Technology w/ Separated OFA|Selective Catalytic Reduction","Other|Baghouse|Electrostatic Precipitator","Additives to Enhance PAC and Existing Equipment Performance","ARP, CSNOX, CSOSG2, CSSO2G1, MATS"
"GA","Scherer",6257,"1",2875,"MS1BYP, MS1FGD",2023,8176,8168.32,3852255.16,,352.658,0.0162,4374575.079,0.105,3264.307,0.1766,41710327.117,"Coal",,"Tangentially-fired","Wet Lime FGD","Other|Selective Catalytic Reduction","Baghouse|Electrostatic Precipitator","Halogenated PAC Sorbent Injection","ARP, CSNOX, CSOSG1, CSSO2G2, MATS"
"GA","Scherer",6257,"2",2876,"MS2BYP, MS2FGD",2023,2707,2696.11,1332660.73,,128.121,0.0174,1484139.465,0.105,720.537,0.1139,14150820.954,"Coal",,"Tangentially-fired","Wet Lime FGD","Other|Selective Catalytic Reduction","Baghouse|Electrostatic Precipitator","Halogenated PAC Sorbent Injection","ARP, CSNOX, CSOSG1, CSSO2G2, MATS"
"GA","Scherer",6257,"3",2877,"MS3BYP, MS3FGD",2023,6046,6037.77,2183956.11,,204.552,0.0284,2466869.44,0.1049,1707.37,0.1468,23520890.582,"Coal",,"Tangentially-fired","Wet Lime FGD","Other|Selective Catalytic Reduction","Baghouse|Electrostatic Precipitator","Halogenated PAC Sorbent Injection","ARP, CSNOX, CSOSG1, CSSO2G2, MATS"
"GA","Allen B Wilson Combustion Turbine Plant",6258,"1A",89926,,2023,26,26,877,,2.767,0.5,,,6.639,1.2,11065.2,"Diesel Oil",,"Combustion turbine",,,,,"CSNOX, CSOSG1, CSSO2G2"
"GA","Allen B Wilson Combustion Turbine Plant",6258,"1B",89927,,2023,19,19,644,,2.372,0.5,,,5.693,1.2,9488,"Diesel Oil",,"Combustion turbine",,,,,"CSNOX, CSOSG1, CSSO2G2"
"GA","Allen B Wilson Combustion Turbine Plant",6258,"1C",89928,,2023,24,24,606,,2.185,0.5002,,,5.244,1.2,8739.8,"Diesel Oil",,"Combustion turbine",,,,,"CSNOX, CSOSG1, CSSO2G2"
"GA","Allen B Wilson Combustion Turbine Plant",6258,"1D",89929,,2023,25,25,364,,1.911,0.5,,,4.587,1.2,7644.3,"Diesel Oil",,"Combustion turbine",,,,,"CSNOX, CSOSG1, CSSO2G2"
"GA","Allen B Wilson Combustion Turbine Plant",6258,"1E",89930,,2023,26,26,581,,2.076,0.5,,,4.982,1.2,8303.1,"Diesel Oil",,"Combustion turbine",,,,,"CSNOX, CSOSG1, CSSO2G2"
"GA","Allen B Wilson Combustion Turbine Plant",6258,"1F",89931,,2023,20,20,571,,1.951,0.5,,,4.682,1.2,7803.9,"Diesel Oil",,"Combustion turbine",,,,,"CSNOX, CSOSG1, CSSO2G2"
"WV","Mountaineer (1301)",6264,"1",2879,,2023,6279,6271.41,5459659.98,,2805.317,0.1061,5301427.96,0.103,2638.458,0.1052,51670824.911,"Coal",,"Dry bottom wall-fired boiler","Wet Limestone","Low NOx Burner Technology (Dry Bottom only)|Selective Catalytic Reduction","Electrostatic Precipitator",,"ARP, CSNOX, CSOSG2E, CSSO2G1, MATS"
"WV","Mountaineer (1301)",6264,"AUX1",10027,,2023,44,39.01,,,,,,,1.201,0.103,23327.9,"Diesel Oil",,"Other boiler",,,,,"SIPNOX"
"WV","Mountaineer (1301)",6264,"AUX2",10028,,2023,43,36.28,,,,,,,1.117,0.103,21695.4,"Diesel Oil",,"Other boiler",,,,,"SIPNOX"
"AK","Healy Power Plant",6288,"2",90988,,2023,6092,6044.44,278474.22,,,,,,,,,"Coal",,"Dry bottom wall-fired boiler","Dry Sorbent Injection","Low NOx Burner Technology (Dry Bottom only)|Selective Catalytic Reduction","Baghouse",,"MATS"
"MN","Hutchinson - Plant 2",6358,"1",2880,,2023,712,640.71,25383.27,,0.089,0.0009,16653.913,0.0592,13.926,0.1033,280249.154,"Pipeline Natural Gas",,"Combined cycle",,"Water Injection",,,"ARP, CSNOX, CSSO2G2"
"NE","Rokeby",6373,"1",90729,,2023,1421,1234.25,38670.67,,0.198,0.001,,,86.145,0.3111,555646.7,"Pipeline Natural Gas","Diesel Oil","Combustion turbine",,"Water Injection",,,"CSNOX, CSSO2G2"
"NE","Rokeby",6373,"2",2883,,2023,430,377.21,19228.86,,0.256,0.0021,16084.25,0.0602,31.967,0.2532,264748.198,"Pipeline Natural Gas","Diesel Oil","Combustion turbine",,"Dry Low NOx Burners|Water Injection",,,"ARP, CSNOX, CSSO2G2"
"NE","Rokeby",6373,"3",2884,,2023,479,426.4,26719.65,,0.213,0.0017,19545.597,0.0597,15.095,0.1076,325004.859,"Pipeline Natural Gas","Diesel Oil","Combustion turbine",,"Dry Low NOx Burners|Water Injection",,,"ARP, CSNOX, CSSO2G2"
"IA","Dayton Avenue Substation",6463,"GT2",89535,,2023,128,110.11,2060.13,,0.59,0.0507,1894.6,0.0809,1.905,0.2782,23377.2,"Diesel Oil",,"Combustion turbine",,"Water Injection",,,"ARP, CSNOX, CSOSG2, CSSO2G1"
"ND","Antelope Valley",6469,"B1",2885,,2023,7353,7324.52,2818455.21,,5970.992,0.4299,3029705.331,0.1088,1824.414,0.1329,27828661.045,"Coal",,"Tangentially-fired","Dry Lime FGD","Low NOx Burner Technology w/ Closed-coupled/Separated OFA","Baghouse","Additives to Enhance PAC and Existing Equipment Performance|Untreated PAC Sorbent Injection|Other (Non PAC) Sorbent Injection","ARP, MATS"
"ND","Antelope Valley",6469,"B2",2886,,2023,6495,6481.43,2455192.77,,5149.25,0.3943,2866006.519,0.1089,1794.713,0.1387,26325042.73,"Coal",,"Tangentially-fired","Dry Lime FGD","Low NOx Burner Technology w/ Closed-coupled/Separated OFA","Baghouse","Additives to Enhance PAC and Existing Equipment Performance|Untreated PAC Sorbent Injection|Other (Non PAC) Sorbent Injection","ARP, MATS"
"UT","Intermountain",6481,"1SGA",2887,,2023,6369,6368.25,2565657.25,,387.609,0.0293,2494554,0.103,2499.055,0.2006,24313407.675,"Coal",,"Dry bottom wall-fired boiler","Wet Limestone","Low NOx Burner Technology (Dry Bottom only)","Baghouse",,"ARP, MATS"
"UT","Intermountain",6481,"2SGA",2888,,2023,5531,5526.75,2351311.75,,460.475,0.0378,2330808.925,0.103,2720.521,0.227,22717470.8,"Coal",,"Dry bottom wall-fired boiler","Wet Limestone","Low NOx Burner Technology (Dry Bottom only)","Baghouse",,"ARP, MATS"
"FL","Stock Island",6584,"CT4",89604,,2023,40,24.33,718.8,,0.003,0.001,564.333,0.0811,0.603,0.2239,6957.433,"Diesel Oil",,"Combustion turbine",,"Water Injection",,,"ARP"
"CT","Alfred L Pierce Generating Station",6635,"AP-1",90114,,2023,83,60.64,4068.93,,0.016,0.0009,3144.841,0.0595,1.007,0.058,52394.176,"Pipeline Natural Gas","Diesel Oil","Combustion turbine",,"Dry Low NOx Burners|Water Injection",,,"ARP, RGGI, SIPNOX"
"KY","R D Green",6639,"G1",2896,,2023,1484,1464.4,164753.75,,0.498,0.001,98617.107,0.059,65.404,0.0711,1659452.91,"Pipeline Natural Gas",,"Dry bottom wall-fired boiler",,,,,"ARP, CSNOX, CSOSG2E, CSSO2G1, MATS"
"KY","R D Green",6639,"G2",2897,,2023,353,339.43,31656.37,,0.098,0.001,19378.254,0.0576,14.069,0.0685,326083.624,"Pipeline Natural Gas",,"Dry bottom wall-fired boiler",,,,,"ARP, CSNOX, CSOSG2E, CSSO2G1, MATS"
"AR","Independence",6641,"1",2898,,2023,6138,6132.49,2846551.88,,6945.265,0.4317,3320520.358,0.1048,2760.865,0.1898,31663945.61,"Coal","Residual Oil","Tangentially-fired",,"Low NOx Burner Technology w/ Separated OFA","Electrostatic Precipitator","Additives to Enhance PAC and Existing Equipment Performance","ARP, CSOSG2, MATS"
"AR","Independence",6641,"2",2899,,2023,4517,4507.25,2203623.94,,5902.66,0.4318,2766273.936,0.1043,1991.955,0.157,26387087.163,"Coal","Residual Oil","Tangentially-fired",,"Low NOx Burner Technology w/ Separated OFA","Electrostatic Precipitator","Additives to Enhance PAC and Existing Equipment Performance","ARP, CSOSG2, MATS"
"MO","Mexico",6650,"CT01",90098,,2023,3,0.88,3.55,,0.196,0.5,,,0.47,1.2,784.1,"Diesel Oil",,"Combustion turbine",,,,,"CSNOX, CSOSG2, CSSO2G1"
"MO","Moberly",6651,"CT01",90099,,2023,25,6.96,207.48,,1.55,0.5003,,,3.721,1.2005,6201.1,"Diesel Oil",,"Combustion turbine",,,,,"CSNOX, CSOSG2, CSSO2G1"
"MO","Moreau",6652,"CT01",90100,,2023,6,4.66,176.91,,1.038,0.5,,,2.491,1.2,4152.2,"Diesel Oil",,"Combustion turbine",,,,,"CSNOX, CSOSG2, CSSO2G1"
"IA","Louisa",6664,"101",2901,,2023,6785,6753.59,3904539.56,,6002.281,0.3292,4029216.466,0.1048,3399.991,0.1773,38417375.655,"Coal",,"Dry bottom wall-fired boiler","Dry Lime FGD","Low NOx Burner Technology w/ Overfire Air","Baghouse","Halogenated PAC Sorbent Injection","ARP, CSNOX, CSOSG2, CSSO2G1, MATS"
"IN","Alcoa Allowance Management Inc",6705,"1",2902,,2023,7662,7649.05,816015.48,,,,936837.373,0.1028,1387.51,0.2951,9131002.859,"Coal",,"Dry bottom wall-fired boiler","Wet Lime FGD","Low NOx Burner Technology w/ Overfire Air","Electrostatic Precipitator",,"SIPNOX"
"IN","Alcoa Allowance Management Inc",6705,"2",2903,,2023,8347,8321.53,1037611.94,,,,1137559.66,0.1027,1894.338,0.3355,11087358.406,"Coal",,"Dry bottom wall-fired boiler","Wet Lime FGD","Low NOx Burner Technology w/ Overfire Air","Electrostatic Precipitator",,"SIPNOX"
"IN","Alcoa Allowance Management Inc",6705,"3",2904,,2023,7403,7388.35,778170.89,,,,898049.773,0.1026,1328.639,0.2945,8752956.629,"Coal",,"Dry bottom wall-fired boiler","Wet Lime FGD","Low NOx Burner Technology w/ Overfire Air","Electrostatic Precipitator",,"SIPNOX"
"IN","Alcoa Allowance Management Inc",6705,"4",2905,,2023,7955,7927.73,1993625.45,,660.229,0.062,2082317.839,0.103,2241.634,0.2208,20295480.482,"Coal",,"Cell burner boiler","Wet Lime FGD","Low NOx Cell Burner|Selective Catalytic Reduction","Electrostatic Precipitator","Additives to Enhance PAC and Existing Equipment Performance","ARP, CSNOX, CSOSG3, CSSO2G1, MATS"
"MN","Rock Lake Station",6741,"1",90185,,2023,28,18.64,224.48,,0.003,0.001,,,2.227,1.1996,3712.1,"Diesel Oil",,"Combustion turbine",,,,,"CSNOX, CSSO2G2"
"CO","Rawhide Energy Station",6761,"101",2906,,2023,8327,8309.28,1439931.14,,500.804,0.0715,1447919.962,0.105,786.34,0.1116,13805484.773,"Coal",,"Tangentially-fired","Dry Lime FGD","Low NOx Burner Technology w/ Closed-coupled/Separated OFA","Baghouse","Halogenated PAC Sorbent Injection","ARP, MATS"
"CO","Rawhide Energy Station",6761,"A",8360,,2023,594,537.43,25896.08,,0.097,0.001,19249.044,0.0591,4.728,0.0358,323907.6,"Pipeline Natural Gas",,"Combustion turbine",,"Dry Low NOx Burners",,,"ARP"
"CO","Rawhide Energy Station",6761,"B",8362,,2023,494,437.72,19665.46,,0.077,0.001,15226.319,0.0591,4.054,0.0388,256214.188,"Pipeline Natural Gas",,"Combustion turbine",,"Dry Low NOx Burners",,,"ARP"
"CO","Rawhide Energy Station",6761,"C",8364,,2023,375,333.25,15996.58,,0.066,0.001,12987.597,0.0591,3.516,0.0392,218540.709,"Pipeline Natural Gas",,"Combustion turbine",,"Dry Low NOx Burners",,,"ARP"
"CO","Rawhide Energy Station",6761,"D",89476,,2023,775,685.15,32263.96,,0.122,0.001,24146.193,0.0591,5.804,0.0358,406323.672,"Pipeline Natural Gas",,"Combustion turbine",,"Dry Low NOx Burners",,,"ARP"
"CO","Rawhide Energy Station",6761,"F",90256,,2023,1235,1135.89,95748.17,,0.344,0.001,68046.904,0.059,19.574,0.0425,1145020.248,"Pipeline Natural Gas",,"Combustion turbine",,"Dry Low NOx Burners",,,"ARP"
"MO","Sikeston",6768,"1",2907,,2023,6608,6590.76,1473723.54,,4086.193,0.5336,1603928.256,0.105,840.97,0.1099,15293001.583,"Coal","Other Oil","Dry bottom wall-fired boiler",,"Low NOx Burner Technology (Dry Bottom only)","Electrostatic Precipitator","Additives to Enhance PAC and Existing Equipment Performance|Untreated PAC Sorbent Injection","ARP, CSNOX, CSOSG2, CSSO2G1, MATS"
"OK","Hugo",6772,"1",2908,,2023,2544,2527.4,708184.23,,2654.847,0.6268,834514.041,0.102,737.882,0.1782,8145013.831,"Coal","Diesel Oil","Dry bottom wall-fired boiler",,"Low NOx Burner Technology w/ Overfire Air","Electrostatic Precipitator","Additives to Enhance PAC and Existing Equipment Performance","ARP, CSOSG2, MATS"
"NJ","West Station",6776,"002001",2909,,2023,0,0,,,,,,,,,,"Diesel Oil",,"Combustion turbine",,"Water Injection|Selective Catalytic Reduction",,,"CSNOX, CSOSG3, CSSO2G1, RGGI"
"KY","D B Wilson",6823,"W1",2910,,2023,8113,8090.36,3150842.05,,3108.553,0.1808,3523880.676,0.103,2328.918,0.1359,34345825.504,"Coal",,"Dry bottom wall-fired boiler","Wet Limestone","Selective Catalytic Reduction|Low NOx Burner Technology (Dry Bottom only)","Electrostatic Precipitator",,"ARP, CSNOX, CSOSG2E, CSSO2G1, MATS"
"MN","St. Bonifacius Station",6824,"1",90186,,2023,233,82.51,416.08,,0.008,0.0007,,,7.314,1.1999,12190.6,"Diesel Oil",,"Combustion turbine",,,,,"CSNOX, CSSO2G2"
"MN","St. Bonifacius Station",6824,"2",90187,,2023,232,82.31,406.7,,0.008,0.0007,,,7.337,1.1998,12228,"Diesel Oil",,"Combustion turbine",,,,,"CSNOX, CSSO2G2"
"KS","East 12th Street",7013,"4",2915,,2023,259,259,3981,,0.013,0.001,2869.6,0.059,6.822,0.28,48756.3,"Pipeline Natural Gas",,"Dry bottom wall-fired boiler",,,,,"ARP, CSNOX, CSOSG2, CSSO2G2"
"TX","Twin Oaks",7030,"U1",2920,,2023,8053,8051.87,1263085,,1042.159,0.1468,1478412.796,0.109,1009.366,0.1552,13579598.966,"Coal",,"Circulating fluidized bed boiler","Fluidized Bed Limestone Injection","Selective Non-catalytic Reduction","Baghouse","Untreated PAC Sorbent Injection","ARP, CSOSG2, MATS"
"TX","Twin Oaks",7030,"U2",2921,,2023,8643,8642.31,1372593.05,,1083.917,0.1654,1451878.482,0.1089,893.599,0.141,13335981.839,"Coal",,"Circulating fluidized bed boiler","Fluidized Bed Limestone Injection","Selective Non-catalytic Reduction","Baghouse","Untreated PAC Sorbent Injection","ARP, CSOSG2, MATS"
"VA","Gravel Neck Combustion Turbine",7032,"3",88238,"CP0",2023,203,175.47,10054.82,,0.644,0.015,8058.7,0.0602,12.595,0.2689,134368.9,"Pipeline Natural Gas","Diesel Oil","Combustion turbine",,"Water Injection",,,"CSNOX, CSOSG3, CSSO2G1, RGGI"
"VA","Gravel Neck Combustion Turbine",7032,"4",88239,"CP0",2023,365,325.29,18445.16,,2.399,0.0225,14966.7,0.0615,23.214,0.2582,245053.3,"Pipeline Natural Gas","Diesel Oil","Combustion turbine",,"Water Injection",,,"CSNOX, CSOSG3, CSSO2G1, RGGI"
"VA","Gravel Neck Combustion Turbine",7032,"5",88240,"CP0",2023,721,650.38,35897.3,,0.675,0.0043,28440.2,0.0594,41.199,0.234,480150.2,"Pipeline Natural Gas","Diesel Oil","Combustion turbine",,"Water Injection",,,"CSNOX, CSOSG3, CSSO2G1, RGGI"
"VA","Gravel Neck Combustion Turbine",7032,"6",88241,"CP0",2023,481,433.65,23888.41,,0.651,0.0068,18872.5,0.0596,29.557,0.2485,317848,"Pipeline Natural Gas","Diesel Oil","Combustion turbine",,"Water Injection",,,"CSNOX, CSOSG3, CSSO2G1, RGGI"
"AL","McIntosh (7063)",7063,"**1",2924,,2023,80,47.82,1558.27,,0.002,0.0008,431.501,0.0661,0.502,0.1021,7259.388,"Pipeline Natural Gas",,"Other turbine",,,,,"ARP, CSNOX, CSOSG2, CSSO2G2"
"AL","McIntosh (7063)",7063,"**2",2925,,2023,1747,1521.31,134391.61,,0.484,0.001,95035.034,0.0591,54.953,0.0887,1598635.849,"Pipeline Natural Gas","Diesel Oil","Combustion turbine",,"Dry Low NOx Burners|Water Injection",,,"ARP, CSNOX, CSOSG2, CSSO2G2"
"AL","McIntosh (7063)",7063,"**3",2926,,2023,1678,1461.31,130596.45,,0.477,0.001,94101.38,0.059,50.062,0.0818,1583191.317,"Pipeline Natural Gas","Diesel Oil","Combustion turbine",,"Dry Low NOx Burners|Water Injection",,,"ARP, CSNOX, CSOSG2, CSSO2G2"
"AL","McIntosh (7063)",7063,"**4",90423,,2023,1779,1586.39,243498.64,,0.769,0.001,152304.984,0.0591,49.921,0.0457,2562824.018,"Pipeline Natural Gas",,"Combustion turbine",,"Dry Low NOx Burners",,,"ARP, CSNOX, CSOSG2, CSSO2G2"
"AL","McIntosh (7063)",7063,"**5",90424,,2023,1809,1607.1,248235.64,,0.791,0.001,156704.455,0.059,53.723,0.048,2636844.276,"Pipeline Natural Gas",,"Combustion turbine",,"Dry Low NOx Burners",,,"ARP, CSNOX, CSOSG2, CSSO2G2"
"NV","Harry Allen",7082,"**3",2931,,2023,1544,1333.57,86355.04,,0.313,0.001,61999.042,0.059,18.262,0.0457,1043252.06,"Pipeline Natural Gas",,"Combustion turbine",,"Dry Low NOx Burners|Water Injection",,,"ARP"
"NV","Harry Allen",7082,"**4",2932,,2023,1666,1448.63,100013.95,,0.332,0.001,65766.258,0.0595,12.708,0.0349,1106641.131,"Pipeline Natural Gas",,"Combustion turbine",,"Dry Low NOx Burners",,,"ARP"
"NV","Harry Allen",7082,"**5",2933,,2023,5168,5023.75,994346.14,,2.148,0.001,425538.875,0.059,30.839,0.0152,7160566.964,"Pipeline Natural Gas",,"Combined cycle",,"Dry Low NOx Burners|Selective Catalytic Reduction",,,"ARP"
"NV","Harry Allen",7082,"**6",2934,,2023,4832,4650.99,946204.72,,2.026,0.001,401391.345,0.0591,24.818,0.0126,6754216.276,"Pipeline Natural Gas",,"Combined cycle",,"Dry Low NOx Burners|Selective Catalytic Reduction",,,"ARP"
"TX","J K Spruce",7097,"**1",2939,,2023,6385,6369.13,1978413.19,,448.612,0.0345,2239502.539,0.1028,1519.587,0.1485,21827513.862,"Coal",,"Tangentially-fired","Wet Limestone","Low NOx Burner Technology w/ Closed-coupled/Separated OFA","Baghouse",,"ARP, CSOSG2, MATS"
"TX","J K Spruce",7097,"**2",2940,,2023,5916,5886.35,3431576.97,,169.446,0.0103,3904858.442,0.1026,897.147,0.0446,38059070.229,"Coal",,"Tangentially-fired","Wet Limestone","Selective Catalytic Reduction","Baghouse",,"ARP, CSOSG2, MATS"
"NJ","Forked River Power",7138,"002001",2945,"CPFG01",2023,93,73.56,2206.7,,0.058,0.004,1792.6,0.059,3.663,0.3805,29668.2,"Diesel Oil","Pipeline Natural Gas","Combustion turbine",,"Water Injection",,,"CSNOX, CSOSG3, CSSO2G1, RGGI"
"NJ","Forked River Power",7138,"003001",2946,"CPFG01",2023,82,61.71,1807.1,,0.011,0.0013,1387.9,0.0591,3.457,0.4302,23480,"Diesel Oil","Pipeline Natural Gas","Combustion turbine",,"Dry Low NOx Burners|Water Injection",,,"CSNOX, CSOSG3, CSSO2G1, RGGI"
"IA","Pleasant Hill Energy Center",7145,"1",90077,,2023,239,239,4118,,0.182,0.007,,,6.732,0.2351,57274.3,"Pipeline Natural Gas","Diesel Oil","Combustion turbine",,"Water Injection",,,"CSNOX, CSOSG2, CSSO2G1"
"IA","Pleasant Hill Energy Center",7145,"2",90078,,2023,214,214,3936,,0.084,0.0031,,,6.645,0.2346,56685.7,"Pipeline Natural Gas","Diesel Oil","Combustion turbine",,"Water Injection",,,"CSNOX, CSOSG2, CSSO2G1"
"IA","Pleasant Hill Energy Center",7145,"3",2954,,2023,251,208.55,8531.63,,0.109,0.0031,7344.244,0.0597,12.839,0.2061,123058.994,"Pipeline Natural Gas","Diesel Oil","Combustion turbine",,"Water Injection",,,"ARP, CSNOX, CSOSG2, CSSO2G1"
"NY","Wading River Facility",7146,"UGT007",2955,,2023,143,93.25,5669.89,,0.038,0.001,6137.836,0.081,10.343,0.2865,75642.061,"Diesel Oil",,"Combustion turbine",,"Other|Water Injection",,,"CSNOX, CSOSG3, CSSO2G1, RGGI"
"NY","Wading River Facility",7146,"UGT008",2956,,2023,89,57.81,3439.42,,0.023,0.001,3713.883,0.0817,5.085,0.2772,45772.935,"Diesel Oil",,"Combustion turbine",,"Other|Water Injection",,,"CSNOX, CSOSG3, CSSO2G1, RGGI"
"NY","Wading River Facility",7146,"UGT009",2957,,2023,123,85.8,5276.96,,0.035,0.001,5637.475,0.0815,8,0.2361,69474.255,"Diesel Oil",,"Combustion turbine",,"Other|Water Injection",,,"CSNOX, CSOSG3, CSSO2G1, RGGI"
"NY","Wading River Facility",7146,"UGT013",2958,"CP001",2023,21,21,564,,0.003,0.0009,664.2,0.0811,2.399,0.585,8200.1,"Diesel Oil",,"Combustion turbine",,,,,"CSNOX, CSOSG3, CSSO2G1, RGGI"
"NY","Wading River Facility",7146,"UGT014",2959,"CP001",2023,56,56,598,,,,733.5,0.0809,3.601,0.7959,9047.2,"Diesel Oil",,"Combustion turbine",,,,,"RGGI, SIPNOX"
"DE","Hay Road",7153,"1",2964,,2023,2638,2424.57,99440.41,,,,164281.101,0.0591,93.919,0.0749,2763957.833,"Pipeline Natural Gas","Diesel Oil","Combined cycle",,"Water Injection|Overfire Air",,,"RGGI, SIPNOX"
"DE","Hay Road",7153,"2",2965,,2023,2508,2292.51,303839.25,,,,154990.543,0.0591,93.558,0.0781,2607733.989,"Pipeline Natural Gas","Diesel Oil","Combined cycle",,"Water Injection|Overfire Air",,,"RGGI, SIPNOX"
"DE","Hay Road",7153,"**3",2963,,2023,2360,2152.29,295743.92,,0.751,0.001,148705.609,0.0591,89.44,0.0781,2502044.078,"Pipeline Natural Gas","Diesel Oil","Combined cycle",,"Water Injection|Overfire Air",,,"ARP, RGGI, SIPNOX"
"DE","Hay Road",7153,"5",2966,,2023,3159,2905.41,396101.6,,0.966,0.001,191345.504,0.059,23.61,0.0202,3219598.115,"Pipeline Natural Gas","Diesel Oil","Combined cycle",,"Water Injection|Overfire Air|Selective Catalytic Reduction",,,"ARP, RGGI, SIPNOX"
"DE","Hay Road",7153,"6",2967,,2023,2826,2566.32,356290.32,,0.853,0.001,169036.439,0.0591,28.046,0.0333,2843493.054,"Pipeline Natural Gas","Diesel Oil","Combined cycle",,"Water Injection|Overfire Air|Selective Catalytic Reduction",,,"ARP, RGGI, SIPNOX"
"DE","Hay Road",7153,"7",2968,,2023,2830,2569.32,361929.57,,0.899,0.001,178000.956,0.0591,30.573,0.0316,2994829.45,"Pipeline Natural Gas","Diesel Oil","Combined cycle",,"Water Injection|Overfire Air|Selective Catalytic Reduction",,,"ARP, RGGI, SIPNOX"
"IA","Lime Creek",7155,"**1",2969,,2023,31,25.65,366.94,,0.013,0.0041,472.702,0.1455,0.66,0.2221,5804.877,"Diesel Oil",,"Combustion turbine",,"Water Injection",,,"ARP, CSNOX, CSOSG2, CSSO2G1"
"IA","Lime Creek",7155,"**2",2970,,2023,10,5.31,70.27,,0.002,0.0029,75.9,0.0908,0.127,0.2305,933.491,"Diesel Oil",,"Combustion turbine",,"Water Injection",,,"ARP, CSNOX, CSOSG2, CSSO2G1"
"OH","Woodsdale",7158,"**GT1",2973,,2023,1111,932.02,28738.17,,0.163,0.001,30435.257,0.0592,31.027,0.1202,511393.261,"Pipeline Natural Gas","Diesel Oil","Combustion turbine",,"Water Injection",,,"ARP, CSNOX, CSOSG3, CSSO2G1"
"OH","Woodsdale",7158,"**GT2",2977,,2023,1343,1139.33,40168.79,,0.21,0.001,39853.566,0.0592,45.199,0.1359,669951.64,"Pipeline Natural Gas","Diesel Oil","Combustion turbine",,"Water Injection",,,"ARP, CSNOX, CSOSG3, CSSO2G1"
"OH","Woodsdale",7158,"**GT3",2978,,2023,585,489.26,16769.43,,0.082,0.001,16148.147,0.0592,14.57,0.1004,271685.753,"Pipeline Natural Gas","Diesel Oil","Combustion turbine",,"Water Injection",,,"ARP, CSNOX, CSOSG3, CSSO2G1"
"OH","Woodsdale",7158,"**GT4",2979,,2023,1267,1082.02,37929.85,,0.189,0.001,37207.531,0.0592,44.447,0.1452,626034.904,"Pipeline Natural Gas","Diesel Oil","Combustion turbine",,"Water Injection",,,"ARP, CSNOX, CSOSG3, CSSO2G1"
"OH","Woodsdale",7158,"**GT5",2980,,2023,1311,1123.36,41659.97,,0.21,0.001,40195.884,0.0592,41.334,0.1168,675775.859,"Pipeline Natural Gas","Diesel Oil","Combustion turbine",,"Water Injection",,,"ARP, CSNOX, CSOSG3, CSSO2G1"
"OH","Woodsdale",7158,"**GT6",2981,,2023,1187,1009.57,38258.45,,0.194,0.001,36953.096,0.0592,33.831,0.1047,621234.474,"Pipeline Natural Gas","Diesel Oil","Combustion turbine",,"Water Injection",,,"ARP, CSNOX, CSOSG3, CSSO2G1"
"WI","Concord",7159,"**1",2985,,2023,701,595.31,39223.43,,0.155,0.001,30773.435,0.0591,20.515,0.0808,517771.111,"Pipeline Natural Gas","Diesel Oil","Combustion turbine",,"Water Injection",,,"ARP, CSNOX, CSOSG3, CSSO2G1"
"WI","Concord",7159,"**2",2986,,2023,743,638.37,42147.15,,0.166,0.001,32922.771,0.0591,19.664,0.0711,553965.054,"Pipeline Natural Gas","Diesel Oil","Combustion turbine",,"Water Injection",,,"ARP, CSNOX, CSOSG3, CSSO2G1"
"WI","Concord",7159,"**3",2987,,2023,440,361.49,23103.31,,0.091,0.001,17939.444,0.0594,13.207,0.0881,301496.991,"Pipeline Natural Gas","Diesel Oil","Combustion turbine",,"Water Injection",,,"ARP, CSNOX, CSOSG3, CSSO2G1"
"WI","Concord",7159,"**4",2988,,2023,382,318.4,20163.67,,0.081,0.001,15979.907,0.0592,11.105,0.083,268609.317,"Pipeline Natural Gas","Diesel Oil","Combustion turbine",,"Water Injection",,,"ARP, CSNOX, CSOSG3, CSSO2G1"
"WI","South Fond Du Lac",7203,"**CT1",2999,,2023,40,31.65,1851.72,,0.009,0.0011,1710.297,0.0605,1.05,0.0746,28319.405,"Pipeline Natural Gas",,"Combustion turbine",,"Water Injection",,,"ARP, CSNOX, CSOSG3, CSSO2G1"
"WI","South Fond Du Lac",7203,"**CT2",3000,,2023,199,173.92,8323.35,,0.04,0.001,7837.229,0.0591,4.899,0.074,131873.045,"Pipeline Natural Gas",,"Combustion turbine",,"Water Injection",,,"ARP, CSNOX, CSOSG3, CSSO2G1"
"WI","South Fond Du Lac",7203,"**CT3",3001,,2023,159,141.52,6988.68,,0.033,0.001,6542.371,0.059,3.331,0.061,110088.44,"Pipeline Natural Gas",,"Combustion turbine",,"Water Injection",,,"ARP, CSNOX, CSOSG3, CSSO2G1"
"WI","South Fond Du Lac",7203,"**CT4",3002,,2023,179,149.64,7074.66,,0.034,0.001,6801.246,0.0591,3.708,0.0682,114442.223,"Pipeline Natural Gas",,"Combustion turbine",,"Water Injection",,,"ARP, CSNOX, CSOSG3, CSSO2G1"
"SC","Cope Station",7210,"COP1",3006,,2023,6420,6409.61,1476651.41,,272.108,0.0307,1063872.108,0.0671,689.34,0.0833,15502013.383,"Pipeline Natural Gas","Coal","Tangentially-fired","Dry Lime FGD","Selective Catalytic Reduction|Low NOx Burner Technology w/ Separated OFA","Baghouse",,"ARP, CSNOX, CSSO2G2, MATS, SIPNOX"
"VA","Darbytown Combustion Turbine",7212,"1",88242,"CP0",2023,822,750.35,43101.85,,1.338,0.0071,33934.2,0.0597,56.953,0.259,570860,"Pipeline Natural Gas","Diesel Oil","Combustion turbine",,"Water Injection",,,"CSNOX, CSOSG3, CSSO2G1, RGGI"
"VA","Darbytown Combustion Turbine",7212,"2",88243,"CP0",2023,410,373.55,21620.13,,1.844,0.0168,17240.9,0.0607,31.858,0.2889,285707.2,"Pipeline Natural Gas","Diesel Oil","Combustion turbine",,"Water Injection",,,"CSNOX, CSOSG3, CSSO2G1, RGGI"
"VA","Darbytown Combustion Turbine",7212,"3",88244,"CP0",2023,589,532.94,31452.67,,1.455,0.0116,24759.1,0.0597,43.679,0.2779,414735.7,"Pipeline Natural Gas","Diesel Oil","Combustion turbine",,"Water Injection",,,"CSNOX, CSOSG3, CSSO2G1, RGGI"
"VA","Darbytown Combustion Turbine",7212,"4",88245,"CP0",2023,440,395.24,22616.36,,1.77,0.0157,17995.8,0.0605,31.758,0.2834,298790.6,"Pipeline Natural Gas","Diesel Oil","Combustion turbine",,"Water Injection",,,"CSNOX, CSOSG3, CSSO2G1, RGGI"
"VA","Clover Power Station",7213,"1",3007,,2023,627,621.1,114147.16,,29.74,0.0431,126778.995,0.1027,144.403,0.2038,1235661.712,"Coal",,"Tangentially-fired","Wet Limestone","Selective Non-catalytic Reduction|Other","Baghouse|Wet Scrubber",,"ARP, CSNOX, CSOSG3, CSSO2G1, MATS, RGGI"
"VA","Clover Power Station",7213,"2",3008,,2023,846,839.03,164089.95,,53.639,0.0522,180201.283,0.103,208.068,0.204,1756348.626,"Coal",,"Tangentially-fired","Wet Limestone","Selective Non-catalytic Reduction|Other","Baghouse|Wet Scrubber",,"ARP, CSNOX, CSOSG3, CSSO2G1, MATS, RGGI"
"SD","Angus Anson",7237,"2",3041,,2023,879,812.68,60393.97,,0.249,0.001,49436.367,0.0591,29.507,0.0807,831451.638,"Pipeline Natural Gas","Diesel Oil","Combustion turbine",,"Water Injection",,,"ARP"
"SD","Angus Anson",7237,"3",3042,,2023,632,590.27,42926.1,,0.165,0.001,32685.289,0.059,19.683,0.0797,549828.447,"Pipeline Natural Gas","Diesel Oil","Combustion turbine",,"Water Injection",,,"ARP"
"SD","Angus Anson",7237,"4",89387,,2023,1159,1049.45,135278.98,,0.479,0.001,94979.347,0.059,21.269,0.0354,1598246.273,"Pipeline Natural Gas",,"Combustion turbine",,"Dry Low NOx Burners",,,"ARP"
"FL","Cane Island",7238,"**1",3043,,2023,757,658.76,17824.11,,0.071,0.0012,11373.542,0.0594,8.042,0.0879,191148.849,"Pipeline Natural Gas","Diesel Oil","Combustion turbine",,"Dry Low NOx Burners|Water Injection",,,"ARP"
"FL","Cane Island",7238,"2",3044,,2023,5150,5137.21,467125.79,,1.069,0.001,211798.571,0.059,51.529,0.029,3563959.165,"Pipeline Natural Gas","Diesel Oil","Combined cycle",,"Dry Low NOx Burners|Water Injection",,,"ARP"
"FL","Cane Island",7238,"3",3045,,2023,7521,7512.55,1625328.4,,3.345,0.001,662625.342,0.059,60.314,0.0114,11149775.861,"Pipeline Natural Gas","Diesel Oil","Combined cycle",,"Dry Low NOx Burners|Water Injection|Selective Catalytic Reduction",,,"ARP"
"FL","Cane Island",7238,"4",90643,,2023,7944,7932.48,2196977.43,,4.556,0.001,902460.781,0.059,46.346,0.0069,15185684.935,"Pipeline Natural Gas",,"Combined cycle",,"Selective Catalytic Reduction",,,"ARP"
"FL","Polk",7242,"**1",3047,,2023,1170,1154.39,116032.79,,0.397,0.001,78383.44,0.0589,98.604,0.1512,1322240.307,"Pipeline Natural Gas","Other Gas","Integrated gasification combined cycle",,"Other",,,"ARP"
"FL","Polk",7242,"**2",3048,,2023,7134,7049.31,1500522.08,,13.178,0.0053,612405.647,0.0591,42.633,0.0106,10297519.677,"Pipeline Natural Gas","Diesel Oil","Combined cycle",,"Selective Catalytic Reduction|Dry Low NOx Burners|Water Injection",,,"ARP"
"FL","Polk",7242,"**3",3049,,2023,6930,6855.32,1475674.67,,10.425,0.004,598523.866,0.0591,38.687,0.0098,10065840.085,"Pipeline Natural Gas","Diesel Oil","Combined cycle",,"Selective Catalytic Reduction|Dry Low NOx Burners|Water Injection",,,"ARP"
"FL","Polk",7242,"**4",3050,,2023,6666,6576.84,1414493.31,,2.877,0.001,569937.827,0.059,34.915,0.009,9590251.792,"Pipeline Natural Gas",,"Combined cycle",,"Selective Catalytic Reduction|Dry Low NOx Burners",,,"ARP"
"FL","Polk",7242,"**5",90101,,2023,6677,6598.4,1404264.04,,2.56,0.001,507015.463,0.059,30.989,0.0092,8531442.939,"Pipeline Natural Gas",,"Combined cycle",,"Selective Catalytic Reduction|Dry Low NOx Burners",,,"ARP"
"FL","Reedy Creek Central Energy Plant",7254,"32432",3061,,2023,2426,2380.72,0,,0,0,7080.045,0.0594,5.737,0.0944,119258.328,"Pipeline Natural Gas","Diesel Oil","Combined cycle",,"Water Injection",,,"ARP"
"MI","48th Street Peaking Station",7258,"**7",3062,,2023,65,44.69,1020.96,,0.004,0.001,748.637,0.0593,0.765,0.1146,12589.11,"Pipeline Natural Gas","Diesel Oil","Combustion turbine",,"Water Injection",,,"ARP, CSNOX, CSOSG3, CSSO2G1"
"MI","48th Street Peaking Station",7258,"**8",3063,,2023,250,208.23,5867.22,,0.02,0.001,4047.345,0.0593,4.534,0.1325,68106.168,"Pipeline Natural Gas","Diesel Oil","Combustion turbine",,"Water Injection",,,"ARP, CSNOX, CSOSG3, CSSO2G1"
"MI","48th Street Peaking Station",7258,"9",3064,,2023,1060,942.22,57057.99,,0.194,0.001,38328.802,0.0591,12.904,0.0536,644918.48,"Pipeline Natural Gas",,"Combustion turbine",,"Dry Low NOx Burners",,,"ARP, CSNOX, CSOSG3, CSSO2G1"
"CA","Woodland Generation Station",7266,"1",3065,,2023,611,563.03,14857.05,,0.05,0.001,9921.777,0.0594,1.188,0.023,166867.338,"Pipeline Natural Gas","Diesel Oil","Combustion turbine",,"Water Injection|Selective Catalytic Reduction|Steam Injection",,,"ARP"
"CA","Woodland Generation Station",7266,"2",9046,,2023,7203,7184.07,257347.05,,0.648,0.001,128415.719,0.0593,6.283,0.0059,2160886.325,"Pipeline Natural Gas",,"Combined cycle",,"Water Injection|Selective Catalytic Reduction",,,"ARP"
"WI","Paris",7270,"**1",3066,,2023,941,819.73,54150.1,,0.217,0.001,43041.888,0.0591,29.214,0.0803,723880.134,"Pipeline Natural Gas",,"Combustion turbine",,"Water Injection",,,"ARP, CSNOX, CSOSG3, CSSO2G1"
"WI","Paris",7270,"**2",3067,,2023,673,586.14,39562.36,,0.157,0.001,31060.319,0.0591,21.166,0.0815,522600.603,"Pipeline Natural Gas",,"Combustion turbine",,"Water Injection",,,"ARP, CSNOX, CSOSG3, CSSO2G1"
"WI","Paris",7270,"**3",3068,,2023,552,475.98,32794.63,,0.127,0.001,25218.364,0.0591,16.856,0.0795,424286.79,"Pipeline Natural Gas",,"Combustion turbine",,"Water Injection",,,"ARP, CSNOX, CSOSG3, CSSO2G1"
"WI","Paris",7270,"**4",3069,,2023,670,569.58,37176.23,,0.148,0.001,29385.3,0.0591,19.209,0.078,494217.192,"Pipeline Natural Gas",,"Combustion turbine",,"Water Injection",,,"ARP, CSNOX, CSOSG3, CSSO2G1"
"NC","Lincoln Combustion Turbine",7277,"1",3070,,2023,17,12.33,715.35,,0.007,0.0014,630.626,0.0646,0.525,0.1049,9763.957,"Diesel Oil","Natural Gas","Combustion turbine",,"Water Injection",,,"ARP, CSNOX, CSSO2G1, SIPNOX"
"NC","Lincoln Combustion Turbine",7277,"10",3071,,2023,18,13.15,803.85,,0.007,0.0014,667.023,0.0644,0.587,0.1142,10432.824,"Diesel Oil","Natural Gas","Combustion turbine",,"Water Injection",,,"ARP, CSNOX, CSSO2G1, SIPNOX"
"NC","Lincoln Combustion Turbine",7277,"11",3072,,2023,19,13.68,815.56,,0.007,0.0012,710.644,0.0634,0.612,0.1064,11123.925,"Diesel Oil","Natural Gas","Combustion turbine",,"Water Injection",,,"ARP, CSNOX, CSSO2G1, SIPNOX"
"NC","Lincoln Combustion Turbine",7277,"12",3073,,2023,19,13.63,821.71,,0.007,0.0013,693.916,0.0637,0.608,0.1123,10864.52,"Diesel Oil","Natural Gas","Combustion turbine",,"Water Injection",,,"ARP, CSNOX, CSSO2G1, SIPNOX"
"NC","Lincoln Combustion Turbine",7277,"13",3074,,2023,12,7.94,461.74,,0.006,0.0023,406.994,0.0681,0.428,0.1379,6022.903,"Diesel Oil","Natural Gas","Combustion turbine",,"Water Injection",,,"ARP, CSNOX, CSSO2G1, SIPNOX"
"NC","Lincoln Combustion Turbine",7277,"14",3075,,2023,11,7.3,415.54,,0.006,0.0018,370.62,0.0658,0.358,0.122,5475.105,"Diesel Oil","Natural Gas","Combustion turbine",,"Water Injection",,,"ARP, CSNOX, CSSO2G1, SIPNOX"
"NC","Lincoln Combustion Turbine",7277,"15",3076,,2023,17,10.93,694.99,,0.007,0.0014,571.19,0.0565,0.481,0.1102,8847.25,"Diesel Oil","Natural Gas","Combustion turbine",,"Water Injection",,,"ARP, CSNOX, CSSO2G1, SIPNOX"
"NC","Lincoln Combustion Turbine",7277,"16",3077,,2023,13,8.79,541.97,,0.007,0.0018,465.182,0.0645,0.425,0.1118,7069.351,"Diesel Oil","Natural Gas","Combustion turbine",,"Water Injection",,,"ARP, CSNOX, CSSO2G1, SIPNOX"
"NC","Lincoln Combustion Turbine",7277,"17",91324,,2023,98,73.23,18902.37,,0.036,0,11049.728,0.059,8.465,0.0759,185925.389,"Natural Gas","Diesel Oil","Combustion turbine",,"Dry Low NOx Burners|Selective Catalytic Reduction",,,"ARP, CSNOX, CSSO2G1"
"NC","Lincoln Combustion Turbine",7277,"2",3078,,2023,20,14.67,828.85,,0.007,0.0012,741.91,0.0636,0.633,0.1069,11639.396,"Diesel Oil","Natural Gas","Combustion turbine",,"Water Injection",,,"ARP, CSNOX, CSSO2G1, SIPNOX"
"NC","Lincoln Combustion Turbine",7277,"3",3079,,2023,15,11.17,687.82,,0.007,0.0014,587.721,0.0647,0.524,0.1119,9059.929,"Diesel Oil","Natural Gas","Combustion turbine",,"Water Injection",,,"ARP, CSNOX, CSSO2G1, SIPNOX"
"NC","Lincoln Combustion Turbine",7277,"4",3080,,2023,21,15.6,1047.82,,0.008,0.0012,842.492,0.0643,0.677,0.1064,13345.111,"Diesel Oil","Natural Gas","Combustion turbine",,"Water Injection",,,"ARP, CSNOX, CSSO2G1, SIPNOX"
"NC","Lincoln Combustion Turbine",7277,"5",3081,,2023,19,11.31,603.1,,0.008,0.0015,562.978,0.0653,0.528,0.1112,8404.38,"Diesel Oil","Natural Gas","Combustion turbine",,"Water Injection",,,"ARP, CSNOX, CSSO2G1, SIPNOX"
"NC","Lincoln Combustion Turbine",7277,"6",3082,,2023,13,9.86,527.69,,0.007,0.0015,487.916,0.0654,0.478,0.1208,7330.127,"Diesel Oil","Natural Gas","Combustion turbine",,"Water Injection",,,"ARP, CSNOX, CSSO2G1, SIPNOX"
"NC","Lincoln Combustion Turbine",7277,"7",3083,,2023,31,21.33,1298.7,,0.01,0.0011,1107.469,0.0612,0.921,0.1057,17697.47,"Diesel Oil","Natural Gas","Combustion turbine",,"Water Injection",,,"ARP, CSNOX, CSSO2G1, SIPNOX"
"NC","Lincoln Combustion Turbine",7277,"8",3084,,2023,24,15.18,906.76,,0.008,0.0013,776.627,0.0618,0.672,0.1114,12198.268,"Diesel Oil","Natural Gas","Combustion turbine",,"Water Injection",,,"ARP, CSNOX, CSSO2G1, SIPNOX"
"NC","Lincoln Combustion Turbine",7277,"9",3085,,2023,22,16.43,964.86,,0.009,0.0013,827.635,0.0639,0.747,0.1117,12925.3,"Diesel Oil","Natural Gas","Combustion turbine",,"Water Injection",,,"ARP, CSNOX, CSSO2G1, SIPNOX"
"NJ","Sherman Avenue",7288,"1",3086,,2023,549,459.39,32994.82,,0.131,0.001,26476.203,0.0601,16.146,0.0737,438479.366,"Pipeline Natural Gas","Diesel Oil","Combustion turbine",,"Water Injection",,,"ARP, CSNOX, CSOSG3, CSSO2G1, RGGI"
"MO","State Line (MO)",7296,"1",3087,,2023,451,410.06,28239.7,,0.218,0.0019,12893.669,0.0602,9.044,0.0851,211090.067,"Pipeline Natural Gas","Diesel Oil","Combustion turbine",,"Dry Low NOx Burners|Water Injection",,,"ARP, CSNOX, CSOSG2, CSSO2G1"
"MO","State Line (MO)",7296,"2-1",3088,,2023,5735,5703.18,1165101.13,,2.414,0.001,478197.327,0.059,53.745,0.0139,8046584.95,"Pipeline Natural Gas",,"Combined cycle",,"Selective Catalytic Reduction",,,"ARP, CSNOX, CSOSG2, CSSO2G1"
"MO","State Line (MO)",7296,"2-2",3089,,2023,5832,5799.32,1192117.93,,2.459,0.001,487058.399,0.059,49.792,0.0127,8195666.15,"Pipeline Natural Gas",,"Combined cycle",,"Selective Catalytic Reduction",,,"ARP, CSNOX, CSOSG2, CSSO2G1"
"FL","Hines Energy Complex",7302,"1A",3090,,2023,6096,6083.71,726804.92,,2.402,0.001,478904.97,0.059,151.094,0.0383,8058537.865,"Pipeline Natural Gas","Diesel Oil","Combined cycle",,"Dry Low NOx Burners|Selective Catalytic Reduction",,,"ARP"
"FL","Hines Energy Complex",7302,"1B",3091,,2023,6316,6302.11,752711.83,,2.528,0.001,506607.224,0.059,158.601,0.0386,8524623.573,"Pipeline Natural Gas","Diesel Oil","Combined cycle",,"Dry Low NOx Burners|Selective Catalytic Reduction",,,"ARP"
"FL","Hines Energy Complex",7302,"2A",10029,,2023,6352,6339.38,873757.82,,2.986,0.001,588000.167,0.059,59.989,0.0125,9894280.158,"Pipeline Natural Gas","Diesel Oil","Combined cycle",,"Dry Low NOx Burners|Water Injection|Selective Catalytic Reduction",,,"ARP"
"FL","Hines Energy Complex",7302,"2B",10030,,2023,5863,5854.59,795825.11,,2.729,0.001,538738.935,0.059,54.717,0.0123,9065301.346,"Pipeline Natural Gas","Diesel Oil","Combined cycle",,"Dry Low NOx Burners|Water Injection|Selective Catalytic Reduction",,,"ARP"
"FL","Hines Energy Complex",7302,"3A",89245,,2023,6148,6133.78,813070.84,,2.719,0.001,539323.769,0.059,39.688,0.0093,9075238.803,"Pipeline Natural Gas","Diesel Oil","Combined cycle",,"Dry Low NOx Burners|Water Injection|Selective Catalytic Reduction",,,"ARP"
"FL","Hines Energy Complex",7302,"3B",89246,,2023,6558,6543.43,877181.44,,2.878,0.001,570994.631,0.059,44.441,0.0101,9608106.463,"Pipeline Natural Gas","Diesel Oil","Combined cycle",,"Dry Low NOx Burners|Water Injection|Selective Catalytic Reduction",,,"ARP"
"FL","Hines Energy Complex",7302,"4A",90110,,2023,8485,8479.37,1191680.09,,3.895,0.001,767550.764,0.059,49.822,0.0079,12915567.053,"Pipeline Natural Gas","Diesel Oil","Combined cycle",,"Dry Low NOx Burners|Water Injection|Selective Catalytic Reduction",,,"ARP"
"FL","Hines Energy Complex",7302,"4B",90111,,2023,7371,7360.07,1031075.6,,3.448,0.001,680852.667,0.059,45.383,0.0081,11456702.273,"Pipeline Natural Gas","Diesel Oil","Combined cycle",,"Dry Low NOx Burners|Water Injection|Selective Catalytic Reduction",,,"ARP"
"CA","Redding Power Plant",7307,"5",9189,,2023,3913,3899.54,156080.79,,0.383,0.001,75920.374,0.0593,1.807,0.0032,1277471.596,"Pipeline Natural Gas",,"Combined cycle",,"Other",,,"ARP"
"CA","Redding Power Plant",7307,"6",89746,,2023,5637,5623.43,215265.05,,0.548,0.001,108498.584,0.0593,1.729,0.0021,1825697.24,"Pipeline Natural Gas",,"Combustion turbine",,"Other",,,"ARP"
"NY","Richard M Flynn (Holtsville)",7314,"001",3092,,2023,3765,3654.9,270792.31,,1.064,0.001,207504.694,0.0593,67.492,0.0465,3474834.834,"Pipeline Natural Gas","Diesel Oil","Combined cycle",,"Dry Low NOx Burners",,,"ARP, CSNOX, CSOSG3, CSSO2G1, RGGI"
"CA","Almond Power Plant",7315,"1",3093,,2023,2100,1948.25,66121.91,,0.187,0.001,37041.427,0.0593,4.123,0.0237,623311.296,"Pipeline Natural Gas",,"Combustion turbine",,"Selective Catalytic Reduction|Steam Injection",,,"ARP"
"CA","Almond Power Plant",7315,"2",90500,,2023,1486,1249.14,48195.76,,0.145,0.001,28650.077,0.0592,2.269,0.0154,482090.081,"Pipeline Natural Gas",,"Combustion turbine",,"Water Injection|Selective Catalytic Reduction",,,"ARP"
"CA","Almond Power Plant",7315,"3",90501,,2023,1954,1622.11,59667.1,,0.18,0.001,35693.99,0.0592,2.753,0.0155,600630.348,"Pipeline Natural Gas",,"Combustion turbine",,"Water Injection|Selective Catalytic Reduction",,,"ARP"
"CA","Almond Power Plant",7315,"4",90502,,2023,852,636.76,26192.64,,0.078,0.001,15413.151,0.0592,1.424,0.0221,259366.995,"Pipeline Natural Gas",,"Combustion turbine",,"Water Injection|Selective Catalytic Reduction",,,"ARP"
"DE","Van Sant",7318,"**11",3094,,2023,48,30.95,657.43,,0.004,0.0015,623.821,0.0596,0.673,0.1345,10483.854,"Pipeline Natural Gas","Diesel Oil","Combustion turbine",,"Water Injection",,,"ARP, RGGI, SIPNOX"
"TX","San Jacinto Steam Electric Station",7325,"SJS1",3095,"CP1",2023,7382,7368.91,509449.72,,2.12,0.001,420003.272,0.059,70.404,0.0196,7066633.234,"Pipeline Natural Gas",,"Combustion turbine",,"Dry Low NOx Burners|Water Injection",,,"ARP, CSOSG2"
"TX","San Jacinto Steam Electric Station",7325,"SJS2",3096,"CP1",2023,3085,3071.34,209811.5,,0.835,0.001,165440.67,0.059,27.529,0.0199,2783594.919,"Pipeline Natural Gas",,"Combustion turbine",,"Dry Low NOx Burners|Water Injection",,,"ARP, CSOSG2"
"IN","Richmond (IN)",7335,"RCT1",3097,,2023,272,232.26,7823.09,,0.03,0.001,5784.579,0.0593,6.601,0.1366,97297.467,"Pipeline Natural Gas","Diesel Oil","Combustion turbine",,"Water Injection",,,"ARP, CSNOX, CSOSG3, CSSO2G1"
"IN","Richmond (IN)",7335,"RCT2",3098,,2023,217,180.91,6026.37,,0.029,0.0012,4497.8,0.0596,4.689,0.1255,75256.6,"Pipeline Natural Gas","Diesel Oil","Combustion turbine",,"Water Injection",,,"ARP, CSNOX, CSOSG3, CSSO2G1"
"IN","Anderson",7336,"ACT1",3099,,2023,300,253.76,8258.61,,0.032,0.001,6240.55,0.0584,6.806,0.1306,105001.69,"Pipeline Natural Gas","Diesel Oil","Combustion turbine",,"Water Injection",,,"ARP, CSNOX, CSOSG3, CSSO2G1"
"IN","Anderson",7336,"ACT2",3100,,2023,285,245.19,8254.81,,0.031,0.001,6105.874,0.0592,7.536,0.147,102737.943,"Pipeline Natural Gas","Diesel Oil","Combustion turbine",,"Water Injection",,,"ARP, CSNOX, CSOSG3, CSSO2G1"
"IN","Anderson",7336,"ACT3",9578,,2023,530,469.53,33345,,0.122,0.001,24152.554,0.059,6.674,0.0331,406300.517,"Pipeline Natural Gas","Diesel Oil","Combustion turbine",,"Dry Low NOx Burners|Water Injection",,,"ARP, CSNOX, CSOSG3, CSSO2G1"
"IA","George Neal South",7343,"4",3101,,2023,2554,2533.06,1083582.51,,1771.361,0.3375,1053692.501,0.105,857.001,0.1523,10046662.761,"Coal","Diesel Oil","Dry bottom wall-fired boiler","Dry Lime FGD","Low NOx Burner Technology w/ Overfire Air|Selective Non-catalytic Reduction","Baghouse|Electrostatic Precipitator",,"ARP, CSNOX, CSOSG2, CSSO2G1, MATS"
"FL","University of Florida",7345,"1",3102,,2023,7838,7822.28,,958828.94,0.962,0.001,190559.755,0.0592,126.969,0.0805,3206621.018,"Pipeline Natural Gas",,"Combined cycle",,"Steam Injection",,,"ARP"
"GA","Robins",7348,"CT1",3103,,2023,17,17,657,,0.376,0.1419,405.7,0.0693,1.871,0.741,5952.9,"Pipeline Natural Gas","Diesel Oil","Combustion turbine",,"Water Injection",,,"ARP, CSNOX, CSOSG1, CSSO2G2"
"GA","Robins",7348,"CT2",3104,,2023,27,27,873,,0.344,0.1106,525.9,0.0668,1.642,0.6177,8069.1,"Pipeline Natural Gas","Diesel Oil","Combustion turbine",,"Water Injection",,,"ARP, CSNOX, CSOSG1, CSSO2G2"
"OR","Coyote Springs",7350,"CTG1",3105,,2023,7862,7853.88,1976288.39,,3.974,0.001,787147.781,0.059,99.116,0.0155,13245309.076,"Pipeline Natural Gas","Diesel Oil","Combined cycle",,"Water Injection|Dry Low NOx Burners|Selective Catalytic Reduction",,,"ARP"
"OR","Coyote Springs",7350,"CTG2",3106,,2023,8020,8012.11,2294894.03,,4.684,0.001,927777.418,0.059,87.981,0.0117,15611561.107,"Pipeline Natural Gas",,"Combined cycle",,"Dry Low NOx Burners|Selective Catalytic Reduction",,,"ARP"
"FL","Midulla Generating Station",7380,"1",8366,,2023,5202,5177.36,757520.47,,2.487,0.001,492573.875,0.059,126.718,0.0307,8288577.061,"Pipeline Natural Gas","Diesel Oil","Combined cycle",,"Dry Low NOx Burners|Water Injection|Selective Catalytic Reduction",,,"ARP"
"FL","Midulla Generating Station",7380,"2",8368,,2023,6233,6228.81,916722.36,,3.05,0.001,604232.276,0.059,155.19,0.0306,10167390.709,"Pipeline Natural Gas","Diesel Oil","Combined cycle",,"Dry Low NOx Burners|Water Injection|Selective Catalytic Reduction",,,"ARP"
"FL","Midulla Generating Station",7380,"4A",89703,,2023,1104,938.04,18173.21,,0.063,0.001,12478.341,0.0593,8.054,0.084,209904.422,"Pipeline Natural Gas","Diesel Oil","Combustion turbine",,"Dry Low NOx Burners|Water Injection",,,"ARP"
"FL","Midulla Generating Station",7380,"4B",89704,,2023,1096,932.68,19264.66,,0.069,0.001,13722.685,0.0593,7.983,0.0762,230860.628,"Pipeline Natural Gas","Diesel Oil","Combustion turbine",,"Dry Low NOx Burners|Water Injection",,,"ARP"
"FL","Midulla Generating Station",7380,"5A",89705,,2023,473,386.71,7588.2,,0.028,0.001,5470.52,0.0594,3.854,0.0962,92011.054,"Pipeline Natural Gas","Diesel Oil","Combustion turbine",,"Dry Low NOx Burners|Water Injection",,,"ARP"
"FL","Midulla Generating Station",7380,"5B",89706,,2023,433,354.94,7092.15,,0.024,0.001,4758.232,0.0594,3.145,0.0866,80024.739,"Pipeline Natural Gas","Diesel Oil","Combustion turbine",,"Dry Low NOx Burners|Water Injection",,,"ARP"
"FL","Midulla Generating Station",7380,"6A",89707,,2023,1177,1005.75,20981.62,,0.078,0.001,15457.302,0.0593,9.311,0.0793,260035.22,"Pipeline Natural Gas","Diesel Oil","Combustion turbine",,"Dry Low NOx Burners|Water Injection",,,"ARP"
"FL","Midulla Generating Station",7380,"6B",89708,,2023,1128,970.31,19729.02,,0.065,0.001,12913.22,0.0594,7.775,0.0783,217197.463,"Pipeline Natural Gas","Diesel Oil","Combustion turbine",,"Dry Low NOx Burners|Water Injection",,,"ARP"
"FL","Midulla Generating Station",7380,"7A",89709,,2023,612,523.49,10847.84,,0.038,0.001,7491.402,0.0594,5.645,0.0945,126034.976,"Pipeline Natural Gas","Diesel Oil","Combustion turbine",,"Dry Low NOx Burners|Water Injection",,,"ARP"
"FL","Midulla Generating Station",7380,"7B",89710,,2023,0,0,,,,,,,,,,"Pipeline Natural Gas","Diesel Oil","Combustion turbine",,"Dry Low NOx Burners|Water Injection",,,"ARP"
"FL","Midulla Generating Station",7380,"8A",89711,,2023,0,0,,,,,,,,,,"Pipeline Natural Gas","Diesel Oil","Combustion turbine",,"Dry Low NOx Burners (Retired Aug 01, 2023)|Water Injection (Retired Aug 01, 2023)",,,"ARP"
"FL","Midulla Generating Station",7380,"8B",89712,,2023,626,520.83,10878.33,,0.038,0.001,7539.232,0.0593,5.434,0.0915,126812.809,"Pipeline Natural Gas","Diesel Oil","Combustion turbine",,"Dry Low NOx Burners|Water Injection",,,"ARP"
"IL","Interstate",7425,"1",3116,,2023,553,491.66,39524.1,,0.154,0.001,30633.378,0.0596,38.017,0.1474,511740.207,"Pipeline Natural Gas","Diesel Oil","Combustion turbine",,"Water Injection",,,"ARP, CSNOX, CSOSG3, CSSO2G1"
"CA","NCPA Combustion Turbine Project #2",7449,"NA1",3117,,2023,211,173.41,7140.32,,0.017,0.001,3433.432,0.0593,0.494,0.0265,57776.539,"Pipeline Natural Gas",,"Combustion turbine",,"Selective Catalytic Reduction",,,"ARP"
"ID","Rathdrum Combustion Turbine Project",7456,"1",3118,,2023,5662,5542.96,388387.57,,1.216,0.001,240815.241,0.059,121.438,0.0616,4052164.949,"Pipeline Natural Gas",,"Combustion turbine",,"Dry Low NOx Burners",,,"ARP"
"ID","Rathdrum Combustion Turbine Project",7456,"2",3119,,2023,5775,5667.02,393759.33,,1.209,0.001,239451.357,0.059,82.512,0.0415,4029186.297,"Pipeline Natural Gas",,"Combustion turbine",,"Dry Low NOx Burners",,,"ARP"
"WY","Neil Simpson II",7504,"001",3120,,2023,8309,8295.62,677923.87,,413.134,0.0985,867631.995,0.105,651.963,0.1573,8272704.448,"Coal",,"Dry bottom wall-fired boiler","Dry Lime FGD","Low NOx Burner Technology w/ Overfire Air","Electrostatic Precipitator","Other (Non PAC) Sorbent Injection","ARP, MATS"
"WY","Neil Simpson II",7504,"CT1",3121,,2023,3009,2739.19,74908.89,,0.235,0.001,46484.178,0.0593,24.191,0.0612,782181.602,"Pipeline Natural Gas",,"Combustion turbine",,"Dry Low NOx Burners",,,"ARP"
"KS","McPherson Municipal Power Plant #3",7515,"1",3124,,2023,607,526.68,13237.53,,0.062,0.001,12298.194,0.0594,17.047,0.165,206637.361,"Pipeline Natural Gas","Diesel Oil","Combustion turbine",,"Water Injection",,,"ARP, CSNOX, CSOSG2, CSSO2G2"
"CA","Carson Power Plant",7527,"1",3125,,2023,3810,3791.83,151418.72,,0.405,0.001,82935.172,0.0604,4.77,0.0072,1368776.682,"Natural Gas","Other Gas","Combined cycle",,"Water Injection|Selective Catalytic Reduction",,,"ARP"
"CA","Carson Power Plant",7527,"2",3126,,2023,203,163.02,5194.41,,0.018,0.001,3497.526,0.0592,0.481,0.0249,58857.835,"Natural Gas",,"Combustion turbine",,"Water Injection|Selective Catalytic Reduction",,,"ARP"
"CA","Procter and Gamble Power Plant",7551,"1A",3129,,2023,6637,6606.76,303019.51,,0.742,0.001,146910.866,0.0592,8.562,0.0071,2472077.359,"Pipeline Natural Gas",,"Combined cycle",,"Selective Catalytic Reduction",,,"ARP"
"CA","Procter and Gamble Power Plant",7551,"1B",3130,,2023,6587,6557.53,309166.95,,0.815,0.001,161330.749,0.0592,9.421,0.0071,2714717.284,"Pipeline Natural Gas",,"Combined cycle",,"Selective Catalytic Reduction",,,"ARP"
"CA","Procter and Gamble Power Plant",7551,"1C",3131,,2023,485,429.64,17889.68,,0.052,0.001,10218.571,0.0592,0.816,0.0126,171955.026,"Pipeline Natural Gas",,"Combustion turbine",,"Selective Catalytic Reduction",,,"ARP"
"CA","Campbell Power Plant",7552,"1",3132,,2023,4819,4807.09,709561.38,,1.529,0.001,302867.448,0.059,23.715,0.0097,5096392.443,"Pipeline Natural Gas",,"Combined cycle",,"Selective Catalytic Reduction",,,"ARP"
"MO","St. Francis Power Plant",7604,"1",3135,,2023,5320,5230.01,1046199.91,,2.327,0.001,460914.278,0.059,45.693,0.0134,7755819.226,"Pipeline Natural Gas",,"Combined cycle",,"Dry Low NOx Burners|Selective Catalytic Reduction",,,"ARP, CSNOX, CSOSG2, CSSO2G1"
"MO","St. Francis Power Plant",7604,"2",3136,,2023,4931,4848.43,964610.15,,2.106,0.001,417163.58,0.059,40.528,0.0132,7019579.644,"Pipeline Natural Gas",,"Combined cycle",,"Dry Low NOx Burners|Selective Catalytic Reduction",,,"ARP, CSNOX, CSOSG2, CSSO2G1"
"WA","River Road",7605,"1",3137,,2023,7571,7560.9,1859457.55,,4.998,0.0012,771101.271,0.059,81.546,0.0151,12975327.551,"Natural Gas",,"Combined cycle",,"Selective Catalytic Reduction",,,"ARP"
"AL","Washington County Cogen (Olin)",7697,"CC1",3139,,2023,8326,8320,1141633.5,,2.443,0.001,483988.4,0.059,105.838,0.026,8144070.7,"Pipeline Natural Gas","Process Gas","Combined cycle",,"Dry Low NOx Burners",,,"ARP, CSNOX, CSOSG2, CSSO2G2"
"AL","SABIC Innovative Plastics - Burkville",7698,"CC1",3140,,2023,8121,8118.75,940079.75,,1.934,0.001,382996.6,0.059,98.342,0.0306,6444564.375,"Pipeline Natural Gas","Process Gas","Combined cycle",,"Dry Low NOx Burners",,,"ARP, CSNOX, CSOSG2, CSSO2G2"
"FL","Tiger Bay",7699,"1",3141,,2023,5998,5992.62,736121.22,,2.457,0.001,486729.175,0.059,159.034,0.0391,8190140.594,"Pipeline Natural Gas",,"Combined cycle",,"Dry Low NOx Burners",,,"ARP"
"AL","Plant H. Allen Franklin",7710,"1A",3285,,2023,7933,7906.75,2179866,,4.292,0.001,850139.625,0.059,60.408,0.0094,14305226.925,"Pipeline Natural Gas",,"Combined cycle",,"Dry Low NOx Burners|Selective Catalytic Reduction",,,"ARP, CSNOX, CSOSG2, CSSO2G2"
"AL","Plant H. Allen Franklin",7710,"1B",3286,,2023,7962,7935,2190635,,4.344,0.001,860436.9,0.059,61.305,0.0095,14478521.625,"Pipeline Natural Gas",,"Combined cycle",,"Dry Low NOx Burners|Selective Catalytic Reduction",,,"ARP, CSNOX, CSOSG2, CSSO2G2"
"AL","Plant H. Allen Franklin",7710,"2A",3287,,2023,8332,8321.75,2391550.25,,4.895,0.001,969553.325,0.059,66.506,0.0086,16314656.6,"Pipeline Natural Gas",,"Combined cycle",,"Dry Low NOx Burners|Selective Catalytic Reduction",,,"ARP, CSNOX, CSOSG2, CSSO2G2"
"AL","Plant H. Allen Franklin",7710,"2B",3288,,2023,8335,8330.75,2404925.75,,4.843,0.001,959390.825,0.059,65.805,0.0085,16143577.925,"Pipeline Natural Gas",,"Combined cycle",,"Dry Low NOx Burners|Selective Catalytic Reduction",,,"ARP, CSNOX, CSOSG2, CSSO2G2"
"AL","Plant H. Allen Franklin",7710,"3A",3289,,2023,8340,8329.25,2431526.25,,4.955,0.001,981461.825,0.059,70.289,0.009,16514983.975,"Pipeline Natural Gas",,"Combined cycle",,"Dry Low NOx Burners|Selective Catalytic Reduction",,,"ARP, CSNOX, CSOSG2, CSSO2G2"
"AL","Plant H. Allen Franklin",7710,"3B",3290,,2023,8363,8352.25,2420319,,4.903,0.001,971242.9,0.059,70.608,0.0092,16343051.075,"Pipeline Natural Gas",,"Combined cycle",,"Dry Low NOx Burners|Selective Catalytic Reduction",,,"ARP, CSNOX, CSOSG2, CSSO2G2"
"AL","Theodore Cogeneration",7721,"CC1",3151,,2023,8276,8271.5,2080924.25,,4.091,0.001,810352.85,0.059,44.012,0.0067,13635664.85,"Pipeline Natural Gas",,"Combined cycle",,"Dry Low NOx Burners|Selective Catalytic Reduction",,,"ARP, CSNOX, CSOSG2, CSSO2G2"
"MO","Essex Power Plant",7749,"1",3152,,2023,1005,908.18,73788.48,,0.273,0.001,54015.991,0.059,44.57,0.1014,908932.622,"Pipeline Natural Gas",,"Combustion turbine",,"Dry Low NOx Burners",,,"ARP, CSNOX, CSOSG2, CSSO2G1"
"MO","Nodaway Power Plant",7754,"1",3153,,2023,105,88.45,6342.15,,0.025,0.001,4887.525,0.0591,3.497,0.0838,82237.944,"Pipeline Natural Gas",,"Combustion turbine",,"Dry Low NOx Burners",,,"ARP, CSNOX, CSOSG2, CSSO2G1"
"MO","Nodaway Power Plant",7754,"2",3154,,2023,94,79.04,5560.15,,0.022,0.001,4316.249,0.0591,2.596,0.0739,72628.422,"Pipeline Natural Gas",,"Combustion turbine",,"Dry Low NOx Burners",,,"ARP, CSNOX, CSOSG2, CSSO2G1"
"OK","Chouteau Power Plant",7757,"1",3155,,2023,7693,7639.19,1652568.85,,3.469,0.001,687195.674,0.059,151.362,0.0265,11563423.32,"Pipeline Natural Gas",,"Combined cycle",,"Dry Low NOx Burners|Selective Catalytic Reduction",,,"ARP, CSOSG2"
"OK","Chouteau Power Plant",7757,"2",3156,,2023,7085,7051.05,1523671.46,,3.221,0.001,637946.594,0.059,145.413,0.0274,10734666.732,"Pipeline Natural Gas",,"Combined cycle",,"Dry Low NOx Burners|Selective Catalytic Reduction",,,"ARP, CSOSG2"
"OK","Chouteau Power Plant",7757,"3",90617,,2023,8183,8168.46,1916599.38,,3.843,0.001,761325.679,0.059,25.516,0.0041,12810815.859,"Pipeline Natural Gas",,"Combined cycle",,"Dry Low NOx Burners|Selective Catalytic Reduction",,,"ARP, CSOSG2"
"OK","Chouteau Power Plant",7757,"4",90618,,2023,8313,8300.11,1944565.89,,3.934,0.001,779173.894,0.059,26.004,0.004,13111067.578,"Pipeline Natural Gas",,"Combined cycle",,"Dry Low NOx Burners|Selective Catalytic Reduction",,,"ARP, CSOSG2"
"IN","Georgetown Substation",7759,"GT1",3163,,2023,1989,1832.26,118496.78,,0.435,0.001,86098.001,0.059,15.458,0.0215,1448764.465,"Pipeline Natural Gas",,"Combustion turbine",,"Dry Low NOx Burners",,,"ARP, CSNOX, CSOSG3, CSSO2G1"
"IN","Georgetown Substation",7759,"GT2",3164,,2023,820,736.51,48208.8,,0.174,0.001,34439.431,0.059,10.001,0.0337,579527.16,"Pipeline Natural Gas",,"Combustion turbine",,"Dry Low NOx Burners",,,"ARP, CSNOX, CSOSG3, CSSO2G1"
"IN","Georgetown Substation",7759,"GT3",3165,,2023,835,757.97,50816.66,,0.182,0.001,36135.879,0.059,10.53,0.0333,608034.147,"Pipeline Natural Gas",,"Combustion turbine",,"Dry Low NOx Burners",,,"ARP, CSNOX, CSOSG3, CSSO2G1"
"IN","Georgetown Substation",7759,"GT4",3166,,2023,2044,1883.32,122990.33,,0.466,0.001,92303.631,0.059,21.386,0.0276,1553196.916,"Pipeline Natural Gas",,"Combustion turbine",,"Dry Low NOx Burners",,,"ARP, CSNOX, CSOSG3, CSSO2G1"
"IL","Tilton Power Station",7760,"1",3167,"CP01",2023,866,694.31,18871.02,,0.061,0.001,12142.221,0.059,11.006,0.113,204319.59,"Pipeline Natural Gas",,"Combustion turbine",,"Water Injection",,,"ARP, CSNOX, CSOSG3, CSSO2G1"
"IL","Tilton Power Station",7760,"2",3168,"CP01",2023,862,689.06,19218.71,,0.061,0.001,12123.383,0.0591,10.95,0.117,203998.628,"Pipeline Natural Gas",,"Combustion turbine",,"Water Injection",,,"ARP, CSNOX, CSOSG3, CSSO2G1"
"IL","Tilton Power Station",7760,"3",3169,"CP01",2023,824,657.74,19049.33,,0.059,0.001,11703.872,0.059,11.371,0.1214,196940.495,"Pipeline Natural Gas",,"Combustion turbine",,"Water Injection",,,"ARP, CSNOX, CSOSG3, CSSO2G1"
"IL","Tilton Power Station",7760,"4",3170,"CP01",2023,781,623.07,17950.83,,0.058,0.001,11515.675,0.059,11.361,0.1178,193776.873,"Pipeline Natural Gas",,"Combustion turbine",,"Water Injection",,,"ARP, CSNOX, CSOSG3, CSSO2G1"
"TX","Calpine Hidalgo Energy Center",7762,"HRSG1",3171,,2023,6572,6506.04,1445344.69,,2.982,0.001,590769.238,0.059,161.566,0.0342,9940792.044,"Pipeline Natural Gas",,"Combined cycle",,"Dry Low NOx Burners",,,"ARP, CSOSG2"
"TX","Calpine Hidalgo Energy Center",7762,"HRSG2",3172,,2023,6277,6189.52,1380937.11,,2.923,0.001,578936.192,0.059,163.939,0.0355,9741668.278,"Pipeline Natural Gas",,"Combined cycle",,"Dry Low NOx Burners",,,"ARP, CSOSG2"
"IN","Henry County Generating Station",7763,"1",3173,,2023,2832,2518.12,89626.1,,0.28,0.001,55466.363,0.0592,39.021,0.093,933341.315,"Pipeline Natural Gas",,"Combustion turbine",,"Water Injection",,,"ARP, CSNOX, CSOSG3, CSSO2G1"
"IN","Henry County Generating Station",7763,"2",3174,,2023,3012,2678.76,96232.57,,0.296,0.001,58581.831,0.0592,41.684,0.0932,985789.772,"Pipeline Natural Gas",,"Combustion turbine",,"Water Injection",,,"ARP, CSNOX, CSOSG3, CSSO2G1"
"IN","Henry County Generating Station",7763,"3",3175,,2023,2125,1898.55,68114.22,,0.211,0.001,41869.665,0.0592,29.472,0.0923,704556.313,"Pipeline Natural Gas",,"Combustion turbine",,"Water Injection",,,"ARP, CSNOX, CSOSG3, CSSO2G1"
"GA","MPC Generating",7764,"1",3176,,2023,203,179.02,25302.94,,0.087,0.001,17228.487,0.0593,15.45,0.1222,289284.366,"Pipeline Natural Gas","Diesel Oil","Combustion turbine",,"Water Injection",,,"ARP, CSNOX, CSOSG1, CSSO2G2"
"GA","MPC Generating",7764,"2",3177,,2023,178,151.52,22271.42,,0.076,0.001,15120.502,0.0598,13.472,0.1172,253641.229,"Pipeline Natural Gas","Diesel Oil","Combustion turbine",,"Water Injection",,,"ARP, CSNOX, CSOSG1, CSSO2G2"
"GA","Dahlberg (Jackson County)",7765,"1",3178,,2023,312,258.49,18052.76,,0.072,0.001,14027.304,0.282,4.221,0.0487,229326.494,"Pipeline Natural Gas","Diesel Oil","Combustion turbine",,"Dry Low NOx Burners|Water Injection",,,"ARP, CSNOX, CSOSG1, CSSO2G2"
"GA","Dahlberg (Jackson County)",7765,"10",3179,,2023,507,433.97,30806.42,,0.114,0.001,22881.4,0.1599,5.36,0.0379,377905.43,"Pipeline Natural Gas","Diesel Oil","Combustion turbine",,"Dry Low NOx Burners|Water Injection",,,"ARP, CSNOX, CSOSG1, CSSO2G2"
"GA","Dahlberg (Jackson County)",7765,"2",3186,,2023,585,498.88,35603.03,,0.136,0.001,27211.777,4.0242,6.134,0.0364,448452.313,"Pipeline Natural Gas","Diesel Oil","Combustion turbine",,"Dry Low NOx Burners|Water Injection",,,"ARP, CSNOX, CSOSG1, CSSO2G2"
"GA","Dahlberg (Jackson County)",7765,"3",3187,,2023,298,247.46,17516.14,,0.069,0.001,13309.995,7.9738,3.835,0.0446,217541.398,"Pipeline Natural Gas","Diesel Oil","Combustion turbine",,"Dry Low NOx Burners|Water Injection",,,"ARP, CSNOX, CSOSG1, CSSO2G2"
"GA","Dahlberg (Jackson County)",7765,"4",3188,,2023,380,324.39,22896.05,,0.096,0.001,19132.81,0.1798,5.032,0.0419,314806.292,"Pipeline Natural Gas","Diesel Oil","Combustion turbine",,"Dry Low NOx Burners|Water Injection",,,"ARP, CSNOX, CSOSG1, CSSO2G2"
"GA","Dahlberg (Jackson County)",7765,"5",3189,,2023,279,232.36,15856.15,,0.061,0.001,12296.293,0.4802,2.986,0.0406,203241.153,"Pipeline Natural Gas","Diesel Oil","Combustion turbine",,"Dry Low NOx Burners|Water Injection",,,"ARP, CSNOX, CSOSG1, CSSO2G2"
"GA","Dahlberg (Jackson County)",7765,"6",3190,,2023,580,498.14,35752.62,,0.134,0.001,26770.987,7.2329,6.48,0.0384,441005.023,"Pipeline Natural Gas","Diesel Oil","Combustion turbine",,"Dry Low NOx Burners|Water Injection",,,"ARP, CSNOX, CSOSG1, CSSO2G2"
"GA","Dahlberg (Jackson County)",7765,"7",3191,,2023,285,238.72,16605.23,,0.066,0.001,12937.004,0.1682,4.015,0.0457,212376.487,"Pipeline Natural Gas","Diesel Oil","Combustion turbine",,"Dry Low NOx Burners|Water Injection",,,"ARP, CSNOX, CSOSG1, CSSO2G2"
"GA","Dahlberg (Jackson County)",7765,"8",3192,,2023,572,490.15,35046.64,,0.133,0.001,26681.395,0.1712,7.303,0.0408,439867.593,"Pipeline Natural Gas","Diesel Oil","Combustion turbine",,"Dry Low NOx Burners|Water Injection",,,"ARP, CSNOX, CSOSG1, CSSO2G2"
"GA","Dahlberg (Jackson County)",7765,"9",3193,,2023,277,232.32,16144.1,,0.061,0.001,12307.394,0.2861,3.472,0.0441,203220.803,"Pipeline Natural Gas","Diesel Oil","Combustion turbine",,"Dry Low NOx Burners|Water Injection",,,"ARP, CSNOX, CSOSG1, CSSO2G2"
"GA","Sowega Power Project",7768,"CT2",3194,,2023,1090,934.16,42926.57,,0.125,0.001,24762.72,0.0592,19.522,0.0937,416701.318,"Pipeline Natural Gas","Diesel Oil","Combustion turbine",,"Water Injection",,,"ARP, CSNOX, CSOSG1, CSSO2G2"
"GA","Sowega Power Project",7768,"CT3",3195,,2023,982,833.54,37011.13,,0.109,0.001,21595.281,0.059,17.357,0.0985,363378.396,"Pipeline Natural Gas","Diesel Oil","Combustion turbine",,"Water Injection",,,"ARP, CSNOX, CSOSG1, CSSO2G2"
"OH","Omega JV2 Hamilton",7782,"P001",3225,,2023,65,53.51,1259.79,,0.007,0.0006,1376.7,0.0591,1.517,0.1299,23336.5,"Pipeline Natural Gas",,"Combustion turbine",,"Water Injection",,,"ARP, CSNOX, CSOSG3, CSSO2G1"
"OH","Omega JV2 Bowling Green",7783,"P001",3226,,2023,75,63.91,1416.7,,0.007,0.0006,1408.1,0.0588,1.516,0.1268,23866,"Pipeline Natural Gas",,"Combustion turbine",,"Water Injection",,,"ARP, CSNOX, CSOSG3, CSSO2G1"
"UT","Bonanza",7790,"1-1",3228,,2023,8475,8472.74,3662057.25,,613.87,0.0311,3865499.478,0.103,4773.865,0.2475,37675447.115,"Coal","Diesel Oil","Dry bottom wall-fired boiler","Wet Limestone","Low NOx Burner Technology (Dry Bottom only)","Baghouse",,"ARP, MATS"
"NC","Richmond County Plant",7805,"1",3235,,2023,2324,2107.9,310659.72,,0.76,0.0002,191494.672,0.0591,52.183,0.0386,3220156.574,"Natural Gas","Diesel Oil","Combustion turbine",,"Dry Low NOx Burners|Water Injection",,,"ARP, CSNOX, CSSO2G1, SIPNOX"
"NC","Richmond County Plant",7805,"10",90495,,2023,7681,7668.64,2292234.92,,3.673,0.0002,934554.057,0.059,51.425,0.0071,15725390.468,"Natural Gas","Diesel Oil","Combined cycle",,"Dry Low NOx Burners|Water Injection|Selective Catalytic Reduction",,,"ARP, CSNOX, CSSO2G1, SIPNOX"
"NC","Richmond County Plant",7805,"2",3236,,2023,1951,1734.15,249463.2,,0.633,0.0003,151705.762,0.0591,41.269,0.0391,2550723.328,"Natural Gas","Diesel Oil","Combustion turbine",,"Dry Low NOx Burners|Water Injection",,,"ARP, CSNOX, CSSO2G1, SIPNOX"
"NC","Richmond County Plant",7805,"3",3237,,2023,2135,1897.9,274244.95,,0.682,0.0002,174708.754,0.0591,46.804,0.0383,2937672.485,"Natural Gas","Diesel Oil","Combustion turbine",,"Dry Low NOx Burners|Water Injection",,,"ARP, CSNOX, CSSO2G1, SIPNOX"
"NC","Richmond County Plant",7805,"4",3238,,2023,1532,1338.4,188712.58,,0.487,0.0003,117229.757,0.0591,33.594,0.0424,1971700.487,"Natural Gas","Diesel Oil","Combustion turbine",,"Dry Low NOx Burners|Water Injection",,,"ARP, CSNOX, CSSO2G1, SIPNOX"
"NC","Richmond County Plant",7805,"6",3240,,2023,1637,1446.92,203524.67,,0.463,0.0001,129116.701,0.0591,37.774,0.0445,2171526.106,"Natural Gas","Diesel Oil","Combustion turbine",,"Dry Low NOx Burners|Water Injection",,,"ARP, CSNOX, CSSO2G1, SIPNOX"
"NC","Richmond County Plant",7805,"7",3241,,2023,6312,6299.18,975316.12,,2.437,0.0002,608387.543,0.059,40.344,0.009,10237243.081,"Natural Gas","Diesel Oil","Combined cycle",,"Dry Low NOx Burners|Water Injection|Selective Catalytic Reduction",,,"ARP, CSNOX, CSSO2G1, SIPNOX"
"NC","Richmond County Plant",7805,"8",3242,,2023,6172,6150.27,949853.25,,2.353,0.0002,589914.625,0.059,44.281,0.0107,9926402.436,"Natural Gas","Diesel Oil","Combined cycle",,"Dry Low NOx Burners|Water Injection|Selective Catalytic Reduction",,,"ARP, CSNOX, CSSO2G1, SIPNOX"
"NC","Richmond County Plant",7805,"9",90494,,2023,7672,7657.44,2283176.97,,3.689,0.0002,935870.521,0.059,47.362,0.0067,15747750.802,"Natural Gas","Diesel Oil","Combined cycle",,"Dry Low NOx Burners|Water Injection|Selective Catalytic Reduction",,,"ARP, CSNOX, CSSO2G1, SIPNOX"
"GA","Sewell Creek Energy",7813,"1",3243,,2023,977,857.72,80622.34,,0.288,0.001,57006.836,0.059,18.672,0.048,959238.85,"Pipeline Natural Gas",,"Combustion turbine",,"Dry Low NOx Burners",,,"ARP, CSNOX, CSOSG1, CSSO2G2"
"GA","Sewell Creek Energy",7813,"2",3244,,2023,995,869.01,83136.26,,0.295,0.001,58432.433,0.059,23.196,0.0565,983253.492,"Pipeline Natural Gas",,"Combustion turbine",,"Dry Low NOx Burners",,,"ARP, CSNOX, CSOSG1, CSSO2G2"
"GA","Sewell Creek Energy",7813,"3",3245,,2023,1292,1136.73,135299.29,,0.451,0.001,89263.293,0.059,60.164,0.0901,1502057.612,"Pipeline Natural Gas",,"Combustion turbine",,"Dry Low NOx Burners",,,"ARP, CSNOX, CSOSG1, CSSO2G2"
"GA","Sewell Creek Energy",7813,"4",3246,,2023,1229,1080.48,129523.51,,0.428,0.001,84710.996,0.059,52.545,0.0819,1425416.781,"Pipeline Natural Gas",,"Combustion turbine",,"Dry Low NOx Burners",,,"ARP, CSNOX, CSOSG1, CSSO2G2"
"IL","Alsey Station",7818,"ACT1",89336,,2023,50,39.49,843.48,,0.004,0.001,,,1.802,0.243,14830.679,"Pipeline Natural Gas",,"Combustion turbine",,"Water Injection",,,"CSNOX, CSOSG3, CSSO2G1"
"IL","Alsey Station",7818,"ACT2",89337,,2023,38,32.31,741.6,,0.004,0.001,,,1.365,0.213,12814.083,"Pipeline Natural Gas",,"Combustion turbine",,"Water Injection",,,"CSNOX, CSOSG3, CSSO2G1"
"IL","Alsey Station",7818,"ACT5",89338,,2023,32,23.73,446.77,,0.003,0.001,,,1.227,0.2836,8361.91,"Pipeline Natural Gas",,"Combustion turbine",,,,,"CSNOX, CSOSG3, CSSO2G1"
"IL","Alsey Station",7818,"ACT6",91126,,2023,449,373.92,15190.48,,0.041,0.001,8156.076,0.0593,6.421,0.1005,137242.727,"Pipeline Natural Gas","Diesel Oil","Combustion turbine",,"Water Injection",,,"ARP, CSNOX, CSOSG3, CSSO2G1"
"AR","Fulton",7825,"CT1",3247,,2023,1229,1091.17,146823.89,,0.472,0.001,93497.191,0.059,39.342,0.0549,1573164.125,"Pipeline Natural Gas",,"Combustion turbine",,"Dry Low NOx Burners",,,"ARP, CSOSG2"
"NC","Plant Rowan County",7826,"1",3248,,2023,815,703.39,103454.08,,0.337,0.001,66402.512,0.0591,18.454,0.0426,1116920.947,"Pipeline Natural Gas","Diesel Oil","Combustion turbine",,"Dry Low NOx Burners|Water Injection",,,"ARP, CSNOX, CSSO2G1, SIPNOX"
"NC","Plant Rowan County",7826,"2",3249,,2023,593,511.09,80081.83,,0.259,0.001,51235.442,0.0591,14.984,0.0418,861970.659,"Pipeline Natural Gas","Diesel Oil","Combustion turbine",,"Dry Low NOx Burners|Water Injection",,,"ARP, CSNOX, CSSO2G1, SIPNOX"
"NC","Plant Rowan County",7826,"3",3250,,2023,683,591.29,83465.31,,0.285,0.001,56170.749,0.0591,16.359,0.0493,944870.85,"Pipeline Natural Gas","Diesel Oil","Combustion turbine",,"Dry Low NOx Burners|Water Injection",,,"ARP, CSNOX, CSSO2G1, SIPNOX"
"NC","Plant Rowan County",7826,"4",3251,,2023,7809,7733.31,1341800.72,,4.209,0.001,833625.271,0.059,72.866,0.0122,14027154.88,"Pipeline Natural Gas","Diesel Oil","Combined cycle",,"Dry Low NOx Burners|Selective Catalytic Reduction",,,"ARP, CSNOX, CSSO2G1, SIPNOX"
"NC","Plant Rowan County",7826,"5",3252,,2023,7858,7783.01,1359097.81,,4.232,0.001,838295.876,0.059,73.406,0.0122,14105994.749,"Pipeline Natural Gas",,"Combined cycle",,"Dry Low NOx Burners|Selective Catalytic Reduction",,,"ARP, CSNOX, CSSO2G1, SIPNOX"
"GA","Smarr Energy Facility",7829,"1",3255,,2023,902,798.98,73877.41,,0.301,0.001,59696.638,0.059,20.799,0.0483,1004511.394,"Pipeline Natural Gas",,"Combustion turbine",,"Dry Low NOx Burners",,,"ARP, CSNOX, CSOSG1, CSSO2G2"
"GA","Smarr Energy Facility",7829,"2",3256,,2023,1015,898.38,82492.77,,0.316,0.001,62610.082,0.059,22.399,0.0487,1053550.635,"Pipeline Natural Gas",,"Combustion turbine",,"Dry Low NOx Burners",,,"ARP, CSNOX, CSOSG1, CSSO2G2"
"SC","John S. Rainey Generating Station",7834,"CT1A",3260,,2023,7832,7822.47,1221143.54,,3.902,0.001,773003.305,0.059,97.916,0.0151,13007274.306,"Pipeline Natural Gas","Diesel Oil","Combined cycle",,"Selective Catalytic Reduction|Dry Low NOx Burners|Water Injection",,,"ARP, CSNOX, CSSO2G2, SIPNOX"
"SC","John S. Rainey Generating Station",7834,"CT1B",3261,,2023,6556,6551.8,1011384.52,,3.219,0.001,637721.654,0.059,85.665,0.0162,10730853.537,"Pipeline Natural Gas","Diesel Oil","Combined cycle",,"Selective Catalytic Reduction|Dry Low NOx Burners|Water Injection",,,"ARP, CSNOX, CSSO2G2, SIPNOX"
"SC","John S. Rainey Generating Station",7834,"CT2A",3262,,2023,7357,7338.79,1009832.83,,3.36,0.001,665626.003,0.059,154.758,0.0279,11200390.668,"Pipeline Natural Gas","Diesel Oil","Combustion turbine",,"Dry Low NOx Burners|Water Injection",,,"ARP, CSNOX, CSSO2G2, SIPNOX"
"SC","John S. Rainey Generating Station",7834,"CT2B",3263,,2023,7831,7810.76,1081718.11,,3.51,0.001,695308.606,0.059,163.185,0.0281,11699871.097,"Pipeline Natural Gas","Diesel Oil","Combustion turbine",,"Dry Low NOx Burners|Water Injection",,,"ARP, CSNOX, CSSO2G2, SIPNOX"
"SC","John S. Rainey Generating Station",7834,"CT3",88287,,2023,860,781.99,43695.58,,0.174,0.001,33943.4,0.059,8.052,0.028,575291.5,"Pipeline Natural Gas",,"Combustion turbine",,,,,"ARP, CSNOX, CSSO2G2, SIPNOX"
"SC","John S. Rainey Generating Station",7834,"CT4",88288,,2023,1294,1204.8,66495.13,,0.267,0.001,52128,0.059,12.367,0.028,883361.7,"Pipeline Natural Gas",,"Combustion turbine",,,,,"ARP, CSNOX, CSSO2G2, SIPNOX"
"SC","John S. Rainey Generating Station",7834,"CT5",88289,,2023,1050,961.45,52183.69,,0.211,0.0009,41220.9,0.059,9.779,0.028,698690,"Pipeline Natural Gas",,"Combustion turbine",,,,,"ARP, CSNOX, CSSO2G2, SIPNOX"
"MD","Rock Springs Generating Facility",7835,"1",3264,,2023,292,250.85,39565.67,,0.123,0.001,24357.353,0.059,7.574,0.0497,409857.427,"Pipeline Natural Gas",,"Combustion turbine",,"Dry Low NOx Burners",,,"ARP, CSNOX, CSOSG3, CSSO2G1, RGGI"
"MD","Rock Springs Generating Facility",7835,"2",3265,,2023,279,247.14,39182.1,,0.122,0.001,24182.652,0.059,7.298,0.0448,406913.318,"Pipeline Natural Gas",,"Combustion turbine",,"Dry Low NOx Burners",,,"ARP, CSNOX, CSOSG3, CSSO2G1, RGGI"
"MD","Rock Springs Generating Facility",7835,"3",3266,,2023,488,441.56,73646.52,,0.227,0.001,44977.203,0.059,12.447,0.04,756836.996,"Pipeline Natural Gas",,"Combustion turbine",,"Dry Low NOx Burners",,,"ARP, CSNOX, CSOSG3, CSSO2G1, RGGI"
"MD","Rock Springs Generating Facility",7835,"4",3267,,2023,424,380.36,61394.16,,0.192,0.001,38042.757,0.059,11.325,0.0408,640126.884,"Pipeline Natural Gas",,"Combustion turbine",,"Dry Low NOx Burners",,,"ARP, CSNOX, CSOSG3, CSSO2G1, RGGI"
"VA","Marsh Run Generation Facility",7836,"EU1",3270,,2023,784,677.48,81165.48,,0.265,0.001,52442.426,0.0592,16.084,0.0488,880896.334,"Pipeline Natural Gas","Diesel Oil","Combustion turbine",,"Dry Low NOx Burners|Water Injection",,,"ARP, CSNOX, CSOSG3, CSSO2G1, RGGI"
"VA","Marsh Run Generation Facility",7836,"EU2",3271,,2023,649,553.17,65204.73,,0.215,0.001,42623.65,0.0592,12.828,0.0497,716042.141,"Pipeline Natural Gas","Diesel Oil","Combustion turbine",,"Dry Low NOx Burners|Water Injection",,,"ARP, CSNOX, CSOSG3, CSSO2G1, RGGI"
"VA","Marsh Run Generation Facility",7836,"EU3",3272,,2023,742,624.8,74523.48,,0.244,0.001,48303.558,0.0591,13.624,0.0477,812664.238,"Pipeline Natural Gas","Diesel Oil","Combustion turbine",,"Dry Low NOx Burners|Water Injection",,,"ARP, CSNOX, CSOSG3, CSSO2G1, RGGI"
"VA","Louisa Generation Facility",7837,"EU1",3274,,2023,766,665.09,39334.85,,0.154,0.001,30142.575,0.0591,8.373,0.0409,507040.899,"Pipeline Natural Gas","Diesel Oil","Combustion turbine",,"Dry Low NOx Burners|Water Injection",,,"ARP, CSNOX, CSOSG3, CSSO2G1, RGGI"
"VA","Louisa Generation Facility",7837,"EU2",3275,,2023,718,621.18,36932.54,,0.138,0.001,26672.059,0.0592,7.159,0.04,448464.527,"Pipeline Natural Gas","Diesel Oil","Combustion turbine",,"Dry Low NOx Burners|Water Injection",,,"ARP, CSNOX, CSOSG3, CSSO2G1, RGGI"
"VA","Louisa Generation Facility",7837,"EU3",3276,,2023,788,688.62,40958.09,,0.152,0.001,29860.672,0.0592,7.919,0.041,502353.159,"Pipeline Natural Gas","Diesel Oil","Combustion turbine",,"Dry Low NOx Burners|Water Injection",,,"ARP, CSNOX, CSOSG3, CSSO2G1, RGGI"
"VA","Louisa Generation Facility",7837,"EU4",3277,,2023,900,780.47,46666.29,,0.173,0.001,33853.294,0.0593,8.658,0.0396,569368.626,"Pipeline Natural Gas","Diesel Oil","Combustion turbine",,"Dry Low NOx Burners|Water Injection",,,"ARP, CSNOX, CSOSG3, CSSO2G1, RGGI"
"VA","Louisa Generation Facility",7837,"EU5",3278,,2023,789,680.17,81653.81,,0.281,0.001,52703.82,0.0593,15.686,0.0476,885349.294,"Pipeline Natural Gas","Diesel Oil","Combustion turbine",,"Dry Low NOx Burners|Water Injection",,,"ARP, CSNOX, CSOSG3, CSSO2G1, RGGI"
"VA","Remington Combustion Turbine Station",7838,"1",3281,,2023,1003,893.18,115920.68,,0.358,0.001,66796.114,0.0591,16.39,0.0339,1123286.082,"Pipeline Natural Gas","Diesel Oil","Combustion turbine",,"Dry Low NOx Burners|Water Injection",,,"ARP, CSNOX, CSOSG3, CSSO2G1, RGGI"
"VA","Remington Combustion Turbine Station",7838,"2",3282,,2023,81,64.72,8523.11,,0.142,0.0039,5460.178,0.0617,2.378,0.0709,88359.219,"Pipeline Natural Gas","Diesel Oil","Combustion turbine",,"Dry Low NOx Burners|Water Injection",,,"ARP, CSNOX, CSOSG3, CSSO2G1, RGGI"
"VA","Remington Combustion Turbine Station",7838,"3",3283,,2023,560,488.25,60756.18,,0.303,0.0013,38146.954,0.0594,9.786,0.0377,638510.334,"Pipeline Natural Gas","Diesel Oil","Combustion turbine",,"Dry Low NOx Burners|Water Injection",,,"ARP, CSNOX, CSOSG3, CSSO2G1, RGGI"
"VA","Remington Combustion Turbine Station",7838,"4",3284,,2023,1100,978.47,123591.04,,0.91,0.0017,72115.644,0.0597,20.515,0.0394,1196715.478,"Pipeline Natural Gas","Diesel Oil","Combustion turbine",,"Dry Low NOx Burners|Water Injection",,,"ARP, CSNOX, CSOSG3, CSSO2G1, RGGI"
"VA","Ladysmith Combustion Turbine Sta",7839,"1",3279,,2023,850,783.11,113014.87,,0.818,0.0018,69922.765,0.0601,20.67,0.0423,1154003.803,"Pipeline Natural Gas","Diesel Oil","Combustion turbine",,"Dry Low NOx Burners|Water Injection",,,"ARP, CSNOX, CSOSG3, CSSO2G1, RGGI"
"VA","Ladysmith Combustion Turbine Sta",7839,"2",3280,,2023,1686,1539.22,218915.15,,0.696,0.001,129456.869,0.0591,34.43,0.036,2176420.15,"Pipeline Natural Gas","Diesel Oil","Combustion turbine",,"Dry Low NOx Burners|Water Injection",,,"ARP, CSNOX, CSOSG3, CSSO2G1, RGGI"
"VA","Ladysmith Combustion Turbine Sta",7839,"3",90273,,2023,831,764.86,108205.63,,0.556,0.0014,66600.141,0.0596,17.6,0.0362,1110355.922,"Pipeline Natural Gas","Diesel Oil","Combustion turbine",,"Dry Low NOx Burners|Water Injection",,,"ARP, CSNOX, CSOSG3, CSSO2G1, RGGI"
"VA","Ladysmith Combustion Turbine Sta",7839,"4",90274,,2023,1334,1229.49,173669.05,,0.691,0.0012,106807.801,0.0593,27.58,0.0346,1790048.917,"Pipeline Natural Gas","Diesel Oil","Combustion turbine",,"Dry Low NOx Burners|Water Injection",,,"ARP, CSNOX, CSOSG3, CSSO2G1, RGGI"
"VA","Ladysmith Combustion Turbine Sta",7839,"5",90276,,2023,1814,1669.44,239485.87,,0.889,0.0012,145900.168,0.0593,36.264,0.0339,2447919.877,"Pipeline Natural Gas","Diesel Oil","Combustion turbine",,"Dry Low NOx Burners|Water Injection",,,"ARP, CSNOX, CSOSG3, CSSO2G1, RGGI"
"IL","Freedom Power Project",7842,"CT1",3293,,2023,32,25.51,1084.49,,0.003,0.001,625.227,0.0592,0.508,0.1009,10521.7,"Pipeline Natural Gas",,"Combustion turbine",,"Water Injection",,,"ARP, CSNOX, CSOSG3, CSSO2G1"
"MN","Pleasant Valley Station",7843,"11",3294,,2023,434,360.26,34761.55,,0.127,0.001,25198.667,0.0591,22.456,0.1107,423720.501,"Pipeline Natural Gas","Diesel Oil","Combustion turbine",,"Dry Low NOx Burners|Water Injection",,,"ARP, CSNOX, CSSO2G2"
"MN","Pleasant Valley Station",7843,"12",3295,,2023,687,580.11,55694.55,,0.205,0.001,40665.198,0.0593,30.395,0.0948,683413.748,"Pipeline Natural Gas","Diesel Oil","Combustion turbine",,"Dry Low NOx Burners|Water Injection",,,"ARP, CSNOX, CSSO2G2"
"MN","Pleasant Valley Station",7843,"13",3296,,2023,194,162.07,13145.26,,0.051,0.001,10074.767,0.0593,6.821,0.0906,169283.86,"Pipeline Natural Gas","Diesel Oil","Combustion turbine",,"Dry Low NOx Burners|Water Injection",,,"ARP, CSNOX, CSSO2G2"
"MN","Minnesota River Station",7844,"U001",3297,,2023,213,174.2,6970.67,,0.022,0.001,4348.528,0.0593,5.497,0.1587,73185.127,"Pipeline Natural Gas","Diesel Oil","Combustion turbine",,"Dry Low NOx Burners",,,"ARP, CSNOX, CSSO2G2"
"TN","Lagoon Creek",7845,"LCC1",90421,,2023,7163,7145.9,1820641.62,,3.422,0.001,677793.781,0.0591,60.437,0.0115,11405192.622,"Pipeline Natural Gas",,"Combined cycle",,"Dry Low NOx Burners|Selective Catalytic Reduction",,,"ARP, CSNOX, CSOSG2, CSSO2G1"
"TN","Lagoon Creek",7845,"LCC2",90422,,2023,6554,6537.82,1629273.65,,3.1,0.001,614110.197,0.059,57.176,0.0119,10333597.038,"Pipeline Natural Gas",,"Combined cycle",,"Dry Low NOx Burners|Selective Catalytic Reduction",,,"ARP, CSNOX, CSOSG2, CSSO2G1"
"TN","Lagoon Creek",7845,"LCT1",3298,,2023,90,67.08,4237.18,,0.026,0.0022,3265.324,0.0596,1.03,0.0486,54803.404,"Pipeline Natural Gas","Diesel Oil","Combustion turbine",,"Dry Low NOx Burners|Water Injection",,,"ARP, CSNOX, CSOSG2, CSSO2G1"
"TN","Lagoon Creek",7845,"LCT10",3299,,2023,128,95.31,5241.14,,0.122,0.005,4209.24,0.061,1.972,0.068,69256.046,"Pipeline Natural Gas","Diesel Oil","Combustion turbine",,"Dry Low NOx Burners|Water Injection",,,"ARP, CSNOX, CSOSG2, CSSO2G1"
"TN","Lagoon Creek",7845,"LCT11",3300,,2023,112,84.82,5196.2,,0.097,0.0057,4247.266,0.061,1.56,0.0526,70288.045,"Pipeline Natural Gas","Diesel Oil","Combustion turbine",,"Dry Low NOx Burners|Water Injection",,,"ARP, CSNOX, CSOSG2, CSSO2G1"
"TN","Lagoon Creek",7845,"LCT12",3301,,2023,93,67.21,3833.4,,0.059,0.0038,3010.497,0.0603,1.196,0.0578,49973.957,"Pipeline Natural Gas","Diesel Oil","Combustion turbine",,"Dry Low NOx Burners|Water Injection",,,"ARP, CSNOX, CSOSG2, CSSO2G1"
"TN","Lagoon Creek",7845,"LCT2",3302,,2023,94,70.71,4739.63,,0.018,0.0023,3097.207,0.0596,0.882,0.0471,52084.864,"Pipeline Natural Gas","Diesel Oil","Combustion turbine",,"Dry Low NOx Burners|Water Injection",,,"ARP, CSNOX, CSOSG2, CSSO2G1"
"TN","Lagoon Creek",7845,"LCT3",3303,,2023,104,80.76,5523.2,,0.024,0.0014,4005.052,0.0592,1.226,0.0462,67336.039,"Pipeline Natural Gas","Diesel Oil","Combustion turbine",,"Dry Low NOx Burners|Water Injection",,,"ARP, CSNOX, CSOSG2, CSSO2G1"
"TN","Lagoon Creek",7845,"LCT4",3304,,2023,101,75.49,5072.86,,0.021,0.0015,3708.315,0.0593,1.141,0.0508,62357.847,"Pipeline Natural Gas","Diesel Oil","Combustion turbine",,"Dry Low NOx Burners|Water Injection",,,"ARP, CSNOX, CSOSG2, CSSO2G1"
"TN","Lagoon Creek",7845,"LCT5",3305,,2023,95,70.87,4442.76,,0.017,0.001,3390.045,0.0591,1.019,0.0473,57040.413,"Pipeline Natural Gas","Diesel Oil","Combustion turbine",,"Dry Low NOx Burners|Water Injection",,,"ARP, CSNOX, CSOSG2, CSSO2G1"
"TN","Lagoon Creek",7845,"LCT6",3306,,2023,133,102.93,6626.57,,0.026,0.001,5060.991,0.0591,1.543,0.0444,85163.062,"Pipeline Natural Gas","Diesel Oil","Combustion turbine",,"Dry Low NOx Burners|Water Injection",,,"ARP, CSNOX, CSOSG2, CSSO2G1"
"TN","Lagoon Creek",7845,"LCT7",3307,,2023,109,82.71,5354.41,,0.02,0.001,3940.287,0.0591,1.298,0.0502,66306.6,"Pipeline Natural Gas","Diesel Oil","Combustion turbine",,"Dry Low NOx Burners|Water Injection",,,"ARP, CSNOX, CSOSG2, CSSO2G1"
"TN","Lagoon Creek",7845,"LCT8",3308,,2023,121,91.34,5771.9,,0.022,0.001,4330.88,0.0591,1.385,0.0515,72870.921,"Pipeline Natural Gas","Diesel Oil","Combustion turbine",,"Dry Low NOx Burners|Water Injection",,,"ARP, CSNOX, CSOSG2, CSSO2G1"
"TN","Lagoon Creek",7845,"LCT9",3309,,2023,109,79.36,5061.47,,0.03,0.0038,3636.231,0.0603,1.219,0.0523,61013.819,"Pipeline Natural Gas","Diesel Oil","Combustion turbine",,"Dry Low NOx Burners|Water Injection",,,"ARP, CSNOX, CSOSG2, CSSO2G1"
"FL","Brandy Branch",7846,"1",3310,,2023,3494,3412.73,484786.35,,1.337,0.001,264868.972,0.059,75.613,0.0353,4455605.982,"Pipeline Natural Gas","Diesel Oil","Combustion turbine",,"Dry Low NOx Burners|Water Injection",,,"ARP"
"FL","Brandy Branch",7846,"2",3311,,2023,6887,6879.58,1330374.12,,3.951,0.001,782705.208,0.059,59.445,0.0091,13170582.263,"Pipeline Natural Gas","Diesel Oil","Combined cycle",,"Dry Low NOx Burners|Selective Catalytic Reduction|Water Injection",,,"ARP"
"FL","Brandy Branch",7846,"3",3312,,2023,7767,7759.71,1492363.84,,4.478,0.001,887083.577,0.059,67.833,0.0093,14926833.545,"Pipeline Natural Gas","Diesel Oil","Combined cycle",,"Dry Low NOx Burners|Selective Catalytic Reduction|Water Injection",,,"ARP"
"MO","Holden Power Plant",7848,"1",3316,,2023,1090,955.26,72240.56,,0.279,0.001,55320.633,0.059,12.03,0.0314,930517.959,"Pipeline Natural Gas","Diesel Oil","Combustion turbine",,"Dry Low NOx Burners|Water Injection",,,"ARP, CSNOX, CSOSG2, CSSO2G1"
"MO","Holden Power Plant",7848,"2",3317,,2023,966,846.04,64378.8,,0.25,0.001,49479.045,0.0591,9.913,0.0296,832196.375,"Pipeline Natural Gas","Diesel Oil","Combustion turbine",,"Dry Low NOx Burners|Water Injection",,,"ARP, CSNOX, CSOSG2, CSSO2G1"
"MO","Holden Power Plant",7848,"3",3318,,2023,882,768.25,58389.89,,0.225,0.001,44592.124,0.059,9.279,0.0309,750051.631,"Pipeline Natural Gas","Diesel Oil","Combustion turbine",,"Dry Low NOx Burners|Water Injection",,,"ARP, CSNOX, CSOSG2, CSSO2G1"
"WI","Elk Mound Generating Station",7863,"1",3327,,2023,531,465.64,16083.54,,0.064,0.0008,11922.3,0.0591,3.645,0.0367,202014.9,"Pipeline Natural Gas","Diesel Oil","Combustion turbine",,"Dry Low NOx Burners|Water Injection",,,"ARP, CSNOX, CSOSG3, CSSO2G1"
"WI","Elk Mound Generating Station",7863,"2",3328,,2023,638,561.41,19265.46,,0.079,0.0008,14623.5,0.0591,4.474,0.0363,247781,"Pipeline Natural Gas","Diesel Oil","Combustion turbine",,"Dry Low NOx Burners|Water Injection",,,"ARP, CSNOX, CSOSG3, CSSO2G1"
"NY","Glenwood Landing Energy Center",7869,"UGT011",3335,,2023,0,0,,,,,,,,,,"Diesel Oil",,"Combustion turbine",,,,,"RGGI, SIPNOX"
"NY","Glenwood Landing Energy Center",7869,"UGT012",10031,,2023,1972,1639.42,72492.03,,0.215,0.001,42581.914,0.0594,3.545,0.032,715433.763,"Pipeline Natural Gas","Diesel Oil","Combustion turbine",,"Water Injection|Selective Catalytic Reduction",,,"ARP, CSNOX, CSOSG3, CSSO2G1, RGGI"
"NY","Glenwood Landing Energy Center",7869,"UGT013",10032,,2023,2538,1998.61,89667.4,,0.263,0.001,52185.845,0.0593,4.403,0.0492,877854.587,"Pipeline Natural Gas","Diesel Oil","Combustion turbine",,"Water Injection|Selective Catalytic Reduction",,,"ARP, CSNOX, CSOSG3, CSSO2G1, RGGI"
"WA","Encogen Generating Station",7870,"CT1",89576,,2023,6221,6206.01,211306.15,,2.744,0.002,155177.409,0.0592,33.064,0.0256,2611172.197,"Natural Gas",,"Combined cycle",,"Selective Catalytic Reduction|Steam Injection",,,"ARP"
"WA","Encogen Generating Station",7870,"CT2",89577,,2023,6144,6130.48,209232.81,,2.737,0.002,154785.519,0.0592,34.41,0.0268,2604375.402,"Natural Gas",,"Combined cycle",,"Selective Catalytic Reduction|Steam Injection",,,"ARP"
"WA","Encogen Generating Station",7870,"CT3",89578,,2023,6169,6151.14,209766.57,,2.833,0.002,160277.245,0.0592,36.341,0.0274,2697165.555,"Natural Gas",,"Combined cycle",,"Selective Catalytic Reduction|Steam Injection",,,"ARP"
"OH","Robert P Mone",7872,"1",3336,,2023,656,554.38,66390.29,,0.379,0.0014,42981.2,0.0593,39.872,0.2186,726112.1,"Pipeline Natural Gas","Diesel Oil","Combustion turbine",,"Dry Low NOx Burners|Water Injection",,,"ARP, CSNOX, CSOSG3, CSSO2G1"
"OH","Robert P Mone",7872,"2",3337,,2023,599,499.04,58787.93,,0.221,0.0011,39224.6,0.0591,45.053,0.2487,664510.1,"Pipeline Natural Gas","Diesel Oil","Combustion turbine",,"Dry Low NOx Burners|Water Injection",,,"ARP, CSNOX, CSOSG3, CSSO2G1"
"OH","Robert P Mone",7872,"3",3338,,2023,648,539.55,63053.76,,0.248,0.0012,41136.9,0.0591,45.092,0.2494,696676.2,"Pipeline Natural Gas","Diesel Oil","Combustion turbine",,"Dry Low NOx Burners|Water Injection",,,"ARP, CSNOX, CSOSG3, CSSO2G1"
"FL","Bayside Power Station",7873,"CT1A",3339,,2023,5296,5172.54,644904.48,,2.126,0.001,421136.349,0.059,47.898,0.0163,7086392.39,"Pipeline Natural Gas",,"Combined cycle",,"Dry Low NOx Burners|Selective Catalytic Reduction",,,"ARP"
"FL","Bayside Power Station",7873,"CT1B",3340,,2023,6150,6040.91,754946.97,,2.477,0.001,490568.079,0.059,53.197,0.0146,8254751.299,"Pipeline Natural Gas",,"Combined cycle",,"Dry Low NOx Burners|Selective Catalytic Reduction",,,"ARP"
"FL","Bayside Power Station",7873,"CT1C",3341,,2023,5435,5280.52,657954.98,,2.113,0.001,418455.975,0.059,46.82,0.016,7041327.027,"Pipeline Natural Gas",,"Combined cycle",,"Dry Low NOx Burners|Selective Catalytic Reduction",,,"ARP"
"FL","Bayside Power Station",7873,"CT2A",3342,,2023,4433,4355.27,531152.54,,1.746,0.001,345897.601,0.059,36.672,0.0143,5820342.724,"Pipeline Natural Gas",,"Combined cycle",,"Dry Low NOx Burners|Selective Catalytic Reduction",,,"ARP"
"FL","Bayside Power Station",7873,"CT2B",3343,,2023,3812,3723.11,452211.22,,1.51,0.001,299052.681,0.0589,32.299,0.0148,5032154.832,"Pipeline Natural Gas",,"Combined cycle",,"Dry Low NOx Burners|Selective Catalytic Reduction",,,"ARP"
"FL","Bayside Power Station",7873,"CT2C",3344,,2023,4056,3969.24,481718.72,,1.609,0.001,318682.383,0.059,35.021,0.0155,5362410.792,"Pipeline Natural Gas",,"Combined cycle",,"Dry Low NOx Burners|Selective Catalytic Reduction",,,"ARP"
"FL","Bayside Power Station",7873,"CT2D",3345,,2023,3820,3719.39,451919.45,,1.505,0.001,298129.575,0.059,31.139,0.0163,5016570.794,"Pipeline Natural Gas",,"Combined cycle",,"Dry Low NOx Burners|Selective Catalytic Reduction",,,"ARP"
"FL","Bayside Power Station",7873,"CT3A",90399,,2023,60,39.41,900.96,,0.003,0.001,577.29,0.0593,0.495,0.1144,9717.163,"Pipeline Natural Gas",,"Combustion turbine",,"Water Injection",,,"ARP"
"FL","Bayside Power Station",7873,"CT3B",90400,,2023,70,47.34,1175.2,,0.004,0.001,737.714,0.0593,0.565,0.0991,12413.936,"Pipeline Natural Gas",,"Combustion turbine",,"Water Injection",,,"ARP"
"FL","Bayside Power Station",7873,"CT4A",90401,,2023,144,99.23,2380.79,,0.008,0.001,1506.203,0.0594,1.063,0.0943,25339.547,"Pipeline Natural Gas",,"Combustion turbine",,"Water Injection",,,"ARP"
"FL","Bayside Power Station",7873,"CT4B",90402,,2023,137,95.04,2355.41,,0.008,0.001,1493.115,0.0593,1.076,0.0952,25122.487,"Pipeline Natural Gas",,"Combustion turbine",,"Water Injection",,,"ARP"
"FL","Bayside Power Station",7873,"CT5A",90403,,2023,209,143.98,3311.71,,0.011,0.001,2161.277,0.0593,1.61,0.0964,36368.718,"Pipeline Natural Gas",,"Combustion turbine",,"Water Injection",,,"ARP"
"FL","Bayside Power Station",7873,"CT5B",90404,,2023,206,141.51,3360.9,,0.011,0.001,2181.539,0.0593,1.648,0.0969,36708.711,"Pipeline Natural Gas",,"Combustion turbine",,"Water Injection",,,"ARP"
"FL","Bayside Power Station",7873,"CT6A",90405,,2023,186,120.22,2634.65,,0.008,0.001,1682.175,0.0588,1.359,0.1077,28298.317,"Pipeline Natural Gas",,"Combustion turbine",,"Water Injection",,,"ARP"
"FL","Bayside Power Station",7873,"CT6B",90406,,2023,174,121.17,3022.85,,0.009,0.001,1854.268,0.0591,1.563,0.1058,31196.687,"Pipeline Natural Gas",,"Combustion turbine",,"Water Injection",,,"ARP"
"NE","Terry Bundy Generating Station",7887,"SVGS2",8370,,2023,2379,2023.22,67509.75,,0.199,0.0007,38858.366,0.0593,25.564,0.1084,653768.93,"Pipeline Natural Gas","Diesel Oil","Combined cycle",,"Water Injection|Selective Catalytic Reduction",,,"ARP, CSNOX, CSSO2G2"
"NE","Terry Bundy Generating Station",7887,"SVGS3",8372,,2023,0,0,,,,,,,,,,"Pipeline Natural Gas","Diesel Oil","Combined cycle",,"Water Injection|Selective Catalytic Reduction",,,"ARP, CSNOX, CSSO2G2"
"NE","Terry Bundy Generating Station",7887,"SVGS4",8374,,2023,0,0,,,,,,,,,,"Pipeline Natural Gas","Diesel Oil","Combustion turbine",,"Water Injection|Selective Catalytic Reduction",,,"ARP, CSNOX, CSSO2G2"
"AL","E B Harris Generating Plant",7897,"1A",3355,,2023,4891,4821.5,1267765.5,,2.611,0.001,517185.3,0.059,50.728,0.0193,8702612.15,"Pipeline Natural Gas",,"Combined cycle",,"Dry Low NOx Burners|Selective Catalytic Reduction",,,"ARP, CSNOX, CSOSG2, CSSO2G2"
"AL","E B Harris Generating Plant",7897,"1B",3356,,2023,5163,5083,1342267,,2.754,0.001,545616,0.059,50.082,0.0165,9181070.475,"Pipeline Natural Gas",,"Combined cycle",,"Dry Low NOx Burners|Selective Catalytic Reduction",,,"ARP, CSNOX, CSOSG2, CSSO2G2"
"AL","E B Harris Generating Plant",7897,"2A",3357,,2023,7203,7169.75,1969428.75,,4.006,0.001,793469,0.059,58.708,0.0106,13351650.4,"Pipeline Natural Gas",,"Combined cycle",,"Dry Low NOx Burners|Selective Catalytic Reduction",,,"ARP, CSNOX, CSOSG2, CSSO2G2"
"AL","E B Harris Generating Plant",7897,"2B",3358,,2023,7347,7310,2012234.75,,4.082,0.001,808618.375,0.059,60.338,0.0108,13606551.85,"Pipeline Natural Gas",,"Combined cycle",,"Dry Low NOx Burners|Selective Catalytic Reduction",,,"ARP, CSNOX, CSOSG2, CSSO2G2"
"TX","Sand Hill Energy Center",7900,"SH1",1149,,2023,2173,1898.37,80016.29,,0.235,0.001,46532.946,0.0592,5.931,0.0197,783022.41,"Pipeline Natural Gas",,"Combustion turbine",,"Water Injection|Selective Catalytic Reduction",,,"ARP, CSOSG2"
"TX","Sand Hill Energy Center",7900,"SH2",1150,,2023,2293,2000.67,85217.34,,0.246,0.001,48697.334,0.0592,6.294,0.0198,819452.184,"Pipeline Natural Gas",,"Combustion turbine",,"Water Injection|Selective Catalytic Reduction",,,"ARP, CSOSG2"
"TX","Sand Hill Energy Center",7900,"SH3",1151,,2023,2244,1954.29,84801.94,,0.239,0.001,47357.516,0.0592,6.491,0.0206,796883.661,"Pipeline Natural Gas",,"Combustion turbine",,"Water Injection|Selective Catalytic Reduction",,,"ARP, CSOSG2"
"TX","Sand Hill Energy Center",7900,"SH4",1152,,2023,2458,2150.2,89881.05,,0.263,0.001,52109.112,0.0592,6.09,0.0188,876782.227,"Pipeline Natural Gas",,"Combustion turbine",,"Water Injection|Selective Catalytic Reduction",,,"ARP, CSOSG2"
"TX","Sand Hill Energy Center",7900,"SH5",10015,,2023,6750,6734.57,1438315.3,,3.167,0.001,627260.705,0.059,61.743,0.0124,10555265.211,"Pipeline Natural Gas",,"Combined cycle",,"Dry Low NOx Burners|Selective Catalytic Reduction",,,"ARP, CSOSG2"
"TX","Sand Hill Energy Center",7900,"SH6",90519,,2023,2374,2074.64,90067.28,,0.254,0.001,50383.456,0.0592,6.853,0.0233,847845.302,"Pipeline Natural Gas",,"Combustion turbine",,"Water Injection|Selective Catalytic Reduction",,,"ARP, CSOSG2"
"TX","Sand Hill Energy Center",7900,"SH7",90520,,2023,2329,2026.1,88384.12,,0.254,0.001,50305.039,0.0592,6.789,0.0231,846504.676,"Pipeline Natural Gas",,"Combustion turbine",,"Water Injection|Selective Catalytic Reduction",,,"ARP, CSOSG2"
"TX","H W Pirkey Power Plant",7902,"1",3360,,2023,2148,2147.47,952750.53,,367.638,0.078,1015416.612,0.109,822.323,0.1794,9326877.403,"Coal",,"Dry bottom wall-fired boiler","Wet Limestone","Low NOx Burner Technology (Dry Bottom only)|Low NOx Burner Technology w/ Overfire Air","Electrostatic Precipitator|Wet Scrubber","Halogenated PAC Sorbent Injection","ARP, CSOSG2, MATS, TXSO2"
"MO","McCartney Generating Station",7903,"MGS1A",3361,,2023,1547,1322.81,22805.52,,0.079,0.001,15724.806,0.0595,16.053,0.1349,264625.539,"Pipeline Natural Gas",,"Combustion turbine",,"Water Injection",,,"ARP, CSNOX, CSOSG2, CSSO2G1"
"MO","McCartney Generating Station",7903,"MGS1B",3362,,2023,1543,1309.97,24539.39,,0.085,0.001,16815.498,0.0596,22.757,0.1656,282978.422,"Pipeline Natural Gas",,"Combustion turbine",,"Water Injection",,,"ARP, CSNOX, CSOSG2, CSSO2G1"
"MO","McCartney Generating Station",7903,"MGS2A",3363,,2023,1389,1191.71,22320.41,,0.076,0.001,15093.3,0.0595,12.941,0.1167,253982.553,"Pipeline Natural Gas",,"Combustion turbine",,"Water Injection",,,"ARP, CSNOX, CSOSG2, CSSO2G1"
"MO","McCartney Generating Station",7903,"MGS2B",3364,,2023,1461,1259.22,23909.9,,0.081,0.001,16015.104,0.0598,13.702,0.1179,269474.8,"Pipeline Natural Gas",,"Combustion turbine",,"Water Injection",,,"ARP, CSNOX, CSOSG2, CSSO2G1"
"NY","Vernon Boulevard",7909,"VB01",8380,,2023,1938,1606.68,64926.89,,0.199,0.001,39479.755,0.0592,3.406,0.0195,664327.45,"Pipeline Natural Gas",,"Combustion turbine",,"Selective Catalytic Reduction",,,"ARP, CSNOX, CSOSG3, CSSO2G1, RGGI"
"NY","Vernon Boulevard",7909,"VB02",8382,,2023,1958,1606.56,63567.36,,0.195,0.001,38618.028,0.0592,3.513,0.021,649838.069,"Pipeline Natural Gas",,"Combustion turbine",,"Selective Catalytic Reduction",,,"ARP, CSNOX, CSOSG3, CSSO2G1, RGGI"
"NY","23rd and 3rd",7910,"2301",8384,,2023,938,735.34,29623.79,,0.09,0.001,17901.578,0.0593,1.554,0.0212,301214.774,"Pipeline Natural Gas",,"Combustion turbine",,"Selective Catalytic Reduction",,,"ARP, CSNOX, CSOSG3, CSSO2G1, RGGI"
"NY","23rd and 3rd",7910,"2302",8386,,2023,915,716.89,28969.39,,0.087,0.001,17156.97,0.0592,1.452,0.0172,288714.295,"Pipeline Natural Gas",,"Combustion turbine",,"Selective Catalytic Reduction",,,"ARP, CSNOX, CSOSG3, CSSO2G1, RGGI"
"NY","Brentwood",7912,"BW01",8390,,2023,1195,890.8,38967.29,,0.116,0.001,22904.018,0.0592,1.995,0.0202,385382.236,"Pipeline Natural Gas",,"Combustion turbine",,"Selective Catalytic Reduction",,,"ARP, CSNOX, CSOSG3, CSSO2G1, RGGI"
"NY","Hell Gate",7913,"HG01",8392,,2023,1885,1536.3,61999.02,,0.191,0.001,37882.33,0.0592,2.732,0.0124,637428.313,"Pipeline Natural Gas",,"Combustion turbine",,"Selective Catalytic Reduction",,,"ARP, CSNOX, CSOSG3, CSSO2G1, RGGI"
"NY","Hell Gate",7913,"HG02",8394,,2023,1408,1148.81,46071.79,,0.146,0.001,28858.48,0.0592,2.175,0.0131,485686.635,"Pipeline Natural Gas",,"Combustion turbine",,"Selective Catalytic Reduction",,,"ARP, CSNOX, CSOSG3, CSSO2G1, RGGI"
"NY","Harlem River Yard",7914,"HR01",8396,,2023,1918,1569.66,62782.12,,0.187,0.001,37074.55,0.0592,3.063,0.0146,623843.296,"Pipeline Natural Gas",,"Combustion turbine",,"Selective Catalytic Reduction",,,"ARP, CSNOX, CSOSG3, CSSO2G1, RGGI"
"NY","Harlem River Yard",7914,"HR02",8398,,2023,1155,936.88,37785.85,,0.111,0.001,22061.463,0.0592,1.883,0.0195,371223.425,"Pipeline Natural Gas",,"Combustion turbine",,"Selective Catalytic Reduction",,,"ARP, CSNOX, CSOSG3, CSSO2G1, RGGI"
"NY","North 1st",7915,"NO1",8400,,2023,989,777.33,34991.52,,0.104,0.001,20605.69,0.0592,1.803,0.0188,346737.051,"Pipeline Natural Gas",,"Combustion turbine",,"Selective Catalytic Reduction",,,"ARP, CSNOX, CSOSG3, CSSO2G1, RGGI"
"GA","Talbot Energy Facility",7916,"1",3365,,2023,1139,1001.97,92680.7,,0.326,0.001,64629.35,0.059,16.395,0.0397,1087509.936,"Pipeline Natural Gas",,"Combustion turbine",,"Dry Low NOx Burners",,,"ARP, CSNOX, CSOSG1, CSSO2G2"
"GA","Talbot Energy Facility",7916,"2",3366,,2023,1093,967.99,90418.36,,0.32,0.001,63479.372,0.059,16.184,0.0389,1068169.134,"Pipeline Natural Gas",,"Combustion turbine",,"Dry Low NOx Burners",,,"ARP, CSNOX, CSOSG1, CSSO2G2"
"GA","Talbot Energy Facility",7916,"3",3367,,2023,1058,935.86,84907.09,,0.301,0.001,59654.699,0.059,15.517,0.0399,1003769.062,"Pipeline Natural Gas",,"Combustion turbine",,"Dry Low NOx Burners",,,"ARP, CSNOX, CSOSG1, CSSO2G2"
"GA","Talbot Energy Facility",7916,"4",3368,,2023,1014,896.53,83370.21,,0.289,0.001,57175.615,0.059,14.921,0.0393,962063.688,"Pipeline Natural Gas",,"Combustion turbine",,"Dry Low NOx Burners",,,"ARP, CSNOX, CSOSG1, CSSO2G2"
"GA","Talbot Energy Facility",7916,"5",3369,,2023,1066,946.09,89199.68,,0.34,0.001,62313.317,0.0592,16.432,0.0402,1045064.761,"Pipeline Natural Gas","Diesel Oil","Combustion turbine",,"Dry Low NOx Burners",,,"ARP, CSNOX, CSOSG1, CSSO2G2"
"GA","Talbot Energy Facility",7916,"6",3370,,2023,1039,920.57,83538.15,,0.305,0.001,59567.367,0.0591,14.824,0.0375,1001722.667,"Pipeline Natural Gas","Diesel Oil","Combustion turbine",,"Dry Low NOx Burners",,,"ARP, CSNOX, CSOSG1, CSSO2G2"
"GA","Chattahoochee Energy Facility",7917,"8A",3371,,2023,7868,7856.79,1819539.76,,3.663,0.001,725586.56,0.059,57.171,0.0096,12209388.708,"Pipeline Natural Gas",,"Combined cycle",,"Selective Catalytic Reduction",,,"ARP, CSNOX, CSOSG1, CSSO2G2"
"GA","Chattahoochee Energy Facility",7917,"8B",3372,,2023,7749,7734.66,1791675.88,,3.623,0.001,717741.283,0.059,55.606,0.0094,12077409.034,"Pipeline Natural Gas",,"Combined cycle",,"Selective Catalytic Reduction",,,"ARP, CSNOX, CSOSG1, CSSO2G2"
"MN","Lakefield Junction Generating",7925,"CT01",3985,,2023,390,326.02,17850.66,,0.079,0.001,15617.652,0.0591,3.823,0.0374,262692.716,"Pipeline Natural Gas","Diesel Oil","Combustion turbine",,"Dry Low NOx Burners|Water Injection",,,"ARP, CSNOX, CSSO2G2"
"MN","Lakefield Junction Generating",7925,"CT02",3986,,2023,366,303.56,16630.51,,0.073,0.001,14484.013,0.0591,3.57,0.0382,243599.933,"Pipeline Natural Gas","Diesel Oil","Combustion turbine",,"Dry Low NOx Burners|Water Injection",,,"ARP, CSNOX, CSSO2G2"
"MN","Lakefield Junction Generating",7925,"CT03",3987,,2023,285,237.74,13242.82,,0.058,0.001,11526.861,0.0592,2.996,0.0385,193849.295,"Pipeline Natural Gas","Diesel Oil","Combustion turbine",,"Dry Low NOx Burners|Water Injection",,,"ARP, CSNOX, CSSO2G2"
"MN","Lakefield Junction Generating",7925,"CT04",3988,,2023,255,209.25,11150.11,,0.05,0.001,9896.894,0.0592,2.664,0.0414,166445.811,"Pipeline Natural Gas","Diesel Oil","Combustion turbine",,"Dry Low NOx Burners|Water Injection",,,"ARP, CSNOX, CSSO2G2"
"MN","Lakefield Junction Generating",7925,"CT05",3989,,2023,245,200.09,10976.22,,0.048,0.001,9558.262,0.0592,2.469,0.0393,160737.695,"Pipeline Natural Gas","Diesel Oil","Combustion turbine",,"Dry Low NOx Burners|Water Injection",,,"ARP, CSNOX, CSSO2G2"
"MN","Lakefield Junction Generating",7925,"CT06",3990,,2023,188,150.62,8183.21,,0.036,0.001,7195.331,0.0593,1.782,0.037,120949.711,"Pipeline Natural Gas","Diesel Oil","Combustion turbine",,"Dry Low NOx Burners|Water Injection",,,"ARP, CSNOX, CSSO2G2"
"KS","Osawatomie Generating Station",7928,"1",3383,,2023,909,807.85,44044.71,,0.146,0.001,28986.955,0.0592,6.057,0.0248,487771.158,"Pipeline Natural Gas",,"Combustion turbine",,,,,"ARP, CSNOX, CSOSG2, CSSO2G2"
"KS","West Gardner Generating Station",7929,"1",3391,,2023,1203,1078.97,60330.73,,0.217,0.001,42934.519,0.0593,10.866,0.0298,722455.023,"Pipeline Natural Gas",,"Combustion turbine",,"Other",,,"ARP, CSNOX, CSOSG2, CSSO2G2"
"KS","West Gardner Generating Station",7929,"2",3392,,2023,1417,1286.2,71568.36,,0.26,0.001,51452.931,0.0594,13.78,0.0317,865775.719,"Pipeline Natural Gas",,"Combustion turbine",,"Other",,,"ARP, CSNOX, CSOSG2, CSSO2G2"
"KS","West Gardner Generating Station",7929,"3",3393,,2023,1286,1171.18,68718.72,,0.241,0.001,47706.884,0.059,11.852,0.0291,802747.174,"Pipeline Natural Gas",,"Combustion turbine",,"Other",,,"ARP, CSNOX, CSOSG2, CSSO2G2"
"KS","West Gardner Generating Station",7929,"4",3394,,2023,1204,1089.82,61276.09,,0.218,0.001,43131.575,0.0593,11.097,0.0305,725787.306,"Pipeline Natural Gas",,"Combustion turbine",,"Other",,,"ARP, CSNOX, CSOSG2, CSSO2G2"
"GA","Wansley (7946)",7946,"CT9A",8402,,2023,6435,6305.09,984847.21,,3.11,0.001,615959.955,0.059,63.091,0.015,10364719.908,"Pipeline Natural Gas",,"Combined cycle",,"Dry Low NOx Burners|Selective Catalytic Reduction",,,"ARP, CSNOX, CSOSG1, CSSO2G2"
"GA","Wansley (7946)",7946,"CT9B",8404,,2023,6540,6398.69,1013712.64,,3.28,0.001,649813.047,0.059,67.007,0.0151,10934296.619,"Pipeline Natural Gas",,"Combined cycle",,"Dry Low NOx Burners|Selective Catalytic Reduction",,,"ARP, CSNOX, CSOSG1, CSSO2G2"
"MN","Solway Plant",7947,"1",8406,,2023,4800,4304.46,166462.41,,0.491,0.001,97134.138,0.0593,125.428,0.1595,1634282.606,"Pipeline Natural Gas","Diesel Oil","Combustion turbine",,"Water Injection",,,"ARP, CSNOX, CSSO2G2"
"IN","Hoosier Energy Lawrence Co Station",7948,"1",8410,,2023,434,371.01,9258.59,,0.031,0.001,6099.699,0.0593,4.474,0.0871,102644.161,"Pipeline Natural Gas",,"Combustion turbine",,"Water Injection",,,"ARP, CSNOX, CSOSG3, CSSO2G1"
"IN","Hoosier Energy Lawrence Co Station",7948,"2",8412,,2023,393,337.02,8388.5,,0.027,0.001,5309.798,0.0593,3.515,0.0782,89345.041,"Pipeline Natural Gas",,"Combustion turbine",,"Water Injection",,,"ARP, CSNOX, CSOSG3, CSSO2G1"
"IN","Hoosier Energy Lawrence Co Station",7948,"3",8414,,2023,6,1.89,33.25,,0,0.001,24.815,0.0593,0.019,0.0925,418.049,"Pipeline Natural Gas",,"Combustion turbine",,"Water Injection",,,"ARP, CSNOX, CSOSG3, CSSO2G1"
"IN","Hoosier Energy Lawrence Co Station",7948,"4",8416,,2023,368,314.41,7849.03,,0.026,0.001,5236.639,0.0593,3.974,0.0916,88121.458,"Pipeline Natural Gas",,"Combustion turbine",,"Water Injection",,,"ARP, CSNOX, CSOSG3, CSSO2G1"
"IN","Hoosier Energy Lawrence Co Station",7948,"5",88290,,2023,413,354.87,8879.8,,0.028,0.001,5602.11,0.0593,4.054,0.0859,94264.84,"Pipeline Natural Gas",,"Combustion turbine",,"Water Injection",,,"ARP, CSNOX, CSOSG3, CSSO2G1"
"IN","Hoosier Energy Lawrence Co Station",7948,"6",88291,,2023,428,364.94,8934.87,,0.031,0.001,6172.942,0.0593,4.506,0.0857,103860.498,"Pipeline Natural Gas",,"Combustion turbine",,"Water Injection",,,"ARP, CSNOX, CSOSG3, CSSO2G1"
"ID","Evander Andrews Power Complex",7953,"CT1",90108,,2023,3418,3314.32,492905.84,,1.563,0.001,309676.15,0.059,92.524,0.0398,5210851.034,"Pipeline Natural Gas",,"Combustion turbine",,"Dry Low NOx Burners",,,"ARP"
"ID","Evander Andrews Power Complex",7953,"CT2",8422,,2023,1033,956.43,39704.15,,0.137,0.001,27224.89,0.0592,18.665,0.0881,458120.998,"Pipeline Natural Gas",,"Combustion turbine",,"Dry Low NOx Burners",,,"ARP"
"ID","Evander Andrews Power Complex",7953,"CT3",8424,,2023,1073,984.16,38722.78,,0.14,0.001,27810.129,0.0591,22.7,0.1028,467960.18,"Pipeline Natural Gas",,"Combustion turbine",,"Dry Low NOx Burners",,,"ARP"
"MS","Kemper County",7960,"KCT1",3379,,2023,231,201.71,12850.84,,0.193,0.0024,9790.247,0.0597,2.525,0.0375,162507.371,"Pipeline Natural Gas","Diesel Oil","Combustion turbine",,"Dry Low NOx Burners|Water Injection",,,"ARP, CSOSG2"
"MS","Kemper County",7960,"KCT2",3380,,2023,286,248.01,16319.84,,0.061,0.001,12055.987,0.0591,2.769,0.0323,202859.966,"Pipeline Natural Gas","Diesel Oil","Combustion turbine",,"Dry Low NOx Burners|Water Injection",,,"ARP, CSOSG2"
"MS","Kemper County",7960,"KCT3",3381,,2023,286,246.25,16266.77,,0.061,0.001,12105.438,0.0591,2.976,0.0333,203701.565,"Pipeline Natural Gas","Diesel Oil","Combustion turbine",,"Dry Low NOx Burners|Water Injection",,,"ARP, CSOSG2"
"MS","Kemper County",7960,"KCT4",3382,,2023,276,239.71,15863.49,,0.059,0.001,11754.908,0.0591,2.723,0.0317,197817.376,"Pipeline Natural Gas","Diesel Oil","Combustion turbine",,"Dry Low NOx Burners|Water Injection",,,"ARP, CSOSG2"
"DE","Warren F. Sam Beasley Pwr Station",7962,"1",8426,,2023,221,176.1,7494.83,,0.024,0.001,4648.253,0.0609,0.517,0.0144,76055.167,"Pipeline Natural Gas",,"Combustion turbine",,"Water Injection|Selective Catalytic Reduction",,,"ARP, RGGI, SIPNOX"
"DE","Warren F. Sam Beasley Pwr Station",7962,"2",90703,,2023,331,277.6,12755.69,,0.038,0.001,7513.533,0.0602,0.624,0.0162,124267.983,"Pipeline Natural Gas","Diesel Oil","Combustion turbine",,"Water Injection|Selective Catalytic Reduction",,,"ARP, RGGI, SIPNOX"
"MO","Peno Creek Energy Center",7964,"CT1A",9048,,2023,835,753.2,15127.41,,0.051,0.0006,9835.296,0.0597,6.995,0.09,165214.849,"Pipeline Natural Gas","Diesel Oil","Combustion turbine",,"Water Injection",,,"ARP, CSNOX, CSOSG2, CSSO2G1"
"MO","Peno Creek Energy Center",7964,"CT1B",9049,,2023,835,752.14,14319.81,,0.05,0.0004,10474.564,0.0595,7.383,0.0884,176059.342,"Pipeline Natural Gas","Diesel Oil","Combustion turbine",,"Water Injection",,,"ARP, CSNOX, CSOSG2, CSSO2G1"
"MO","Peno Creek Energy Center",7964,"CT2A",9050,,2023,978,887.43,18242.5,,0.068,0.0007,11171.757,0.0597,7.794,0.0861,187502.95,"Pipeline Natural Gas","Diesel Oil","Combustion turbine",,"Water Injection",,,"ARP, CSNOX, CSOSG2, CSSO2G1"
"MO","Peno Creek Energy Center",7964,"CT2B",9051,,2023,984,884.39,16599.6,,0.071,0.0008,12495.166,0.0597,8.383,0.0847,209831.048,"Pipeline Natural Gas","Diesel Oil","Combustion turbine",,"Water Injection",,,"ARP, CSNOX, CSOSG2, CSSO2G1"
"MO","Peno Creek Energy Center",7964,"CT3A",9052,,2023,911,814.24,16319.29,,0.062,0.0007,10648.047,0.0597,7.55,0.0901,178734.131,"Pipeline Natural Gas","Diesel Oil","Combustion turbine",,"Water Injection",,,"ARP, CSNOX, CSOSG2, CSSO2G1"
"MO","Peno Creek Energy Center",7964,"CT3B",9053,,2023,910,817.67,15465.85,,0.047,0.0003,11375.761,0.0596,7.945,0.0877,190978.524,"Pipeline Natural Gas","Diesel Oil","Combustion turbine",,"Water Injection",,,"ARP, CSNOX, CSOSG2, CSSO2G1"
"MO","Peno Creek Energy Center",7964,"CT4A",9054,,2023,980,925.69,19490.58,,0.071,0.0006,13207.256,0.0595,9.243,0.0862,222050.011,"Pipeline Natural Gas","Diesel Oil","Combustion turbine",,"Water Injection",,,"ARP, CSNOX, CSOSG2, CSSO2G1"
"MO","Peno Creek Energy Center",7964,"CT4B",9055,,2023,1074,1013.3,24033.89,,0.083,0.0007,14530.858,0.0595,10.26,0.087,244209.343,"Pipeline Natural Gas","Diesel Oil","Combustion turbine",,"Water Injection",,,"ARP, CSNOX, CSOSG2, CSSO2G1"
"NM","Lordsburg Generating Station",7967,"1",9190,,2023,1527,1395.24,42868.97,,0.145,0.001,28695.62,0.0593,18.673,0.0916,482821.96,"Pipeline Natural Gas",,"Combustion turbine",,"Water Injection",,,"ARP"
"NM","Lordsburg Generating Station",7967,"2",9191,,2023,2182,1982.15,69409.63,,0.209,0.001,41438.792,0.0593,28.923,0.0974,697299.84,"Pipeline Natural Gas",,"Combustion turbine",,"Water Injection",,,"ARP"
"MI","Sumpter Plant",7972,"1",9882,,2023,530,481.41,29070.82,,0.112,0.001,22103.722,0.0592,5.519,0.0324,371927.413,"Pipeline Natural Gas",,"Combustion turbine",,"Dry Low NOx Burners",,,"ARP, CSNOX, CSOSG3, CSSO2G1"
"MI","Sumpter Plant",7972,"2",9883,,2023,582,528.74,32022.26,,0.123,0.001,24365.616,0.059,4.992,0.0277,410001.396,"Pipeline Natural Gas",,"Combustion turbine",,"Dry Low NOx Burners",,,"ARP, CSNOX, CSOSG3, CSSO2G1"
"MI","Sumpter Plant",7972,"3",9884,,2023,510,461.8,27495.41,,0.106,0.001,20968.097,0.0592,6.842,0.0423,352822.668,"Pipeline Natural Gas",,"Combustion turbine",,"Dry Low NOx Burners",,,"ARP, CSNOX, CSOSG3, CSSO2G1"
"MI","Sumpter Plant",7972,"4",9885,,2023,450,411.87,24335.4,,0.094,0.001,18540.793,0.0591,4.694,0.0334,311986.383,"Pipeline Natural Gas",,"Combustion turbine",,"Dry Low NOx Burners",,,"ARP, CSNOX, CSOSG3, CSSO2G1"
"NM","Pyramid Generating Station",7975,"1",9287,,2023,1813,1676.96,55275.59,,0.171,0.001,33839.824,0.0594,35.413,0.1388,569088.123,"Pipeline Natural Gas","Diesel Oil","Combustion turbine",,"Water Injection",,,"ARP"
"NM","Pyramid Generating Station",7975,"2",9288,,2023,2062,1898.16,61905.22,,0.189,0.001,37171.046,0.0594,38.64,0.1367,625032.473,"Pipeline Natural Gas","Diesel Oil","Combustion turbine",,"Water Injection",,,"ARP"
"NM","Pyramid Generating Station",7975,"3",9289,,2023,2679,2484.69,82380.97,,0.253,0.001,50022.13,0.0593,54.976,0.1457,841569.891,"Pipeline Natural Gas","Diesel Oil","Combustion turbine",,"Water Injection",,,"ARP"
"NM","Pyramid Generating Station",7975,"4",9290,,2023,3003,2742.47,91908.07,,0.268,0.001,52934.486,0.0594,53.302,0.1326,890520.938,"Pipeline Natural Gas","Diesel Oil","Combustion turbine",,"Water Injection",,,"ARP"
"SC","Mill Creek Combustion Turbine Station",7981,"1",9192,,2023,105,75.95,4563.07,,0.015,0.0003,3477.576,0.0598,1.203,0.04,57225.959,"Natural Gas","Diesel Oil","Combustion turbine",,"Dry Low NOx Burners|Water Injection",,,"ARP, CSNOX, CSSO2G2, SIPNOX"
"SC","Mill Creek Combustion Turbine Station",7981,"2",9193,,2023,91,68.35,4097.91,,0.013,0.0003,3127.55,0.0596,1.064,0.0394,51396.76,"Natural Gas","Diesel Oil","Combustion turbine",,"Dry Low NOx Burners|Water Injection",,,"ARP, CSNOX, CSSO2G2, SIPNOX"
"SC","Mill Creek Combustion Turbine Station",7981,"3",9194,,2023,104,75.06,4679.31,,0.016,0.0004,3509.173,0.0604,1.203,0.0406,57878.483,"Natural Gas","Diesel Oil","Combustion turbine",,"Dry Low NOx Burners|Water Injection",,,"ARP, CSNOX, CSSO2G2, SIPNOX"
"SC","Mill Creek Combustion Turbine Station",7981,"4",9195,,2023,99,72.93,4479.52,,0.015,0.0004,3418.754,0.0605,1.048,0.0375,56287.91,"Natural Gas","Diesel Oil","Combustion turbine",,"Dry Low NOx Burners|Water Injection",,,"ARP, CSNOX, CSSO2G2, SIPNOX"
"SC","Mill Creek Combustion Turbine Station",7981,"5",9196,,2023,159,117.84,7031.92,,0.021,0.0002,5414.567,0.0601,1.573,0.0345,89764.325,"Natural Gas","Diesel Oil","Combustion turbine",,"Dry Low NOx Burners|Water Injection",,,"ARP, CSNOX, CSSO2G2, SIPNOX"
"SC","Mill Creek Combustion Turbine Station",7981,"6",9197,,2023,159,117.2,7098.74,,0.021,0.0002,5473.076,0.0597,1.551,0.0334,91255.771,"Natural Gas","Diesel Oil","Combustion turbine",,"Dry Low NOx Burners|Water Injection",,,"ARP, CSNOX, CSSO2G2, SIPNOX"
"SC","Mill Creek Combustion Turbine Station",7981,"7",9198,,2023,126,88.61,5316.46,,0.015,0.0002,4037.301,0.0602,1.143,0.037,67123.755,"Natural Gas","Diesel Oil","Combustion turbine",,"Dry Low NOx Burners|Water Injection",,,"ARP, CSNOX, CSSO2G2, SIPNOX"
"SC","Mill Creek Combustion Turbine Station",7981,"8",9199,,2023,114,83,4972.28,,0.015,0.0002,3936.68,0.06,0.933,0.0272,65023.431,"Natural Gas","Diesel Oil","Combustion turbine",,"Dry Low NOx Burners|Water Injection",,,"ARP, CSNOX, CSSO2G2, SIPNOX"
"MI","Kalkaska CT Project #1",7984,"1A",9291,,2023,1360,1197.21,29300.83,,0.091,0.001,17961.336,0.0593,13.128,0.0868,302234.532,"Pipeline Natural Gas",,"Combustion turbine",,"Water Injection|Other",,,"ARP, CSNOX, CSOSG3, CSSO2G1"
"MI","Kalkaska CT Project #1",7984,"1B",9292,,2023,1292,1091.7,26589.49,,0.088,0.001,17343.714,0.0593,12.448,0.0853,291845.068,"Pipeline Natural Gas",,"Combustion turbine",,"Water Injection|Other",,,"ARP, CSNOX, CSOSG3, CSSO2G1"
"IA","Greater Des Moines Energy Center",7985,"1",9886,,2023,4825,4732.53,722753.91,,2.37,0.001,469375.533,0.059,35.736,0.0123,7898123.147,"Pipeline Natural Gas",,"Combined cycle",,"Selective Catalytic Reduction|Dry Low NOx Burners",,,"ARP, CSNOX, CSOSG2, CSSO2G1"
"IA","Greater Des Moines Energy Center",7985,"2",9887,,2023,4586,4489.68,689875.14,,2.292,0.001,453949.41,0.059,34.995,0.0129,7638608.406,"Pipeline Natural Gas",,"Combined cycle",,"Selective Catalytic Reduction|Dry Low NOx Burners",,,"ARP, CSNOX, CSOSG2, CSSO2G1"
"CA","Lake",7987,"01",9888,,2023,333,271.9,10202.95,,0.031,0.0008,5941.543,0.0593,1.006,0.0211,99977.799,"Pipeline Natural Gas",,"Combustion turbine",,"Water Injection|Selective Catalytic Reduction",,,"ARP"
"MS","Silver Creek Generating Plant",7988,"1",88205,,2023,1108,996.25,70091.31,,0.237,0.001,47007.72,0.059,9.925,0.0309,790995.687,"Pipeline Natural Gas",,"Combustion turbine",,"Dry Low NOx Burners",,,"ARP, CSOSG2"
"MS","Silver Creek Generating Plant",7988,"2",88206,,2023,1040,936.62,66028.98,,0.221,0.001,43778.058,0.059,9.053,0.0296,736621.511,"Pipeline Natural Gas",,"Combustion turbine",,"Dry Low NOx Burners",,,"ARP, CSOSG2"
"MS","Silver Creek Generating Plant",7988,"3",88207,,2023,1234,1104.09,76911.82,,0.275,0.001,54408.246,0.059,14.227,0.0386,915529.928,"Pipeline Natural Gas",,"Combustion turbine",,"Dry Low NOx Burners",,,"ARP, CSOSG2"
"MS","Sylvarena Generating Plant",7989,"1",88208,,2023,3118,2677.46,112771.67,,0.326,0.001,64629.525,0.0592,47.342,0.0995,1087499.574,"Pipeline Natural Gas",,"Combustion turbine",,"Water Injection",,,"ARP, CSOSG2"
"MS","Sylvarena Generating Plant",7989,"2",88209,,2023,2628,2238.93,92102.58,,0.266,0.001,52663.822,0.0592,37.292,0.0963,886155.783,"Pipeline Natural Gas",,"Combustion turbine",,"Water Injection",,,"ARP, CSOSG2"
"MS","Sylvarena Generating Plant",7989,"3",88210,,2023,2322,1989.22,85307.84,,0.249,0.001,49240.675,0.0592,36.811,0.1004,828557.7,"Pipeline Natural Gas",,"Combustion turbine",,"Water Injection",,,"ARP, CSOSG2"
"WI","West Campus Cogeneration Facility",7991,"U1",10043,,2023,4238,3986.92,186254.14,,0.835,0.001,97469.82,0.0592,8.554,0.017,1640116.679,"Natural Gas","Diesel Oil","Combined cycle",,"Water Injection|Selective Catalytic Reduction",,,"ARP, CSNOX, CSOSG3, CSSO2G1"
"WI","West Campus Cogeneration Facility",7991,"U2",10044,,2023,5808,5572.54,244599.21,,1.169,0.001,137647.637,0.0592,10.418,0.0131,2316175.348,"Natural Gas","Diesel Oil","Combined cycle",,"Water Injection|Selective Catalytic Reduction",,,"CSNOX, CSOSG3, CSSO2G1"
"WA","Grays Harbor Energy Center",7999,"1",89846,,2023,6565,6527.81,1809534.23,,4.965,0.0009,754995.719,0.059,45.035,0.0091,12704240.651,"Natural Gas",,"Combined cycle",,"Dry Low NOx Burners|Selective Catalytic Reduction",,,"ARP"
"WA","Grays Harbor Energy Center",7999,"2",89847,,2023,6836,6813.22,1890311.47,,5.284,0.0008,784152.307,0.059,44.932,0.0079,13194906.013,"Natural Gas",,"Combined cycle",,"Dry Low NOx Burners|Selective Catalytic Reduction",,,"ARP"
"NE","Beatrice",8000,"1",88088,,2023,3411,3174.03,299286.14,,0.776,0.001,153677.567,0.0591,17.026,0.0205,2585980.761,"Pipeline Natural Gas",,"Combined cycle",,"Dry Low NOx Burners|Selective Catalytic Reduction",,,"ARP, CSNOX, CSSO2G2"
"NE","Beatrice",8000,"2",88089,,2023,3438,3209.7,296832.35,,0.775,0.001,153518.522,0.0591,18.038,0.0225,2583327.121,"Pipeline Natural Gas",,"Combined cycle",,"Dry Low NOx Burners|Selective Catalytic Reduction",,,"ARP, CSNOX, CSSO2G2"
"NH","Newington",8002,"1",3399,,2023,367,347.53,55088.25,,98.313,0.1905,51438.771,0.0663,74.228,0.1218,726233.974,"Residual Oil","Pipeline Natural Gas","Tangentially-fired",,"Low NOx Burner Technology w/ Separated OFA|Water Injection","Electrostatic Precipitator",,"ARP, MATS, NHNOX, RGGI"
"NY","Roseton Generating LLC",8006,"1",3400,,2023,459,429.32,83196.02,,57.781,0.0741,54544.258,0.062,63.319,0.1066,841225.188,"Pipeline Natural Gas","Residual Oil","Tangentially-fired",,"Other","Cyclone",,"ARP, CSNOX, CSOSG3, CSSO2G1, MATS, RGGI"
"NY","Roseton Generating LLC",8006,"2",3401,,2023,715,693.5,124615.67,,48.715,0.0348,79230.18,0.0604,76.923,0.0929,1269080.892,"Pipeline Natural Gas","Residual Oil","Tangentially-fired",,"Other","Cyclone",,"ARP, CSNOX, CSOSG3, CSSO2G1, MATS, RGGI"
"NY","Holtsville Facility",8007,"U00001",3402,"CP001",2023,87,87,1641,,0.007,0.0007,1486.1,0.0811,4.038,0.4555,18351,"Diesel Oil",,"Combustion turbine",,"Water Injection",,,"CSNOX, CSOSG3, CSSO2G1, RGGI"
"NY","Holtsville Facility",8007,"U00002",3403,"CP001",2023,86,86,1619,,0.007,0.0008,1468.9,0.0811,3.989,0.4557,18138.2,"Diesel Oil",,"Combustion turbine",,"Water Injection",,,"CSNOX, CSOSG3, CSSO2G1, RGGI"
"NY","Holtsville Facility",8007,"U00003",3404,"CP001",2023,62,62,1143,,0.004,0.0006,1008,0.081,3.211,0.5117,12448.9,"Diesel Oil",,"Combustion turbine",,"Water Injection",,,"CSNOX, CSOSG3, CSSO2G1, RGGI"
"NY","Holtsville Facility",8007,"U00004",3405,"CP001",2023,62,62,1143,,0.004,0.0006,1008,0.081,3.195,0.4994,12448.9,"Diesel Oil",,"Combustion turbine",,"Water Injection",,,"CSNOX, CSOSG3, CSSO2G1, RGGI"
"NY","Holtsville Facility",8007,"U00005",3406,"CP001",2023,62,62,1176,,0.004,0.0006,1063.5,0.0809,3.098,0.4882,13131.8,"Diesel Oil",,"Combustion turbine",,"Water Injection",,,"CSNOX, CSOSG3, CSSO2G1, RGGI"
"NY","Holtsville Facility",8007,"U00006",3407,"CP001",2023,62,62,1176,,0.004,0.0006,1063.5,0.0809,2.838,0.463,13131.8,"Diesel Oil",,"Combustion turbine",,"Water Injection",,,"CSNOX, CSOSG3, CSSO2G1, RGGI"
"NY","Holtsville Facility",8007,"U00007",3408,"CP001",2023,51,51,1058,,0.004,0.0009,927.9,0.081,2.983,0.5277,11461.7,"Diesel Oil",,"Combustion turbine",,"Water Injection",,,"CSNOX, CSOSG3, CSSO2G1, RGGI"
"NY","Holtsville Facility",8007,"U00008",3409,"CP001",2023,51,51,1058,,0.004,0.0009,927.9,0.081,2.968,0.5128,11461.7,"Diesel Oil",,"Combustion turbine",,"Water Injection",,,"CSNOX, CSOSG3, CSSO2G1, RGGI"
"NY","Holtsville Facility",8007,"U00009",3410,"CP001",2023,80,80,1586,,0.006,0.0007,1312.9,0.0811,3.613,0.4453,16212.3,"Diesel Oil",,"Combustion turbine",,"Water Injection",,,"CSNOX, CSOSG3, CSSO2G1, RGGI"
"NY","Holtsville Facility",8007,"U00010",3411,"CP001",2023,78,78,1559,,0.006,0.0007,1288.8,0.0811,3.556,0.4468,15915.6,"Diesel Oil",,"Combustion turbine",,"Water Injection",,,"CSNOX, CSOSG3, CSSO2G1, RGGI"
"NY","Holtsville Facility",8007,"U00011",3412,"CP001",2023,101,101,2009,,0.006,0.0004,1657.2,0.081,4.574,0.4606,20451.4,"Diesel Oil",,"Combustion turbine",,"Water Injection",,,"CSNOX, CSOSG3, CSSO2G1, RGGI"
"NY","Holtsville Facility",8007,"U00012",3413,"CP001",2023,133,133,2297,,0.007,0.0004,1982.5,0.0809,5.317,0.4945,24467.5,"Diesel Oil",,"Combustion turbine",,"Water Injection",,,"CSNOX, CSOSG3, CSSO2G1, RGGI"
"NY","Holtsville Facility",8007,"U00013",3414,"CP001",2023,42,42,699,,0.002,0.0003,609.6,0.0808,1.994,0.5587,7523.1,"Diesel Oil",,"Combustion turbine",,"Water Injection",,,"CSNOX, CSOSG3, CSSO2G1, RGGI"
"NY","Holtsville Facility",8007,"U00014",3415,"CP001",2023,42,42,699,,0.002,0.0003,609.6,0.0808,2.161,0.6011,7523.1,"Diesel Oil",,"Combustion turbine",,"Water Injection",,,"CSNOX, CSOSG3, CSSO2G1, RGGI"
"NY","Holtsville Facility",8007,"U00015",3416,"CP001",2023,47,47,688,,0.003,0.0005,640.5,0.0808,1.98,0.5402,7912.1,"Diesel Oil",,"Combustion turbine",,"Dry Low NOx Burners",,,"CSNOX, CSOSG3, CSSO2G1, RGGI"
"NY","Holtsville Facility",8007,"U00016",3417,"CP001",2023,27,27,491,,0.002,0.0005,419.6,0.0811,1.137,0.505,5183.1,"Diesel Oil",,"Combustion turbine",,"Water Injection",,,"CSNOX, CSOSG3, CSSO2G1, RGGI"
"NY","Holtsville Facility",8007,"U00017",3418,"CP001",2023,84,84,1671,,0.007,0.0008,1423.3,0.0809,4.881,0.5742,17569.2,"Diesel Oil",,"Combustion turbine",,"Dry Low NOx Burners",,,"CSNOX, CSOSG3, CSSO2G1, RGGI"
"NY","Holtsville Facility",8007,"U00018",3419,"CP001",2023,83,83,1670,,0.007,0.0008,1422.2,0.0809,4.873,0.5666,17555.3,"Diesel Oil",,"Combustion turbine",,"Water Injection",,,"CSNOX, CSOSG3, CSSO2G1, RGGI"
"NY","Holtsville Facility",8007,"U00019",3420,"CP001",2023,49,49,894,,0.004,0.0008,764.8,0.0808,2.782,0.5837,9449.6,"Diesel Oil",,"Combustion turbine",,"Water Injection",,,"CSNOX, CSOSG3, CSSO2G1, RGGI"
"NY","Holtsville Facility",8007,"U00020",3421,"CP001",2023,49,49,894,,0.004,0.0008,764.8,0.0808,2.929,0.5967,9449.6,"Diesel Oil",,"Combustion turbine",,"Water Injection",,,"CSNOX, CSOSG3, CSSO2G1, RGGI"
"NJ","Mickleton Energy Center",8008,"001001",3422,,2023,60,47.96,1951.2,,0.011,0.0009,2122.8,0.059,2.699,0.1495,35982.5,"Pipeline Natural Gas",,"Combustion turbine",,"Water Injection|Selective Catalytic Reduction",,,"CSNOX, CSOSG3, CSSO2G1, RGGI"
"PA","Croydon Generating Station",8012,"11",3423,,2023,6,2.86,88.19,,0.134,0.2024,107.7,0.0806,0.386,0.5804,1329.9,"Diesel Oil",,"Combustion turbine",,,,,"CSNOX, CSOSG3, CSSO2G1, RGGI"
"PA","Croydon Generating Station",8012,"12",3424,,2023,12,4.39,100.01,,0.167,0.2024,134.2,0.081,0.481,0.5797,1656.9,"Diesel Oil",,"Combustion turbine",,,,,"CSNOX, CSOSG3, CSSO2G1, RGGI"
"PA","Croydon Generating Station",8012,"21",3425,,2023,7,2.4,77.5,,0.118,0.2022,94.3,0.0802,0.338,0.5814,1165,"Diesel Oil",,"Combustion turbine",,,,,"CSNOX, CSOSG3, CSSO2G1, RGGI"
"PA","Croydon Generating Station",8012,"22",3426,,2023,5,2.25,81.66,,0.123,0.202,98.7,0.0813,0.354,0.5803,1219,"Diesel Oil",,"Combustion turbine",,,,,"CSNOX, CSOSG3, CSSO2G1, RGGI"
"PA","Croydon Generating Station",8012,"31",3427,,2023,5,2.45,80.6,,0.143,0.2023,114.6,0.0808,0.41,0.58,1413.6,"Diesel Oil",,"Combustion turbine",,,,,"CSNOX, CSOSG3, CSSO2G1, RGGI"
"PA","Croydon Generating Station",8012,"32",3428,,2023,5,2.52,79.22,,0.124,0.2025,99.4,0.0805,0.356,0.5798,1227,"Diesel Oil",,"Combustion turbine",,,,,"CSNOX, CSOSG3, CSSO2G1, RGGI"
"PA","Croydon Generating Station",8012,"41",3429,,2023,8,2.5,72.6,,0.131,0.2018,104.8,0.081,0.375,0.58,1294,"Diesel Oil",,"Combustion turbine",,,,,"CSNOX, CSOSG3, CSSO2G1, RGGI"
"PA","Croydon Generating Station",8012,"42",3430,,2023,6,2.31,80.13,,0.123,0.2024,98.3,0.0808,0.352,0.5796,1213,"Diesel Oil",,"Combustion turbine",,,,,"CSNOX, CSOSG3, CSSO2G1, RGGI"
"IL","Factory Gas Turbine",8016,"2",9200,,2023,7,4.5,50.3,,0.271,0.5004,,,0.65,1.2004,1083.1,"Diesel Oil",,"Combustion turbine",,,,,"CSNOX, CSOSG3, CSSO2G1"
"WI","Columbia",8023,"1",3431,,2023,7455,7452.61,2308274.83,,719.29,0.0587,2567882.135,0.1049,1502.766,0.1209,24486290.292,"Coal",,"Tangentially-fired","Dry Lime FGD","Low NOx Burner Technology w/ Separated OFA","Baghouse|Electrostatic Precipitator","Additives to Enhance PAC and Existing Equipment Performance","ARP, CSNOX, CSOSG3, CSSO2G1, MATS"
"WI","Columbia",8023,"2",3432,,2023,6603,6596.35,2332040.98,,697.579,0.0585,2499272.619,0.1046,675.452,0.0557,23836146.944,"Coal",,"Tangentially-fired","Dry Lime FGD","Low NOx Burner Technology w/ Separated OFA|Selective Catalytic Reduction","Baghouse|Electrostatic Precipitator","Additives to Enhance PAC and Existing Equipment Performance","ARP, CSNOX, CSOSG3, CSSO2G1, MATS"
"MN","Blue Lake Generating Plant",8027,"1",89763,,2023,7,4.73,71.32,,0.028,0.0402,,,0.842,1.2,1403,"Diesel Oil",,"Combustion turbine",,,,,"CSNOX, CSSO2G2"
"MN","Blue Lake Generating Plant",8027,"2",89764,,2023,13,8.54,183.22,,0.062,0.04,,,1.873,1.2,3122,"Diesel Oil",,"Combustion turbine",,,,,"CSNOX, CSSO2G2"
"MN","Blue Lake Generating Plant",8027,"3",89765,,2023,5,4.09,72.5,,0.028,0.04,,,0.853,1.2,1421,"Diesel Oil",,"Combustion turbine",,,,,"CSNOX, CSSO2G2"
"MN","Blue Lake Generating Plant",8027,"4",89766,,2023,10,7.57,186.8,,0.053,0.0399,,,1.592,1.2,2652.9,"Diesel Oil",,"Combustion turbine",,,,,"CSNOX, CSSO2G2"
"MN","Blue Lake Generating Plant",8027,"7",89378,,2023,357,312.89,34952.72,,0.135,0.001,26805.704,0.0583,7.14,0.0416,451068.819,"Pipeline Natural Gas",,"Combustion turbine",,"Dry Low NOx Burners",,,"ARP, CSNOX, CSSO2G2"
"MN","Blue Lake Generating Plant",8027,"8",89379,,2023,343,303.95,33702.3,,0.131,0.001,25983.357,0.059,8.577,0.0508,437214.05,"Pipeline Natural Gas",,"Combustion turbine",,"Dry Low NOx Burners",,,"ARP, CSNOX, CSSO2G2"
"IA","Sycamore Combustion Turbine",8029,"1",90084,,2023,109,76.67,3908.99,,0.018,0.001,,,12.693,0.3602,59598.923,"Pipeline Natural Gas","Diesel Oil","Combustion turbine",,,,,"CSNOX, CSOSG2, CSSO2G1"
"IA","Sycamore Combustion Turbine",8029,"2",90085,,2023,237,191.7,7014.68,,0.06,0.0014,,,21.166,0.2999,122958.144,"Pipeline Natural Gas","Diesel Oil","Combustion turbine",,,,,"CSNOX, CSOSG2, CSSO2G1"
"IA","Emery Station",8031,"11",88332,,2023,6035,5898.16,1472260.14,,3.298,0.001,653316.035,0.0589,44.091,0.0143,10993317.127,"Pipeline Natural Gas",,"Combined cycle",,"Dry Low NOx Burners|Water Injection|Ammonia Injection|Selective Catalytic Reduction",,,"ARP, CSNOX, CSOSG2, CSSO2G1"
"IA","Emery Station",8031,"12",88333,,2023,6087,5945.21,1495894.88,,3.346,0.001,662833.515,0.0589,46.397,0.0148,11153396.398,"Pipeline Natural Gas",,"Combined cycle",,"Dry Low NOx Burners|Water Injection|Ammonia Injection|Selective Catalytic Reduction",,,"ARP, CSNOX, CSOSG2, CSSO2G1"
"KS","Clifton Station",8037,"CL1",90747,,2023,609,527.2,10644.46,,0.068,0.001,,,25.343,0.2099,226206.042,"Pipeline Natural Gas",,"Combustion turbine",,,,,"CSNOX, CSOSG2, CSSO2G2"
"NC","Belews Creek",8042,"1",3433,,2023,6116,6099.72,4121421.88,,954.303,0.0447,2942316.772,0.0747,3484.483,0.2035,37781843.125,"Coal","Pipeline Natural Gas","Cell burner boiler","Wet Limestone","Low NOx Cell Burner|Overfire Air|Selective Catalytic Reduction","Electrostatic Precipitator|Wet Scrubber",,"ARP, CSNOX, CSSO2G1, MATS, SIPNOX"
"NC","Belews Creek",8042,"2",3434,,2023,6869,6861.28,4957210.78,,669.865,0.0278,3176660.688,0.0684,3685.551,0.1812,45168006.783,"Coal","Pipeline Natural Gas","Cell burner boiler","Wet Limestone","Low NOx Cell Burner|Overfire Air|Selective Catalytic Reduction","Electrostatic Precipitator|Wet Scrubber",,"ARP, CSNOX, CSSO2G1, MATS, SIPNOX"
"FL","Anclote",8048,"1",3438,,2023,5293,5271.39,870075.8,,2.756,0.001,545899.473,0.0591,544.038,0.0849,9185801.991,"Pipeline Natural Gas",,"Tangentially-fired",,,,,"ARP"
"FL","Anclote",8048,"2",3439,,2023,6808,6788.93,1063757.24,,3.628,0.001,718606.213,0.059,666.464,0.0836,12091980.284,"Pipeline Natural Gas",,"Tangentially-fired",,,,,"ARP"
"FL","Intercession City",8049,"**10",3440,,2023,701,589.55,30691.71,,0.131,0.001,26157.448,0.0591,17.57,0.0814,439448.164,"Pipeline Natural Gas","Diesel Oil","Combustion turbine",,"Water Injection",,,"ARP"
"FL","Intercession City",8049,"**11",3441,,2023,85,57.8,5163.21,,0.09,0.0027,5126.54,0.081,5.958,0.5322,63178.925,"Diesel Oil",,"Combustion turbine",,"Water Injection",,,"ARP"
"FL","Intercession City",8049,"**12",3442,,2023,1431,1215.71,72828.43,,0.286,0.001,58216.94,0.0592,15.295,0.0392,976530.583,"Pipeline Natural Gas","Diesel Oil","Combustion turbine",,"Dry Low NOx Burners|Water Injection",,,"ARP"
"FL","Intercession City",8049,"**13",3443,,2023,1282,1096.44,67682.98,,0.285,0.001,55124.501,0.0593,14.269,0.0391,924114.066,"Pipeline Natural Gas","Diesel Oil","Combustion turbine",,"Dry Low NOx Burners|Water Injection",,,"ARP"
"FL","Intercession City",8049,"**14",3444,,2023,558,474.68,28649.31,,0.113,0.001,23071.271,0.0592,5.847,0.0386,387600.038,"Pipeline Natural Gas","Diesel Oil","Combustion turbine",,"Dry Low NOx Burners|Water Injection",,,"ARP"
"FL","Intercession City",8049,"**7",3445,,2023,653,536.57,27699.29,,0.118,0.001,23543.222,0.0592,16.443,0.0893,396031.28,"Pipeline Natural Gas","Diesel Oil","Combustion turbine",,"Water Injection",,,"ARP"
"FL","Intercession City",8049,"**8",3446,,2023,609,502.22,26417.32,,0.112,0.001,22470.781,0.0591,15.382,0.0835,377837.234,"Pipeline Natural Gas","Diesel Oil","Combustion turbine",,"Water Injection",,,"ARP"
"FL","Intercession City",8049,"**9",3447,,2023,314,252.64,13149.26,,0.055,0.001,11017.28,0.0593,7.96,0.1138,185161.2,"Pipeline Natural Gas","Diesel Oil","Combustion turbine",,"Water Injection",,,"ARP"
"NY","Pouch Terminal",8053,"PT01",8388,,2023,1263,1016.87,46281.09,,0.138,0.001,27238.158,0.0592,2.514,0.0212,458332.107,"Pipeline Natural Gas",,"Combustion turbine",,"Selective Catalytic Reduction",,,"ARP, CSNOX, CSOSG3, CSSO2G1, RGGI"
"MS","Gerald Andrus",8054,"1",3449,,2023,808,799.34,226917.86,,0.822,0.0011,157636.088,0.0591,348.955,0.2459,2652099.999,"Pipeline Natural Gas","Residual Oil","Dry bottom wall-fired boiler",,"Overfire Air",,,"ARP, CSOSG2"
"LA","Waterford 1 & 2",8056,"1",3450,,2023,0,0,,,,,,,,,,"Pipeline Natural Gas","Residual Oil","Dry bottom wall-fired boiler",,"Low NOx Cell Burner|Combustion Modification/Fuel Reburning",,,"ARP, CSOSG2E"
"LA","Waterford 1 & 2",8056,"2",3451,,2023,1350,1340.63,234558.92,,0.784,0.001,155316.874,0.059,227.928,0.1471,2613521.089,"Pipeline Natural Gas","Residual Oil","Dry bottom wall-fired boiler",,"Low NOx Cell Burner|Combustion Modification/Fuel Reburning",,,"ARP, CSOSG2E"
"LA","Waterford 1 & 2",8056,"4",91255,,2023,118,107.45,3219.41,,1.088,0.0506,3484.9,0.0806,2.691,0.1858,43047.1,"Diesel Oil",,"Combustion turbine",,"Steam Injection",,,"ARP, CSOSG2E"
"OK","Comanche (8059)",8059,"7251",3452,"CP001",2023,3371,3349.23,157484.3,,0.767,0.001,151988.034,0.059,51.928,0.0424,2557496.801,"Pipeline Natural Gas",,"Combined cycle",,"Dry Low NOx Burners",,,"ARP, CSOSG2"
"OK","Comanche (8059)",8059,"7252",3453,"CP001",2023,3162,3122.7,148998.53,,0.728,0.001,144232.316,0.059,69.303,0.0605,2426995.49,"Pipeline Natural Gas",,"Combined cycle",,"Dry Low NOx Burners",,,"ARP, CSOSG2"
"TX","Decordova",8063,"CT1",90028,,2023,650,525.53,31549.13,,,,,,61.695,0.2937,412194.386,"Pipeline Natural Gas","Diesel Oil","Combustion turbine",,"Water Injection",,,"CSOSG2"
"TX","Decordova",8063,"CT2",90029,,2023,654,522.79,31682.08,,,,,,69.924,0.328,416496.4,"Pipeline Natural Gas","Diesel Oil","Combustion turbine",,"Water Injection",,,"CSOSG2"
"TX","Decordova",8063,"CT3",90030,,2023,532,438.22,27108.32,,,,,,50.301,0.2865,348849.528,"Pipeline Natural Gas","Diesel Oil","Combustion turbine",,"Water Injection",,,"CSOSG2"
"TX","Decordova",8063,"CT4",90031,,2023,466,375.81,23459.68,,,,,,54.723,0.3446,304650.133,"Pipeline Natural Gas","Diesel Oil","Combustion turbine",,"Water Injection",,,"CSOSG2"
"WY","Jim Bridger",8066,"BW71",3455,,2023,8492,8479.76,2310478.04,,1732.404,0.1486,2521344.564,0.105,2244.28,0.1916,24040299.121,"Coal",,"Tangentially-fired","Sodium Based","Low NOx Burner Technology w/ Closed-coupled OFA","Electrostatic Precipitator","Additives to Enhance PAC and Existing Equipment Performance|Halogenated PAC Sorbent Injection","ARP, MATS"
"WY","Jim Bridger",8066,"BW72",3456,,2023,8666,8651.97,2317603.72,,1734.107,0.1468,2545597.904,0.105,2055.491,0.1662,24271510.546,"Coal",,"Tangentially-fired","Sodium Based","Low NOx Burner Technology w/ Closed-coupled OFA","Electrostatic Precipitator","Additives to Enhance PAC and Existing Equipment Performance|Halogenated PAC Sorbent Injection","ARP, MATS"
"WY","Jim Bridger",8066,"BW73",3457,,2023,7203,7184.63,2127705.33,,1705.749,0.1529,2413293.357,0.105,638.141,0.0566,23010070.512,"Coal",,"Tangentially-fired","Sodium Based","Selective Catalytic Reduction|Low NOx Burner Technology w/ Closed-coupled OFA","Electrostatic Precipitator","Additives to Enhance PAC and Existing Equipment Performance|Halogenated PAC Sorbent Injection","ARP, MATS"
"WY","Jim Bridger",8066,"BW74",3458,,2023,7537,7521.14,2350168.93,,1495.72,0.1355,2332848.267,0.105,549.54,0.0489,22243018.167,"Coal",,"Tangentially-fired","Sodium Based","Selective Catalytic Reduction|Low NOx Burner Technology w/ Closed-coupled OFA","Electrostatic Precipitator","Additives to Enhance PAC and Existing Equipment Performance|Halogenated PAC Sorbent Injection","ARP, MATS"
"AZ","Santan",8068,"5A",10065,,2023,5805,5698.42,1473045.87,,3.132,0.001,620450.789,0.0592,32.435,0.0093,10440262.392,"Pipeline Natural Gas",,"Combined cycle",,"Dry Low NOx Burners|Selective Catalytic Reduction",,,"ARP"
"AZ","Santan",8068,"5B",10066,,2023,5754,5669.99,1464434.69,,3.135,0.001,620917.851,0.059,32.407,0.0088,10448109.431,"Pipeline Natural Gas",,"Combined cycle",,"Dry Low NOx Burners|Selective Catalytic Reduction",,,"ARP"
"AZ","Santan",8068,"6A",10067,,2023,7793,7742.95,1878975.36,,4.078,0.001,807775.837,0.059,39.979,0.0075,13592297.434,"Pipeline Natural Gas",,"Combined cycle",,"Dry Low NOx Burners|Selective Catalytic Reduction",,,"ARP"
"UT","Huntington",8069,"1",3459,,2023,8699,8695.91,2068629.27,,529.331,0.0393,2174137.125,0.103,2046.659,0.1978,21190399.165,"Coal",,"Tangentially-fired","Wet Lime FGD","Low NOx Burner Technology w/ Closed-coupled/Separated OFA","Baghouse",,"ARP, MATS"
"UT","Huntington",8069,"2",3460,,2023,7756,7742.4,1762146.62,,527.806,0.0495,1884163.985,0.103,1752.183,0.1819,18364165.303,"Coal",,"Tangentially-fired","Wet Lime FGD","Low NOx Burner Technology w/ Closed-coupled/Separated OFA","Baghouse",,"ARP, MATS"
"OH","Gen J M Gavin",8102,"1",3461,,2023,7005,6997.48,7448995.99,,9877.787,0.3084,7528240.257,0.103,3398.886,0.0934,73374690.468,"Coal",,"Cell burner boiler","Wet Lime FGD","Low NOx Cell Burner|Selective Catalytic Reduction","Electrostatic Precipitator",,"ARP, CSNOX, CSOSG3, CSSO2G1, MATS"
"OH","Gen J M Gavin",8102,"2",3462,,2023,6543,6529.95,7229636.02,,8554.071,0.2434,7173452.885,0.1029,2863.9,0.0847,69916693.841,"Coal",,"Cell burner boiler","Wet Lime FGD","Low NOx Cell Burner|Selective Catalytic Reduction","Electrostatic Precipitator",,"ARP, CSNOX, CSOSG3, CSSO2G1, MATS"
"OH","Gen J M Gavin",8102,"B001",9283,,2023,55,48.38,,6607.97,,,,,0.716,0.094,13892.98,"Diesel Oil",,"Other boiler",,,,,"SIPNOX"
"OH","Gen J M Gavin",8102,"B002",9284,,2023,50,41.86,,6149.98,,,,,0.71,0.0944,14693.755,"Diesel Oil",,"Other boiler",,,,,"SIPNOX"
"CO","Ray D Nixon",8219,"1",3466,,2023,6934,6926.05,1178687.47,,411.407,0.0748,1162298.39,0.1047,889.065,0.1583,11085309.26,"Coal","Diesel Oil","Dry bottom wall-fired boiler","Dry Lime FGD","Low NOx Burner Technology w/ Overfire Air","Baghouse","Halogenated PAC Sorbent Injection","ARP, MATS"
"CO","Ray D Nixon",8219,"2",3467,,2023,117,105.15,2112.96,,0.009,0.001,1708.336,0.0588,0.464,0.0366,28752.166,"Pipeline Natural Gas",,"Combustion turbine",,"Dry Low NOx Burners",,,"ARP"
"CO","Ray D Nixon",8219,"3",3468,,2023,350,325.07,6593.81,,0.027,0.001,5424.373,0.0593,2.329,0.0548,91263.038,"Pipeline Natural Gas",,"Combustion turbine",,"Dry Low NOx Burners",,,"ARP"
"ND","Coyote",8222,"B1",3469,,2023,7977,7963.48,2750235.48,,13752.533,0.9261,3209506.036,0.109,6463.763,0.4354,29480154.127,"Coal","Diesel Oil","Cyclone boiler","Dry Lime FGD","Overfire Air","Baghouse","Halogenated PAC Sorbent Injection","ARP, MATS"
"AZ","Springerville Generating Station",8223,"1",3470,,2023,7727,7713.42,2239719.38,,2385.506,0.229,2170335.642,0.105,1719.975,0.1688,20693532.789,"Coal",,"Tangentially-fired","Dry Lime FGD","Low NOx Burner Technology w/ Closed-coupled OFA","Baghouse",,"ARP, MATS"
"AZ","Springerville Generating Station",8223,"2",3471,,2023,5533,5511.18,1489913.87,,1741.532,0.257,1447855.843,0.1048,1053.183,0.1472,13804882.3,"Coal",,"Tangentially-fired","Dry Lime FGD","Low NOx Burner Technology w/ Closed-coupled OFA","Baghouse",,"ARP, MATS"
"AZ","Springerville Generating Station",8223,"4",90132,,2023,7025,7013.66,1802945.5,,728.521,0.0777,1865878.856,0.1045,647.175,0.0715,17807984.614,"Coal","Diesel Oil","Dry bottom wall-fired boiler","Dry Lime FGD","Low NOx Burner Technology (Dry Bottom only)|Selective Catalytic Reduction","Baghouse",,"ARP, MATS"
"AZ","Springerville Generating Station",8223,"TS3",89514,,2023,6701,6691.55,2175932.06,,820.844,0.0751,2195922.113,0.1046,805.2,0.0745,20948302.327,"Coal","Diesel Oil","Dry bottom wall-fired boiler","Dry Lime FGD","Low NOx Burner Technology (Dry Bottom only)|Selective Catalytic Reduction","Baghouse",,"ARP, MATS"
"NV","North Valmy",8224,"1",3473,,2023,7109,7087.93,536809.19,,2199.789,0.7374,614087.744,0.105,751.446,0.2511,5855153.866,"Coal",,"Dry bottom wall-fired boiler",,"Low NOx Burner Technology (Dry Bottom only)","Baghouse",,"ARP, MATS"
"NV","North Valmy",8224,"2",3474,,2023,5750,5728.43,670475.94,,493.84,0.1341,735880.575,0.105,932.376,0.2611,7016428.984,"Coal",,"Dry bottom wall-fired boiler","Dry Lime FGD","Low NOx Burner Technology (Dry Bottom only)","Baghouse",,"ARP, MATS"
"NY","Astoria Generating Station",8906,"20",3485,,2023,294,274.96,13035.08,,0.054,0.001,10724.985,0.0594,6.255,0.0604,180476.075,"Pipeline Natural Gas",,"Dry bottom wall-fired boiler",,,,,"ARP, CSNOX, CSOSG3, CSSO2G1, RGGI"
"NY","Astoria Generating Station",8906,"31RH",90457,"CP30",2023,3283,3262.57,377629.85,,0.688,0.001,128537.199,0.0595,52.381,0.0433,2122308.128,"Pipeline Natural Gas","Diesel Oil","Dry bottom wall-fired boiler",,,,,"ARP, CSNOX, CSOSG3, CSSO2G1, RGGI"
"NY","Astoria Generating Station",8906,"32SH",90458,"CP30",2023,3282,3262.27,377599.15,,0.66,0.001,123102.003,0.0595,51.211,0.0453,2032043.088,"Pipeline Natural Gas","Diesel Oil","Dry bottom wall-fired boiler",,,,,"ARP, CSNOX, CSOSG3, CSSO2G1, RGGI"
"NY","Astoria Generating Station",8906,"51RH",90461,"CP50",2023,3067,3045.84,387555.82,,0.808,0.0011,136650.883,0.0608,56.303,0.0442,2177062.147,"Pipeline Natural Gas","Diesel Oil","Tangentially-fired",,,,,"ARP, CSNOX, CSOSG3, CSSO2G1, RGGI"
"NY","Astoria Generating Station",8906,"52SH",90462,"CP50",2023,3067,3045.74,387555.72,,0.81,0.0011,137551.572,0.0607,58.025,0.0455,2195439.75,"Pipeline Natural Gas","Diesel Oil","Tangentially-fired",,,,,"ARP, CSNOX, CSOSG3, CSSO2G1, RGGI"
"NY","Astoria Generating Station",8906,"CT0001",3489,,2023,102,74.76,866.93,,,,794,0.0589,2.499,0.3692,13467.2,"Pipeline Natural Gas",,"Combustion turbine",,,,,"RGGI, SIPNOX"
"VA","RockTenn West Point Mill",10017,"002",88334,,2023,3672,3672,,1070757,,,,,185.406,0.2226,1731356.3,"Coal","Residual Oil, Pipeline Natural Gas","Tangentially-fired","Sodium Based","Overfire Air","Wet Scrubber|Cyclone",,"SIPNOX"
"NY","RED-Rochester, LLC-Eastman Business Park",10025,"4B",3518,,2023,7620,7616,,2311530,,,,,135.719,0.0957,2897348.7,"Natural Gas","Diesel Oil","Tangentially-fired",,,,,"SIPNOX"
"DE","Energy Center Dover LLC",10030,"2",5046,,2023,1614,1450.27,67263.52,,0.187,0.001,36952.595,0.0592,2.013,0.0102,621795.428,"Pipeline Natural Gas",,"Combined cycle",,"Selective Catalytic Reduction|Water Injection",,,"ARP, RGGI, SIPNOX"
"DE","Energy Center Dover LLC",10030,"3",5047,,2023,854,725.71,25228.11,,0.081,0.001,16088.831,0.0595,10.82,0.086,270013.019,"Pipeline Natural Gas","Diesel Oil","Combustion turbine",,"Water Injection",,,"ARP, RGGI, SIPNOX"
"CA","Calpine Gilroy Cogen, LP",10034,"S-100",89552,,2023,754,656.27,60564.72,,0.153,0.001,30267.119,0.0591,7.937,0.0493,509286.7,"Pipeline Natural Gas",,"Combined cycle",,"Dry Low NOx Burners",,,"ARP"
"MN","Taconite Harbor Energy Center",10075,"1",9003,,2023,0,0,,,,,,,,,,"Coal",,"Tangentially-fired","Other","Overfire Air|Selective Non-catalytic Reduction","Electrostatic Precipitator",,"ARP, CSNOX, CSSO2G2, MATS"
"MN","Taconite Harbor Energy Center",10075,"2",9004,,2023,0,0,,,,,,,,,,"Coal",,"Tangentially-fired","Other","Overfire Air|Selective Non-catalytic Reduction","Electrostatic Precipitator",,"ARP, CSNOX, CSSO2G2, MATS"
"PA","Gilberton Power Company",10113,"031",3527,"CS001",2023,8207,8198.41,,3061278.22,374.988,0.1799,482612.892,0.1157,128.619,0.0618,4171131.646,"Coal Refuse",,"Circulating fluidized bed boiler","Fluidized Bed Limestone Injection","Overfire Air","Baghouse",,"ARP, CSNOX, CSOSG3, CSSO2G1, MATS, RGGI"
"PA","Gilberton Power Company",10113,"032",3528,"CS001",2023,8163,8149.64,,3027251.9,371.367,0.1796,477838.913,0.1156,127.169,0.0617,4127850.168,"Coal Refuse",,"Circulating fluidized bed boiler","Fluidized Bed Limestone Injection","Overfire Air","Baghouse",,"ARP, CSNOX, CSOSG3, CSSO2G1, MATS, RGGI"
"PA","Colver Green Energy",10143,"AAB01",3529,,2023,8024,7997.38,823270.4,,2475.601,0.5321,986547.682,0.1047,591.38,0.125,9363004.936,"Coal Refuse",,"Circulating fluidized bed boiler","Dry Lime FGD","Ammonia Injection","Baghouse",,"ARP, CSNOX, CSOSG3, CSSO2G1, MATS, RGGI"
"WV","Grant Town Power Plant",10151,"1A",10068,"CS1",2023,8097,8072.05,,3127967.79,995.319,0.4855,410050.981,0.1028,477.932,0.2403,3996613.635,"Coal Refuse",,"Circulating fluidized bed boiler","Fluidized Bed Limestone Injection","Selective Non-catalytic Reduction|Combustion Modification/Fuel Reburning","Baghouse",,"CSNOX, CSOSG2E, CSSO2G1, MATS"
"WV","Grant Town Power Plant",10151,"1B",10069,"CS1",2023,7973,7938.31,,2965643.92,953.993,0.4903,388689.326,0.1029,457.625,0.2431,3788412.533,"Coal Refuse",,"Circulating fluidized bed boiler","Fluidized Bed Limestone Injection","Selective Non-catalytic Reduction|Combustion Modification/Fuel Reburning","Baghouse",,"CSNOX, CSOSG2E, CSSO2G1, MATS"
"CA","Fresno Cogeneration Partners, LP",10156,"GEN1",89509,,2023,158,112.21,2590.54,,0.009,0.001,1770.269,0.0593,0.203,0.0247,29783.471,"Pipeline Natural Gas",,"Combined cycle",,"Water Injection|Selective Catalytic Reduction",,,"ARP"
"CA","Carson Cogeneration Company",10169,"D1",89366,,2023,1019,892.6,29255.74,,0.091,0.001,17986.569,0.0593,2.209,0.0467,302663.85,"Pipeline Natural Gas",,"Combined cycle",,"Water Injection|Selective Catalytic Reduction",,,"ARP"
"MA","MBTA South Boston Power Facility",10176,"A",3530,,2023,25,14.17,390.07,,,,454.8,0.0807,0.391,0.2567,5611.3,"Other Oil",,"Combustion turbine",,"Water Injection",,,"RGGI, SIPNOX"
"MA","MBTA South Boston Power Facility",10176,"B",3531,,2023,7,4.88,93.12,,,,156.5,0.081,0.124,0.128,1932.5,"Other Oil",,"Combustion turbine",,"Water Injection",,,"RGGI, SIPNOX"
"NY","Castleton Power, LLC",10190,"1",3532,,2023,1704,1634.46,93552.14,,0.256,0.001,50310.811,0.0594,32.554,0.0873,844955.459,"Pipeline Natural Gas","Diesel Oil","Combined cycle",,"Steam Injection",,,"ARP, CSNOX, CSOSG3, CSSO2G1, RGGI"
"OH","Pixelle Specialty Solutions LLC",10244,"B002",9294,,2023,3534,3532.96,,416282.74,,,,,51.832,0.1851,634144.891,"Natural Gas","Diesel Oil","Tangentially-fired",,,,,"SIPNOX"
"OH","Pixelle Specialty Solutions LLC",10244,"B003",9295,,2023,3421,3416.11,,649514.48,,,,,77.466,0.0946,1724030.193,"Natural Gas","Diesel Oil","Wet bottom wall-fired boiler",,,,,"SIPNOX"
"TN","Domtar Paper Co., LLC - Kingsport Mill",10252,"REC2",91443,,2023,3368,3366.75,,691588,,,,,42.276,0.0886,931035.275,"Pipeline Natural Gas","Diesel Oil","Other boiler",,,,,"SIPNOX"
"CA","King City Power Plant",10294,"2",8434,,2023,499,361.85,12744.36,,0.041,0.001,8032.541,0.0593,0.883,0.0219,135164.093,"Pipeline Natural Gas",,"Combustion turbine",,"Dry Low NOx Burners|Water Injection|Ammonia Injection|Selective Catalytic Reduction",,,"ARP"
"CA","King City Power Plant",10294,"GTG",91323,,2023,745,659.71,56550.56,,0.152,0.001,30090.809,0.059,33.388,0.1649,507300.611,"Pipeline Natural Gas",,"Combined cycle",,"Dry Low NOx Burners|Selective Catalytic Reduction",,,"ARP"
"TX","Air Liquide Bayport Complex",10298,"CG801",88563,,2023,8395,8390.46,609578.21,,,,471422.992,0.0584,91.8,0.0274,7939403.099,"Pipeline Natural Gas","Other Gas","Combustion turbine",,"Dry Low NOx Burners|Other",,,"CSOSG2"
"TX","Air Liquide Bayport Complex",10298,"CG802",88564,,2023,8448,8440.81,595841.1,,,,501509.648,0.0597,91.648,0.0218,8398379.679,"Pipeline Natural Gas","Other Gas","Combustion turbine",,"Dry Low NOx Burners|Other",,,"CSOSG2"
"TX","Air Liquide Bayport Complex",10298,"CG803",88565,,2023,7104,7092.11,467038.8,,,,419513.4,0.0636,71.015,0.041,6934723.712,"Pipeline Natural Gas","Other Gas","Combustion turbine",,"Dry Low NOx Burners|Other",,,"CSOSG2"
"TX","Air Liquide Bayport Complex",10298,"CG804",88566,,2023,8211,8190.21,615814.21,,,,506396.673,0.0689,81.131,0.0209,8804936.627,"Pipeline Natural Gas","Other Gas","Combustion turbine",,"Dry Low NOx Burners|Other",,,"CSOSG2"
"MA","Bellingham",10307,"1",3537,"CP1, CS1",2023,250,235.61,21161.54,,0.074,0.001,15042.332,0.0616,9.833,0.0914,241054.151,"Pipeline Natural Gas","Diesel Oil","Combined cycle",,"Steam Injection",,,"ARP, RGGI, SIPNOX"
"MA","Bellingham",10307,"2",3538,"CP1, CS1",2023,588,571.56,53773.44,,0.188,0.001,37493.43,0.0601,26.17,0.0935,618808.375,"Pipeline Natural Gas","Diesel Oil","Combined cycle",,"Steam Injection",,,"ARP, RGGI, SIPNOX"
"NJ","Sayreville Power LP",10308,"1001",3539,,2023,3806,3563.59,470275.62,,1.151,0.001,227898.95,0.059,154.816,0.0889,3834870.21,"Pipeline Natural Gas",,"Combined cycle",,"Steam Injection",,,"ARP, CSNOX, CSOSG3, CSSO2G1, RGGI"
"NJ","Sayreville Power LP",10308,"1002",3540,,2023,4195,3945.01,522173.59,,1.292,0.001,255923.635,0.059,183.233,0.093,4306330.327,"Pipeline Natural Gas",,"Combined cycle",,"Steam Injection",,,"ARP, CSNOX, CSOSG3, CSSO2G1, RGGI"
"MI","T B Simon Power Plant",10328,"UNIT1",89142,,2023,3131,3129.75,,544235,,,,,60.426,0.175,690572.8,"Natural Gas",,"Dry bottom wall-fired boiler",,"Low NOx Burner Technology (Dry Bottom only)|Overfire Air",,,"SIPNOX"
"MI","T B Simon Power Plant",10328,"UNIT2",89143,,2023,4392,4392,,697580,,,,,54.442,0.123,885284.6,"Natural Gas",,"Dry bottom wall-fired boiler",,"Low NOx Burner Technology (Dry Bottom only)|Overfire Air",,,"SIPNOX"
"MI","T B Simon Power Plant",10328,"UNIT3",89144,,2023,1288,1287.92,,237347,,,,,16.122,0.0984,327830.232,"Natural Gas",,"Dry bottom wall-fired boiler",,"Low NOx Burner Technology (Dry Bottom only)|Overfire Air","Electrostatic Precipitator",,"SIPNOX"
"MI","T B Simon Power Plant",10328,"UNIT4",89145,,2023,0,0,,,,,,,,,,"Natural Gas",,"Circulating fluidized bed boiler",,,"Baghouse",,"SIPNOX"
"PA","Mt. Carmel Cogeneration",10343,"SG-101",3542,,2023,3828,3781.79,102491.52,,255.856,0.2092,286382.573,0.1143,93.131,0.0724,2513195.134,"Coal Refuse",,"Circulating fluidized bed boiler","Fluidized Bed Limestone Injection",,"Baghouse",,"ARP, CSNOX, CSOSG3, CSSO2G1, MATS, RGGI"
"CA","Yuba City Energy Center",10349,"2",8436,,2023,1935,1714.5,51699.73,,0.159,0.001,31572.886,0.0593,14.138,0.1557,531279.344,"Pipeline Natural Gas",,"Combustion turbine",,"Water Injection|Selective Catalytic Reduction",,,"ARP"
"CA","Greenleaf One",10350,"CTGA",91435,,2023,91,56.77,1371.77,,0.004,0.0009,856.821,0.0594,0.076,0.0175,14420.288,"Pipeline Natural Gas",,"Combustion turbine",,"Water Injection|Selective Catalytic Reduction",,,"ARP"
"CA","Greenleaf One",10350,"CTGB",91436,,2023,87,50.5,1198.06,,0.004,0.001,729.126,0.0594,0.085,0.0373,12268.976,"Pipeline Natural Gas",,"Combustion turbine",,"Water Injection|Selective Catalytic Reduction",,,"ARP"
"CA","Kingsburg Cogen Facility",10405,"1",90775,,2023,264,202.25,3902.07,,0.015,0.0009,2961.867,0.0597,0.768,0.0355,49847.256,"Pipeline Natural Gas",,"Combined cycle",,"Selective Catalytic Reduction",,,"ARP"
"NY","Black River Generation, LLC",10464,"E0001",3547,"CS-1",2023,2475,2470.1,,279585.81,2.278,0.01,48801.042,0.1047,31.215,0.1353,463101.786,"Wood","Other Solid Fuel, Petroleum Coke, Tire Derived Fuel","Circulating fluidized bed boiler",,,"Baghouse",,"CSNOX, CSSO2G1, RGGI"
"NY","Black River Generation, LLC",10464,"E0002",3548,"CS-1",2023,2370,2366.65,,268351,2.314,0.0091,46896.223,0.1053,29.555,0.1344,445133.8,"Wood","Other Solid Fuel, Petroleum Coke, Tire Derived Fuel","Circulating fluidized bed boiler",,,"Baghouse",,"CSNOX, CSSO2G1, RGGI"
"NY","Black River Generation, LLC",10464,"E0003",3549,"CS-1",2023,2449,2445.4,,275877,1.774,0.0084,48201.274,0.1047,30.834,0.1352,457382.293,"Wood","Other Solid Fuel, Petroleum Coke, Tire Derived Fuel","Circulating fluidized bed boiler",,,"Baghouse",,"CSNOX, CSSO2G1, RGGI"
"NC","Craven County Wood Energy",10525,"ES5A",89655,,2023,7739,7716.16,343065,,287.5,0.1219,515831.833,0.1038,446.076,0.1785,4946110.416,"Wood","Other Solid Fuel","Stoker",,,"Electrostatic Precipitator",,"ARP, CSNOX, CSSO2G1, SIPNOX"
"CT","Ahlstrom Power Windsor Locks, LLC",10567,"GT1",3556,,2023,278,233.4,5433.03,,,,4397.809,0.0605,4.698,0.137,72779.881,"Pipeline Natural Gas","Residual Oil","Combined cycle",,"Steam Injection",,,"RGGI, SIPNOX"
"PA","Ebensburg Power Company",10603,"031",3557,,2023,6408,6403.65,330514.97,,1217.24,0.5882,434639.725,0.1051,150.862,0.0732,4121661.289,"Coal",,"Circulating fluidized bed boiler","Fluidized Bed Limestone Injection",,"Baghouse",,"ARP, CSNOX, CSOSG3, CSSO2G1, MATS, RGGI"
"NY","Beaver Falls, LLC",10617,"1",3560,,2023,83,79.13,4861.17,,0.013,0.001,2510.974,0.0591,0.606,0.0403,42254.879,"Pipeline Natural Gas","Diesel Oil","Combined cycle",,"Selective Catalytic Reduction|Steam Injection",,,"CSNOX, CSOSG3, CSSO2G1, RGGI"
"NY","Allegany Station No. 133",10619,"00001",3562,,2023,311,265.66,12637.49,,0.03,0.001,5982.533,0.0593,1.547,0.0421,100660.599,"Pipeline Natural Gas",,"Combined cycle",,"Water Injection|Selective Catalytic Reduction",,,"ARP, CSNOX, CSOSG3, CSSO2G1, RGGI"
"NY","Carthage Energy",10620,"1",3563,,2023,75,60.24,2292.92,,0.007,0.001,1300.4,0.0593,2.305,0.2346,21885.463,"Pipeline Natural Gas","Diesel Oil","Combined cycle",,"Steam Injection",,,"ARP, CSNOX, CSOSG3, CSSO2G1, RGGI"
"NY","Syracuse, LLC",10621,"1",3564,,2023,208,189.79,12237.82,,0.031,0.001,6152.986,0.0592,6.344,0.3224,103536.573,"Pipeline Natural Gas","Diesel Oil","Combined cycle",,"Selective Catalytic Reduction|Steam Injection",,,"ARP, CSNOX, CSOSG3, CSSO2G1, RGGI"
"VA","Hopewell Cogeneration Facility",10633,"1",88335,,2023,3243,3147.13,264865.7,,1.027,0.0012,184340.364,0.0591,191.958,0.1295,3101162.025,"Pipeline Natural Gas","Diesel Oil","Combined cycle",,"Steam Injection",,,"CSNOX, CSOSG3, CSSO2G1, RGGI"
"VA","Hopewell Cogeneration Facility",10633,"2",88336,,2023,3157,3061.86,256291.14,,0.907,0.001,176231.4,0.059,177.238,0.1236,2965262.544,"Pipeline Natural Gas","Diesel Oil","Combined cycle",,"Steam Injection",,,"CSNOX, CSOSG3, CSSO2G1, RGGI"
"VA","Hopewell Cogeneration Facility",10633,"3",88337,,2023,2369,2273.75,182237.25,,0.68,0.0012,128643.91,0.0591,143.625,0.1381,2164450.11,"Pipeline Natural Gas","Diesel Oil","Combined cycle",,"Steam Injection",,,"CSNOX, CSOSG3, CSSO2G1, RGGI"
"CA","Bear Mountain Limited",10649,"GT1",91243,,2023,1365,1271.29,48863.68,,0.118,0.001,23347.532,0.0571,3.58,0.031,392921.152,"Pipeline Natural Gas",,"Combustion turbine",,"Selective Catalytic Reduction",,,"ARP"
"CA","Badger Creek Limited",10650,"GT1",91244,,2023,795,751.57,26068.45,,0.067,0.001,13298.003,0.0595,1.611,0.0181,223714.444,"Pipeline Natural Gas",,"Combustion turbine",,"Selective Catalytic Reduction",,,"ARP"
"OK","River Valley",10671,"1A",90961,"CS1",2023,2750,2740.5,,1126516.54,108.885,0.1345,190818.553,0.1036,191.241,0.209,1824878.741,"Coal",,"Circulating fluidized bed boiler","Fluidized Bed Limestone Injection",,,,"ARP, CSOSG2, MATS"
"OK","River Valley",10671,"1B",90962,"CS1",2023,2273,2261.13,,879821.77,84.251,0.1357,145369.206,0.1041,152.126,0.2191,1388722.186,"Coal",,"Circulating fluidized bed boiler","Fluidized Bed Limestone Injection",,,,"ARP, CSOSG2, MATS"
"OK","River Valley",10671,"2A",90963,"CS1",2023,3211,3198.98,,1281697.58,117.642,0.1036,216017.985,0.1036,220.54,0.2111,2067915.496,"Coal",,"Circulating fluidized bed boiler","Fluidized Bed Limestone Injection",,,,"ARP, CSOSG2, MATS"
"OK","River Valley",10671,"2B",90964,"CS1",2023,3065,3052.39,,1210839.49,109.073,0.1,205398.635,0.1029,208.394,0.2078,1971240.173,"Coal",,"Circulating fluidized bed boiler","Fluidized Bed Limestone Injection",,,,"ARP, CSOSG2, MATS"
"MD","AES Warrior Run",10678,"001",3575,,2023,6440,6429.91,658186.54,,646.734,0.1542,857150.516,0.1027,256.872,0.0623,8357782.607,"Coal","Diesel Oil","Circulating fluidized bed boiler","Fluidized Bed Limestone Injection","Ammonia Injection|Selective Non-catalytic Reduction","Baghouse",,"ARP, CSNOX, CSOSG3, CSSO2G1, MATS, RGGI"
"CO","Brush Power Projects",10682,"GT2",3576,,2023,671,604.18,15078.28,,0.07,0.001,13848.462,0.0592,10.024,0.0878,233026.19,"Pipeline Natural Gas",,"Combustion turbine",,"Water Injection",,,"ARP"
"CO","Brush Power Projects",10682,"GT4",4142,"MS4A, MS4B",2023,646,598.15,26542.43,,0.092,0.001,18188.783,0.0592,14.128,0.0941,306038.703,"Pipeline Natural Gas",,"Combined cycle",,"Water Injection",,,"ARP"
"CO","Brush Power Projects",10682,"GT5",4143,"MS5A, MS5B",2023,642,590.74,25433.01,,0.085,0.001,16910.981,0.0593,12.849,0.0919,284565.278,"Pipeline Natural Gas",,"Combined cycle",,"Water Injection",,,"ARP"
"MI","Graphic Packaging International, Inc.",10698,"BLR08",89244,,2023,0,0,,,,,,,,,,"Natural Gas","Residual Oil","Dry bottom wall-fired boiler",,,,,"SIPNOX"
"NY","Selkirk Cogen Partners",10725,"CTG101",3577,,2023,544,538.89,57022.04,,0.145,0.001,28648.444,0.059,19.768,0.0826,482115.409,"Pipeline Natural Gas","Diesel Oil","Combined cycle",,"Steam Injection",,,"ARP, CSNOX, CSOSG3, CSSO2G1, RGGI"
"NY","Selkirk Cogen Partners",10725,"CTG201",3578,,2023,510,495.32,52972.04,,0.134,0.001,26530.571,0.059,5.925,0.0287,446429.302,"Pipeline Natural Gas","Diesel Oil","Combined cycle",,"Selective Catalytic Reduction|Steam Injection",,,"ARP, CSNOX, CSOSG3, CSSO2G1, RGGI"
"NY","Selkirk Cogen Partners",10725,"CTG301",3579,,2023,442,426.13,44928.87,,0.113,0.001,22307.702,0.059,4.967,0.0281,375373.247,"Pipeline Natural Gas","Diesel Oil","Combined cycle",,"Selective Catalytic Reduction|Steam Injection",,,"ARP, CSNOX, CSOSG3, CSSO2G1, RGGI"
"MA","MASSPOWER",10726,"1",3580,,2023,3516,3331,233226,,0.838,0.001,164997.6,0.059,52.261,0.0417,2776356.075,"Pipeline Natural Gas","Diesel Oil","Combined cycle",,"Selective Catalytic Reduction|Steam Injection",,,"ARP, RGGI, SIPNOX"
"MA","MASSPOWER",10726,"2",3581,,2023,3096,2929.75,209362.5,,0.747,0.001,146912.825,0.059,42.261,0.0371,2472081.65,"Pipeline Natural Gas","Diesel Oil","Combined cycle",,"Selective Catalytic Reduction|Steam Injection",,,"ARP, RGGI, SIPNOX"
"WV","Morgantown Energy Facility",10743,"CFB1",10078,"CP1, CS1",2023,12,10.75,,467.84,0.001,0.001,,,0.098,0.1073,1748.304,"Pipeline Natural Gas",,"Circulating fluidized bed boiler",,,"Baghouse",,"CSNOX, CSOSG2E, CSSO2G1"
"WV","Morgantown Energy Facility",10743,"CFB2",10079,"CP1, CS1",2023,0,0,,,,,,,,,,"Pipeline Natural Gas",,"Circulating fluidized bed boiler",,,"Baghouse",,"CSNOX, CSOSG2E, CSSO2G1"
"MI","Midland Cogeneration Venture",10745,"003",88567,,2023,6524,6484.52,587193.73,,1.902,0.001,,,273.229,0.0883,6338416.884,"Pipeline Natural Gas",,"Combined cycle",,"Steam Injection",,,"CSNOX, CSOSG3, CSSO2G1"
"MI","Midland Cogeneration Venture",10745,"004",88568,,2023,7202,7114.52,634614.15,,2.056,0.001,,,330.998,0.104,6852502.888,"Pipeline Natural Gas",,"Combined cycle",,"Steam Injection",,,"CSNOX, CSOSG3, CSSO2G1"
"MI","Midland Cogeneration Venture",10745,"005",88569,,2023,7803,7706.26,697304.65,,2.206,0.001,,,282.442,0.0862,7351280.022,"Pipeline Natural Gas",,"Combined cycle",,"Steam Injection",,,"CSNOX, CSOSG3, CSSO2G1"
"MI","Midland Cogeneration Venture",10745,"006",88570,,2023,6944,6873.01,616163.91,,1.989,0.001,,,294.799,0.097,6629152.802,"Pipeline Natural Gas",,"Combined cycle",,"Steam Injection",,,"CSNOX, CSOSG3, CSSO2G1"
"MI","Midland Cogeneration Venture",10745,"007",88571,,2023,7406,7314.74,664310.03,,2.154,0.001,,,259.338,0.0785,7179513.097,"Pipeline Natural Gas",,"Combined cycle",,"Steam Injection",,,"CSNOX, CSOSG3, CSSO2G1"
"MI","Midland Cogeneration Venture",10745,"008",88572,,2023,6978,6902.57,632853.6,,2.032,0.001,,,234.575,0.0733,6771997.236,"Pipeline Natural Gas",,"Combined cycle",,"Steam Injection",,,"CSNOX, CSOSG3, CSSO2G1"
"MI","Midland Cogeneration Venture",10745,"009",88573,,2023,7582,7482.31,689588.15,,2.269,0.001,,,327.491,0.0922,7561131.648,"Pipeline Natural Gas",,"Combined cycle",,"Steam Injection",,,"CSNOX, CSOSG3, CSSO2G1"
"MI","Midland Cogeneration Venture",10745,"010",88574,,2023,7440,7339.24,663443,,2.149,0.001,,,261.604,0.0831,7161911.064,"Pipeline Natural Gas",,"Combined cycle",,"Steam Injection",,,"CSNOX, CSOSG3, CSSO2G1"
"MI","Midland Cogeneration Venture",10745,"011",88575,,2023,8096,8075.9,731069.8,,2.412,0.001,,,365.612,0.0926,8037958.231,"Pipeline Natural Gas",,"Combined cycle",,"Steam Injection",,,"CSNOX, CSOSG3, CSSO2G1"
"MI","Midland Cogeneration Venture",10745,"012",88576,,2023,8054,8023.57,675240.56,,2.389,0.001,,,326.442,0.0829,7964191.44,"Pipeline Natural Gas",,"Combined cycle",,"Dry Low NOx Burners",,,"CSNOX, CSOSG3, CSSO2G1"
"MI","Midland Cogeneration Venture",10745,"013",88577,,2023,7517,7444.75,683752.1,,2.305,0.001,,,336.82,0.0912,7682427.319,"Pipeline Natural Gas",,"Combined cycle",,"Steam Injection",,,"CSNOX, CSOSG3, CSSO2G1"
"MI","Midland Cogeneration Venture",10745,"014",88578,,2023,6632,6524.32,587572.22,,1.943,0.001,,,276.519,0.0937,6476037.665,"Pipeline Natural Gas",,"Combined cycle",,"Steam Injection",,,"CSNOX, CSOSG3, CSSO2G1"
"MI","Midland Cogeneration Venture",10745,"016",90327,,2023,90,76.33,,6007.63,0.003,0.001,,,0.146,0.0314,9519.91,"Pipeline Natural Gas",,"Other boiler",,"Low NOx Burner Technology (Dry Bottom only)",,,"CSNOX, CSOSG3, CSSO2G1"
"MI","Midland Cogeneration Venture",10745,"017",90328,,2023,209,193.92,,15056.74,0.007,0.001,,,0.328,0.0294,23445.436,"Pipeline Natural Gas",,"Other boiler",,"Low NOx Burner Technology (Dry Bottom only)",,,"CSNOX, CSOSG3, CSSO2G1"
"MI","Midland Cogeneration Venture",10745,"018",90329,,2023,157,144.42,,11512.35,0.007,0.001,,,0.295,0.0282,21680.769,"Pipeline Natural Gas",,"Other boiler",,"Low NOx Burner Technology (Dry Bottom only)",,,"CSNOX, CSOSG3, CSSO2G1"
"MI","Midland Cogeneration Venture",10745,"019",90330,,2023,133,123.07,,11603.64,0.005,0.001,,,0.249,0.0306,16392.898,"Pipeline Natural Gas",,"Other boiler",,"Low NOx Burner Technology (Dry Bottom only)",,,"CSNOX, CSOSG3, CSSO2G1"
"MI","Midland Cogeneration Venture",10745,"020",90331,,2023,43,34.53,,2721.99,0.001,0.0009,,,0.063,0.0323,4090.081,"Pipeline Natural Gas",,"Other boiler",,"Low NOx Burner Technology (Dry Bottom only)",,,"CSNOX, CSOSG3, CSSO2G1"
"MI","Midland Cogeneration Venture",10745,"021",90332,,2023,45,36.9,,2737.41,0.002,0.001,,,0.091,0.0342,5431.813,"Pipeline Natural Gas",,"Other boiler",,"Low NOx Burner Technology (Dry Bottom only)",,,"CSNOX, CSOSG3, CSSO2G1"
"NJ","Camden Plant Holding, LLC",10751,"002001",3583,,2023,794,715.36,79052.9,,0.223,0.001,44109.363,0.059,20.569,0.0758,742218.57,"Pipeline Natural Gas","Other Oil","Combined cycle",,"Selective Catalytic Reduction|Steam Injection",,,"ARP, CSNOX, CSOSG3, CSSO2G1, RGGI"
"NV","Las Vegas Generating Station",10761,"1",90316,,2023,1253,1088.72,33144.12,,0.105,0.001,20764.604,0.0593,3.837,0.0326,349403.151,"Pipeline Natural Gas",,"Combined cycle",,"Selective Catalytic Reduction",,,"ARP"
"NV","Las Vegas Generating Station",10761,"2",3587,,2023,2712,2524.15,64992.19,,0.21,0.001,41507.972,0.0593,3.441,0.0163,698458.866,"Pipeline Natural Gas",,"Combined cycle",,"Selective Catalytic Reduction",,,"ARP"
"NV","Las Vegas Generating Station",10761,"3",3588,,2023,2623,2439.36,63016.69,,0.207,0.001,40941.534,0.0593,3.685,0.0185,688890.928,"Pipeline Natural Gas",,"Combined cycle",,"Selective Catalytic Reduction",,,"ARP"
"NV","Las Vegas Generating Station",10761,"4",3589,,2023,2422,2240.89,57228.08,,0.186,0.001,36832.038,0.0593,2.927,0.0174,619782.481,"Pipeline Natural Gas",,"Combined cycle",,"Selective Catalytic Reduction",,,"ARP"
"NV","Las Vegas Generating Station",10761,"5",3590,,2023,2463,2290.91,59160.29,,0.186,0.001,36783.988,0.0593,3.084,0.0177,618973.654,"Pipeline Natural Gas",,"Combined cycle",,"Selective Catalytic Reduction",,,"ARP"
"VA","Hopewell Power Station",10771,"1",3591,"CS0",2023,7087,7074.59,,1374572.79,7.211,0.0062,274326.365,0.1085,148.602,0.1178,2508850.06,"Wood",,"Stoker","Dry Lime FGD","Overfire Air|Selective Non-catalytic Reduction","Baghouse",,"ARP, CSNOX, CSOSG3, CSSO2G1"
"VA","Hopewell Power Station",10771,"2",3592,"CS0",2023,7499,7491.6,,1474674.43,7.815,0.0062,295040.536,0.1087,159.456,0.1178,2696079.76,"Wood",,"Stoker","Dry Lime FGD","Overfire Air|Selective Non-catalytic Reduction","Baghouse",,"ARP, CSNOX, CSOSG3, CSSO2G1"
"VA","Altavista Power Station",10773,"1",3593,"CS0",2023,6256,6235.87,,1226446.82,5.891,0.0068,228876.719,0.1072,128.597,0.1196,2093959.507,"Wood",,"Stoker","Dry Lime FGD","Overfire Air|Selective Non-catalytic Reduction","Baghouse",,"ARP, CSNOX, CSOSG3, CSSO2G1"
"VA","Altavista Power Station",10773,"2",3594,"CS0",2023,6231,6212.93,,1222784.6,5.915,0.0068,227888.671,0.1072,127.894,0.1196,2086749.417,"Wood",,"Stoker","Dry Lime FGD","Overfire Air|Selective Non-catalytic Reduction","Baghouse",,"ARP, CSNOX, CSOSG3, CSSO2G1"
"VA","Southampton Power Station",10774,"1",3595,"CS0",2023,7316,7295.76,,1441443.9,8.283,0.0067,290218.64,0.1088,162.787,0.1218,2652698.933,"Wood",,"Stoker","Dry Lime FGD","Selective Non-catalytic Reduction|Overfire Air","Baghouse",,"ARP, CSNOX, CSOSG3, CSSO2G1"
"VA","Southampton Power Station",10774,"2",3596,"CS0",2023,7386,7371.2,,1444564.55,8.318,0.0066,290335.123,0.1088,162.901,0.1219,2653662.153,"Wood",,"Stoker","Dry Lime FGD","Selective Non-catalytic Reduction|Overfire Air","Baghouse",,"ARP, CSNOX, CSOSG3, CSSO2G1"
"CA","E. F. Oxnard Energy Facility",10776,"GTG",91465,,2023,229,169.17,5649.69,,0.767,0.027,3350.882,0.0593,18.643,0.6431,56380.117,"Natural Gas",,"Combustion turbine",,"Selective Catalytic Reduction",,,"ARP"
"WV","Chemours Belle Plant",10788,"612",10182,,2023,448,445.99,,50116.39,,,,,0.58,0.1854,6275.3,"Natural Gas",,"Dry bottom wall-fired boiler",,,,,"SIPNOX"
"NY","AG - Energy",10803,"1",3598,,2023,0,0,,,,,,,,,,"Pipeline Natural Gas","Diesel Oil","Combined cycle",,"Water Injection|Selective Catalytic Reduction",,,"ARP, CSNOX, CSOSG3, CSSO2G1, RGGI"
"NY","AG - Energy",10803,"2",3599,,2023,0,0,,,,,,,,,,"Pipeline Natural Gas","Diesel Oil","Combined cycle",,"Water Injection|Selective Catalytic Reduction",,,"ARP, CSNOX, CSOSG3, CSSO2G1, RGGI"
"NJ","E F Kenilworth, Inc.",10805,"002001",3600,,2023,7592,7550.77,128819.39,,,,,,101.989,0.1307,1561329.258,"Pipeline Natural Gas","Diesel Oil","Combined cycle",,"Water Injection",,,"SIPNOX"
"MI","Grayling Generating Station",10822,"1",90210,,2023,8304,8289.82,,1273627.79,11.796,0.011,,,134.052,0.1275,2086835.133,"Wood","Natural Gas, Tire Derived Fuel","Stoker",,"Selective Non-catalytic Reduction","Cyclone|Electrostatic Precipitator",,"CSNOX, CSOSG3, CSSO2G1"
"MA","Deer Island Treatment",10823,"S42",3602,,2023,138,118.53,1562.94,,,,1528.679,0.081,2.554,0.3457,18839.976,"Diesel Oil",,"Combustion turbine",,"Water Injection",,,"RGGI, SIPNOX"
"MA","Deer Island Treatment",10823,"S43",3603,,2023,53,36.39,443.12,,,,470.944,0.0811,2.056,0.756,5805.58,"Diesel Oil",,"Combustion turbine",,"Water Injection",,,"RGGI, SIPNOX"
"MN","Northshore Mining Silver Bay Power",10849,"PB1",89908,,2023,0,0,,,,,,,,,,"Coal","Pipeline Natural Gas","Dry bottom wall-fired boiler",,,,,"CSNOX, CSSO2G2"
"MN","Northshore Mining Silver Bay Power",10849,"PB2",89909,,2023,0,0,,,,,,,,,,"Coal","Pipeline Natural Gas","Dry bottom wall-fired boiler",,,"Baghouse",,"CSNOX, CSSO2G2"
"IL","Archer Daniels Midland Co.",10865,"FBC1",88211,"CS1",2023,7528,7502.86,,2120327.31,,,,,140.126,,,"Coal","Other Solid Fuel","Circulating fluidized bed boiler","Dry Lime FGD","Other","Baghouse",,"SIPNOX"
"IL","Archer Daniels Midland Co.",10865,"FBC2",88212,"CS1",2023,7722,7706.89,,2274946.82,,,,,151.739,,,"Coal","Other Solid Fuel","Circulating fluidized bed boiler","Dry Lime FGD","Other","Baghouse",,"SIPNOX"
"IL","Archer Daniels Midland Co.",10865,"FBC3",88213,"CS1",2023,7677,7657.33,,2177927.51,,,,,145.943,,,"Coal","Other Solid Fuel","Circulating fluidized bed boiler","Dry Lime FGD","Other","Baghouse",,"SIPNOX"
"IL","Archer Daniels Midland Co.",10865,"FBC4",88214,"CS2",2023,7079,7062.76,,2078157.6,,,,,120.536,,,"Coal","Other Solid Fuel","Circulating fluidized bed boiler","Dry Lime FGD","Other","Baghouse",,"SIPNOX"
"IL","Archer Daniels Midland Co.",10865,"FBC5",88215,"CS2",2023,7127,7112.51,,2075825.14,,,,,120.97,,,"Coal","Other Solid Fuel","Circulating fluidized bed boiler","Dry Lime FGD","Other","Baghouse",,"SIPNOX"
"IL","Archer Daniels Midland Co.",10865,"FBC6",88216,"CS2",2023,5598,5588.62,,1640646.48,,,,,94.724,,,"Coal","Other Solid Fuel","Circulating fluidized bed boiler","Dry Lime FGD","Other","Baghouse",,"SIPNOX"
"IL","Archer Daniels Midland Co.",10865,"FBC7",88217,"CS1",2023,7411,7403.17,,2149869.57,,,,,143.985,,,"Coal","Other Solid Fuel","Circulating fluidized bed boiler","Dry Lime FGD","Other|Selective Non-catalytic Reduction","Baghouse",,"SIPNOX"
"IL","Archer Daniels Midland Co.",10865,"FBC8",88218,,2023,7387,7378.22,,4995776.62,,,,,428.565,,,"Coal","Other Solid Fuel","Circulating fluidized bed boiler","Dry Lime FGD","Other|Selective Non-catalytic Reduction","Baghouse",,"SIPNOX"
"IL","Archer Daniels Midland Co.",10865,"FBC9",88219,,2023,8265,8254.43,,6407963.48,,,,,214.406,0.0528,8505804.662,"Coal","Other Solid Fuel","Circulating fluidized bed boiler","Dry Lime FGD","Other|Selective Non-catalytic Reduction","Baghouse",,"SIPNOX"
"IL","Archer Daniels Midland Co.",10865,"GB1",88220,"CP1, CS2, CS3",2023,5574,5513,,646392.15,,,,,16.067,0.0355,882674.5,"Pipeline Natural Gas",,"Other boiler",,,,,"SIPNOX"
"IL","Archer Daniels Midland Co.",10865,"GB2",88221,"CP1, CS2, CS3",2023,6587,6549.84,,772989.01,,,,,19.538,0.0357,1067411.678,"Pipeline Natural Gas",,"Other boiler",,,,,"SIPNOX"
"IL","BioUrja Renewables - Peoria, IL",10866,"13",89645,,2023,3277,3268.77,,494359.1,,,,,11.764,0.0371,634789.812,"Pipeline Natural Gas",,"Dry bottom wall-fired boiler",,"Low NOx Burner Technology (Dry Bottom only)|Other",,,"SIPNOX"
"IL","BioUrja Renewables - Peoria, IL",10866,"14",90670,,2023,3437,3434.02,,566009.37,,,,,9.096,0.0273,671121.423,"Pipeline Natural Gas",,"Dry bottom wall-fired boiler",,"Low NOx Burner Technology (Dry Bottom only)|Other",,,"SIPNOX"
"PA","Hazleton Generation",10870,"TURB2",9579,,2023,142,113.18,2717.77,,0.01,0.001,2028.416,0.0594,1.493,0.1007,34088.507,"Pipeline Natural Gas","Diesel Oil","Combustion turbine",,"Water Injection",,,"ARP, CSNOX, CSOSG3, CSSO2G1, RGGI"
"PA","Hazleton Generation",10870,"TURB3",9580,,2023,143,120.43,3255.59,,0.012,0.001,2351.262,0.0598,1.71,0.0953,39501.349,"Pipeline Natural Gas","Diesel Oil","Combustion turbine",,"Water Injection",,,"ARP, CSNOX, CSOSG3, CSSO2G1, RGGI"
"PA","Hazleton Generation",10870,"TURB4",9581,,2023,136,124.39,3483.93,,0.015,0.0011,2508.891,0.06,1.76,0.0877,41704.885,"Pipeline Natural Gas","Diesel Oil","Combustion turbine",,"Water Injection",,,"ARP, CSNOX, CSOSG3, CSSO2G1, RGGI"
"PA","Hazleton Generation",10870,"TURBIN",3605,,2023,66,53.9,2662.4,,0.013,0.0013,2103.743,0.0607,4.156,0.2896,35071.914,"Pipeline Natural Gas","Diesel Oil","Combustion turbine",,"Water Injection",,,"CSNOX, CSOSG3, CSSO2G1, RGGI"
"MA","Pittsfield Generating",50002,"1",3627,,2023,178,155.22,4390.43,,,,3428.532,0.0603,0.55,0.028,56442.196,"Pipeline Natural Gas","Diesel Oil","Combined cycle",,"Selective Catalytic Reduction|Steam Injection",,,"RGGI, SIPNOX"
"MA","Pittsfield Generating",50002,"2",3628,,2023,199,178.47,4983.98,,,,3927.395,0.0595,0.646,0.0292,65832.667,"Pipeline Natural Gas","Diesel Oil","Combined cycle",,"Selective Catalytic Reduction|Steam Injection",,,"RGGI, SIPNOX"
"MA","Pittsfield Generating",50002,"3",3629,,2023,196,176.25,5027.8,,,,3902.118,0.0602,0.598,0.0259,64706.42,"Pipeline Natural Gas","Diesel Oil","Combined cycle",,"Selective Catalytic Reduction|Steam Injection",,,"RGGI, SIPNOX"
"NJ","Linden Cogeneration Facility",50006,"004001",3630,,2023,7852,7806.9,2032679.65,,3.993,0.001,794720.862,0.0593,40.268,0.0076,13340008.874,"Pipeline Natural Gas","Diesel Oil, Process Gas","Combined cycle",,"Dry Low NOx Burners|Water Injection|Selective Catalytic Reduction",,,"ARP, CSNOX, CSOSG3, CSSO2G1, RGGI"
"NJ","Linden Cogeneration Facility",50006,"005001",3631,,2023,7086,7077.16,1000305.99,,2.146,0.001,425080.592,0.059,77.24,0.0218,7152748.653,"Pipeline Natural Gas","Other Gas","Combined cycle",,"Selective Catalytic Reduction|Steam Injection",,,"CSNOX, CSOSG3, CSSO2G1, RGGI"
"NJ","Linden Cogeneration Facility",50006,"006001",3632,,2023,7223,7212.38,1012470.31,,2.155,0.001,426784.53,0.059,75.579,0.0212,7181497.251,"Pipeline Natural Gas","Other Gas","Combined cycle",,"Selective Catalytic Reduction|Steam Injection",,,"CSNOX, CSOSG3, CSSO2G1, RGGI"
"NJ","Linden Cogeneration Facility",50006,"007001",3633,,2023,8197,8178.62,1154945.01,,2.482,0.001,491575.25,0.059,91.242,0.0223,8271463.754,"Pipeline Natural Gas","Other Gas","Combined cycle",,"Selective Catalytic Reduction|Steam Injection",,,"CSNOX, CSOSG3, CSSO2G1, RGGI"
"NJ","Linden Cogeneration Facility",50006,"008001",3634,,2023,7807,7789.4,1089512.43,,2.336,0.001,462572.632,0.059,87.51,0.0227,7783516.982,"Pipeline Natural Gas","Other Gas","Combined cycle",,"Selective Catalytic Reduction|Steam Injection",,,"CSNOX, CSOSG3, CSSO2G1, RGGI"
"NJ","Linden Cogeneration Facility",50006,"009001",3635,,2023,8169,8160.43,1158846.74,,2.503,0.001,495822.188,0.059,92.298,0.0223,8343239.723,"Pipeline Natural Gas","Other Gas","Combined cycle",,"Selective Catalytic Reduction|Steam Injection",,,"CSNOX, CSOSG3, CSSO2G1, RGGI"
"LA","Nelson Industrial Steam Company",50030,"1A",90014,,2023,2161,2158.89,,1828501.44,,,,,101.758,0.0782,2609493.857,"Petroleum Coke",,"Circulating fluidized bed boiler","Fluidized Bed Limestone Injection","Overfire Air","Baghouse",,"CSOSG2E, MATS"
"LA","Nelson Industrial Steam Company",50030,"2A",90015,,2023,50,46.5,,8353.3,,,,,0.583,0.0736,19006.965,"Petroleum Coke",,"Circulating fluidized bed boiler","Fluidized Bed Limestone Injection","Overfire Air","Baghouse",,"CSOSG2E, MATS"
"OH","McCracken Power House",50044,"B132",89146,,2023,9,9,,646,,,,,0.011,0.0319,694,"Pipeline Natural Gas",,"Other boiler",,"Low NOx Burner Technology (Dry Bottom only)",,,"SIPNOX"
"TX","Paris Energy Center",50109,"HRSG1",89668,,2023,4130,3972.99,416363.6,,1.07,0.001,211850.655,0.059,187.842,0.1086,3564777.04,"Pipeline Natural Gas","Diesel Oil","Combined cycle",,"Steam Injection",,,"ARP, CSOSG2"
"TX","Paris Energy Center",50109,"HRSG2",89669,,2023,4152,3970.64,415655.05,,1.089,0.001,215755.624,0.059,198.843,0.1148,3630511.689,"Pipeline Natural Gas","Diesel Oil","Combined cycle",,"Steam Injection",,,"ARP, CSOSG2"
"TX","New Gulf Power Facility",50137,"1",3640,,2023,663,529.32,35235.8,,0.139,0.001,27439.921,0.0591,64.369,0.3242,461717.861,"Pipeline Natural Gas",,"Combustion turbine",,"Steam Injection",,,"ARP, CSOSG2"
"WV","UCC South Charleston Plant",50151,"B26",10180,,2023,2343,2341.73,,199472.67,,,,,11.448,0.0628,340246.441,"Natural Gas",,"Other boiler",,"Low NOx Burner Technology (Dry Bottom only)",,,"SIPNOX"
"WV","UCC South Charleston Plant",50151,"B27",10181,,2023,3073,3068.58,,227266.14,,,,,11.954,0.0629,370903.027,"Natural Gas","Process Gas","Other boiler",,"Low NOx Burner Technology (Dry Bottom only)",,,"SIPNOX"
"IN","Purdue University-Wade Utility",50240,"2",88223,,2023,6972,6943.73,,558835.41,,,,,53.092,0.1435,723192.265,"Pipeline Natural Gas",,"Dry bottom wall-fired boiler",,"Low NOx Burner Technology (Dry Bottom only)","Baghouse|Cyclone",,"SIPNOX"
"IN","Purdue University-Wade Utility",50240,"3",88224,,2023,6228,6208.14,,500460.82,,,,,36.752,0.0691,1066301.933,"Natural Gas","Diesel Oil","Other boiler",,,,,"SIPNOX"
"IN","Purdue University-Wade Utility",50240,"5",9203,,2023,3394,3381.13,,300300.65,,,,,53.286,0.2039,527015.222,"Coal","Natural Gas","Circulating fluidized bed boiler","Other",,"Baghouse",,"SIPNOX"
"IN","Purdue University-Wade Utility",50240,"7",90713,,2023,7365,7349.04,,605973.18,,,,,13.058,0.0235,1067276.72,"Natural Gas",,"Other boiler",,"Combustion Modification/Fuel Reburning|Low NOx Burner Technology (Dry Bottom only)",,,"SIPNOX"
"ME","Bucksport Generation LLC",50243,"GEN4",4072,,2023,174,137.25,13756.25,,0.446,0.0053,10048.495,0.1097,6.03,0.0953,169445.25,"Natural Gas","Diesel Oil","Combined cycle",,"Dry Low NOx Burners|Water Injection",,,"ARP, RGGI"
"PA","PEI Power Corporation",50279,"2",3643,,2023,2265,2081.25,87552.5,,0.263,0.001,52053.925,0.059,35.224,0.0828,875931.075,"Pipeline Natural Gas",,"Combustion turbine",,"Water Injection",,,"ARP, CSNOX, CSOSG3, CSSO2G1, RGGI"
"MD","Luke Paper Company",50282,"PR003",3644,"CSPR06",2023,0,0,,,,,,,,,,"Coal","Diesel Oil","Cyclone boiler",,"Selective Non-catalytic Reduction","Electrostatic Precipitator",,"RGGI, SIPNOX"
"MD","Luke Paper Company",50282,"PR004",3645,"CSPR06",2023,0,0,,,,,,,,,,"Coal","Pipeline Natural Gas","Tangentially-fired",,"Low NOx Burner Technology w/ Closed-coupled OFA|Selective Non-catalytic Reduction","Cyclone|Electrostatic Precipitator",,"RGGI, SIPNOX"
"MD","Luke Paper Company",50282,"PR005",3646,"CSPR06",2023,0,0,,,,,,,,,,"Pipeline Natural Gas",,"Other boiler",,,,,"RGGI, SIPNOX"
"NY","Bethpage Energy Center",50292,"GT1",3647,,2023,2945,2858.51,77885.12,,0.217,0.001,42924.851,0.0594,47.448,0.1326,722268.483,"Pipeline Natural Gas",,"Combined cycle",,"Steam Injection",,,"ARP, CSNOX, CSOSG3, CSSO2G1, RGGI"
"NY","Bethpage Energy Center",50292,"GT2",3648,,2023,7393,7315.19,193623.92,,0.56,0.001,110843.896,0.0593,115.526,0.1252,1865471.69,"Pipeline Natural Gas",,"Combined cycle",,"Steam Injection",,,"ARP, CSNOX, CSOSG3, CSSO2G1, RGGI"
"NY","Bethpage Energy Center",50292,"GT3",8438,,2023,4042,3611.38,163044.73,,0.494,0.001,97863.627,0.0592,6.053,0.0087,1646754.823,"Pipeline Natural Gas",,"Combustion turbine",,"Water Injection|Selective Catalytic Reduction",,,"ARP, CSNOX, CSOSG3, CSSO2G1, RGGI"
"NY","Bethpage Energy Center",50292,"GT4",89507,,2023,3243,3128.52,185868.57,,0.482,0.001,95394.538,0.0592,5.259,0.007,1605174.974,"Pipeline Natural Gas",,"Combined cycle",,"Water Injection|Selective Catalytic Reduction",,,"ARP, CSNOX, CSOSG3, CSSO2G1, RGGI"
"NY","Cornell University Ithaca Campus",50368,"CT1",90477,,2023,3312,3308.49,,148815.48,,,,,1.59,0.0069,468617.944,"Pipeline Natural Gas","Diesel Oil","Combined cycle",,"Selective Catalytic Reduction",,,"SIPNOX"
"NY","Cornell University Ithaca Campus",50368,"CT2",90478,,2023,3432,3424.55,,155655.58,,,,,1.674,0.007,491954.124,"Pipeline Natural Gas","Diesel Oil","Combined cycle",,"Selective Catalytic Reduction",,,"SIPNOX"
"PA","Pixelle Specialty Solutions",50397,"036",3656,,2023,8200,8190.25,,3075706.75,,,484439.55,0.1059,584.604,0.2552,4579193.375,"Coal","Residual Oil, Process Sludge, Wood","Circulating fluidized bed boiler","Fluidized Bed Limestone Injection","Selective Non-catalytic Reduction","Electrostatic Precipitator",,"RGGI, SIPNOX"
"PA","Pixelle Specialty Solutions",50397,"038",91230,,2023,3415,3407.78,,442163.06,,,,,6.997,0.0273,511015.701,"Pipeline Natural Gas",,"Other boiler",,"Low NOx Burner Technology (Dry Bottom only)",,,"SIPNOX"
"PA","Pixelle Specialty Solutions",50397,"039",91231,,2023,3523,3520.86,,298621.37,,,,,5.711,0.0282,413152.786,"Pipeline Natural Gas",,"Other boiler",,"Low NOx Burner Technology (Dry Bottom only)",,,"RGGI, SIPNOX"
"NY","Indeck-Silver Springs Energy Center",50449,"1",3660,,2023,1074,1028.75,41692.5,,0.117,0.001,23372.75,0.0595,20.597,0.1112,392016.95,"Pipeline Natural Gas","Diesel Oil","Combined cycle",,"Steam Injection",,,"ARP, CSNOX, CSOSG3, CSSO2G1, RGGI"
"NY","Indeck-Oswego Energy Center",50450,"1",3661,,2023,843,791.25,36060,,0.095,0.001,18733,0.0592,17.69,0.1196,315214.625,"Pipeline Natural Gas","Diesel Oil","Combined cycle",,"Steam Injection",,,"ARP, CSNOX, CSOSG3, CSSO2G1, RGGI"
"NY","Indeck-Yerkes Energy Center",50451,"1",3662,,2023,807,786,32674.75,,0.1,0.0009,18630.55,0.0593,22.634,0.1486,313455.5,"Pipeline Natural Gas","Diesel Oil","Combined cycle",,"Steam Injection",,,"ARP, CSNOX, CSOSG3, CSSO2G1, RGGI"
"NY","Indeck-Corinth Energy Center",50458,"1",3663,,2023,4219,4152,523187.5,,1.261,0.001,249743.65,0.059,50.076,0.0257,4202433.45,"Pipeline Natural Gas","Diesel Oil","Combined cycle",,"Dry Low NOx Burners|Water Injection|Selective Catalytic Reduction",,,"ARP, CSNOX, CSOSG3, CSSO2G1, RGGI"
"PA","Procter & Gamble Paper Products",50463,"328001",3666,,2023,3672,3672,166531,,,,,,122.319,0.1276,1914955.4,"Pipeline Natural Gas",,"Combustion turbine",,"Steam Injection",,,"RGGI, SIPNOX"
"PA","Procter & Gamble Paper Products",50463,"328002",90828,,2023,3289,3285.5,186498.82,,,,,,6.278,0.0071,1796524.533,"Pipeline Natural Gas",,"Combustion turbine",,"Water Injection|Selective Catalytic Reduction",,,"RGGI, SIPNOX"
"NY","Covanta Niagara",50472,"BLR05",90936,,2023,190,185.25,,17402.25,,,,,0.221,0.0203,22475.65,"Pipeline Natural Gas",,"Dry bottom wall-fired boiler",,,,,"SIPNOX"
"NY","Covanta Niagara",50472,"R1B01",3667,,2023,1120,1104,,130621.75,,,12157.2,0.0594,4.55,0.0427,204573.725,"Natural Gas",,"Dry bottom wall-fired boiler",,"Selective Non-catalytic Reduction",,,"RGGI, SIPNOX"
"NY","Covanta Niagara",50472,"R1B02",91007,,2023,0,0,,,,,,,,,,"Pipeline Natural Gas",,"Dry bottom wall-fired boiler",,"Selective Non-catalytic Reduction",,,"RGGI, SIPNOX"
"VA","GP Big Island, LLC",50479,"6",89234,,2023,3126,3111.18,,385062.49,,,,,6.271,0.0237,531380.204,"Pipeline Natural Gas",,"Other boiler",,,,,"SIPNOX"
"TN","Eastman Chemical Company",50481,"253-25",9931,,2023,2993,2990.46,,1179636.72,,,,,80.004,0.0846,1884575.424,"Other Gas",,"Tangentially-fired",,"Other",,,"SIPNOX"
"TN","Eastman Chemical Company",50481,"253-26",9932,,2023,3672,3672,,1498855,,,,,99.811,0.0836,2383420,"Other Gas",,"Tangentially-fired",,"Low NOx Burner Technology w/ Closed-coupled OFA",,,"SIPNOX"
"TN","Eastman Chemical Company",50481,"253-27",9933,,2023,3653,3650.65,,1366919.19,,,,,91.25,0.087,2113827.185,"Other Gas",,"Tangentially-fired",,"Other",,,"SIPNOX"
"TN","Eastman Chemical Company",50481,"253-28",9934,,2023,3651,3648.12,,1413329.57,,,,,82.469,0.0734,2242102.247,"Other Gas",,"Tangentially-fired",,"Other",,,"SIPNOX"
"TN","Eastman Chemical Company",50481,"253-29",9935,,2023,1224,1213.39,,307837.38,,,,,19.423,0.0729,496756.981,"Other Gas",,"Tangentially-fired",,"Other",,,"SIPNOX"
"TN","Eastman Chemical Company",50481,"325-30",9936,,2023,3116,3106.06,,1499268.83,,,,,412.891,0.3756,2192992.216,"Coal","Other Gas, Process Gas, Waste Liquid","Tangentially-fired",,"Low NOx Burner Technology w/ Closed-coupled OFA","Electrostatic Precipitator",,"SIPNOX"
"TN","Eastman Chemical Company",50481,"325-31",9937,,2023,3022,3021.4,,1525728.2,,,,,296.067,0.278,2121811.18,"Coal","Other Gas, Process Gas, Waste Liquid","Dry bottom wall-fired boiler",,"Low NOx Burner Technology w/ Overfire Air","Baghouse",,"SIPNOX"
"TN","Eastman Chemical Company",50481,"83-23",9938,,2023,1949,1945.82,,421717.6,,,,,128.421,0.3875,659068.208,"Coal","Process Sludge, Waste Liquid","Stoker",,,"Electrostatic Precipitator",,"SIPNOX"
"TN","Eastman Chemical Company",50481,"83-24",9939,,2023,2338,2331.79,,496489.87,,,,,135.52,0.3331,803630.175,"Coal","Process Sludge, Waste Liquid","Stoker",,,"Electrostatic Precipitator",,"SIPNOX"
"WV","Axiall Corporation Natrium Plant",50491,"001",10084,,2023,8415,8410.75,,2639822.5,,,,,126.117,0.0818,3168946.45,"Pipeline Natural Gas","Process Gas","Dry bottom wall-fired boiler",,"Low NOx Burner Technology w/ Overfire Air",,,"SIPNOX"
"WV","Axiall Corporation Natrium Plant",50491,"002",10085,,2023,0,0,,,,,,,,,,"Coal",,"Dry bottom wall-fired boiler",,"Low NOx Burner Technology w/ Overfire Air","Baghouse",,"SIPNOX"
"WV","Axiall Corporation Natrium Plant",50491,"003",10086,,2023,7989,7984.25,,4687368.5,,,407328.775,0.059,392.224,0.1133,6871201.575,"Coal",,"Dry bottom wall-fired boiler",,"Low NOx Burner Technology w/ Overfire Air","Electrostatic Precipitator",,"SIPNOX"
"NC","Rosemary Power Station",50555,"1",89294,,2023,77,69.33,3610.72,,1.065,0.0411,4207.347,0.081,5.283,0.2035,51858.47,"Diesel Oil",,"Combined cycle",,"Water Injection",,,"ARP, CSNOX, CSSO2G1, SIPNOX"
"NC","Rosemary Power Station",50555,"2",89295,,2023,67,57.39,1430.5,,2.416,0.2095,1862.5,0.0803,2.277,0.1978,23008.3,"Diesel Oil",,"Combined cycle",,"Water Injection",,,"ARP, CSNOX, CSSO2G1, SIPNOX"
"OK","Frontier Generating Station",50558,"CC01",90991,,2023,6045,5893.96,656566.42,,1.577,0.001,312369.865,0.059,279.962,0.1068,5256208,"Pipeline Natural Gas",,"Combined cycle",,"Steam Injection",,,"ARP, CSOSG2"
"NJ","Eagle Point Power Generation",50561,"0001",3672,,2023,1372,1270.07,136838.83,,0.345,0.001,68218.811,0.0591,16.481,0.0375,1147524.308,"Pipeline Natural Gas","Diesel Oil","Combined cycle",,"Dry Low NOx Burners|Water Injection",,,"ARP, CSNOX, CSOSG3, CSSO2G1, RGGI"
"NJ","Eagle Point Power Generation",50561,"0002",3673,,2023,1125,1012.96,111128.64,,0.269,0.001,53288.272,0.0591,12.587,0.0404,896434.621,"Pipeline Natural Gas","Diesel Oil","Combined cycle",,"Dry Low NOx Burners|Water Injection",,,"ARP, CSNOX, CSOSG3, CSSO2G1, RGGI"
"PA","Vicinity Energy Philadelphia- Schuylkill",50607,"23",3674,,2023,0,0,,,,,,,,,,"Residual Oil",,"Tangentially-fired",,,,,"SIPNOX"
"PA","Vicinity Energy Philadelphia- Schuylkill",50607,"24",3675,,2023,0,0,,,,,,,,,,"Residual Oil",,"Tangentially-fired",,,,,
"PA","Vicinity Energy Philadelphia- Schuylkill",50607,"26",3676,,2023,4199,4186.72,,654002.64,,,,,42.719,0.0885,956086.471,"Pipeline Natural Gas","Diesel Oil","Dry bottom wall-fired boiler",,"Low NOx Burner Technology (Dry Bottom only)",,,"SIPNOX"
"PA","Vicinity Energy Philadelphia- Schuylkill",50607,"RSB1",90825,,2023,771,676.77,,67019.93,,,,,0.532,0.0139,74811.789,"Pipeline Natural Gas","Diesel Oil","Dry bottom wall-fired boiler",,"Low NOx Burner Technology w/ Overfire Air",,,"SIPNOX"
"PA","Vicinity Energy Philadelphia- Schuylkill",50607,"RSB2",90826,,2023,772,688.31,,78741.09,,,,,0.541,0.0136,78339.852,"Pipeline Natural Gas","Diesel Oil","Dry bottom wall-fired boiler",,"Low NOx Burner Technology w/ Overfire Air",,,"SIPNOX"
"PA","Rausch Creek Generation, LLC",50611,"031",3677,,2023,7255,7234.64,179801.85,,301.663,0.2149,386253.76,0.1167,247.195,0.1488,3269930.646,"Coal","Diesel Oil","Circulating fluidized bed boiler","Fluidized Bed Limestone Injection",,"Baghouse",,"ARP, CSNOX, CSOSG3, CSSO2G1, MATS, RGGI"
"CA","McKittrick Limited",50612,"GT1",91284,,2023,1136,1026.77,38382.39,,0.107,0.001,21275.063,0.0592,3.831,0.0274,358257.354,"Pipeline Natural Gas",,"Combustion turbine",,"Selective Catalytic Reduction",,,"ARP"
"TX","ExxonMobil Beaumont Refinery",50625,"61STK1",3679,,2023,8430,8426.3,2052472.19,,2.848,0.0002,824667.971,0.0595,68.611,0.01,13830016.282,"Natural Gas","Process Gas","Combined cycle",,"Dry Low NOx Burners|Selective Catalytic Reduction",,,"ARP, CSOSG2"
"TX","ExxonMobil Beaumont Refinery",50625,"61STK2",3680,,2023,7368,7364.53,1712314.44,,2.404,0.0003,655602.281,0.0596,55.887,0.0104,10976645.053,"Natural Gas","Process Gas","Combined cycle",,"Dry Low NOx Burners|Selective Catalytic Reduction",,,"ARP, CSOSG2"
"TX","ExxonMobil Beaumont Refinery",50625,"61STK3",3681,,2023,8569,8567.27,2078996.89,,2.708,0.0001,817553.122,0.0592,52.293,0.0076,13744583.913,"Natural Gas","Process Gas","Combined cycle",,"Dry Low NOx Burners|Selective Catalytic Reduction",,,"ARP, CSOSG2"
"IL","Exxonmobil Oil Corporation",50627,"20B1",89147,,2023,2577,2574.42,53690.22,,,,,,29.659,,,"Process Gas",,"Combined cycle",,"Steam Injection",,,"SIPNOX"
"IL","Exxonmobil Oil Corporation",50627,"55B100",89148,,2023,1286,1285.42,,161600.54,,,,,9.499,,,"Process Gas",,"Dry bottom wall-fired boiler",,"Low NOx Burner Technology (Dry Bottom only)",,,"SIPNOX"
"CO","J M Shafer",50707,"S001",90505,,2023,6650,6533.7,168004.31,,0.54,0.001,107015.501,0.0593,85.221,0.0973,1800837.217,"Pipeline Natural Gas",,"Combined cycle",,"Steam Injection",,,"ARP"
"CO","J M Shafer",50707,"S002",90506,,2023,6967,6838.07,175662.52,,0.469,0.001,92814.469,0.0593,74.365,0.0987,1561767.274,"Pipeline Natural Gas",,"Combined cycle",,"Steam Injection",,,"ARP"
"CO","J M Shafer",50707,"S003",90507,,2023,6543,6395.86,174958.44,,0.576,0.001,114135.559,0.0593,87.171,0.0946,1920571.337,"Pipeline Natural Gas",,"Combined cycle",,"Steam Injection",,,"ARP"
"CO","J M Shafer",50707,"S004",90509,,2023,6908,6777.04,168432.54,,0.562,0.001,111283.425,0.0593,82.692,0.0919,1872547.098,"Pipeline Natural Gas",,"Combined cycle",,"Steam Injection",,,"ARP"
"CO","J M Shafer",50707,"S005",90508,,2023,6118,5940.98,181024.38,,0.532,0.001,105393.197,0.0593,81.133,0.0971,1773418.834,"Pipeline Natural Gas",,"Combined cycle",,"Steam Injection",,,"ARP"
"PA","US Steel (Clairton Coke)",50729,"CLBLR1",8440,,2023,2733,2726.41,,786839.65,,,,,96.36,0.1599,1190432.227,"Other Gas",,"Cyclone boiler",,,,,"SIPNOX"
"PA","US Steel (Clairton Coke)",50729,"CLBLR2",8442,,2023,3215,3213.35,,678205.96,,,,,72.46,0.1411,968787.826,"Other Gas",,"Dry bottom wall-fired boiler",,,,,"SIPNOX"
"PA","US Steel (Edgar Thomson)",50732,"ETBLR1",9940,,2023,8305,8301.83,,2623252.67,,,,,42.675,0.0211,3917047.241,"Process Gas","Other Gas","Dry bottom wall-fired boiler",,,,,"SIPNOX"
"PA","US Steel (Edgar Thomson)",50732,"ETBLR2",9941,,2023,8376,8374.52,,2618477.64,,,,,39.149,0.0226,3595358.321,"Process Gas","Other Gas","Dry bottom wall-fired boiler",,,,,"SIPNOX"
"PA","US Steel (Edgar Thomson)",50732,"ETBLR3",9942,,2023,8352,8351.02,,2594739.33,,,,,35.046,0.0205,3516796.988,"Process Gas","Other Gas","Dry bottom wall-fired boiler",,,,,"SIPNOX"
"IN","US Steel Corp - Gary Works",50733,"701B1",89339,,2023,3640,3637.28,,782787.7,,,,,55.935,0.0878,1262710.672,"Process Gas","Pipeline Natural Gas","Dry bottom wall-fired boiler",,,,,"SIPNOX"
"IN","US Steel Corp - Gary Works",50733,"701B2",89340,,2023,3624,3612.73,,689563.53,,,,,53.196,0.0832,1167753.633,"Process Gas","Pipeline Natural Gas","Dry bottom wall-fired boiler",,,,,"SIPNOX"
"IN","US Steel Corp - Gary Works",50733,"701B3",89341,,2023,3671,3669.02,,777271.44,,,,,56.004,0.0848,1320898.886,"Process Gas","Pipeline Natural Gas","Dry bottom wall-fired boiler",,,,,"SIPNOX"
"IN","US Steel Corp - Gary Works",50733,"701B5",89343,,2023,3283,3278,,716436.82,,,,,50.359,0.0926,1069626.278,"Process Gas","Pipeline Natural Gas","Dry bottom wall-fired boiler",,,,,"SIPNOX"
"IN","US Steel Corp - Gary Works",50733,"701B6",89342,,2023,3222,3220.37,,1070495.88,,,,,89.753,0.1057,1707106.455,"Process Gas","Pipeline Natural Gas","Dry bottom wall-fired boiler",,,,,"SIPNOX"
"IN","US Steel Corp - Gary Works",50733,"720B1",89344,,2023,3578,3547.9,,1004242.56,,,,,7.793,0.0098,1661833.774,"Process Gas","Residual Oil, Pipeline Natural Gas","Dry bottom wall-fired boiler",,,,,"SIPNOX"
"IN","US Steel Corp - Gary Works",50733,"720B2",89345,,2023,3403,3400.44,,1015607.32,,,,,5.583,0.0076,1635673.65,"Process Gas","Residual Oil, Pipeline Natural Gas","Dry bottom wall-fired boiler",,,,,"SIPNOX"
"IN","US Steel Corp - Gary Works",50733,"720B3",89346,,2023,3285,3277.79,,1012332.97,,,,,36.477,0.0453,1605118.259,"Process Gas","Pipeline Natural Gas","Dry bottom wall-fired boiler",,,,,"SIPNOX"
"NY","Sterling Power Plant",50744,"00001",3692,,2023,56,50.81,1529.94,,0.005,0.001,1083.907,0.0593,1.887,0.2126,18237.406,"Pipeline Natural Gas",,"Combined cycle",,"Steam Injection",,,"ARP, CSNOX, CSOSG3, CSSO2G1, RGGI"
"PA","Panther Creek Energy Facility",50776,"1",3693,,2023,7026,7001.96,,2316586.8,172.561,0.0996,,,144.651,0.0831,3479263.188,"Coal",,"Circulating fluidized bed boiler","Fluidized Bed Limestone Injection","Ammonia Injection","Baghouse",,"CSNOX, CSOSG3, CSSO2G1, MATS, RGGI"
"PA","Panther Creek Energy Facility",50776,"2",3694,,2023,7366,7339.74,,2291158.45,257.89,0.1385,,,146.894,0.0809,3511746.084,"Coal",,"Circulating fluidized bed boiler","Fluidized Bed Limestone Injection","Ammonia Injection","Baghouse",,"CSNOX, CSOSG3, CSSO2G1, MATS, RGGI"
"NJ","EFS Parlin Holdings, LLC",50799,"001001",3696,,2023,101,89.04,3879.68,,0.011,0.001,2271.824,0.0591,1.09,0.067,38235.35,"Pipeline Natural Gas","Diesel Oil","Combined cycle",,"Selective Catalytic Reduction|Steam Injection",,,"ARP, CSNOX, CSOSG3, CSSO2G1, RGGI"
"NJ","EFS Parlin Holdings, LLC",50799,"003001",3697,,2023,123,109.35,4783.24,,0.014,0.001,2832.172,0.0592,1.444,0.0703,47658.863,"Pipeline Natural Gas","Diesel Oil","Combined cycle",,"Selective Catalytic Reduction|Steam Injection",,,"ARP, CSNOX, CSOSG3, CSSO2G1, RGGI"
"TX","Odyssey Energy Altura Cogen, LLC",50815,"ENG101",10087,,2023,8319,8298.43,634249.61,,2.138,0.001,423411.196,0.059,77.839,0.0221,7124565.269,"Pipeline Natural Gas",,"Combined cycle",,"Dry Low NOx Burners",,,"ARP, CSOSG2"
"TX","Odyssey Energy Altura Cogen, LLC",50815,"ENG201",10088,,2023,7941,7921.9,631484.38,,2.1,0.001,416046.564,0.059,73.992,0.0215,7000505.584,"Pipeline Natural Gas",,"Combined cycle",,"Dry Low NOx Burners",,,"ARP, CSOSG2"
"TX","Odyssey Energy Altura Cogen, LLC",50815,"ENG301",10089,,2023,8155,8127.22,640070.42,,2.038,0.001,403759.152,0.059,61.374,0.0186,6794024.481,"Pipeline Natural Gas",,"Combined cycle",,"Dry Low NOx Burners",,,"ARP, CSOSG2"
"TX","Odyssey Energy Altura Cogen, LLC",50815,"ENG401",10090,,2023,7398,7371.3,587404.01,,1.855,0.001,367453.446,0.059,57.598,0.0191,6183041.097,"Pipeline Natural Gas",,"Combined cycle",,"Dry Low NOx Burners",,,"ARP, CSOSG2"
"TX","Odyssey Energy Altura Cogen, LLC",50815,"ENG501",10091,,2023,7813,7786.49,604772.51,,1.967,0.001,389547.032,0.059,75.371,0.0231,6554848.356,"Pipeline Natural Gas",,"Combined cycle",,"Dry Low NOx Burners",,,"ARP, CSOSG2"
"TX","Odyssey Energy Altura Cogen, LLC",50815,"ENG601",10092,,2023,8076,8057.57,624351.45,,1.931,0.001,382384.317,0.059,53.809,0.0169,6434394.88,"Pipeline Natural Gas",,"Combined cycle",,"Dry Low NOx Burners",,,"ARP, CSOSG2"
"MI","TES Filer City Station",50835,"1",90183,,2023,6531,6518.75,,1603233.76,70.589,0.0623,,,463.515,0.4082,2270106.365,"Coal","Pipeline Natural Gas, Tire Derived Fuel, Wood","Stoker","Dry Lime FGD",,"Baghouse",,"CSNOX, CSOSG3, CSSO2G1, MATS"
"MI","TES Filer City Station",50835,"2",90184,,2023,6315,6303.74,,1550059.45,72.043,0.0679,,,378.033,0.3589,2117534.534,"Coal","Pipeline Natural Gas, Tire Derived Fuel, Wood","Stoker","Dry Lime FGD",,"Baghouse",,"CSNOX, CSOSG3, CSSO2G1, MATS"
"NJ","Elmwood Power LLC",50852,"002001",3698,,2023,0,0,,,,,,,,,,"Pipeline Natural Gas","Diesel Oil","Combined cycle",,"Water Injection",,,"CSNOX, CSOSG3, CSSO2G1, RGGI"
"CA","Salinas River Cogeneration Facility",50865,"1",89975,,2023,6454,6415.27,207569.13,,0.856,0.001,169605.176,0.0592,19.425,0.0141,2853988.771,"Pipeline Natural Gas",,"Combustion turbine",,"Dry Low NOx Burners|Selective Catalytic Reduction",,,"ARP"
"PA","Northampton Generating Plant",50888,"NGC01",3702,,2023,5943,5943,581210,,346.672,0.1258,663737,0.116,254.419,0.0838,5708095,"Coal Refuse","Coal, Other Solid Fuel, Petroleum Coke, Tire Derived Fuel, Wood","Circulating fluidized bed boiler","Fluidized Bed Limestone Injection","Ammonia Injection","Baghouse",,"ARP, CSNOX, CSOSG3, CSSO2G1, MATS, RGGI"
"VA","WestRock Virginia Corp Covington Ops",50900,"001",10093,"CS001",2023,8454,8443.78,,2043215.02,,,,,477.383,0.392,2450584.583,"Coal","Natural Gas","Dry bottom wall-fired boiler",,"Low NOx Burner Technology (Dry Bottom only)","Electrostatic Precipitator",,"SIPNOX"
"VA","WestRock Virginia Corp Covington Ops",50900,"004",10097,"CS001",2023,4909,4893.66,,1730934.5,,,,,435.664,0.4074,2179906.08,"Coal",,"Tangentially-fired",,"Overfire Air","Electrostatic Precipitator",,"SIPNOX"
"VA","WestRock Virginia Corp Covington Ops",50900,"005",10098,,2023,2602,2588.71,,343446.07,,,,,36.181,0.142,490771.277,"Natural Gas","Diesel Oil","Dry bottom wall-fired boiler",,,,,"SIPNOX"
"VA","WestRock Virginia Corp Covington Ops",50900,"011",10094,,2023,3636,3619.87,,524739.77,,,,,10.149,0.0282,692445.312,"Natural Gas",,"Dry bottom wall-fired boiler",,"Low NOx Burner Technology (Dry Bottom only)",,,"SIPNOX"
"FL","Hardee Power Station",50949,"CT2B",3703,,2023,157,128.96,8116.86,,0.068,0.002,4991.284,0.0593,0.951,0.0333,83831.69,"Pipeline Natural Gas","Diesel Oil","Combustion turbine",,"Dry Low NOx Burners|Water Injection",,,"ARP"
"UT","Sunnyside Cogeneration Associates",50951,"1",90986,,2023,6425,6404.31,363108.72,,,,,,,,,"Coal","Diesel Oil","Circulating fluidized bed boiler","Wet Limestone",,"Baghouse",,"MATS"
"TN","Resolute Forest Products - Calhoun Ops",50956,"11",88296,,2023,0,0,,,,,,,,,,"Pipeline Natural Gas",,"Dry bottom wall-fired boiler",,,"Electrostatic Precipitator",,"SIPNOX"
"TN","Resolute Forest Products - Calhoun Ops",50956,"12",88297,,2023,0,0,,,,,,,,,,"Pipeline Natural Gas",,"Dry bottom wall-fired boiler",,,"Electrostatic Precipitator",,"SIPNOX"
"PA","Scrubgrass Generating Plant",50974,"1",3706,,2023,5119,5089.7,,1604993.85,647.163,0.6225,271593.187,0.1057,140.919,0.1126,2561518.488,"Coal",,"Circulating fluidized bed boiler","Fluidized Bed Limestone Injection","Selective Non-catalytic Reduction",,,"ARP, CSNOX, CSOSG3, CSSO2G1, MATS, RGGI"
"PA","Scrubgrass Generating Plant",50974,"2",3707,,2023,4458,4432.77,,1457777.62,521.247,0.8859,221762.946,0.1057,127.342,0.1237,2091338.733,"Coal",,"Circulating fluidized bed boiler","Fluidized Bed Limestone Injection","Selective Non-catalytic Reduction",,,"ARP, CSNOX, CSOSG3, CSSO2G1, MATS, RGGI"
"NY","Carr Street Generating Station",50978,"A",3708,,2023,2422,2228.91,69174.02,,0.246,0.001,48629.854,0.0593,10.939,0.0273,818288.998,"Pipeline Natural Gas","Diesel Oil","Combined cycle",,"Water Injection|Ammonia Injection",,,"ARP, CSNOX, CSOSG3, CSSO2G1, RGGI"
"NY","Carr Street Generating Station",50978,"B",3709,,2023,2399,2214.91,67404.56,,0.286,0.004,49332.923,0.0593,11.354,0.0288,830068.445,"Pipeline Natural Gas","Diesel Oil","Combined cycle",,"Water Injection|Ammonia Injection",,,"ARP, CSNOX, CSOSG3, CSSO2G1, RGGI"
"RI","Ocean State Power",51030,"1",3710,,2023,6526,6326.5,489827.94,,1.826,0.001,361488.575,0.0591,78.737,0.0262,6072195.162,"Pipeline Natural Gas","Diesel Oil","Combined cycle",,"Water Injection|Selective Catalytic Reduction",,,"ARP, RGGI, SIPNOX"
"RI","Ocean State Power",51030,"2",3711,,2023,5402,5246.74,389191.27,,1.418,0.001,280675.073,0.0591,62.137,0.0274,4713191.112,"Pipeline Natural Gas","Diesel Oil","Combined cycle",,"Water Injection|Selective Catalytic Reduction",,,"ARP, RGGI, SIPNOX"
"VA","Doswell Limited Partnership",52019,"501",10033,,2023,7189,7155.82,1037138.02,,2.578,0.001,506807.871,0.059,134.247,0.0319,8527293.656,"Pipeline Natural Gas","Diesel Oil","Combined cycle",,"Dry Low NOx Burners|Selective Catalytic Reduction|Steam Injection",,,"ARP, CSNOX, CSOSG3, CSSO2G1, RGGI"
"VA","Doswell Limited Partnership",52019,"502",10034,,2023,7862,7832.27,1145041.95,,2.915,0.001,574884.044,0.059,145.689,0.0304,9673005.037,"Pipeline Natural Gas","Diesel Oil","Combined cycle",,"Dry Low NOx Burners|Selective Catalytic Reduction|Steam Injection",,,"ARP, CSNOX, CSOSG3, CSSO2G1, RGGI"
"VA","Doswell Limited Partnership",52019,"601",10035,,2023,7594,7565.08,1095084.66,,2.842,0.001,553613.772,0.059,147.497,0.032,9313879.084,"Pipeline Natural Gas","Diesel Oil","Combined cycle",,"Dry Low NOx Burners|Selective Catalytic Reduction|Steam Injection",,,"ARP, CSNOX, CSOSG3, CSSO2G1, RGGI"
"VA","Doswell Limited Partnership",52019,"602",10036,,2023,7523,7486.29,1088179.86,,2.824,0.001,557201.702,0.059,144.689,0.0314,9375559.533,"Pipeline Natural Gas","Diesel Oil","Combined cycle",,"Dry Low NOx Burners|Selective Catalytic Reduction|Steam Injection",,,"ARP, CSNOX, CSOSG3, CSSO2G1, RGGI"
"VA","Doswell Limited Partnership",52019,"CT1",3712,,2023,1961,1745.19,243151.09,,0.967,0.0011,168764.022,0.0592,51.501,0.0451,2835472.471,"Pipeline Natural Gas","Diesel Oil","Combustion turbine",,"Dry Low NOx Burners|Water Injection",,,"ARP, CSNOX, CSOSG3, CSSO2G1, RGGI"
"VA","Doswell Limited Partnership",52019,"CT2",91240,,2023,2760,2489.26,353784.14,,1.234,0.001,244424.685,0.059,70.367,0.0419,4112826.586,"Pipeline Natural Gas",,"Combustion turbine",,"Dry Low NOx Burners",,,"ARP, CSNOX, CSOSG3, CSSO2G1, RGGI"
"VA","Doswell Limited Partnership",52019,"CT3",91239,,2023,2675,2420.09,342978.45,,1.195,0.001,236671.382,0.059,63.445,0.0395,3982473.563,"Pipeline Natural Gas",,"Combustion turbine",,"Dry Low NOx Burners",,,"ARP, CSNOX, CSOSG3, CSSO2G1, RGGI"
"MA","Dartmouth Power",52026,"1",3713,,2023,560,506.87,25575.52,,0.063,0.001,12561.099,0.0594,3.279,0.035,210554.673,"Pipeline Natural Gas","Diesel Oil","Combined cycle",,"Water Injection|Selective Catalytic Reduction",,,"ARP, RGGI, SIPNOX"
"MA","Dartmouth Power",52026,"2",90589,,2023,646,529.26,10086.15,,,,6783.731,0.0596,0.736,0.0159,113773.907,"Pipeline Natural Gas","Diesel Oil","Combustion turbine",,"Water Injection|Selective Catalytic Reduction",,,"SIPNOX"
"VA","Elizabeth River Combustion Turbine Sta",52087,"CT-1",88298,"CP0",2023,453,428.82,41427.48,,0.193,0.0012,29730,0.0596,31.225,0.1962,500057.5,"Pipeline Natural Gas","Diesel Oil","Combustion turbine",,"Water Injection",,,"ARP, CSNOX, CSOSG3, CSSO2G1, RGGI"
"VA","Elizabeth River Combustion Turbine Sta",52087,"CT-2",88299,"CP0",2023,647,603.95,56564.59,,0.235,0.0011,39457.6,0.0593,43.663,0.2105,665564.8,"Pipeline Natural Gas","Diesel Oil","Combustion turbine",,"Water Injection",,,"ARP, CSNOX, CSOSG3, CSSO2G1, RGGI"
"VA","Elizabeth River Combustion Turbine Sta",52087,"CT-3",88300,"CP0",2023,138,126.9,12178.5,,0.074,0.0014,8903.4,0.0605,9.917,0.2245,148196.3,"Pipeline Natural Gas","Diesel Oil","Combustion turbine",,"Water Injection",,,"ARP, CSNOX, CSOSG3, CSSO2G1, RGGI"
"TX","Texas City Cogeneration",52088,"GT-A",89949,,2023,4621,4511.53,675788.98,,1.436,0.001,284498.045,0.059,309.885,0.1321,4787210.118,"Pipeline Natural Gas",,"Combined cycle",,"Steam Injection",,,"ARP, CSOSG2"
"TX","Texas City Cogeneration",52088,"GT-B",89950,,2023,6556,6495.13,953280.94,,2.109,0.001,417758.072,0.059,135.757,0.0405,7029537.524,"Pipeline Natural Gas",,"Combined cycle",,"Dry Low NOx Burners",,,"ARP, CSOSG2"
"TX","Texas City Cogeneration",52088,"GT-C",89951,,2023,7031,6976.82,1010530.84,,2.241,0.001,443832.172,0.059,116.387,0.0325,7468354.952,"Pipeline Natural Gas",,"Combined cycle",,"Dry Low NOx Burners",,,"ARP, CSOSG2"
"VA","Celanese Acetate LLC",52089,"BLR010",91197,"CP01",2023,3672,3672,,,,,,,13.481,0.031,869452,"Pipeline Natural Gas","Diesel Oil","Other boiler",,,,,"SIPNOX"
"VA","Celanese Acetate LLC",52089,"BLR011",91198,"CP01",2023,3591,3591,,,,,,,11.142,0.029,768956.6,"Pipeline Natural Gas","Diesel Oil","Other boiler",,,,,"SIPNOX"
"VA","Celanese Acetate LLC",52089,"BLR012",91199,"CP01",2023,3431,3431,,,,,,,11.036,0.0308,711804.1,"Pipeline Natural Gas","Diesel Oil","Other boiler",,,,,"SIPNOX"
"VA","Celanese Acetate LLC",52089,"BLR013",91200,"CP01",2023,3656,3656,,,,,,,11.332,0.0308,731649.5,"Pipeline Natural Gas","Diesel Oil","Other boiler",,,,,"SIPNOX"
"VA","Celanese Acetate LLC",52089,"BLR014",91201,"CP01",2023,3079,3079,,,,,,,10.494,0.028,749065.2,"Pipeline Natural Gas","Diesel Oil","Other boiler",,,,,"SIPNOX"
"IN","BP Whiting Business Unit",52130,"3SPS31",88349,,2023,3671,3669.38,,1221121.4,,,,,14.481,0.0184,1583349.718,"Process Gas",,"Dry bottom wall-fired boiler",,"Other|Overfire Air|Selective Catalytic Reduction",,,"SIPNOX"
"IN","BP Whiting Business Unit",52130,"3SPS32",88350,,2023,1285,1283.95,,445442.65,,,,,9.856,0.0279,871560.01,"Process Gas",,"Dry bottom wall-fired boiler",,"Other|Overfire Air|Selective Catalytic Reduction",,,"SIPNOX"
"IN","BP Whiting Business Unit",52130,"3SPS33",88351,,2023,3672,3671.68,,1226465.93,,,,,12.327,0.0156,1582140.208,"Process Gas",,"Dry bottom wall-fired boiler",,"Other|Overfire Air|Selective Catalytic Reduction",,,"SIPNOX"
"IN","BP Whiting Business Unit",52130,"3SPS34",88352,,2023,3672,3672,,1225411,,,,,22.633,0.0197,2292382.5,"Process Gas",,"Dry bottom wall-fired boiler",,"Other|Overfire Air|Selective Catalytic Reduction",,,"SIPNOX"
"IN","BP Whiting Business Unit",52130,"3SPS36",88353,,2023,3672,3672,,1035558,,,,,11.613,0.0181,1284105.9,"Process Gas",,"Dry bottom wall-fired boiler",,"Other|Overfire Air|Selective Catalytic Reduction",,,"SIPNOX"
"PA","Merck & Company - West Point",52149,"039",3722,,2023,2332,2310.84,61717.99,,,,,,37.453,0.0891,839253.882,"Pipeline Natural Gas",,"Combustion turbine",,"Water Injection",,,"SIPNOX"
"PA","Merck & Company - West Point",52149,"040",3723,,2023,6653,6645.79,228234.25,,,,,,42.189,0.0291,2904630.341,"Pipeline Natural Gas",,"Combustion turbine",,"Dry Low NOx Burners",,,"SIPNOX"
"NY","Riverbay Corp. - Co-Op City",52168,"00001",89608,,2023,2277,2267.25,,186962.25,,,,,13.369,0.1063,249732.05,"Pipeline Natural Gas","Residual Oil","Dry bottom wall-fired boiler",,"Low NOx Burner Technology (Dry Bottom only)",,,"SIPNOX"
"NY","Riverbay Corp. - Co-Op City",52168,"00004",90513,,2023,2511,2501.5,28177.5,,,,,,2.583,0.0154,323851.8,"Pipeline Natural Gas","Diesel Oil","Combined cycle",,"Dry Low NOx Burners|Selective Catalytic Reduction",,,"SIPNOX"
"NY","Riverbay Corp. - Co-Op City",52168,"00006",90514,,2023,2277,2270.75,26900.5,,,,,,0.562,0.0037,307709.025,"Pipeline Natural Gas","Diesel Oil","Combined cycle",,"Dry Low NOx Burners|Selective Catalytic Reduction",,,"SIPNOX"
"NY","Riverbay Corp. - Co-Op City",52168,"0003HP",90512,,2023,2528,2510.75,,202649.25,,,,,5.087,0.0351,287881.975,"Pipeline Natural Gas","Diesel Oil","Other boiler",,"Low NOx Burner Technology (Dry Bottom only)",,,"SIPNOX"
"NY","Riverbay Corp. - Co-Op City",52168,"HPB02",91154,,2023,692,688.25,,73378,,,,,2.772,0.0533,102960.15,"Pipeline Natural Gas","Diesel Oil","Other boiler",,,,,"SIPNOX"
"TX","C. R. Wing Cogeneration Plant",52176,"1",89347,,2023,1199,1081.32,54969.24,,0.215,0.001,42525.018,0.0591,43.937,0.1253,715566.224,"Pipeline Natural Gas",,"Combined cycle",,"Steam Injection",,,"ARP, CSOSG2"
"TX","C. R. Wing Cogeneration Plant",52176,"2",89348,,2023,1082,933.99,49107.18,,0.187,0.001,37079.253,0.0591,43.891,0.1424,623937.153,"Pipeline Natural Gas",,"Combined cycle",,"Dry Low NOx Burners",,,"ARP, CSOSG2"
"DE","Delaware City Refinery",52193,"DCPP4",3736,,2023,8760,8759.55,,2331690.34,8.439,0.0056,171604.898,0.0573,60.028,0.0398,2990961.447,"Process Gas",,"Dry bottom wall-fired boiler",,,,,"ARP, SIPNOX"
"NY","Rensselaer Cogen",54034,"1GTDBS",3742,,2023,380,365.09,24664.01,,0.066,0.001,13079,0.0593,3.426,0.0444,220036.203,"Pipeline Natural Gas","Diesel Oil","Combined cycle",,"Selective Catalytic Reduction|Steam Injection",,,"ARP, CSNOX, CSOSG3, CSSO2G1, RGGI"
"NY","Lockport",54041,"011854",3743,,2023,608,595.42,23706.18,,0.093,0.001,18833.61,0.0592,16.753,0.1081,316903.459,"Pipeline Natural Gas","Diesel Oil","Combined cycle",,"Steam Injection",,,"ARP, CSNOX, CSOSG3, CSSO2G1, RGGI"
"NY","Lockport",54041,"011855",3744,,2023,588,575.66,22656.44,,0.088,0.001,17615.634,0.0591,17.25,0.1194,296479.857,"Pipeline Natural Gas","Diesel Oil","Combined cycle",,"Steam Injection",,,"ARP, CSNOX, CSOSG3, CSSO2G1, RGGI"
"NY","Lockport",54041,"011856",3745,,2023,534,519.38,20434.5,,0.082,0.001,16401.284,0.0592,16.094,0.1197,275963.072,"Pipeline Natural Gas","Diesel Oil","Combined cycle",,"Steam Injection",,,"ARP, CSNOX, CSOSG3, CSSO2G1, RGGI"
"NY","Indeck-Olean Energy Center",54076,"1",3747,,2023,617,595.5,36915.75,,0.097,0.001,19361.025,0.0592,6.122,0.044,325074.45,"Pipeline Natural Gas","Diesel Oil","Combined cycle",,"Selective Catalytic Reduction|Steam Injection",,,"ARP, CSNOX, CSOSG3, CSSO2G1, RGGI"
"VA","Spruance Operating Services, LLC",54081,"BLR03A",88192,,2023,7195,7188.55,,1067445.05,0.401,0.001,79423.954,0.0594,20.006,0.0299,1336494.058,"Pipeline Natural Gas",,"Stoker",,"Other",,,"ARP, CSNOX, CSOSG3, CSSO2G1"
"VA","Spruance Operating Services, LLC",54081,"BLR03B",88193,,2023,7739,7735.42,,1158179.59,0.438,0.001,86790.038,0.0594,21.752,0.0297,1460350.199,"Pipeline Natural Gas",,"Stoker",,"Other",,,"ARP, CSNOX, CSOSG3, CSSO2G1"
"VA","Spruance Operating Services, LLC",54081,"BLR04A",88194,,2023,8217,8214.18,,1258332.59,0.474,0.001,93867.171,0.0594,22.099,0.0279,1579424.516,"Pipeline Natural Gas",,"Stoker",,"Other",,,"ARP, CSNOX, CSOSG3, CSSO2G1"
"VA","Spruance Operating Services, LLC",54081,"BLR04B",88195,,2023,8177,8173.52,,1238314.12,0.474,0.001,93799.023,0.0594,22.934,0.029,1578360.601,"Pipeline Natural Gas",,"Stoker",,"Other",,,"ARP, CSNOX, CSOSG3, CSSO2G1"
"NY","Ticonderoga Mill",54099,"000044",3751,,2023,8161,8149.17,,2321725.32,,,,,292.86,0.1727,3312793.956,"Residual Oil","Natural Gas, Wood","Dry bottom wall-fired boiler",,"Low NOx Burner Technology w/ Overfire Air","Wet Scrubber|Wet ESP",,"SIPNOX"
"NY","KIAC Cogeneration",54114,"GT1",3752,,2023,4040,3852.24,199636.84,,0.527,0.0012,103767.544,0.0592,24.857,0.0324,1746084.869,"Pipeline Natural Gas","Diesel Oil","Combined cycle",,"Water Injection|Selective Catalytic Reduction",,,"CSNOX, CSOSG3, CSSO2G1, RGGI"
"NY","KIAC Cogeneration",54114,"GT2",3753,,2023,5932,5850.7,276547.2,,0.717,0.001,141927.435,0.0592,32.414,0.0283,2388088.282,"Pipeline Natural Gas","Diesel Oil","Combined cycle",,"Water Injection|Selective Catalytic Reduction",,,"CSNOX, CSOSG3, CSSO2G1, RGGI"
"NY","World Generation X, LLC",54131,"NTCT1",3754,,2023,1404,1390.36,50984.23,,0.202,0.0009,37772.271,0.0592,23.553,0.076,635611.841,"Pipeline Natural Gas","Diesel Oil","Combined cycle",,"Steam Injection",,,"CSNOX, CSOSG3, CSSO2G1, RGGI"
"NY","Nissequogue Energy Center",54149,"1",3757,,2023,7958,7948.81,494998.45,,0.944,0.001,186917.544,0.0593,133.958,0.0857,3144275.592,"Pipeline Natural Gas","Diesel Oil","Combustion turbine",,"Water Injection",,,"CSNOX, CSOSG3, CSSO2G1, RGGI"
"CA","DTE Stockton",54238,"BIOMS1",90649,,2023,7613,7577.39,352341.42,,0.467,0.0006,516181.751,0.1029,103.585,0.0414,4953593.422,"Wood",,"Stoker","Wet Lime FGD","Selective Catalytic Reduction","Electrostatic Precipitator",,"ARP"
"NV","Saguaro",54271,"A01",91470,,2023,2391,2378.18,107779.41,,0.293,0.001,57952.986,0.0592,106.721,0.2183,975165.76,"Pipeline Natural Gas",,"Combined cycle",,"Selective Catalytic Reduction|Steam Injection",,,"ARP"
"NV","Saguaro",54271,"A02",91471,,2023,2320,2305.93,106986.93,,0.295,0.001,58412.031,0.0592,107.297,0.2181,982867.951,"Pipeline Natural Gas",,"Combined cycle",,"Selective Catalytic Reduction|Steam Injection",,,"ARP"
"NC","University of NC Chapel Hill",54276,"ES001",9943,,2023,2607,2603.56,,235070.74,,,,,27.963,0.1176,438252.353,"Coal","Diesel Oil, Pipeline Natural Gas","Circulating fluidized bed boiler","Fluidized Bed Limestone Injection",,"Baghouse",,"SIPNOX"
"NC","University of NC Chapel Hill",54276,"ES002",9944,,2023,1894,1891.98,,167872.96,,,,,17.092,0.1182,255013.173,"Coal","Diesel Oil, Pipeline Natural Gas","Circulating fluidized bed boiler","Fluidized Bed Limestone Injection",,"Baghouse",,"SIPNOX"
"NC","University of NC Chapel Hill",54276,"ES003",9945,,2023,825,812.49,,66569.51,,,,,2.976,0.0607,97134.469,"Pipeline Natural Gas","Diesel Oil","Dry bottom wall-fired boiler",,,,,"SIPNOX"
"RI","Ocean State Power II",54324,"3",3760,,2023,4457,4303.72,308370.91,,1.175,0.001,232618.237,0.0592,56.424,0.0299,3909611.855,"Pipeline Natural Gas","Diesel Oil","Combined cycle",,"Water Injection|Selective Catalytic Reduction",,,"ARP, RGGI, SIPNOX"
"RI","Ocean State Power II",54324,"4",3761,,2023,5592,5410.78,422662.47,,1.548,0.001,306439.083,0.0592,70.844,0.0281,5147281.429,"Pipeline Natural Gas","Diesel Oil","Combined cycle",,"Water Injection|Selective Catalytic Reduction",,,"ARP, RGGI, SIPNOX"
"FL","Orange Cogeneration Facility",54365,"1",3762,,2023,4102,3550.59,180164.01,,0.414,0.001,81938.835,0.0592,34.558,0.0584,1378827.073,"Pipeline Natural Gas",,"Combined cycle",,"Water Injection|Dry Low NOx Burners",,,"ARP"
"FL","Orange Cogeneration Facility",54365,"2",3763,,2023,5447,4896.18,249912.53,,0.572,0.001,113371.313,0.0592,48.131,0.0521,1907680.496,"Pipeline Natural Gas",,"Combined cycle",,"Water Injection|Dry Low NOx Burners",,,"ARP"
"MI","Cadillac Renewable Energy",54415,"EUBLR",90201,,2023,8406,8400.41,130998.72,,63.03,0.0462,,,196.316,0.145,2716695.564,"Wood",,"Stoker",,"Selective Non-catalytic Reduction","Cyclone|Electrostatic Precipitator",,"CSNOX, CSOSG3, CSSO2G1"
"FL","Mulberry Cogeneration Facility",54426,"1",3772,,2023,4323,3901.29,442418.45,,1.049,0.001,207873.044,0.059,84.996,0.0547,3497993.644,"Pipeline Natural Gas","Diesel Oil","Combined cycle",,"Dry Low NOx Burners",,,"ARP"
"FL","Orlando CoGen",54466,"1",3773,,2023,8539,8530.76,1039304.12,,2.427,0.001,480738.796,0.059,247.307,0.0622,8089331.627,"Pipeline Natural Gas",,"Combined cycle",,"Dry Low NOx Burners",,,"ARP"
"WA","Sumas Generating Station",54476,"CT-1",90428,,2023,7052,7029.97,583742.94,,7.634,0.002,429035.52,0.059,59.104,0.0167,7219028.803,"Natural Gas",,"Combined cycle",,"Selective Catalytic Reduction|Steam Injection",,,"ARP"
"WA","Ferndale Generating Station",54537,"CT-1A",90752,,2023,6506,6495.01,528548.17,,7.868,0.002,409900.634,0.0591,86.593,0.0253,6889654.854,"Natural Gas","Diesel Oil","Combined cycle",,"Selective Catalytic Reduction|Steam Injection",,,"ARP"
"WA","Ferndale Generating Station",54537,"CT-1B",90753,,2023,6129,6101.25,476293.69,,7.248,0.002,377718.031,0.0591,77.037,0.0246,6348717.29,"Natural Gas","Diesel Oil","Combined cycle",,"Selective Catalytic Reduction|Steam Injection",,,"ARP"
"NY","Independence",54547,"1",3774,,2023,4423,4275.52,949443.28,,2.042,0.001,404513.714,0.059,50.94,0.0227,6806718.061,"Pipeline Natural Gas",,"Combined cycle",,"Dry Low NOx Burners|Selective Catalytic Reduction",,,"ARP, CSNOX, CSOSG3, CSSO2G1, RGGI"
"NY","Independence",54547,"2",3775,,2023,5185,5043.47,1081815.62,,2.389,0.001,473253.445,0.059,54.765,0.019,7963385.18,"Pipeline Natural Gas",,"Combined cycle",,"Dry Low NOx Burners|Selective Catalytic Reduction",,,"ARP, CSNOX, CSOSG3, CSSO2G1, RGGI"
"NY","Independence",54547,"3",3776,,2023,4392,4265.24,955284.43,,2.043,0.001,404776.102,0.059,48.409,0.0207,6811130.985,"Pipeline Natural Gas",,"Combined cycle",,"Dry Low NOx Burners|Selective Catalytic Reduction",,,"ARP, CSNOX, CSOSG3, CSSO2G1, RGGI"
"NY","Independence",54547,"4",3777,,2023,4850,4708.37,1032775.57,,2.25,0.001,445629.774,0.059,56.645,0.0219,7498615.028,"Pipeline Natural Gas",,"Combined cycle",,"Dry Low NOx Burners|Selective Catalytic Reduction",,,"ARP, CSNOX, CSOSG3, CSSO2G1, RGGI"
"IL","Ingredion Incorporated Argo Plant",54556,"B06",10116,,2023,6106,6092.23,,1413904.66,,,,,52.416,0.0558,1952671.319,"Pipeline Natural Gas",,"Other boiler",,"Other",,,"SIPNOX"
"IL","Ingredion Incorporated Argo Plant",54556,"B07",88140,,2023,8270,8255.34,,1421013.35,,,,,48.787,0.0545,1863970.71,"Pipeline Natural Gas",,"Other boiler",,"Other",,,"SIPNOX"
"IL","Ingredion Incorporated Argo Plant",54556,"B08",88141,,2023,7970,7960.04,,1646190.45,,,,,5.501,0.0044,2350726.938,"Pipeline Natural Gas",,"Other boiler",,"Low NOx Burner Technology (Dry Bottom only)|Selective Catalytic Reduction",,,"SIPNOX"
"IL","Ingredion Incorporated Argo Plant",54556,"B10",89733,,2023,6519,6505.8,,2029173.36,,,,,185.804,0.1127,3890032.731,"Pipeline Natural Gas","Coal","Circulating fluidized bed boiler","Fluidized Bed Limestone Injection","Selective Non-catalytic Reduction","Baghouse",,"SIPNOX"
"NY","Saranac Power Partners, LP",54574,"00001",3780,,2023,2715,2605.6,198538.26,,0.582,0.001,115183.562,0.059,26.539,0.0349,1938219.395,"Pipeline Natural Gas",,"Combined cycle",,"Selective Catalytic Reduction",,,"ARP, CSNOX, CSOSG3, CSSO2G1, RGGI"
"NY","Saranac Power Partners, LP",54574,"00002",3781,,2023,513,494.16,45651.73,,0.13,0.001,25683.19,0.059,5.834,0.0356,432158.862,"Pipeline Natural Gas",,"Combined cycle",,"Selective Catalytic Reduction",,,"ARP, CSNOX, CSOSG3, CSSO2G1, RGGI"
"MA","Tanner Street Generation, LLC",54586,"2",90384,,2023,0,0,,,,,,,,,,"Pipeline Natural Gas","Diesel Oil","Combined cycle",,"Water Injection|Selective Catalytic Reduction",,,"ARP, RGGI, SIPNOX"
"NY","Massena Energy Facility",54592,"001",3783,,2023,295,287.76,14391.11,,0.057,0.001,11273.405,0.059,3.416,0.0501,189702.148,"Pipeline Natural Gas","Diesel Oil","Combined cycle",,"Selective Catalytic Reduction|Steam Injection",,,"ARP, CSNOX, CSOSG3, CSSO2G1, RGGI"
"NY","Batavia Energy",54593,"1",3784,,2023,147,134.47,4648.48,,0.017,0.001,3454.159,0.0592,3.505,0.1379,58134.733,"Pipeline Natural Gas",,"Combined cycle",,"Steam Injection",,,"ARP, CSNOX, CSOSG3, CSSO2G1, RGGI"
"CT","Pratt & Whitney, East Hartford",54605,"001",3785,,2023,7083,7072.94,128143,,,,87693.539,0.0594,17.602,0.0239,1475589.984,"Pipeline Natural Gas","Diesel Oil","Combustion turbine",,"Water Injection|Selective Catalytic Reduction",,,"RGGI, SIPNOX"
"PA","St. Nicholas Cogeneration Project",54634,"1",3787,,2023,8236,8223.74,,5649102.38,987.582,0.1901,1243314.422,0.119,309.681,0.0603,10408252.588,"Coal Refuse","Residual Oil","Circulating fluidized bed boiler","Fluidized Bed Limestone Injection",,"Baghouse",,"ARP, CSNOX, CSOSG3, CSSO2G1, MATS, RGGI"
"PA","Domtar Paper Company, LLC",54638,"040",3788,"CS1",2023,1679,1667.81,,120790.41,,,,,5.866,0.0653,192474.457,"Natural Gas",,"Dry bottom wall-fired boiler",,"Low NOx Burner Technology (Dry Bottom only)",,,"RGGI, SIPNOX"
"PA","Domtar Paper Company, LLC",54638,"041",3789,"CS1",2023,3519,3514.65,,328346.14,,,,,14.698,0.0556,574534.304,"Natural Gas",,"Dry bottom wall-fired boiler",,"Low NOx Burner Technology (Dry Bottom only)",,,"RGGI, SIPNOX"
"NJ","Lakewood",54640,"001001",3790,,2023,1135,1105.13,83470.66,,0.534,0.0014,60796.102,0.0593,9.719,0.0229,1017873.928,"Pipeline Natural Gas","Diesel Oil","Combined cycle",,"Water Injection|Selective Catalytic Reduction",,,"ARP, CSNOX, CSOSG3, CSSO2G1, RGGI"
"NJ","Lakewood",54640,"002001",3791,,2023,1096,1075.2,81597.76,,0.466,0.0013,59202.935,0.0592,7.693,0.0179,992510.126,"Pipeline Natural Gas","Diesel Oil","Combined cycle",,"Water Injection|Selective Catalytic Reduction",,,"ARP, CSNOX, CSOSG3, CSSO2G1, RGGI"
"AZ","Yuma Cogeneration Associates",54694,"4101",91085,,2023,3809,3724.13,154372.51,,0.421,0.001,83463.682,0.0592,52.612,0.0767,1404428.623,"Pipeline Natural Gas",,"Combined cycle",,"Steam Injection",,,"ARP"
"CA","Goal Line",54749,"1",3795,,2023,400,344.97,14051.72,,0.037,0.001,7411.016,0.0593,0.944,0.0236,124697.843,"Pipeline Natural Gas",,"Combined cycle",,"Water Injection|Selective Catalytic Reduction",,,"ARP"
"MI","Genesee Power Station",54751,"01",90200,,2023,8050,8027.46,137029.01,,78.162,0.0764,,,178.632,0.1688,2100408.017,"Wood","Tire Derived Fuel","Stoker",,"Selective Non-catalytic Reduction","Cyclone|Electrostatic Precipitator",,"CSNOX, CSOSG3, CSSO2G1"
"OR","Hermiston",54761,"1",3796,,2023,7053,7046.73,1351447.63,,3.016,0.001,597517.933,0.059,70.653,0.0143,10054447.333,"Pipeline Natural Gas",,"Combined cycle",,"Selective Catalytic Reduction",,,"ARP"
"OR","Hermiston",54761,"2",3797,,2023,7762,7739.67,1679816.61,,3.649,0.001,722873.746,0.059,86.944,0.015,12163968.762,"Pipeline Natural Gas",,"Combined cycle",,"Selective Catalytic Reduction",,,"ARP"
"CA","Live Oak Limited",54768,"GT1",91245,,2023,900,816.72,30039.51,,0.084,0.001,16684.744,0.0591,4.01,0.0468,280700.01,"Pipeline Natural Gas",,"Combustion turbine",,"Selective Catalytic Reduction",,,"ARP"
"PA","Grays Ferry Cogen Partnership",54785,"2",3798,,2023,8258,8243.23,895049.45,,3.249,0.001,643644.096,0.059,161.354,0.03,10830110.43,"Pipeline Natural Gas","Diesel Oil","Combined cycle",,"Dry Low NOx Burners|Selective Catalytic Reduction",,,"ARP, CSNOX, CSOSG3, CSSO2G1, RGGI"
"PA","Grays Ferry Cogen Partnership",54785,"25",3799,,2023,8483,8471.96,,1539789.37,0.648,0.001,127852.422,0.0593,59.223,0.0552,2148867.219,"Pipeline Natural Gas","Diesel Oil","Dry bottom wall-fired boiler",,"Low NOx Burner Technology (Dry Bottom only)|Other",,,"CSNOX, CSOSG3, CSSO2G1, RGGI"
"MD","American Sugar Refining, Inc.",54795,"C6",91290,,2023,7439,7350.42,,943295.06,,,,,28.189,0.0412,1378075.452,"Natural Gas",,"Dry bottom wall-fired boiler",,"Combustion Modification/Fuel Reburning",,,"SIPNOX"
"MA","Milford Power, LLC",54805,"1",3800,,2023,1536,1499.28,221815.02,,0.543,0.001,107542.912,0.059,15.931,0.0294,1809641.12,"Pipeline Natural Gas",,"Combined cycle",,"Selective Catalytic Reduction|Steam Injection",,,"ARP, RGGI, SIPNOX"
"TX","Johnson County Generation Facility",54817,"EAST",3804,,2023,5725,5698.44,1165178.14,,2.683,0.001,530032.853,0.059,133.348,0.0307,8918645.686,"Pipeline Natural Gas","Diesel Oil","Combined cycle",,"Selective Catalytic Reduction",,,"ARP, CSOSG2"
"MD","Brandywine Power Facility",54832,"1",3806,,2023,3797,3466.07,311163.93,,0.793,0.001,156968.07,0.0592,36.795,0.0395,2637981.848,"Pipeline Natural Gas","Diesel Oil, Liquified Petroleum Gas","Combined cycle",,"Water Injection|Other",,,"ARP, CSNOX, CSOSG3, CSSO2G1, RGGI"
"MD","Brandywine Power Facility",54832,"2",3807,,2023,4237,3852.17,351599.72,,0.868,0.001,171871.745,0.0591,42.148,0.0403,2890357.019,"Pipeline Natural Gas","Diesel Oil, Liquified Petroleum Gas","Combined cycle",,"Water Injection|Other",,,"ARP, CSNOX, CSOSG3, CSSO2G1, RGGI"
"VA","Gordonsville Power Station",54844,"1",10119,,2023,4319,4303.79,451277.63,,1.202,0.0011,223573.743,0.0591,50.315,0.0281,3759703.089,"Pipeline Natural Gas","Diesel Oil","Combined cycle",,"Dry Low NOx Burners|Water Injection|Selective Catalytic Reduction",,,"ARP, CSNOX, CSOSG3, CSSO2G1, RGGI"
"VA","Gordonsville Power Station",54844,"2",10120,,2023,4538,4519.37,481238.42,,1.288,0.0011,236437.158,0.0591,53.485,0.0285,3975478.572,"Pipeline Natural Gas","Diesel Oil","Combined cycle",,"Dry Low NOx Burners|Water Injection|Selective Catalytic Reduction",,,"ARP, CSNOX, CSOSG3, CSSO2G1, RGGI"
"NV","Sun Peak Generating Station",54854,"3",90972,,2023,263,200.46,12610.45,,0.05,0.001,9901.593,0.0591,12.432,0.1437,166620.613,"Pipeline Natural Gas","Diesel Oil","Combustion turbine",,"Water Injection",,,"ARP"
"NV","Sun Peak Generating Station",54854,"4",90973,,2023,217,167.65,10422.25,,0.041,0.001,8147.133,0.0591,9.878,0.137,137089.687,"Pipeline Natural Gas","Diesel Oil","Combustion turbine",,"Water Injection",,,"ARP"
"NV","Sun Peak Generating Station",54854,"5",90974,,2023,223,152.7,9427.13,,0.036,0.001,7227.148,0.0591,9.115,0.1416,121609.972,"Pipeline Natural Gas","Diesel Oil","Combustion turbine",,"Water Injection",,,"ARP"
"NY","Brooklyn Navy Yard Cogeneration",54914,"1",3809,,2023,8060,8050.65,800061.6,,2.55,0.001,505099.068,0.059,27.933,0.0067,8499037.311,"Pipeline Natural Gas","Diesel Oil","Combined cycle",,"Dry Low NOx Burners|Water Injection|Selective Catalytic Reduction",,,"ARP, CSNOX, CSOSG3, CSSO2G1, RGGI"
"NY","Brooklyn Navy Yard Cogeneration",54914,"2",3810,,2023,8435,8428.69,879319.97,,2.763,0.001,547092.454,0.0591,28.628,0.0063,9194384.697,"Pipeline Natural Gas","Diesel Oil","Combined cycle",,"Dry Low NOx Burners|Water Injection|Selective Catalytic Reduction",,,"ARP, CSNOX, CSOSG3, CSSO2G1, RGGI"
"MI","Michigan Power Limited Partnership",54915,"1",3811,,2023,8384,8378.76,1042639.9,,2.955,0.001,585369.56,0.059,135.279,0.0276,9849952.01,"Pipeline Natural Gas",,"Combined cycle",,"Dry Low NOx Burners",,,"ARP, CSNOX, CSOSG3, CSSO2G1"
"MN","Cottage Grove Cogeneration",55010,"01",3812,,2023,5578,5388.62,1068102.77,,2.564,0.001,505037.665,0.059,42.277,0.0118,8497147.69,"Pipeline Natural Gas","Diesel Oil","Combined cycle",,"Selective Catalytic Reduction",,,"ARP, CSNOX, CSSO2G2"
"WI","Whitewater Cogeneration Facility",55011,"01",3813,,2023,3573,3428.17,669281.87,,1.58,0.001,312935.541,0.0591,43.633,0.0213,5262442.89,"Pipeline Natural Gas","Diesel Oil","Combined cycle",,"Selective Catalytic Reduction",,,"ARP, CSNOX, CSOSG3, CSSO2G1"
"TX","Sweeny Cogeneration Facility",55015,"1",3814,"CP1",2023,8424,8409.63,850102.04,,3.568,0.0009,759992.627,0.059,73.729,0.0116,12788329.031,"Pipeline Natural Gas","Other Gas, Process Gas","Combustion turbine",,"Dry Low NOx Burners",,,"ARP, CSOSG2"
"TX","Sweeny Cogeneration Facility",55015,"2",3815,"CP1",2023,7755,7740.31,775046.16,,3.579,0.0009,759506.309,0.059,69.38,0.0112,12780141.711,"Pipeline Natural Gas","Other Gas, Process Gas","Combustion turbine",,"Dry Low NOx Burners",,,"ARP, CSOSG2"
"TX","Sweeny Cogeneration Facility",55015,"3",3816,"CP1",2023,8309,8276.88,823574.29,,3.489,0.0009,739271.69,0.059,65.917,0.0107,12439647.666,"Pipeline Natural Gas","Other Gas, Process Gas","Combustion turbine",,"Dry Low NOx Burners",,,"ARP, CSOSG2"
"TX","Sweeny Cogeneration Facility",55015,"4",3817,"CP1",2023,8370,8352.51,875457.42,,3.422,0.0009,728405.184,0.059,90.313,0.0152,12256810.584,"Pipeline Natural Gas","Other Gas, Process Gas","Combustion turbine",,"Dry Low NOx Burners",,,"ARP, CSOSG2"
"MA","Dighton",55026,"1",3818,,2023,2421,2376.96,355696.13,,0.842,0.001,166772.317,0.059,17.232,0.0184,2806273.854,"Pipeline Natural Gas",,"Combined cycle",,"Selective Catalytic Reduction",,,"ARP, RGGI, SIPNOX"
"WI","Depere Energy Center",55029,"B01",3819,,2023,1161,1043.2,148107.72,,0.52,0.001,97162.471,0.0591,69.767,0.0882,1633580.964,"Pipeline Natural Gas","Diesel Oil","Combustion turbine",,"Water Injection",,,"ARP, CSNOX, CSOSG3, CSSO2G1"
"ME","Androscoggin Energy",55031,"CT01",3820,,2023,260,255.41,10677.63,,1.005,0.0136,8935.512,0.0647,3.238,0.0486,136299.018,"Pipeline Natural Gas","Diesel Oil","Combustion turbine",,"Selective Catalytic Reduction",,,"ARP"
"ME","Androscoggin Energy",55031,"CT02",3821,,2023,1033,1027.36,40913.93,,0.216,0.0013,29981.891,0.0593,3.721,0.0168,503529.762,"Pipeline Natural Gas","Diesel Oil","Combustion turbine",,"Selective Catalytic Reduction",,,"ARP"
"ME","Androscoggin Energy",55031,"CT03",3822,,2023,761,756.87,31994.77,,0.119,0.001,23478.108,0.0591,3.325,0.0183,395051.245,"Pipeline Natural Gas","Diesel Oil","Combustion turbine",,"Selective Catalytic Reduction",,,"ARP"
"NM","Rio Bravo Generating Station",55039,"GT-1",3824,,2023,5113,4777.28,561576.19,,1.938,0.001,380916.687,0.059,118.358,0.0466,6408585.669,"Pipeline Natural Gas","Diesel Oil","Combustion turbine",,"Dry Low NOx Burners|Water Injection",,,"ARP"
"GA","Mid-Georgia Cogeneration",55040,"1",3825,,2023,619,578.85,77834.9,,0.225,0.0012,36785.167,0.0591,9.432,0.036,618417.321,"Pipeline Natural Gas","Diesel Oil","Combined cycle",,"Dry Low NOx Burners|Water Injection|Selective Catalytic Reduction",,,"ARP, CSNOX, CSOSG1, CSSO2G2"
"GA","Mid-Georgia Cogeneration",55040,"2",3826,,2023,592,540.6,74013.97,,0.2,0.0011,35119.023,0.0591,10.536,0.0443,590612.009,"Pipeline Natural Gas","Diesel Oil","Combined cycle",,"Dry Low NOx Burners|Water Injection|Selective Catalytic Reduction",,,"ARP, CSNOX, CSOSG1, CSSO2G2"
"MA","Berkshire Power",55041,"1",3827,,2023,404,386.12,71925.67,,0.158,0.001,30541.305,0.058,5.467,0.0538,526756.688,"Pipeline Natural Gas",,"Combined cycle",,"Selective Catalytic Reduction",,,"ARP, RGGI, SIPNOX"
"CT","Bridgeport Energy",55042,"BE1",3828,,2023,5890,5853.3,1338457.66,,2.811,0.001,556903.957,0.059,90.285,0.0199,9371045.742,"Pipeline Natural Gas",,"Combined cycle",,"Selective Catalytic Reduction",,,"ARP, RGGI, SIPNOX"
"CT","Bridgeport Energy",55042,"BE2",3829,,2023,5857,5810.83,1346333.56,,2.819,0.001,558455.657,0.059,90.244,0.0198,9397114.236,"Pipeline Natural Gas",,"Combined cycle",,"Selective Catalytic Reduction",,,"ARP, RGGI, SIPNOX"
"SC","Cherokee County Cogen",55043,"CCCP1",3830,,2023,1290,1283.91,79838.63,,0.288,0.001,56003.211,0.059,13.38,0.0293,942367.304,"Pipeline Natural Gas",,"Combined cycle",,"Selective Catalytic Reduction",,,"ARP, CSNOX, CSSO2G2, SIPNOX"
"TX","Pasadena Power Plant",55047,"CG-1",3831,,2023,6494,6485.09,1562302.38,,3.131,0.001,620183.029,0.059,76.489,0.0147,10435709.396,"Pipeline Natural Gas",,"Combined cycle",,"Dry Low NOx Burners|Selective Catalytic Reduction",,,"ARP, CSOSG2"
"TX","Pasadena Power Plant",55047,"CG-2",3832,,2023,7362,7311.41,1723568.3,,3.62,0.001,716979.47,0.059,193.519,0.0324,12064558.539,"Pipeline Natural Gas",,"Combined cycle",,"Dry Low NOx Burners|Selective Catalytic Reduction",,,"ARP, CSOSG2"
"TX","Pasadena Power Plant",55047,"CG-3",3833,,2023,7164,7109.48,1872488.68,,3.56,0.001,705201.293,0.059,132.262,0.0228,11866393.404,"Pipeline Natural Gas",,"Combined cycle",,"Dry Low NOx Burners|Selective Catalytic Reduction",,,"ARP, CSOSG2"
"RI","Tiverton Power, LLC",55048,"1",3836,,2023,6894,6828.58,1694673.89,,3.505,0.001,694375.794,0.059,58.171,0.0124,11684181.423,"Pipeline Natural Gas",,"Combined cycle",,"Selective Catalytic Reduction",,,"ARP, RGGI, SIPNOX"
"GA","Tenaska Georgia Generating Station",55061,"CT1",3837,,2023,363,322.67,48404.57,,0.15,0.001,29736.294,0.0592,10.841,0.0527,500386.569,"Pipeline Natural Gas","Diesel Oil","Combustion turbine",,"Dry Low NOx Burners|Water Injection",,,"ARP, CSNOX, CSOSG1, CSSO2G2"
"GA","Tenaska Georgia Generating Station",55061,"CT2",3838,,2023,310,274.98,41428.46,,0.129,0.001,25503.189,0.0592,8.992,0.0499,428953.72,"Pipeline Natural Gas","Diesel Oil","Combustion turbine",,"Dry Low NOx Burners|Water Injection",,,"ARP, CSNOX, CSOSG1, CSSO2G2"
"GA","Tenaska Georgia Generating Station",55061,"CT3",3839,,2023,352,307.34,45869.09,,0.143,0.001,28017.672,0.0594,8.955,0.0462,470150.006,"Pipeline Natural Gas","Diesel Oil","Combustion turbine",,"Dry Low NOx Burners|Water Injection",,,"ARP, CSNOX, CSOSG1, CSSO2G2"
"GA","Tenaska Georgia Generating Station",55061,"CT4",3840,,2023,311,280.86,42162.87,,0.129,0.001,25458.315,0.0591,8.998,0.049,428258.157,"Pipeline Natural Gas","Diesel Oil","Combustion turbine",,"Dry Low NOx Burners|Water Injection",,,"ARP, CSNOX, CSOSG1, CSSO2G2"
"GA","Tenaska Georgia Generating Station",55061,"CT5",3841,,2023,262,231.3,34380.83,,0.108,0.001,21040.172,0.0594,7.661,0.0548,353026.787,"Pipeline Natural Gas","Diesel Oil","Combustion turbine",,"Dry Low NOx Burners|Water Injection",,,"ARP, CSNOX, CSOSG1, CSSO2G2"
"GA","Tenaska Georgia Generating Station",55061,"CT6",3842,,2023,203,181.68,26874.66,,0.083,0.001,16372.275,0.0592,5.99,0.053,275274.283,"Pipeline Natural Gas","Diesel Oil","Combustion turbine",,"Dry Low NOx Burners|Water Injection",,,"ARP, CSNOX, CSOSG1, CSSO2G2"
"TX","Tenaska Frontier Generating Station",55062,"1",3843,,2023,6710,6678.15,1570069.73,,3.442,0.001,681823.401,0.059,224.006,0.0404,11473026.461,"Pipeline Natural Gas","Diesel Oil","Combined cycle",,"Dry Low NOx Burners",,,"ARP, CSOSG2"
"TX","Tenaska Frontier Generating Station",55062,"2",3844,,2023,5926,5882.7,1367785.5,,2.938,0.001,582006.576,0.059,209.657,0.0448,9793379.255,"Pipeline Natural Gas","Diesel Oil","Combined cycle",,"Dry Low NOx Burners",,,"ARP, CSOSG2"
"TX","Tenaska Frontier Generating Station",55062,"3",3845,,2023,5793,5748.14,1331743.99,,2.862,0.001,566945.628,0.059,198.51,0.0431,9539966.761,"Pipeline Natural Gas","Diesel Oil","Combined cycle",,"Dry Low NOx Burners",,,"ARP, CSOSG2"
"MS","Batesville Generation Facility",55063,"1",3846,,2023,7537,7519.41,1882208.71,,4.544,0.001,900123.986,0.059,206.764,0.0275,15146259.33,"Pipeline Natural Gas",,"Combined cycle",,"Selective Catalytic Reduction",,,"ARP, CSOSG2"
"MS","Batesville Generation Facility",55063,"2",3847,,2023,5018,4971.94,1219846.6,,2.873,0.001,569146.901,0.059,121.252,0.0259,9576980.059,"Pipeline Natural Gas",,"Combined cycle",,"Selective Catalytic Reduction",,,"ARP, CSOSG2"
"MS","Batesville Generation Facility",55063,"3",3848,,2023,6458,6379.21,1548774.35,,3.594,0.001,711946.637,0.059,151.641,0.0262,11979796.691,"Pipeline Natural Gas",,"Combined cycle",,"Selective Catalytic Reduction",,,"ARP, CSOSG2"
"TX","Blackhawk Station",55064,"001",3849,,2023,8225,8215.01,897072.65,,30.759,0.0065,537089.213,0.0598,197.139,0.0437,9001138.609,"Pipeline Natural Gas","Process Gas","Combustion turbine",,"Selective Catalytic Reduction|Dry Low NOx Burners",,,"ARP, CSOSG2"
"TX","Blackhawk Station",55064,"002",3850,,2023,7744,7730.09,843661.06,,30.703,0.007,507726.77,0.0599,210.472,0.0497,8506556.91,"Pipeline Natural Gas","Process Gas","Combustion turbine",,"Selective Catalytic Reduction|Dry Low NOx Burners",,,"ARP, CSOSG2"
"TX","Mustang Station",55065,"1",3851,,2023,6442,6335.31,1119391.09,,2.595,0.001,514065.581,0.059,184.914,0.047,8650064.664,"Pipeline Natural Gas",,"Combined cycle",,"Dry Low NOx Burners",,,"ARP, CSOSG2"
"TX","Mustang Station",55065,"2",3852,,2023,5794,5688.74,1016394.74,,2.358,0.001,467007.243,0.059,148.783,0.0423,7858373.849,"Pipeline Natural Gas",,"Combined cycle",,"Dry Low NOx Burners",,,"ARP, CSOSG2"
"ME","Maine Independence Station",55068,"1",3853,,2023,3141,2959.68,330437.92,,1.167,0.001,231109.19,0.059,31.272,0.0243,3888838.22,"Pipeline Natural Gas",,"Combined cycle",,"Dry Low NOx Burners|Selective Catalytic Reduction",,,"ARP, RGGI"
"ME","Maine Independence Station",55068,"2",3854,,2023,2446,2316.01,263369.07,,0.929,0.001,183978.321,0.059,24.117,0.0238,3095805.619,"Pipeline Natural Gas",,"Combined cycle",,"Dry Low NOx Burners|Selective Catalytic Reduction",,,"ARP, RGGI"
"AR","Pine Bluff Energy Center",55075,"CT-1",3855,,2023,7348,7334.47,1772280.94,,3.654,0.001,723729.576,0.059,279.122,0.0465,12178114.438,"Pipeline Natural Gas",,"Combined cycle",,"Dry Low NOx Burners",,,"ARP, CSOSG2"
"MS","Red Hills Generation Facility",55076,"AA001",3856,"CS001",2023,6868,6849,,9801937.5,1313.745,0.1776,1698187.9,0.1075,857.425,0.109,15619704.2,"Coal","Natural Gas","Circulating fluidized bed boiler","Fluidized Bed Limestone Injection","Other","Baghouse","Untreated PAC Sorbent Injection","ARP, CSOSG2, MATS"
"MS","Red Hills Generation Facility",55076,"AA002",3857,"CS001",2023,6877,6859.5,,10140745,1190.212,0.1525,1753680.525,0.1078,864.681,0.1071,16121531.05,"Coal","Natural Gas","Circulating fluidized bed boiler","Fluidized Bed Limestone Injection","Other","Baghouse","Untreated PAC Sorbent Injection","ARP, CSOSG2, MATS"
"NV","Desert Star Energy Center",55077,"EDE1",3860,,2023,4489,4310.39,861747,,1.931,0.001,382535.64,0.059,38.505,0.0132,6436896.438,"Pipeline Natural Gas",,"Combined cycle",,"Selective Catalytic Reduction",,,"ARP"
"NV","Desert Star Energy Center",55077,"EDE2",3861,,2023,4293,4077.15,826638.07,,1.846,0.001,365621.948,0.059,37.357,0.0136,6152341.132,"Pipeline Natural Gas",,"Combined cycle",,"Selective Catalytic Reduction",,,"ARP"
"MA","Millennium Power",55079,"1",3862,,2023,2113,2037.73,418656.19,,1.353,0.001,268093.683,0.059,38.046,0.0251,4511196.321,"Pipeline Natural Gas","Diesel Oil","Combined cycle",,"Water Injection|Selective Catalytic Reduction",,,"ARP, RGGI, SIPNOX"
"TN","Brownsville Combustion Turbine Plant",55081,"AA-001",1456,,2023,550,500.44,49770.57,,0.178,0.001,35242.362,0.059,16.073,0.0641,593007.377,"Pipeline Natural Gas",,"Combustion turbine",,"Steam Injection",,,"ARP, CSNOX, CSOSG2, CSSO2G1"
"TN","Brownsville Combustion Turbine Plant",55081,"AA-002",1457,,2023,569,518.6,51608.94,,0.168,0.001,33290.987,0.059,15.95,0.0698,560178.15,"Pipeline Natural Gas",,"Combustion turbine",,"Steam Injection",,,"ARP, CSNOX, CSOSG2, CSSO2G1"
"TN","Brownsville Combustion Turbine Plant",55081,"AA-003",1458,,2023,330,295.79,31962.67,,0.119,0.001,23558.658,0.059,17.708,0.0888,396421.605,"Pipeline Natural Gas",,"Combustion turbine",,"Water Injection",,,"ARP, CSNOX, CSOSG2, CSSO2G1"
"TN","Brownsville Combustion Turbine Plant",55081,"AA-004",1459,,2023,328,294.31,31817.97,,0.119,0.001,23630.329,0.059,17.244,0.0928,397636.256,"Pipeline Natural Gas",,"Combustion turbine",,"Water Injection",,,"ARP, CSNOX, CSOSG2, CSSO2G1"
"TX","Gregory Power Facility",55086,"101",3863,,2023,1226,1147.69,117563.36,,0.443,0.001,86407.553,0.059,21.237,0.0393,1453983.012,"Pipeline Natural Gas",,"Combined cycle",,"Dry Low NOx Burners",,,"ARP, CSOSG2"
"TX","Gregory Power Facility",55086,"102",3864,,2023,2370,2329.39,255154.01,,0.94,0.001,184499.625,0.059,44.197,0.0341,3104529.244,"Pipeline Natural Gas",,"Combined cycle",,"Dry Low NOx Burners",,,"ARP, CSOSG2"
"MI","Zeeland Generating Station",55087,"CC1",3865,,2023,3964,3844.14,583174.37,,1.953,0.001,386790.939,0.059,104.509,0.0347,6508465.67,"Pipeline Natural Gas",,"Combustion turbine",,"Dry Low NOx Burners",,,"ARP, CSNOX, CSOSG3, CSSO2G1"
"MI","Zeeland Generating Station",55087,"CC2",3866,,2023,4822,4673.16,718600.5,,2.398,0.001,475050.398,0.059,125.116,0.0339,7993662.106,"Pipeline Natural Gas",,"Combustion turbine",,"Dry Low NOx Burners",,,"ARP, CSNOX, CSOSG3, CSSO2G1"
"MI","Zeeland Generating Station",55087,"CC3",3867,,2023,6752,6731.82,1751976.81,,3.817,0.001,756046.661,0.059,69.806,0.0122,12721979.101,"Pipeline Natural Gas",,"Combined cycle",,"Dry Low NOx Burners|Selective Catalytic Reduction",,,"ARP, CSNOX, CSOSG3, CSSO2G1"
"MI","Zeeland Generating Station",55087,"CC4",3868,,2023,6820,6801.22,1731301.28,,3.959,0.001,784206.692,0.059,69.264,0.0117,13195719.04,"Pipeline Natural Gas",,"Combined cycle",,"Dry Low NOx Burners|Selective Catalytic Reduction",,,"ARP, CSNOX, CSOSG3, CSSO2G1"
"MI","Dearborn Industrial Generation",55088,"BL1100",89291,,2023,6841,6828.25,,1425607.5,450.533,0.3386,534873.4,0.201,39.212,0.0302,2628917.55,"Other Gas","Pipeline Natural Gas","Other boiler",,"Low NOx Burner Technology (Dry Bottom only)",,,"ARP, CSNOX, CSOSG3, CSSO2G1"
"MI","Dearborn Industrial Generation",55088,"BL2100",89292,,2023,6176,6162.75,,1418494.75,365.079,0.3319,429529.525,0.1952,31.182,0.0294,2179767.5,"Other Gas","Pipeline Natural Gas","Other boiler",,"Low NOx Burner Technology (Dry Bottom only)",,,"ARP, CSNOX, CSOSG3, CSSO2G1"
"MI","Dearborn Industrial Generation",55088,"BL3100",89293,,2023,6924,6917,,1296439.75,402.949,0.3149,489534.025,0.1915,38.607,0.032,2498200.95,"Other Gas","Pipeline Natural Gas","Other boiler",,"Low NOx Burner Technology (Dry Bottom only)",,,"ARP, CSNOX, CSOSG3, CSSO2G1"
"MI","Dearborn Industrial Generation",55088,"GT2100",89289,,2023,6859,6845.75,1209354.5,,3.609,0.001,714838.8,0.059,171.48,0.0287,12028569.75,"Pipeline Natural Gas",,"Combined cycle",,"Dry Low NOx Burners",,,"ARP, CSNOX, CSOSG3, CSSO2G1"
"MI","Dearborn Industrial Generation",55088,"GT3100",89290,,2023,7922,7909.5,1397098,,4.39,0.001,869716,0.059,172.615,0.0238,14634586.175,"Pipeline Natural Gas",,"Combined cycle",,"Dry Low NOx Burners",,,"ARP, CSNOX, CSOSG3, CSSO2G1"
"MI","Dearborn Industrial Generation",55088,"GTP1",3869,,2023,6350,6098.75,1021526.5,,2.979,0.001,590193.2,0.059,150.422,0.0313,9931137.425,"Pipeline Natural Gas",,"Combustion turbine",,"Dry Low NOx Burners",,,"ARP, CSNOX, CSOSG3, CSSO2G1"
"LA","Taft Cogeneration Facility",55089,"CT1",3870,,2023,8569,8565.12,1312886.05,,4.741,0.001,939161.2,0.059,226.152,0.0287,15803243.226,"Pipeline Natural Gas","Other Gas","Combined cycle",,"Dry Low NOx Burners",,,"ARP, CSOSG2E"
"LA","Taft Cogeneration Facility",55089,"CT2",3871,,2023,8304,8299.76,1248510.02,,4.669,0.001,924900.997,0.059,227.781,0.0294,15563290.375,"Pipeline Natural Gas","Other Gas","Combined cycle",,"Dry Low NOx Burners",,,"ARP, CSOSG2E"
"LA","Taft Cogeneration Facility",55089,"CT3",3872,,2023,8640,8639.02,1299958.6,,4.809,0.001,952580.66,0.059,225.865,0.0281,16028632.31,"Pipeline Natural Gas","Other Gas","Combined cycle",,"Dry Low NOx Burners",,,"ARP, CSOSG2E"
"TX","Midlothian Energy",55091,"STK1",3873,,2023,3925,3711.91,776758.92,,1.807,0.001,357969.089,0.059,48.734,0.0281,6023496.38,"Pipeline Natural Gas","Diesel Oil","Combined cycle",,"Dry Low NOx Burners|Water Injection|Selective Catalytic Reduction",,,"ARP, CSOSG2"
"TX","Midlothian Energy",55091,"STK2",3874,,2023,4605,4453.73,1026657.94,,2.253,0.001,446358.522,0.059,55.375,0.0246,7510888.515,"Pipeline Natural Gas","Diesel Oil","Combined cycle",,"Dry Low NOx Burners|Water Injection|Selective Catalytic Reduction",,,"ARP, CSOSG2"
"TX","Midlothian Energy",55091,"STK3",3875,,2023,4001,3847.26,884436.89,,1.955,0.001,387301.896,0.059,57.674,0.0286,6517082.475,"Pipeline Natural Gas","Diesel Oil","Combined cycle",,"Dry Low NOx Burners|Water Injection|Selective Catalytic Reduction",,,"ARP, CSOSG2"
"TX","Midlothian Energy",55091,"STK4",3876,,2023,4067,3881.88,870335.43,,1.97,0.001,390215.148,0.059,64.397,0.0394,6566118.223,"Pipeline Natural Gas",,"Combined cycle",,"Dry Low NOx Burners|Selective Catalytic Reduction",,,"ARP, CSOSG2"
"TX","Midlothian Energy",55091,"STK5",3877,,2023,4378,4229.61,974245.49,,2.207,0.001,437186.845,0.059,61.421,0.0254,7356537.335,"Pipeline Natural Gas",,"Combined cycle",,"Dry Low NOx Burners|Selective Catalytic Reduction",,,"ARP, CSOSG2"
"TX","Midlothian Energy",55091,"STK6",3878,,2023,4031,3894.52,900971.74,,2.018,0.001,399709.408,0.059,57.516,0.0244,6725830.503,"Pipeline Natural Gas",,"Combined cycle",,"Dry Low NOx Burners|Selective Catalytic Reduction",,,"ARP, CSOSG2"
"IN","Portside Energy",55096,"BLR1",9948,,2023,1447,1444.75,,70820.75,,,,,2.998,0.0458,130386.6,"Pipeline Natural Gas",,"Other boiler",,,,,"SIPNOX"
"IN","Portside Energy",55096,"BLR2",9949,,2023,3197,3193.5,,89111.25,,,,,3.524,0.0459,159694.2,"Pipeline Natural Gas",,"Other boiler",,,,,"SIPNOX"
"IN","Portside Energy",55096,"CT",9950,,2023,2688,2682,70245,,,,,,17.412,0.0345,1005927.3,"Pipeline Natural Gas",,"Combustion turbine",,"Dry Low NOx Burners",,,"SIPNOX"
"TX","Lamar Power Plant",55097,"1",3879,,2023,5641,5435.28,1310147.95,,2.747,0.001,544133.526,0.059,148.284,0.0384,9156021.978,"Pipeline Natural Gas",,"Combined cycle",,"Dry Low NOx Burners",,,"ARP, CSOSG2"
"TX","Lamar Power Plant",55097,"2",3880,,2023,5570,5387.1,1300994.16,,2.724,0.001,539561.969,0.059,143.201,0.0352,9079149.039,"Pipeline Natural Gas",,"Combined cycle",,"Dry Low NOx Burners",,,"ARP, CSOSG2"
"TX","Lamar Power Plant",55097,"3",3881,,2023,6834,6608.91,1572540.67,,3.334,0.001,660418.657,0.059,162.393,0.0341,11112769.975,"Pipeline Natural Gas",,"Combined cycle",,"Dry Low NOx Burners",,,"ARP, CSOSG2"
"TX","Lamar Power Plant",55097,"4",3882,,2023,6702,6540.35,1574540.44,,3.297,0.001,653188.474,0.059,159.247,0.0325,10991071.008,"Pipeline Natural Gas",,"Combined cycle",,"Dry Low NOx Burners",,,"ARP, CSOSG2"
"TX","Frontera Generation Facility",55098,"1",3883,,2023,3522,3507.03,716633.36,,1.49,0.001,295128.201,0.059,48.127,0.0198,4966085.013,"Pipeline Natural Gas",,"Combined cycle",,"Dry Low NOx Burners",,,"ARP, CSOSG2"
"TX","Frontera Generation Facility",55098,"2",3884,,2023,3482,3466.57,715721.35,,1.489,0.001,295040.724,0.059,48.261,0.0198,4964611.622,"Pipeline Natural Gas",,"Combined cycle",,"Dry Low NOx Burners",,,"ARP, CSOSG2"
"ME","Rumford Power",55100,"1",3893,,2023,2178,2118.42,413879.53,,0.888,0.001,175962.497,0.059,24.175,0.0262,2960892.075,"Pipeline Natural Gas",,"Combined cycle",,"Selective Catalytic Reduction",,,"ARP, RGGI"
"MI","Kalamazoo River Generating Station",55101,"1",3894,,2023,2840,2703.25,188487.02,,0.694,0.001,137561.454,0.059,51.978,0.0449,2314728.394,"Pipeline Natural Gas",,"Combustion turbine",,"Other",,,"ARP, CSNOX, CSOSG3, CSSO2G1"
"MI","Livingston Generating Station",55102,"1",3895,,2023,110,83.54,2589.43,,0.013,0.001,2539.957,0.0592,6.83,0.2965,42736.91,"Pipeline Natural Gas",,"Combustion turbine",,"Water Injection",,,"ARP, CSNOX, CSOSG3, CSSO2G1"
"MI","Livingston Generating Station",55102,"2",3896,,2023,105,83.42,2578.32,,0.012,0.001,2461.383,0.0589,5.638,0.262,41418.118,"Pipeline Natural Gas",,"Combustion turbine",,"Water Injection",,,"ARP, CSNOX, CSOSG3, CSSO2G1"
"MI","Livingston Generating Station",55102,"3",3897,,2023,100,83.66,2587.97,,0.013,0.001,2532.713,0.0592,5.966,0.2693,42614.242,"Pipeline Natural Gas",,"Combustion turbine",,"Water Injection",,,"ARP, CSNOX, CSOSG3, CSSO2G1"
"MI","Livingston Generating Station",55102,"4",3898,,2023,72,59.61,1836.63,,0.009,0.001,1758.98,0.0592,3.773,0.2524,29596.171,"Pipeline Natural Gas",,"Combustion turbine",,"Water Injection",,,"ARP, CSNOX, CSOSG3, CSSO2G1"
"OR","Klamath Cogeneration Project",55103,"CT1",3899,,2023,6155,6153.03,1509969.18,,3.211,0.001,636056.997,0.059,31.183,0.0059,10702887.43,"Pipeline Natural Gas",,"Combined cycle",,"Selective Catalytic Reduction",,,"ARP"
"OR","Klamath Cogeneration Project",55103,"CT2",3900,,2023,6035,6024.35,1476899.09,,3.121,0.001,618188.718,0.059,29.593,0.0058,10402269.268,"Pipeline Natural Gas",,"Combined cycle",,"Selective Catalytic Reduction",,,"ARP"
"RI","Rhode Island State Energy Center",55107,"RISEP1",3903,,2023,7043,6945.72,1866837.6,,3.823,0.001,757276.502,0.059,36.609,0.0072,12742583.226,"Pipeline Natural Gas",,"Combined cycle",,"Dry Low NOx Burners|Selective Catalytic Reduction",,,"ARP, RGGI, SIPNOX"
"RI","Rhode Island State Energy Center",55107,"RISEP2",3904,,2023,6925,6834.23,1813986.55,,3.748,0.001,742364.053,0.059,35.588,0.0071,12491682.195,"Pipeline Natural Gas",,"Combined cycle",,"Dry Low NOx Burners|Selective Catalytic Reduction",,,"ARP, RGGI, SIPNOX"
"IL","Rocky Road Power, LLC",55109,"T1",3908,,2023,72,61.61,5532.73,,0.02,0.001,3913.557,0.059,3.276,0.0992,65850.176,"Pipeline Natural Gas",,"Combustion turbine",,"Dry Low NOx Burners",,,"ARP, CSNOX, CSOSG3, CSSO2G1"
"IL","Rocky Road Power, LLC",55109,"T2",3909,,2023,84,69.98,6191.79,,0.022,0.001,4406.43,0.059,3.342,0.0995,74149.329,"Pipeline Natural Gas",,"Combustion turbine",,"Dry Low NOx Burners",,,"ARP, CSNOX, CSOSG3, CSSO2G1"
"IL","Rocky Road Power, LLC",55109,"T3",3910,,2023,16,10.3,273.14,,0.001,0.0009,170.92,0.0556,0.222,0.1431,2876.141,"Pipeline Natural Gas",,"Combustion turbine",,"Water Injection",,,"ARP, CSNOX, CSOSG3, CSSO2G1"
"IL","Rocky Road Power, LLC",55109,"T4",3911,,2023,84,72.59,6611.41,,0.023,0.001,4653.732,0.059,2.583,0.0704,78308.448,"Pipeline Natural Gas",,"Combustion turbine",,"Dry Low NOx Burners",,,"ARP, CSNOX, CSOSG3, CSSO2G1"
"OH","Madison Generating Station",55110,"1",3912,,2023,2108,1938.68,118205.69,,0.43,0.001,85125.006,0.059,21.25,0.0368,1432391.684,"Pipeline Natural Gas",,"Combustion turbine",,"Dry Low NOx Burners",,,"ARP, CSNOX, CSOSG3, CSSO2G1"
"OH","Madison Generating Station",55110,"2",3913,,2023,2319,2111.44,129514.93,,0.475,0.001,94026.897,0.059,26.595,0.0425,1582200.401,"Pipeline Natural Gas",,"Combustion turbine",,"Dry Low NOx Burners",,,"ARP, CSNOX, CSOSG3, CSSO2G1"
"OH","Madison Generating Station",55110,"3",3914,,2023,2255,2052.9,124666.29,,0.461,0.001,91259.208,0.059,24.365,0.0391,1535609.294,"Pipeline Natural Gas",,"Combustion turbine",,"Dry Low NOx Burners",,,"ARP, CSNOX, CSOSG3, CSSO2G1"
"OH","Madison Generating Station",55110,"4",3915,,2023,2366,2140.57,131358.25,,0.482,0.001,95570.182,0.059,25.484,0.0404,1608151.465,"Pipeline Natural Gas",,"Combustion turbine",,"Dry Low NOx Burners",,,"ARP, CSNOX, CSOSG3, CSSO2G1"
"OH","Madison Generating Station",55110,"5",3916,,2023,2169,1969.31,119884.31,,0.447,0.001,88502.657,0.059,25.203,0.0411,1489254.253,"Pipeline Natural Gas",,"Combustion turbine",,"Dry Low NOx Burners",,,"ARP, CSNOX, CSOSG3, CSSO2G1"
"OH","Madison Generating Station",55110,"6",3917,,2023,2157,1940.33,119093.07,,0.44,0.001,87079.247,0.059,24.55,0.0426,1465277.836,"Pipeline Natural Gas",,"Combustion turbine",,"Dry Low NOx Burners",,,"ARP, CSNOX, CSOSG3, CSSO2G1"
"OH","Madison Generating Station",55110,"7",3918,,2023,1745,1578.05,95752.68,,0.35,0.001,69322.854,0.059,19.536,0.0418,1166539.683,"Pipeline Natural Gas",,"Combustion turbine",,"Dry Low NOx Burners",,,"ARP, CSNOX, CSOSG3, CSSO2G1"
"OH","Madison Generating Station",55110,"8",3919,,2023,2163,1946.92,120041.07,,0.443,0.001,87830.69,0.059,25.219,0.0434,1477935.268,"Pipeline Natural Gas",,"Combustion turbine",,"Dry Low NOx Burners",,,"ARP, CSNOX, CSOSG3, CSSO2G1"
"IN","Vermillion Generating Station",55111,"1",3920,,2023,1219,1095.16,65431.99,,0.247,0.001,49006.754,0.059,11.937,0.0353,824622.878,"Pipeline Natural Gas",,"Combustion turbine",,"Dry Low NOx Burners",,,"ARP, CSNOX, CSOSG3, CSSO2G1"
"IN","Vermillion Generating Station",55111,"2",3921,,2023,1253,1124.74,68043.01,,0.255,0.001,50592.467,0.059,15.641,0.0428,851321.628,"Pipeline Natural Gas",,"Combustion turbine",,"Dry Low NOx Burners",,,"ARP, CSNOX, CSOSG3, CSSO2G1"
"IN","Vermillion Generating Station",55111,"3",3922,,2023,1268,1144.37,68675.95,,0.259,0.001,51322.176,0.059,12.448,0.0353,863600.117,"Pipeline Natural Gas",,"Combustion turbine",,"Dry Low NOx Burners",,,"ARP, CSNOX, CSOSG3, CSSO2G1"
"IN","Vermillion Generating Station",55111,"4",3923,,2023,1566,1413.59,85514.55,,0.328,0.001,65058.201,0.059,19.515,0.0417,1094713.263,"Pipeline Natural Gas",,"Combustion turbine",,"Dry Low NOx Burners",,,"ARP, CSNOX, CSOSG3, CSSO2G1"
"IN","Vermillion Generating Station",55111,"5",3924,,2023,1075,965.15,57316.98,,0.22,0.001,43676.015,0.059,10.005,0.0357,734930.53,"Pipeline Natural Gas",,"Combustion turbine",,"Dry Low NOx Burners",,,"ARP, CSNOX, CSOSG3, CSSO2G1"
"IN","Vermillion Generating Station",55111,"6",3925,,2023,1568,1412.41,86242.79,,0.326,0.001,64620.617,0.059,18.143,0.04,1087379.588,"Pipeline Natural Gas",,"Combustion turbine",,"Dry Low NOx Burners",,,"ARP, CSNOX, CSOSG3, CSSO2G1"
"IN","Vermillion Generating Station",55111,"7",3926,,2023,1356,1211.25,72076.46,,0.278,0.001,55143.451,0.059,14.413,0.039,927875.663,"Pipeline Natural Gas",,"Combustion turbine",,"Dry Low NOx Burners",,,"ARP, CSNOX, CSOSG3, CSSO2G1"
"IN","Vermillion Generating Station",55111,"8",3927,,2023,1372,1219.3,73206.87,,0.281,0.001,55722.939,0.059,14.178,0.0383,937641.368,"Pipeline Natural Gas",,"Combustion turbine",,"Dry Low NOx Burners",,,"ARP, CSNOX, CSOSG3, CSSO2G1"
"CA","Calpine Sutter Energy Center",55112,"CT01",3928,,2023,5962,5945.98,1393798.41,,2.813,0.001,557198.258,0.059,35.155,0.008,9375908.912,"Pipeline Natural Gas",,"Combined cycle",,"Dry Low NOx Burners|Selective Catalytic Reduction",,,"ARP"
"CA","Calpine Sutter Energy Center",55112,"CT02",3929,,2023,4056,3916.88,928735.53,,1.864,0.001,369277.452,0.059,28.597,0.0123,6213834.053,"Pipeline Natural Gas",,"Combined cycle",,"Dry Low NOx Burners|Selective Catalytic Reduction",,,"ARP"
"NC","Rockingham County Combustion Turbine",55116,"CT1",3935,,2023,1139,1013.71,151513.3,,0.487,0.001,96408.36,0.0591,38.431,0.0532,1620858.749,"Pipeline Natural Gas","Diesel Oil","Combustion turbine",,"Dry Low NOx Burners|Water Injection",,,"ARP, CSNOX, CSSO2G1, SIPNOX"
"NC","Rockingham County Combustion Turbine",55116,"CT2",3936,,2023,1514,1360,206249.29,,0.655,0.001,129713.731,0.0591,52.223,0.0537,2181882.877,"Pipeline Natural Gas","Diesel Oil","Combustion turbine",,"Dry Low NOx Burners|Water Injection",,,"ARP, CSNOX, CSSO2G1, SIPNOX"
"NC","Rockingham County Combustion Turbine",55116,"CT3",3937,,2023,1134,999.28,147318.5,,0.473,0.001,93781.158,0.059,37.516,0.0547,1577973.803,"Pipeline Natural Gas","Diesel Oil","Combustion turbine",,"Dry Low NOx Burners|Water Injection",,,"ARP, CSNOX, CSSO2G1, SIPNOX"
"NC","Rockingham County Combustion Turbine",55116,"CT4",3938,,2023,997,887.85,132017.48,,0.427,0.001,84645.124,0.0592,34.46,0.0549,1420816.308,"Pipeline Natural Gas","Diesel Oil","Combustion turbine",,"Dry Low NOx Burners|Water Injection",,,"ARP, CSNOX, CSSO2G1, SIPNOX"
"NC","Rockingham County Combustion Turbine",55116,"CT5",3939,,2023,1164,1030.56,154524.79,,0.493,0.001,97751.892,0.0591,39.239,0.0534,1644865.625,"Pipeline Natural Gas","Diesel Oil","Combustion turbine",,"Dry Low NOx Burners|Water Injection",,,"ARP, CSNOX, CSSO2G1, SIPNOX"
"LA","R S Cogen LLC",55117,"RS-5",3940,,2023,6528,6519.07,1150276.71,,3.299,0.001,653569.195,0.059,305.118,0.0547,10997540.569,"Pipeline Natural Gas",,"Combined cycle",,"Dry Low NOx Burners|Selective Catalytic Reduction",,,"ARP, CSOSG2E"
"LA","R S Cogen LLC",55117,"RS-6",3941,,2023,6292,6287.99,1017752.03,,3.184,0.001,630667.854,0.059,355.896,0.0671,10612253.122,"Pipeline Natural Gas",,"Combined cycle",,"Dry Low NOx Burners|Selective Catalytic Reduction",,,"ARP, CSOSG2E"
"TX","SRO Cogen Limited Partnership",55120,"CTG-1",3945,,2023,6421,6416.32,1404564.7,,3.273,0.001,708758.018,0.0653,81.777,0.0156,10910934.562,"Pipeline Natural Gas","Process Gas","Combined cycle",,"Dry Low NOx Burners|Selective Catalytic Reduction",,,"ARP, CSOSG2"
"TX","SRO Cogen Limited Partnership",55120,"CTG-2",3946,,2023,6133,6125.02,1274980.13,,2.988,0.001,646225.034,0.0652,89.565,0.0185,9960933.394,"Pipeline Natural Gas","Process Gas","Combined cycle",,"Dry Low NOx Burners|Selective Catalytic Reduction",,,"ARP, CSOSG2"
"TX","Magic Valley Generating Station",55123,"CTG-1",3951,,2023,5084,5043.6,1516571.11,,3.015,0.001,597241.328,0.059,79.859,0.0176,10049661.417,"Pipeline Natural Gas",,"Combined cycle",,"Selective Catalytic Reduction",,,"ARP, CSOSG2"
"TX","Magic Valley Generating Station",55123,"CTG-2",3952,,2023,5557,5511.58,1647587.54,,3.301,0.001,653911.155,0.059,99.963,0.0204,11003215.015,"Pipeline Natural Gas",,"Combined cycle",,"Selective Catalytic Reduction",,,"ARP, CSOSG2"
"AZ","Griffith Energy Project",55124,"P1",3953,,2023,7518,7501.39,1849298.81,,3.913,0.001,775136.432,0.059,57.509,0.0092,13043253.311,"Pipeline Natural Gas",,"Combined cycle",,"Dry Low NOx Burners|Selective Catalytic Reduction",,,"ARP"
"AZ","Griffith Energy Project",55124,"P2",3954,,2023,7848,7823.24,1925122.25,,4.065,0.001,805140.931,0.059,61.018,0.0095,13548127.239,"Pipeline Natural Gas",,"Combined cycle",,"Dry Low NOx Burners|Selective Catalytic Reduction",,,"ARP"
"CT","Milford Power Company LLC",55126,"CT01",3956,,2023,7778,7716.97,1803093.72,,3.962,0.001,784881.828,0.059,47.993,0.011,13207193.543,"Pipeline Natural Gas","Diesel Oil","Combined cycle",,"Water Injection|Selective Catalytic Reduction",,,"ARP, RGGI, SIPNOX"
"CT","Milford Power Company LLC",55126,"CT02",3957,,2023,7958,7899.51,1848695.03,,3.965,0.001,785385.457,0.059,45.875,0.0099,13215649.186,"Pipeline Natural Gas","Diesel Oil","Combined cycle",,"Water Injection|Selective Catalytic Reduction",,,"ARP, RGGI, SIPNOX"
"CO","Manchief Generating Station",55127,"CT1",3958,,2023,1527,1469.15,157611.26,,0.507,0.001,100384.724,0.0591,46.158,0.0571,1689132.4,"Pipeline Natural Gas",,"Combustion turbine",,"Dry Low NOx Burners",,,"ARP"
"CO","Manchief Generating Station",55127,"CT2",3959,,2023,1909,1845.94,202384.63,,0.639,0.001,126534.401,0.0591,48.397,0.048,2129223.399,"Pipeline Natural Gas",,"Combustion turbine",,"Dry Low NOx Burners",,,"ARP"
"GA","Walton County Power",55128,"T1",3960,,2023,630,577.68,83970.24,,0.259,0.001,51267.568,0.059,19.995,0.0505,862647.019,"Pipeline Natural Gas",,"Combustion turbine",,"Dry Low NOx Burners",,,"ARP, CSNOX, CSOSG1, CSSO2G2"
"GA","Walton County Power",55128,"T2",3961,,2023,658,592.69,85410.11,,0.261,0.001,51774.042,0.059,27.373,0.0672,871195.38,"Pipeline Natural Gas",,"Combustion turbine",,"Dry Low NOx Burners",,,"ARP, CSNOX, CSOSG1, CSSO2G2"
"GA","Walton County Power",55128,"T3",3962,,2023,625,566.68,82773.68,,0.253,0.001,50210.747,0.059,21.165,0.053,844919.107,"Pipeline Natural Gas",,"Combustion turbine",,"Dry Low NOx Burners",,,"ARP, CSNOX, CSOSG1, CSSO2G2"
"AZ","Desert Basin Generating Station",55129,"DBG1",3964,,2023,6306,6194.21,1574077.52,,3.536,0.001,700455.378,0.059,62.717,0.0159,11786569.896,"Pipeline Natural Gas",,"Combined cycle",,"Selective Catalytic Reduction",,,"ARP"
"AZ","Desert Basin Generating Station",55129,"DBG2",3965,,2023,5870,5748.12,1465379.24,,3.305,0.001,654744.822,0.059,58.285,0.017,11017253.54,"Pipeline Natural Gas",,"Combined cycle",,"Selective Catalytic Reduction",,,"ARP"
"AZ","Desert Basin Generating Station",55129,"DBG4",91421,,2023,366,252.6,9456.61,,0.027,0.001,5277.876,0.0592,0.755,0.0347,88820.335,"Pipeline Natural Gas",,"Combustion turbine",,"Water Injection|Selective Catalytic Reduction",,,"ARP"
"AZ","Desert Basin Generating Station",55129,"DBG5",91422,,2023,381,265.97,9989.28,,0.028,0.001,5620.417,0.0593,0.815,0.0333,94575.799,"Pipeline Natural Gas",,"Combustion turbine",,"Water Injection|Selective Catalytic Reduction",,,"ARP"
"IL","Kendall Energy Facility",55131,"GTG-1",3966,,2023,6364,6232.09,1438974.17,,3.231,0.001,640116.656,0.059,70.217,0.0195,10771163.196,"Pipeline Natural Gas",,"Combined cycle",,"Dry Low NOx Burners|Selective Catalytic Reduction|Steam Injection",,,"ARP, CSNOX, CSOSG3, CSSO2G1"
"IL","Kendall Energy Facility",55131,"GTG-2",3967,,2023,6791,6595.75,1581741.01,,3.432,0.001,679814.629,0.059,66.899,0.0173,11439184.35,"Pipeline Natural Gas",,"Combined cycle",,"Dry Low NOx Burners|Selective Catalytic Reduction|Steam Injection",,,"ARP, CSNOX, CSOSG3, CSSO2G1"
"IL","Kendall Energy Facility",55131,"GTG-3",3968,,2023,6267,6152.52,1493373.46,,3.276,0.001,649020.614,0.059,75.349,0.0181,10921085.054,"Pipeline Natural Gas",,"Combined cycle",,"Dry Low NOx Burners|Selective Catalytic Reduction|Steam Injection",,,"ARP, CSNOX, CSOSG3, CSSO2G1"
"IL","Kendall Energy Facility",55131,"GTG-4",3969,,2023,6555,6372.91,1516953.03,,3.376,0.001,668656.17,0.059,75.877,0.0211,11251412.569,"Pipeline Natural Gas",,"Combined cycle",,"Dry Low NOx Burners|Selective Catalytic Reduction|Steam Injection",,,"ARP, CSNOX, CSOSG3, CSSO2G1"
"TX","Tenaska Gateway Generating Station",55132,"OGTDB1",3970,,2023,4535,4423.37,977220.61,,2.157,0.001,427336.966,0.059,131.293,0.0412,7190765.449,"Pipeline Natural Gas","Diesel Oil","Combined cycle",,"Dry Low NOx Burners",,,"ARP, CSOSG2"
"TX","Tenaska Gateway Generating Station",55132,"OGTDB2",3971,,2023,5008,4930.28,1131378.65,,2.408,0.001,476985.601,0.059,147.827,0.0403,8026151.619,"Pipeline Natural Gas","Diesel Oil","Combined cycle",,"Dry Low NOx Burners",,,"ARP, CSOSG2"
"TX","Tenaska Gateway Generating Station",55132,"OGTDB3",3972,,2023,5053,4967.04,1130666.87,,2.455,0.001,486394.077,0.059,139.868,0.0365,8184452.71,"Pipeline Natural Gas","Diesel Oil","Combined cycle",,"Dry Low NOx Burners",,,"ARP, CSOSG2"
"WI","Neenah Energy Facility",55135,"CT01",3973,,2023,2327,2129.4,294700.99,,0.995,0.0009,196354.1,0.059,73.167,0.1208,3327841.9,"Pipeline Natural Gas",,"Combustion turbine",,"Dry Low NOx Burners",,,"ARP, CSNOX, CSOSG3, CSSO2G1"
"WI","Neenah Energy Facility",55135,"CT02",3974,,2023,2471,2261.94,318016.61,,1.067,0.0009,208860.6,0.059,78.802,0.1194,3540096.4,"Pipeline Natural Gas",,"Combustion turbine",,"Dry Low NOx Burners",,,"ARP, CSNOX, CSOSG3, CSSO2G1"
"TX","Rio Nogales Power Project, LP",55137,"CTG-1",3975,,2023,6378,6362.8,1548195,,3.05,0.001,604099.665,0.059,85.915,0.0173,10165163.616,"Pipeline Natural Gas",,"Combined cycle",,"Dry Low NOx Burners",,,"ARP, CSOSG2"
"TX","Rio Nogales Power Project, LP",55137,"CTG-2",3976,,2023,6539,6530.37,1571393.13,,3.107,0.001,615422.015,0.059,104.355,0.0202,10355668.086,"Pipeline Natural Gas",,"Combined cycle",,"Dry Low NOx Burners",,,"ARP, CSOSG2"
"TX","Rio Nogales Power Project, LP",55137,"CTG-3",3977,,2023,6549,6539.8,1584070.89,,3.164,0.001,626833.591,0.059,88.104,0.0169,10547678.311,"Pipeline Natural Gas",,"Combined cycle",,"Dry Low NOx Burners",,,"ARP, CSOSG2"
"AL","Walton Discover Power Facility",55138,"1A",88304,,2023,6,3.55,70.58,,0,0.001,,,0.141,0.4388,960.453,"Pipeline Natural Gas",,"Combustion turbine",,"Water Injection",,,"CSNOX, CSOSG2, CSSO2G2"
"AL","Walton Discover Power Facility",55138,"1B",88305,,2023,6,3.48,75.2,,0,0.001,,,0.38,0.9223,1034.455,"Pipeline Natural Gas",,"Combustion turbine",,"Water Injection",,,"CSNOX, CSOSG2, CSSO2G2"
"AL","Walton Discover Power Facility",55138,"2A",88306,,2023,7,1.83,21.88,,0,0.001,,,0.282,1.2509,347.572,"Pipeline Natural Gas",,"Combustion turbine",,"Water Injection",,,"CSNOX, CSOSG2, CSSO2G2"
"AL","Walton Discover Power Facility",55138,"2B",88307,,2023,6,2.33,32.79,,0,0.001,,,0.075,0.6705,509.428,"Pipeline Natural Gas",,"Combustion turbine",,"Water Injection",,,"CSNOX, CSOSG2, CSSO2G2"
"TX","Wolf Hollow Generating Station",55139,"CTG1",3981,,2023,5220,5180.46,1620382.69,,3.548,0.001,702882.234,0.059,143.971,0.0276,11827332.57,"Pipeline Natural Gas",,"Combined cycle",,"Selective Catalytic Reduction",,,"ARP, CSOSG2"
"TX","Wolf Hollow Generating Station",55139,"CTG2",3982,,2023,5128,5077.55,1600783.66,,3.469,0.001,687159.369,0.059,145.519,0.0278,11562770.292,"Pipeline Natural Gas",,"Combined cycle",,"Selective Catalytic Reduction",,,"ARP, CSOSG2"
"GA","Hawk Road Energy Facility",55141,"CT1",3991,,2023,1978,1755.4,261088.07,,0.885,0.001,175248.638,0.0588,63.475,0.0498,2948903.51,"Pipeline Natural Gas",,"Combustion turbine",,"Dry Low NOx Burners",,,"ARP, CSNOX, CSOSG1, CSSO2G2"
"GA","Hawk Road Energy Facility",55141,"CT2",3992,,2023,462,393.27,58233.89,,0.197,0.001,38941.828,0.059,16.302,0.0572,655248.413,"Pipeline Natural Gas",,"Combustion turbine",,"Dry Low NOx Burners",,,"ARP, CSNOX, CSOSG1, CSSO2G2"
"GA","Hawk Road Energy Facility",55141,"CT3",3993,,2023,1893,1684.54,251144.14,,0.851,0.001,168632.55,0.059,67.478,0.0536,2837554.861,"Pipeline Natural Gas",,"Combustion turbine",,"Dry Low NOx Burners",,,"ARP, CSNOX, CSOSG1, CSSO2G2"
"TX","Hays Energy Facility",55144,"STK1",4002,,2023,5340,5222.53,1144955.99,,2.542,0.001,503625.614,0.059,55.33,0.019,8474690.855,"Pipeline Natural Gas",,"Combined cycle",,"Selective Catalytic Reduction",,,"ARP, CSOSG2"
"TX","Hays Energy Facility",55144,"STK2",4003,,2023,5493,5378.1,1167304.57,,2.57,0.001,508995.19,0.059,54.37,0.0181,8564822.114,"Pipeline Natural Gas",,"Combined cycle",,"Selective Catalytic Reduction",,,"ARP, CSOSG2"
"TX","Hays Energy Facility",55144,"STK3",4004,,2023,5885,5776.86,1325160.62,,2.954,0.001,585149.543,0.059,60.274,0.0173,9846313.538,"Pipeline Natural Gas",,"Combined cycle",,"Selective Catalytic Reduction",,,"ARP, CSOSG2"
"TX","Hays Energy Facility",55144,"STK4",4005,,2023,5517,5396.72,1165539.7,,2.551,0.001,505293.08,0.059,57.238,0.0187,8502256.515,"Pipeline Natural Gas",,"Combined cycle",,"Selective Catalytic Reduction",,,"ARP, CSOSG2"
"OK","Green Country Energy, LLC",55146,"CTGEN1",4006,,2023,5526,5356.56,1226972.47,,2.636,0.001,522174.244,0.059,147.017,0.0583,8786590.959,"Pipeline Natural Gas",,"Combined cycle",,"Selective Catalytic Reduction",,,"ARP, CSOSG2"
"OK","Green Country Energy, LLC",55146,"CTGEN2",4007,,2023,5386,5211.95,1197625.32,,2.524,0.001,499999.316,0.059,137.036,0.0584,8413390.499,"Pipeline Natural Gas",,"Combined cycle",,"Selective Catalytic Reduction",,,"ARP, CSOSG2"
"OK","Green Country Energy, LLC",55146,"CTGEN3",4008,,2023,6639,6461.78,1513433.14,,3.231,0.001,639931.882,0.059,165.176,0.0489,10768118.712,"Pipeline Natural Gas",,"Combined cycle",,"Selective Catalytic Reduction",,,"ARP, CSOSG2"
"IN","Worthington Generation",55148,"1",4017,,2023,681,586.52,17240.59,,0.056,0.001,11109.304,0.0593,7.964,0.0846,186920.58,"Pipeline Natural Gas",,"Combustion turbine",,"Water Injection",,,"ARP, CSNOX, CSOSG3, CSSO2G1"
"IN","Worthington Generation",55148,"2",4018,,2023,606,523.67,15561.81,,0.051,0.001,10060.821,0.0593,7.418,0.0865,169310.186,"Pipeline Natural Gas",,"Combustion turbine",,"Water Injection",,,"ARP, CSNOX, CSOSG3, CSSO2G1"
"IN","Worthington Generation",55148,"3",4019,,2023,549,469.42,13625.11,,0.046,0.001,9020.146,0.0592,6.384,0.0836,151799.612,"Pipeline Natural Gas",,"Combustion turbine",,"Water Injection",,,"ARP, CSNOX, CSOSG3, CSSO2G1"
"IN","Worthington Generation",55148,"4",4020,,2023,575,495.26,13947.22,,0.046,0.001,9135.742,0.0593,5.763,0.0745,153729.25,"Pipeline Natural Gas",,"Combustion turbine",,"Water Injection",,,"ARP, CSNOX, CSOSG3, CSSO2G1"
"CT","Lake Road Generating Company",55149,"LRG1",4021,,2023,8260,8247.83,1212156.87,,3.968,0.001,786065.467,0.059,46.161,0.0075,13227032.852,"Pipeline Natural Gas","Diesel Oil","Combined cycle",,"Dry Low NOx Burners|Water Injection|Selective Catalytic Reduction",,,"ARP, RGGI, SIPNOX"
"CT","Lake Road Generating Company",55149,"LRG2",4022,,2023,8061,8048.83,1238207.74,,4.042,0.001,800657.208,0.059,47.027,0.0076,13472615.796,"Pipeline Natural Gas","Diesel Oil","Combined cycle",,"Dry Low NOx Burners|Water Injection|Selective Catalytic Reduction",,,"ARP, RGGI, SIPNOX"
"CT","Lake Road Generating Company",55149,"LRG3",4023,,2023,8560,8554.94,1267473.28,,3.992,0.001,790775.752,0.059,41.152,0.0064,13306338.011,"Pipeline Natural Gas","Diesel Oil","Combined cycle",,"Dry Low NOx Burners|Water Injection|Selective Catalytic Reduction",,,"ARP, RGGI, SIPNOX"
"CA","La Paloma Generating Plant",55151,"CTG-1",4024,,2023,3116,2967.73,541438.75,,1.202,0.001,238044.533,0.059,16.248,0.0148,4005545.949,"Pipeline Natural Gas",,"Combined cycle",,"Dry Low NOx Burners|Selective Catalytic Reduction",,,"ARP"
"CA","La Paloma Generating Plant",55151,"CTG-2",4025,,2023,3579,3440.41,641196.94,,1.417,0.001,280719.199,0.059,18.248,0.0135,4723720.397,"Pipeline Natural Gas",,"Combined cycle",,"Dry Low NOx Burners|Selective Catalytic Reduction",,,"ARP"
"CA","La Paloma Generating Plant",55151,"CTG-3",4026,,2023,3822,3672.83,647676.32,,1.433,0.001,283865.189,0.059,16.839,0.0109,4776644.687,"Pipeline Natural Gas",,"Combined cycle",,"Dry Low NOx Burners|Selective Catalytic Reduction",,,"ARP"
"CA","La Paloma Generating Plant",55151,"CTG-4",4027,,2023,3046,2911.52,540921.78,,1.191,0.001,235826.464,0.059,11.986,0.012,3968295.049,"Pipeline Natural Gas",,"Combined cycle",,"Dry Low NOx Burners|Selective Catalytic Reduction",,,"ARP"
"TX","Guadalupe Generating Station",55153,"CTG-1",4028,,2023,7645,7596.54,1819396.15,,4.075,0.001,807141.152,0.059,229.041,0.0345,13581767.108,"Pipeline Natural Gas",,"Combined cycle",,"Dry Low NOx Burners",,,"ARP, CSOSG2"
"TX","Guadalupe Generating Station",55153,"CTG-2",4029,,2023,7782,7733.7,1900800.91,,4.158,0.001,823588.553,0.059,233.622,0.0345,13858436.478,"Pipeline Natural Gas",,"Combined cycle",,"Dry Low NOx Burners",,,"ARP, CSOSG2"
"TX","Guadalupe Generating Station",55153,"CTG-3",4030,,2023,7486,7443.79,1785426.31,,3.984,0.001,789107.101,0.059,215.759,0.033,13278231.11,"Pipeline Natural Gas",,"Combined cycle",,"Dry Low NOx Burners",,,"ARP, CSOSG2"
"TX","Guadalupe Generating Station",55153,"CTG-4",4031,,2023,6882,6839.37,1668056.48,,3.689,0.001,730781.806,0.059,214.489,0.0354,12296814.361,"Pipeline Natural Gas",,"Combined cycle",,"Dry Low NOx Burners",,,"ARP, CSOSG2"
"TX","Lost Pines 1",55154,"1",4032,,2023,6836,6769.84,1074255.78,,3.484,0.001,690142.74,0.059,73.503,0.0137,11612954.139,"Pipeline Natural Gas",,"Combined cycle",,"Selective Catalytic Reduction",,,"ARP, CSOSG2"
"TX","Lost Pines 1",55154,"2",4033,,2023,6729,6678.46,1067281.38,,3.452,0.001,683853.819,0.059,71.269,0.0132,11507093.638,"Pipeline Natural Gas",,"Combined cycle",,"Selective Catalytic Reduction",,,"ARP, CSOSG2"
"KY","Bluegrass Generating Station",55164,"GTG1",4034,,2023,143,118.73,14784.51,,0.053,0.001,10384.971,0.0598,5.892,0.0761,173277.52,"Pipeline Natural Gas","Diesel Oil","Combustion turbine",,"Dry Low NOx Burners|Selective Catalytic Reduction",,,"ARP, CSNOX, CSOSG2E, CSSO2G1"
"KY","Bluegrass Generating Station",55164,"GTG2",4035,,2023,105,83.19,11057.99,,0.039,0.001,7609.332,0.0598,4.346,0.0814,127441.601,"Pipeline Natural Gas","Diesel Oil","Combustion turbine",,"Dry Low NOx Burners|Selective Catalytic Reduction",,,"ARP, CSNOX, CSOSG2E, CSSO2G1"
"KY","Bluegrass Generating Station",55164,"GTG3",8446,,2023,114,91.53,11001.85,,0.039,0.001,7711.997,0.0596,4.397,0.0756,129365.185,"Pipeline Natural Gas","Diesel Oil","Combustion turbine",,"Dry Low NOx Burners",,,"ARP, CSNOX, CSOSG2E, CSSO2G1"
"LA","Calcasieu Plant",55165,"GTG1",4036,,2023,319,295.99,40314.31,,0.14,0.001,27740.86,0.059,20.987,0.0905,466792.412,"Pipeline Natural Gas",,"Combustion turbine",,"Dry Low NOx Burners",,,"ARP, CSOSG2E"
"LA","Calcasieu Plant",55165,"GTG2",4037,,2023,473,438.17,64881.82,,0.217,0.001,42960.659,0.059,30.031,0.085,722906.587,"Pipeline Natural Gas",,"Combustion turbine",,"Dry Low NOx Burners",,,"ARP, CSOSG2E"
"SC","Broad River Energy Center",55166,"CT-1",4041,,2023,452,378.79,58280.51,,0.223,0.0013,35994.053,0.0592,24.637,0.0924,604933.687,"Pipeline Natural Gas","Diesel Oil","Combustion turbine",,"Dry Low NOx Burners",,,"ARP, CSNOX, CSSO2G2, SIPNOX"
"SC","Broad River Energy Center",55166,"CT-2",4042,,2023,413,346.32,51877.37,,0.164,0.0011,31869.882,0.0591,16.605,0.0826,536212.552,"Pipeline Natural Gas","Diesel Oil","Combustion turbine",,"Dry Low NOx Burners",,,"ARP, CSNOX, CSSO2G2, SIPNOX"
"SC","Broad River Energy Center",55166,"CT-3",4043,,2023,561,471.07,71698.37,,0.236,0.0015,43836.08,0.0593,43.362,0.1243,737348.551,"Pipeline Natural Gas","Diesel Oil","Combustion turbine",,"Dry Low NOx Burners",,,"ARP, CSNOX, CSSO2G2, SIPNOX"
"SC","Broad River Energy Center",55166,"CT-4",8448,,2023,429,362.18,55178.27,,0.193,0.0014,33965.92,0.0592,24.532,0.0933,571163.502,"Pipeline Natural Gas","Diesel Oil","Combustion turbine",,"Dry Low NOx Burners",,,"ARP, CSNOX, CSSO2G2, SIPNOX"
"SC","Broad River Energy Center",55166,"CT-5",8450,,2023,388,329.72,51690.27,,0.19,0.0012,31680.508,0.0591,19.31,0.0821,532567.036,"Pipeline Natural Gas","Diesel Oil","Combustion turbine",,"Dry Low NOx Burners",,,"ARP, CSNOX, CSSO2G2, SIPNOX"
"TX","Bastrop Clean Energy Center",55168,"CTG-1A",4046,,2023,6242,6170.1,1556262.41,,3.304,0.001,654507.453,0.059,145.591,0.0279,11013405.996,"Pipeline Natural Gas",,"Combined cycle",,"Dry Low NOx Burners",,,"ARP, CSOSG2"
"TX","Bastrop Clean Energy Center",55168,"CTG-1B",4047,,2023,6086,6015.89,1544775.95,,3.224,0.001,638613.567,0.059,138.906,0.0267,10745875.968,"Pipeline Natural Gas",,"Combined cycle",,"Dry Low NOx Burners",,,"ARP, CSOSG2"
"NH","Granite Ridge Energy",55170,"0001",4048,,2023,5324,5195.99,1033558.91,,3.313,0.001,656261.132,0.059,53.126,0.0123,11042821.342,"Pipeline Natural Gas",,"Combined cycle",,"Dry Low NOx Burners|Ammonia Injection",,,"ARP, NHNOX, RGGI"
"NH","Granite Ridge Energy",55170,"0002",4049,,2023,6253,6146.43,1232874.24,,3.911,0.001,774820.316,0.059,60.463,0.0118,13037840.817,"Pipeline Natural Gas",,"Combined cycle",,"Dry Low NOx Burners|Ammonia Injection",,,"ARP, NHNOX, RGGI"
"TX","Bosque County Power Plant",55172,"GT-1",4054,,2023,7386,7332.33,1755777.03,,3.57,0.001,707147.162,0.059,63.779,0.0131,11899082.813,"Pipeline Natural Gas",,"Combined cycle",,"Selective Catalytic Reduction|Dry Low NOx Burners",,,"ARP, CSOSG2"
"TX","Bosque County Power Plant",55172,"GT-2",4055,,2023,7419,7368.26,1775813.16,,3.642,0.001,721514.327,0.059,70.341,0.0134,12140805.174,"Pipeline Natural Gas",,"Combined cycle",,"Selective Catalytic Reduction|Dry Low NOx Burners",,,"ARP, CSOSG2"
"TX","Bosque County Power Plant",55172,"GT-3",4056,,2023,6305,6257.67,954694.56,,2.984,0.001,591064.12,0.059,167.049,0.0377,9945825.631,"Pipeline Natural Gas",,"Combined cycle",,"Dry Low NOx Burners",,,"ARP, CSOSG2"
"LA","Acadia Power Station",55173,"CT1",4058,,2023,6942,6923.1,1415830.51,,3.2,0.001,633793.436,0.059,40.178,0.0078,10664813.909,"Pipeline Natural Gas",,"Combined cycle",,"Selective Catalytic Reduction",,,"ARP, CSOSG2E"
"LA","Acadia Power Station",55173,"CT2",4059,,2023,7081,7061.01,1452445.98,,3.226,0.001,639075.812,0.059,45.698,0.0088,10753751.067,"Pipeline Natural Gas",,"Combined cycle",,"Selective Catalytic Reduction",,,"ARP, CSOSG2E"
"LA","Acadia Power Station",55173,"CT3",4060,,2023,6398,6385.16,1520829.01,,3.348,0.001,663273.31,0.059,50.376,0.0092,11160919.265,"Pipeline Natural Gas",,"Combined cycle",,"Selective Catalytic Reduction",,,"ARP, CSOSG2E"
"LA","Acadia Power Station",55173,"CT4",4061,,2023,6035,6016.9,1450599.38,,3.18,0.001,629977.668,0.059,51.588,0.0099,10600591.816,"Pipeline Natural Gas",,"Combined cycle",,"Selective Catalytic Reduction",,,"ARP, CSOSG2E"
"TX","Eastman Cogeneration Facility",55176,"1",4065,,2023,7297,7278.71,1274026.45,,3.661,0.001,725181.069,0.059,185.029,0.0302,12202540.001,"Pipeline Natural Gas","Other Gas, Process Gas","Combined cycle",,"Dry Low NOx Burners",,,"ARP, CSOSG2"
"TX","Eastman Cogeneration Facility",55176,"2",4066,,2023,8034,8029.19,1414502.01,,4.012,0.001,794724.505,0.059,202.066,0.0301,13372741.461,"Pipeline Natural Gas","Other Gas, Process Gas","Combined cycle",,"Dry Low NOx Burners",,,"ARP, CSOSG2"
"AZ","South Point Energy Center, LLC",55177,"A",4067,,2023,6858,6787.11,1361497.13,,3.036,0.001,601468.75,0.059,47.48,0.01,10120850.904,"Pipeline Natural Gas",,"Combined cycle",,"Dry Low NOx Burners|Selective Catalytic Reduction",,,"ARP"
"AZ","South Point Energy Center, LLC",55177,"B",4068,,2023,6975,6922.68,1393253.42,,3.123,0.001,618603.015,0.059,47.78,0.0097,10409073.19,"Pipeline Natural Gas",,"Combined cycle",,"Dry Low NOx Burners|Selective Catalytic Reduction",,,"ARP"
"MO","Dogwood Energy Facility",55178,"CT-1",4069,,2023,4983,4818.43,1311950.34,,2.841,0.001,562838.421,0.059,71.878,0.0183,9470654.326,"Pipeline Natural Gas",,"Combined cycle",,"Dry Low NOx Burners|Selective Catalytic Reduction",,,"ARP, CSNOX, CSOSG2, CSSO2G1"
"MO","Dogwood Energy Facility",55178,"CT-2",4070,,2023,5270,5139.43,1377532.74,,2.986,0.001,591546.996,0.059,75.631,0.0179,9953996.175,"Pipeline Natural Gas",,"Combined cycle",,"Dry Low NOx Burners|Selective Catalytic Reduction",,,"ARP, CSNOX, CSOSG2, CSSO2G1"
"ID","Rathdrum Power, LLC",55179,"CTGEN1",4071,,2023,7861,7829.01,1834721.5,,3.858,0.001,764141.996,0.059,76.954,0.0132,12858151.534,"Pipeline Natural Gas",,"Combined cycle",,"Dry Low NOx Burners|Selective Catalytic Reduction",,,"ARP"
"CA","Sunrise Power Company",55182,"CTG1",8458,,2023,6151,5952.38,1417686.4,,2.948,0.001,583944.883,0.059,25.113,0.0068,9825949.918,"Pipeline Natural Gas",,"Combined cycle",,"Selective Catalytic Reduction|Dry Low NOx Burners",,,"ARP"
"CA","Sunrise Power Company",55182,"CTG2",8460,,2023,6462,6293.27,1499217.22,,3.075,0.001,609107.375,0.059,25.446,0.0067,10249470.61,"Pipeline Natural Gas",,"Combined cycle",,"Selective Catalytic Reduction|Dry Low NOx Burners",,,"ARP"
"IL","Nelson Energy Center",55183,"1",4073,,2023,6272,6114.41,1539200.42,,3.201,0.001,634023.886,0.059,84.951,0.0242,10668678.447,"Pipeline Natural Gas",,"Combined cycle",,"Dry Low NOx Burners|Selective Catalytic Reduction",,,"ARP, CSNOX, CSOSG3, CSSO2G1"
"IL","Nelson Energy Center",55183,"2",4074,,2023,5946,5806.01,1441073.86,,2.998,0.001,593784.904,0.059,80.807,0.0241,9991613.95,"Pipeline Natural Gas",,"Combined cycle",,"Dry Low NOx Burners|Selective Catalytic Reduction",,,"ARP, CSNOX, CSOSG3, CSSO2G1"
"TX","Channelview Cogeneration Facility",55187,"CHV1",4077,,2023,4257,4255.8,1171477.18,,2.419,0.001,479180.51,0.059,42.085,0.0105,8063203.52,"Pipeline Natural Gas",,"Combined cycle",,"Selective Catalytic Reduction",,,"ARP, CSOSG2"
"TX","Channelview Cogeneration Facility",55187,"CHV2",4078,,2023,8070,8066.92,2191110.7,,4.558,0.001,902815.804,0.059,80.411,0.0106,15191552.724,"Pipeline Natural Gas",,"Combined cycle",,"Selective Catalytic Reduction",,,"ARP, CSOSG2"
"TX","Channelview Cogeneration Facility",55187,"CHV3",4079,,2023,8386,8378.6,2339161.47,,4.933,0.001,977156.554,0.059,86.006,0.0106,16442593.739,"Pipeline Natural Gas",,"Combined cycle",,"Selective Catalytic Reduction",,,"ARP, CSOSG2"
"TX","Channelview Cogeneration Facility",55187,"CHV4",4080,,2023,7448,7444.28,2000245.91,,4.156,0.001,823283.639,0.059,77.718,0.0113,13853232.876,"Pipeline Natural Gas",,"Combined cycle",,"Selective Catalytic Reduction",,,"ARP, CSOSG2"
"IL","Cordova Energy Company",55188,"1",4081,,2023,1327,1312.32,281450.84,,0.573,0.001,113439.338,0.059,12.837,0.0148,1908736.559,"Pipeline Natural Gas",,"Combined cycle",,"Dry Low NOx Burners|Selective Catalytic Reduction",,,"ARP, CSNOX, CSOSG3, CSSO2G1"
"IL","Cordova Energy Company",55188,"2",4082,,2023,2369,2332.65,508535.99,,1.049,0.001,207769.944,0.059,24.585,0.0155,3496014.15,"Pipeline Natural Gas",,"Combined cycle",,"Dry Low NOx Burners|Selective Catalytic Reduction",,,"ARP, CSNOX, CSOSG3, CSSO2G1"
"FL","Osceola",55192,"OSC1",8462,,2023,0,0,,,,,,,,,,"Pipeline Natural Gas","Diesel Oil","Combustion turbine",,"Dry Low NOx Burners|Water Injection",,,"ARP"
"FL","Osceola",55192,"OSC2",8464,,2023,105,81.39,10510.58,,4.618,0.0912,6299.292,0.0642,1.954,0.0476,102653.655,"Pipeline Natural Gas","Diesel Oil","Combustion turbine",,"Dry Low NOx Burners|Water Injection",,,"ARP"
"FL","Osceola",55192,"OSC3",8466,,2023,0,0,,,,,,,,,,"Pipeline Natural Gas","Diesel Oil","Combustion turbine",,"Dry Low NOx Burners|Water Injection",,,"ARP"
"PA","Ontelaunee Energy Center",55193,"CT1",4089,,2023,7777,7766.28,2103656.75,,4.417,0.001,875017.969,0.059,52.533,0.0073,14723849.048,"Pipeline Natural Gas",,"Combined cycle",,"Dry Low NOx Burners|Selective Catalytic Reduction",,,"ARP, CSNOX, CSOSG3, CSSO2G1, RGGI"
"PA","Ontelaunee Energy Center",55193,"CT2",4090,,2023,7806,7793.24,2100638.7,,4.35,0.001,861691.376,0.059,47.981,0.0067,14499544.818,"Pipeline Natural Gas",,"Combined cycle",,"Dry Low NOx Burners|Selective Catalytic Reduction",,,"ARP, CSNOX, CSOSG3, CSSO2G1, RGGI"
"PA","Springdale Generating Station (55196)",55196,"1",4100,,2023,1558,1406.14,62765.62,,0.187,0.001,37000.099,0.0592,23.934,0.0843,622592.188,"Pipeline Natural Gas",,"Combustion turbine",,"Water Injection",,,"ARP, CSNOX, CSOSG3, CSSO2G1, RGGI"
"PA","Springdale Generating Station (55196)",55196,"2",4101,,2023,1795,1619.03,71116.21,,0.211,0.001,41727.77,0.0592,27.081,0.0844,702170.184,"Pipeline Natural Gas",,"Combustion turbine",,"Water Injection",,,"ARP, CSNOX, CSOSG3, CSSO2G1, RGGI"
"MS","Caledonia",55197,"AA-001",4102,,2023,5497,5468.78,1312139.55,,2.735,0.001,541835.405,0.059,48.554,0.0118,9117422.177,"Pipeline Natural Gas",,"Combined cycle",,"Dry Low NOx Burners|Selective Catalytic Reduction",,,"ARP, CSOSG2"
"MS","Caledonia",55197,"AA-002",4103,,2023,5887,5825.53,1409351.6,,2.965,0.001,587292.071,0.059,55.908,0.0132,9882298.569,"Pipeline Natural Gas",,"Combined cycle",,"Dry Low NOx Burners|Selective Catalytic Reduction",,,"ARP, CSOSG2"
"MS","Caledonia",55197,"AA-003",4104,,2023,5274,5223.18,1269054.02,,2.623,0.001,519590.575,0.0591,46.805,0.0122,8743066.169,"Pipeline Natural Gas",,"Combined cycle",,"Dry Low NOx Burners|Selective Catalytic Reduction",,,"ARP, CSOSG2"
"KY","Riverside Generating Company",55198,"GTG101",4105,,2023,687,615.72,90065.37,,0.309,0.001,61255.703,0.059,28.751,0.0598,1030755.762,"Pipeline Natural Gas",,"Combustion turbine",,"Dry Low NOx Burners",,,"ARP, CSNOX, CSOSG2E, CSSO2G1"
"KY","Riverside Generating Company",55198,"GTG201",4106,,2023,783,704.39,106073,,0.36,0.001,71387.708,0.059,34.057,0.0603,1201231.28,"Pipeline Natural Gas",,"Combustion turbine",,"Dry Low NOx Burners",,,"ARP, CSNOX, CSOSG2E, CSSO2G1"
"KY","Riverside Generating Company",55198,"GTG301",4107,,2023,664,595.23,89626.8,,0.306,0.001,60551.976,0.059,28.155,0.0584,1018914.091,"Pipeline Natural Gas",,"Combustion turbine",,"Dry Low NOx Burners",,,"ARP, CSNOX, CSOSG2E, CSSO2G1"
"KY","Riverside Generating Company",55198,"GTG401",4108,,2023,719,645.02,96583.41,,0.332,0.001,65842.254,0.059,30.533,0.0578,1107912.578,"Pipeline Natural Gas",,"Combustion turbine",,"Dry Low NOx Burners|Water Injection|Selective Catalytic Reduction",,,"ARP, CSNOX, CSOSG2E, CSSO2G1"
"KY","Riverside Generating Company",55198,"GTG501",4109,,2023,601,525.01,79472.26,,0.27,0.001,53561.29,0.059,25.87,0.0624,901295.178,"Pipeline Natural Gas",,"Combustion turbine",,"Dry Low NOx Burners|Water Injection|Selective Catalytic Reduction",,,"ARP, CSNOX, CSOSG2E, CSSO2G1"
"IL","Elwood Energy Facility",55199,"1",4110,,2023,813,750.31,111241.8,,0.383,0.001,75928.612,0.059,21.295,0.0396,1277653.12,"Pipeline Natural Gas",,"Combustion turbine",,"Dry Low NOx Burners",,,"ARP, CSNOX, CSOSG3, CSSO2G1"
"IL","Elwood Energy Facility",55199,"2",4116,,2023,753,692.36,102827.53,,0.35,0.001,69247.065,0.059,22.349,0.0453,1165219.201,"Pipeline Natural Gas",,"Combustion turbine",,"Dry Low NOx Burners",,,"ARP, CSNOX, CSOSG3, CSSO2G1"
"IL","Elwood Energy Facility",55199,"3",4117,,2023,916,849.76,126736.56,,0.43,0.001,85233.196,0.059,25.742,0.0414,1434214.811,"Pipeline Natural Gas",,"Combustion turbine",,"Dry Low NOx Burners",,,"ARP, CSNOX, CSOSG3, CSSO2G1"
"IL","Elwood Energy Facility",55199,"4",4118,,2023,800,735.24,108824.08,,0.371,0.001,73510.455,0.059,21.199,0.0412,1236948.5,"Pipeline Natural Gas",,"Combustion turbine",,"Dry Low NOx Burners",,,"ARP, CSNOX, CSOSG3, CSSO2G1"
"IL","Elwood Energy Facility",55199,"5",4119,,2023,1057,980.53,144497.16,,0.465,0.001,92195.647,0.059,24.834,0.0375,1551458.446,"Pipeline Natural Gas",,"Combustion turbine",,"Dry Low NOx Burners",,,"ARP, CSNOX, CSOSG3, CSSO2G1"
"IL","Elwood Energy Facility",55199,"6",4120,,2023,517,465.97,63865.31,,0.211,0.001,41842.961,0.059,11.561,0.0415,704107.915,"Pipeline Natural Gas",,"Combustion turbine",,"Dry Low NOx Burners",,,"ARP, CSNOX, CSOSG3, CSSO2G1"
"IL","Elwood Energy Facility",55199,"7",4121,,2023,966,888.3,132590.81,,0.416,0.001,82308.936,0.059,20.586,0.036,1385083.314,"Pipeline Natural Gas",,"Combustion turbine",,"Dry Low NOx Burners",,,"ARP, CSNOX, CSOSG3, CSSO2G1"
"IL","Elwood Energy Facility",55199,"8",4122,,2023,663,604.6,86740.85,,0.281,0.001,55576.436,0.059,14.057,0.0369,935250.066,"Pipeline Natural Gas",,"Combustion turbine",,"Dry Low NOx Burners",,,"ARP, CSNOX, CSOSG3, CSSO2G1"
"IL","Elwood Energy Facility",55199,"9",4123,,2023,545,493.9,70279.62,,0.219,0.001,43372.907,0.0591,10.857,0.0365,729882.207,"Pipeline Natural Gas",,"Combustion turbine",,"Dry Low NOx Burners",,,"ARP, CSNOX, CSOSG3, CSSO2G1"
"CO","Arapahoe Combustion Turbine Facility",55200,"CT5",4124,,2023,3563,3440.27,118333.3,,0.299,0.001,59292.328,0.0593,14.937,0.0322,997695.371,"Pipeline Natural Gas",,"Combined cycle",,"Selective Catalytic Reduction",,,"ARP"
"CO","Arapahoe Combustion Turbine Facility",55200,"CT6",4125,,2023,3540,3413.38,118567.34,,0.298,0.001,59017.199,0.0593,13.596,0.0304,993075.291,"Pipeline Natural Gas",,"Combined cycle",,"Selective Catalytic Reduction",,,"ARP"
"IL","Gibson City Energy Center, LLC",55201,"GCTG1",4126,,2023,476,433,37241.71,,0.131,0.001,25963.509,0.059,16.42,0.0807,436887.412,"Pipeline Natural Gas","Diesel Oil","Combustion turbine",,"Dry Low NOx Burners|Water Injection",,,"ARP, CSNOX, CSOSG3, CSSO2G1"
"IL","Gibson City Energy Center, LLC",55201,"GCTG2",4127,,2023,492,446.29,38317.03,,0.137,0.001,27160.252,0.059,14.934,0.072,457008.859,"Pipeline Natural Gas","Diesel Oil","Combustion turbine",,"Dry Low NOx Burners|Water Injection",,,"ARP, CSNOX, CSOSG3, CSSO2G1"
"IL","Pinckneyville Power Plant",55202,"CT01",4128,,2023,342,279.69,11942.49,,0.034,0.001,6689.325,0.0592,5.3,0.1026,112560.321,"Pipeline Natural Gas",,"Combustion turbine",,"Water Injection",,,"ARP, CSNOX, CSOSG3, CSSO2G1"
"IL","Pinckneyville Power Plant",55202,"CT02",4129,,2023,334,275.99,11730.31,,0.032,0.001,6422.209,0.0593,5.067,0.1033,108071.744,"Pipeline Natural Gas",,"Combustion turbine",,"Water Injection",,,"ARP, CSNOX, CSOSG3, CSSO2G1"
"IL","Pinckneyville Power Plant",55202,"CT03",4130,,2023,343,281.13,12020.89,,0.034,0.001,6648.836,0.0592,5.253,0.1049,111873.632,"Pipeline Natural Gas",,"Combustion turbine",,"Water Injection",,,"ARP, CSNOX, CSOSG3, CSSO2G1"
"IL","Pinckneyville Power Plant",55202,"CT04",4131,,2023,319,263.94,11221.25,,0.032,0.001,6423.518,0.0592,5.04,0.1017,108098.133,"Pipeline Natural Gas",,"Combustion turbine",,"Water Injection",,,"ARP, CSNOX, CSOSG3, CSSO2G1"
"IL","Pinckneyville Power Plant",55202,"CT05",4132,,2023,6,3.31,103.1,,0,0.0008,66.842,0.0605,0.017,0.0275,1124.68,"Pipeline Natural Gas",,"Combustion turbine",,"Dry Low NOx Burners",,,"ARP, CSNOX, CSOSG3, CSSO2G1"
"IL","Pinckneyville Power Plant",55202,"CT06",4133,,2023,5,3.36,114.37,,0,0.001,72.238,0.0592,0.014,0.025,1215.516,"Pipeline Natural Gas",,"Combustion turbine",,"Dry Low NOx Burners",,,"ARP, CSNOX, CSOSG3, CSSO2G1"
"IL","Pinckneyville Power Plant",55202,"CT07",4134,,2023,5,3.38,108.92,,0,0.001,77.933,0.0592,0.021,0.0344,1310.328,"Pipeline Natural Gas",,"Combustion turbine",,"Dry Low NOx Burners",,,"ARP, CSNOX, CSOSG3, CSSO2G1"
"IL","Pinckneyville Power Plant",55202,"CT08",4135,,2023,5,3.4,107,,0,0.001,70.31,0.0592,0.028,0.0436,1183.105,"Pipeline Natural Gas",,"Combustion turbine",,"Dry Low NOx Burners",,,"ARP, CSNOX, CSOSG3, CSSO2G1"
"IL","Kinmundy Power Plant",55204,"KCTG1",4136,,2023,44,36.9,2792.61,,0.01,0.001,1956.297,0.059,1.106,0.0813,32913.461,"Pipeline Natural Gas","Diesel Oil","Combustion turbine",,"Dry Low NOx Burners|Water Injection",,,"ARP, CSNOX, CSOSG3, CSSO2G1"
"IL","Kinmundy Power Plant",55204,"KCTG2",4137,,2023,40,31.23,2349.75,,0.009,0.001,1654.316,0.059,1.011,0.0879,27833.515,"Pipeline Natural Gas","Diesel Oil","Combustion turbine",,"Dry Low NOx Burners|Water Injection",,,"ARP, CSNOX, CSOSG3, CSSO2G1"
"TX","Corpus Christi Energy Center",55206,"CU1",4138,,2023,6557,6530.19,1415486.81,,3.232,0.001,640146.863,0.059,189.782,0.0355,10771678.021,"Pipeline Natural Gas",,"Combined cycle",,"Dry Low NOx Burners",,,"ARP, CSOSG2"
"TX","Corpus Christi Energy Center",55206,"CU2",4139,,2023,7863,7847.58,1734844.48,,3.981,0.001,788525.663,0.059,256.645,0.0386,13268546.773,"Pipeline Natural Gas",,"Combined cycle",,"Dry Low NOx Burners",,,"ARP, CSOSG2"
"CO","Valmont Combustion Turbine Facility",55207,"CT7",4141,,2023,661,559.49,12317.1,,0.043,0.001,8420.358,0.0566,7.671,0.1197,141691.721,"Pipeline Natural Gas",,"Combustion turbine",,"Water Injection",,,"ARP"
"CO","Valmont Combustion Turbine Facility",55207,"CT8",8478,,2023,666,563.98,10763.74,,0.042,0.001,8263.159,0.0593,7.231,0.1159,139057.024,"Pipeline Natural Gas",,"Combustion turbine",,"Water Injection",,,"ARP"
"NM","Afton Generating Station",55210,"0001",4144,,2023,7753,7594.39,1488127.8,,3.189,0.001,631597.332,0.059,83.354,0.0203,10627917.972,"Pipeline Natural Gas","Diesel Oil","Combined cycle",,"Selective Catalytic Reduction|Dry Low NOx Burners|Water Injection",,,"ARP"
"MA","Bellingham Power Generation LLC",55211,"1",4145,,2023,8010,7987.24,1003031.38,,3.368,0.001,667211.982,0.059,36.284,0.0079,11227142.176,"Pipeline Natural Gas",,"Combined cycle",,"Dry Low NOx Burners|Selective Catalytic Reduction",,,"ARP, RGGI, SIPNOX"
"MA","Bellingham Power Generation LLC",55211,"2",4146,,2023,8001,7970.7,1002130.55,,3.399,0.001,673262.844,0.059,38.483,0.0091,11328903.174,"Pipeline Natural Gas",,"Combined cycle",,"Dry Low NOx Burners|Selective Catalytic Reduction",,,"ARP, RGGI, SIPNOX"
"MA","Blackstone Power Generation LLC",55212,"1",4147,,2023,7182,7147.37,900721.58,,2.902,0.001,574869.396,0.059,33.519,0.0095,9673435.292,"Pipeline Natural Gas",,"Combined cycle",,"Dry Low NOx Burners|Selective Catalytic Reduction",,,"ARP, RGGI, SIPNOX"
"MA","Blackstone Power Generation LLC",55212,"2",4148,,2023,7453,7412.55,937773.28,,3.104,0.001,614903.92,0.059,36.401,0.0101,10346978.983,"Pipeline Natural Gas",,"Combined cycle",,"Dry Low NOx Burners|Selective Catalytic Reduction",,,"ARP, RGGI, SIPNOX"
"TX","Odessa Ector Generating Station",55215,"GT1",4149,,2023,7103,7030.56,1820168.29,,3.628,0.001,718560.263,0.059,162.245,0.0297,12091119.448,"Pipeline Natural Gas",,"Combined cycle",,"Dry Low NOx Burners",,,"ARP, CSOSG2"
"TX","Odessa Ector Generating Station",55215,"GT2",4150,,2023,7608,7525.15,1961123.76,,3.969,0.001,786162.668,0.059,187.117,0.0303,13228703.051,"Pipeline Natural Gas",,"Combined cycle",,"Dry Low NOx Burners",,,"ARP, CSOSG2"
"TX","Odessa Ector Generating Station",55215,"GT3",4151,,2023,6211,6177.54,1589425.88,,3.205,0.001,634837.425,0.059,142.993,0.0281,10682431.176,"Pipeline Natural Gas",,"Combined cycle",,"Dry Low NOx Burners",,,"ARP, CSOSG2"
"TX","Odessa Ector Generating Station",55215,"GT4",4152,,2023,6880,6838.01,1782631.3,,3.584,0.001,709997.786,0.059,154.666,0.0267,11947142.654,"Pipeline Natural Gas",,"Combined cycle",,"Dry Low NOx Burners",,,"ARP, CSOSG2"
"IL","Morris Cogeneration, LLC",55216,"B-5",89518,,2023,1417,1399.57,,34426.85,,,,,1.144,0.0541,40316.595,"Pipeline Natural Gas",,"Dry bottom wall-fired boiler",,"Low NOx Burner Technology (Dry Bottom only)",,,"SIPNOX"
"IL","Morris Cogeneration, LLC",55216,"B-6",89519,,2023,2704,2686.56,,72591.67,,,,,2.671,0.0499,98837.773,"Pipeline Natural Gas",,"Dry bottom wall-fired boiler",,"Low NOx Burner Technology (Dry Bottom only)",,,"SIPNOX"
"IL","Morris Cogeneration, LLC",55216,"CTG1",89477,,2023,5066,5058.3,169914.79,,0.648,0.001,,,33.12,0.0306,2158166.265,"Pipeline Natural Gas",,"Combined cycle",,"Dry Low NOx Burners",,,"CSNOX, CSOSG3, CSSO2G1, SIPNOX"
"IL","Morris Cogeneration, LLC",55216,"CTG2",89478,,2023,5212,5201.22,174210.75,,0.647,0.001,,,35.665,0.0331,2155732.682,"Pipeline Natural Gas",,"Combined cycle",,"Dry Low NOx Burners",,,"CSNOX, CSOSG3, CSSO2G1, SIPNOX"
"IL","Morris Cogeneration, LLC",55216,"CTG3",89479,,2023,6000,5982.86,203231.38,,0.746,0.001,,,46.489,0.0375,2486533.389,"Pipeline Natural Gas",,"Combined cycle",,"Dry Low NOx Burners",,,"CSNOX, CSOSG3, CSSO2G1, SIPNOX"
"CA","Los Medanos Energy Center, LLC",55217,"X724",4153,,2023,6618,6575.81,1800848.43,,3.697,0.001,732252.264,0.059,45.304,0.0084,12321560.081,"Pipeline Natural Gas",,"Combined cycle",,"Selective Catalytic Reduction",,,"ARP"
"CA","Los Medanos Energy Center, LLC",55217,"X725",4154,,2023,6357,6326.01,1660076.98,,3.432,0.001,679877.467,0.059,41.341,0.008,11440185.114,"Pipeline Natural Gas",,"Combined cycle",,"Selective Catalytic Reduction",,,"ARP"
"MS","Hinds Energy Facility",55218,"2",91299,,2023,212,177.93,4385.95,,0.014,0.001,2782.499,0.0593,1.174,0.051,46814.752,"Pipeline Natural Gas",,"Combustion turbine",,"Dry Low NOx Burners",,,"ARP, CSOSG2"
"MS","Hinds Energy Facility",55218,"H01",4155,,2023,7273,7264.04,1692125.83,,3.636,0.001,720173.477,0.059,70.588,0.012,12118304.712,"Pipeline Natural Gas",,"Combined cycle",,"Dry Low NOx Burners|Selective Catalytic Reduction",,,"ARP, CSOSG2"
"MS","Hinds Energy Facility",55218,"H02",4156,,2023,6979,6964.98,1603883.89,,3.384,0.001,670261.151,0.059,66.204,0.0123,11278383.824,"Pipeline Natural Gas",,"Combined cycle",,"Dry Low NOx Burners|Selective Catalytic Reduction",,,"ARP, CSOSG2"
"MS","Attala Generating Plant",55220,"A01",4165,,2023,6344,6327.72,1479328.55,,2.975,0.001,589365.176,0.059,55.407,0.012,9917140.399,"Pipeline Natural Gas",,"Combined cycle",,"Dry Low NOx Burners|Selective Catalytic Reduction",,,"ARP, CSOSG2"
"MS","Attala Generating Plant",55220,"A02",4166,,2023,6442,6427.95,1504351.54,,3.24,0.001,641792.886,0.059,58.457,0.0116,10799407.361,"Pipeline Natural Gas",,"Combined cycle",,"Dry Low NOx Burners|Selective Catalytic Reduction",,,"ARP, CSOSG2"
"AR","Oswald Generating Station",55221,"G1",4167,,2023,1959,1772.12,84451.31,,0.193,0.001,38173.347,0.0593,31.112,0.1743,642116.469,"Pipeline Natural Gas",,"Combined cycle",,"Steam Injection",,,"ARP, CSOSG2"
"AR","Oswald Generating Station",55221,"G2",4168,,2023,3006,2747.04,133217.06,,0.295,0.001,58448.207,0.0593,48.261,0.1679,982984.964,"Pipeline Natural Gas",,"Combined cycle",,"Steam Injection",,,"ARP, CSOSG2"
"AR","Oswald Generating Station",55221,"G3",4169,,2023,702,636.85,31017.91,,0.069,0.001,13738.252,0.0596,11.393,0.1744,229904.935,"Pipeline Natural Gas",,"Combined cycle",,"Steam Injection",,,"ARP, CSOSG2"
"AR","Oswald Generating Station",55221,"G4",4170,,2023,2988,2760.47,138994.9,,0.306,0.001,60657.987,0.0593,54.004,0.1656,1019361.969,"Pipeline Natural Gas",,"Combined cycle",,"Steam Injection",,,"ARP, CSOSG2"
"AR","Oswald Generating Station",55221,"G5",4171,,2023,2863,2615.07,129352.92,,0.282,0.001,56000.506,0.0594,44.066,0.163,941002.999,"Pipeline Natural Gas",,"Combined cycle",,"Steam Injection",,,"ARP, CSOSG2"
"AR","Oswald Generating Station",55221,"G6",4172,,2023,2870,2618.15,126471.77,,0.284,0.001,56303.521,0.0593,43.057,0.1615,946169.886,"Pipeline Natural Gas",,"Combined cycle",,"Steam Injection",,,"ARP, CSOSG2"
"AR","Oswald Generating Station",55221,"G7",4173,,2023,3147,2941.17,269689,,0.724,0.001,143639.987,0.0591,101.54,0.1446,2414708.208,"Pipeline Natural Gas",,"Combined cycle",,"Dry Low NOx Burners",,,"ARP, CSOSG2"
"IL","Lincoln Generating Facility",55222,"CTG-1",4174,,2023,38,30,1745.66,,0.007,0.001,1445.047,0.0591,0.321,0.0254,24312.856,"Pipeline Natural Gas",,"Combustion turbine",,"Dry Low NOx Burners",,,"ARP, CSNOX, CSOSG3, CSSO2G1"
"IL","Lincoln Generating Facility",55222,"CTG-2",4175,,2023,39,31.1,1835.89,,0.008,0.001,1524.778,0.0591,0.355,0.0267,25663.222,"Pipeline Natural Gas",,"Combustion turbine",,"Dry Low NOx Burners",,,"ARP, CSNOX, CSOSG3, CSSO2G1"
"IL","Lincoln Generating Facility",55222,"CTG-3",4176,,2023,31,26.05,1502.01,,0.006,0.001,1233.293,0.0591,0.29,0.0269,20755.985,"Pipeline Natural Gas",,"Combustion turbine",,"Dry Low NOx Burners",,,"ARP, CSNOX, CSOSG3, CSSO2G1"
"IL","Lincoln Generating Facility",55222,"CTG-4",4177,,2023,29,22.67,1222.69,,0.005,0.001,1035.345,0.059,0.228,0.0246,17423.652,"Pipeline Natural Gas",,"Combustion turbine",,"Dry Low NOx Burners",,,"ARP, CSNOX, CSOSG3, CSSO2G1"
"IL","Lincoln Generating Facility",55222,"CTG-5",4178,,2023,41,35.51,1888.12,,0.008,0.001,1603.268,0.059,0.338,0.0245,26975.546,"Pipeline Natural Gas",,"Combustion turbine",,"Dry Low NOx Burners",,,"ARP, CSNOX, CSOSG3, CSSO2G1"
"IL","Lincoln Generating Facility",55222,"CTG-6",4179,,2023,44,37.96,2050.37,,0.009,0.001,1710.795,0.059,0.313,0.0216,28789.765,"Pipeline Natural Gas",,"Combustion turbine",,"Dry Low NOx Burners",,,"ARP, CSNOX, CSOSG3, CSSO2G1"
"IL","Lincoln Generating Facility",55222,"CTG-7",4180,,2023,20,16.7,923.96,,0.004,0.001,779.006,0.0591,0.149,0.0227,13110.043,"Pipeline Natural Gas",,"Combustion turbine",,"Dry Low NOx Burners",,,"ARP, CSNOX, CSOSG3, CSSO2G1"
"IL","Lincoln Generating Facility",55222,"CTG-8",4181,,2023,25,19.31,1076.78,,0.004,0.001,890.524,0.059,0.185,0.0245,14983.408,"Pipeline Natural Gas",,"Combustion turbine",,"Dry Low NOx Burners",,,"ARP, CSNOX, CSOSG3, CSSO2G1"
"TX","Ennis Power Company, LLC",55223,"GT-1",4182,,2023,4881,4792.83,1475763.39,,3.294,0.001,652589.624,0.059,154.747,0.0318,10981124.31,"Pipeline Natural Gas",,"Combined cycle",,"Selective Catalytic Reduction",,,"ARP, CSOSG2"
"IN","Wheatland Generating Facility LLC",55224,"EU-01",4183,,2023,302,273.47,25589.58,,0.1,0.001,19735.86,0.059,27.924,0.168,332089.312,"Pipeline Natural Gas",,"Combustion turbine",,"Water Injection",,,"ARP, CSNOX, CSOSG3, CSSO2G1"
"IN","Wheatland Generating Facility LLC",55224,"EU-02",4184,,2023,344,310.69,28651.69,,0.113,0.001,22366.711,0.059,33.226,0.178,376364.555,"Pipeline Natural Gas",,"Combustion turbine",,"Water Injection",,,"ARP, CSNOX, CSOSG3, CSSO2G1"
"IN","Wheatland Generating Facility LLC",55224,"EU-03",4185,,2023,342,309.27,28551.41,,0.114,0.001,22543.251,0.059,34.606,0.1835,379327.644,"Pipeline Natural Gas",,"Combustion turbine",,"Water Injection",,,"ARP, CSNOX, CSOSG3, CSSO2G1"
"IN","Wheatland Generating Facility LLC",55224,"EU-04",4186,,2023,101,88.16,7484.11,,0.03,0.001,6029.915,0.059,7.525,0.1579,101463.986,"Pipeline Natural Gas",,"Combustion turbine",,"Water Injection",,,"ARP, CSNOX, CSOSG3, CSSO2G1"
"OK","Oneta Energy Center",55225,"CTG-1",4187,,2023,6436,6186.14,1467160.73,,3.229,0.001,639717.78,0.059,207.208,0.0459,10764444.875,"Pipeline Natural Gas",,"Combined cycle",,"Dry Low NOx Burners",,,"ARP, CSOSG2"
"OK","Oneta Energy Center",55225,"CTG-2",4188,,2023,6575,6293.43,1502502.54,,3.248,0.001,643382.394,0.059,196.132,0.0422,10826163.811,"Pipeline Natural Gas",,"Combined cycle",,"Dry Low NOx Burners",,,"ARP, CSOSG2"
"OK","Oneta Energy Center",55225,"CTG-3",4189,,2023,6008,5763.84,1385257.11,,2.995,0.001,593295.672,0.059,180.662,0.0432,9983279.381,"Pipeline Natural Gas",,"Combined cycle",,"Dry Low NOx Burners",,,"ARP, CSOSG2"
"OK","Oneta Energy Center",55225,"CTG-4",4190,,2023,6275,6037,1434222.33,,3.199,0.001,633644.791,0.059,177.795,0.0405,10662295.224,"Pipeline Natural Gas",,"Combined cycle",,"Dry Low NOx Burners",,,"ARP, CSOSG2"
"TX","Freestone Power Generation",55226,"GT1",4192,,2023,8046,8012.91,1957245.87,,3.974,0.001,787234.471,0.059,190.139,0.0293,13246705.565,"Pipeline Natural Gas",,"Combined cycle",,"Dry Low NOx Burners",,,"ARP, CSOSG2"
"TX","Freestone Power Generation",55226,"GT2",4193,,2023,7746,7699.29,1904859.12,,3.903,0.001,773050.469,0.059,192.403,0.0304,13008089.81,"Pipeline Natural Gas",,"Combined cycle",,"Dry Low NOx Burners",,,"ARP, CSOSG2"
"TX","Freestone Power Generation",55226,"GT3",4194,,2023,8239,8212.93,2058154.92,,4.163,0.001,824703.194,0.059,214.635,0.0313,13877267.778,"Pipeline Natural Gas",,"Combined cycle",,"Dry Low NOx Burners",,,"ARP, CSOSG2"
"TX","Freestone Power Generation",55226,"GT4",4195,,2023,7672,7619.42,1844781.33,,3.827,0.001,758019.352,0.059,193.712,0.0311,12755211.265,"Pipeline Natural Gas",,"Combined cycle",,"Dry Low NOx Burners",,,"ARP, CSOSG2"
"OH","Greenville Electric Gen Station",55228,"G1CT1",4212,,2023,704,544.16,8743.25,,0.027,0.0008,5046,0.0591,3.755,0.1177,85407,"Pipeline Natural Gas","Diesel Oil","Combustion turbine",,"Water Injection",,,"ARP, CSNOX, CSOSG3, CSSO2G1"
"OH","Greenville Electric Gen Station",55228,"G1CT2",4213,,2023,698,539.87,8554.14,,0.031,0.0008,6066,0.0588,4.545,0.1191,102614.7,"Pipeline Natural Gas","Diesel Oil","Combustion turbine",,"Water Injection",,,"ARP, CSNOX, CSOSG3, CSSO2G1"
"OH","Greenville Electric Gen Station",55228,"G2CT1",4214,,2023,720,560.67,8901.99,,0.033,0.0009,5861.5,0.059,4.407,0.1184,99343.4,"Pipeline Natural Gas","Diesel Oil","Combustion turbine",,"Water Injection",,,"ARP, CSNOX, CSOSG3, CSSO2G1"
"OH","Greenville Electric Gen Station",55228,"G2CT2",4215,,2023,722,564.07,9039.96,,0.033,0.0009,6035.5,0.059,4.571,0.1126,102220.4,"Pipeline Natural Gas","Diesel Oil","Combustion turbine",,"Water Injection",,,"ARP, CSNOX, CSOSG3, CSSO2G1"
"OH","Greenville Electric Gen Station",55228,"G3CT1",4216,,2023,693,540.67,8632.37,,0.03,0.0009,5751.1,0.0593,4.305,0.1188,97435,"Pipeline Natural Gas","Diesel Oil","Combustion turbine",,"Water Injection",,,"ARP, CSNOX, CSOSG3, CSSO2G1"
"OH","Greenville Electric Gen Station",55228,"G3CT2",4217,,2023,704,547.71,8998.94,,0.033,0.0009,5796.9,0.0592,4.402,0.1167,98214.7,"Pipeline Natural Gas","Diesel Oil","Combustion turbine",,"Water Injection",,,"ARP, CSNOX, CSOSG3, CSSO2G1"
"OH","Greenville Electric Gen Station",55228,"G4CT1",4218,,2023,686,532.92,8334.2,,0.03,0.0008,5558.1,0.0591,4.085,0.1169,94199.1,"Pipeline Natural Gas","Diesel Oil","Combustion turbine",,"Water Injection",,,"ARP, CSNOX, CSOSG3, CSSO2G1"
"OH","Greenville Electric Gen Station",55228,"G4CT2",4219,,2023,682,530.06,8619.8,,0.03,0.0008,5696,0.0591,4.231,0.1147,96496.6,"Pipeline Natural Gas","Diesel Oil","Combustion turbine",,"Water Injection",,,"ARP, CSNOX, CSOSG3, CSSO2G1"
"IN","Montpelier Electric Gen Station",55229,"G1CT1",4220,,2023,1259,1116.04,22279.73,,0.285,0.0036,15060.5,0.059,19.762,0.2239,254931.1,"Pipeline Natural Gas","Diesel Oil","Combustion turbine",,"Water Injection",,,"ARP, CSNOX, CSOSG3, CSSO2G1"
"IN","Montpelier Electric Gen Station",55229,"G1CT2",4221,,2023,772,698.2,14556.21,,0.37,0.0053,9268.1,0.0591,11.104,0.1881,156587.1,"Pipeline Natural Gas","Diesel Oil","Combustion turbine",,"Water Injection",,,"ARP, CSNOX, CSOSG3, CSSO2G1"
"IN","Montpelier Electric Gen Station",55229,"G2CT1",4222,,2023,36,23.36,330.61,,0.001,0.0005,238.7,0.0604,0.456,0.4253,4050.8,"Pipeline Natural Gas","Diesel Oil","Combustion turbine",,"Water Injection",,,"ARP, CSNOX, CSOSG3, CSSO2G1"
"IN","Montpelier Electric Gen Station",55229,"G2CT2",4223,,2023,1528,1356.67,31279.69,,0.101,0.0012,19461.4,0.0586,25.202,0.2257,329748.8,"Pipeline Natural Gas","Diesel Oil","Combustion turbine",,"Water Injection",,,"ARP, CSNOX, CSOSG3, CSSO2G1"
"IN","Montpelier Electric Gen Station",55229,"G3CT1",4224,,2023,1972,1746.19,35379.26,,3.729,0.0171,23858.8,0.0595,46.663,0.3115,398963.8,"Pipeline Natural Gas","Diesel Oil","Combustion turbine",,"Water Injection",,,"ARP, CSNOX, CSOSG3, CSSO2G1"
"IN","Montpelier Electric Gen Station",55229,"G3CT2",4225,,2023,1850,1633.03,33302.61,,0.491,0.0026,22714.8,0.059,26.547,0.2216,384604.7,"Pipeline Natural Gas","Diesel Oil","Combustion turbine",,"Water Injection",,,"ARP, CSNOX, CSOSG3, CSSO2G1"
"IN","Montpelier Electric Gen Station",55229,"G4CT1",4226,,2023,607,516.69,11476.64,,0.019,0.0015,4007.3,0.057,5.558,0.2654,68117.7,"Pipeline Natural Gas","Diesel Oil","Combustion turbine",,"Water Injection",,,"ARP, CSNOX, CSOSG3, CSSO2G1"
"IN","Montpelier Electric Gen Station",55229,"G4CT2",4227,,2023,503,424.93,9949.75,,0.032,0.0006,6335.8,0.0592,7.897,0.2551,107384.6,"Pipeline Natural Gas","Diesel Oil","Combustion turbine",,"Water Injection",,,"ARP, CSNOX, CSOSG3, CSSO2G1"
"TX","Jack County Generation Facility",55230,"CT-1",4236,,2023,7014,6942.52,1587713.57,,3.407,0.001,674815.514,0.059,91.193,0.0177,11355104.19,"Pipeline Natural Gas",,"Combined cycle",,"Dry Low NOx Burners|Ammonia Injection|Selective Catalytic Reduction",,,"ARP, CSOSG2"
"TX","Jack County Generation Facility",55230,"CT-2",4237,,2023,7243,7201.54,1653951.19,,3.566,0.001,706442.496,0.059,96.889,0.0178,11887267.821,"Pipeline Natural Gas",,"Combined cycle",,"Dry Low NOx Burners|Ammonia Injection|Selective Catalytic Reduction",,,"ARP, CSOSG2"
"TX","Jack County Generation Facility",55230,"CT-3",90582,,2023,7148,7120.87,1659349.56,,3.398,0.001,673028.051,0.059,33.2,0.0069,11324889.939,"Pipeline Natural Gas",,"Combined cycle",,"Dry Low NOx Burners|Ammonia Injection|Selective Catalytic Reduction",,,"ARP, CSOSG2"
"TX","Jack County Generation Facility",55230,"CT-4",90583,,2023,6808,6729.72,1560089.45,,3.184,0.001,630673.631,0.059,32.777,0.0077,10612373.889,"Pipeline Natural Gas",,"Combined cycle",,"Dry Low NOx Burners|Ammonia Injection|Selective Catalytic Reduction",,,"ARP, CSOSG2"
"PA","Liberty Electric Power Plant",55231,"0001",4238,,2023,7278,7257.67,1885842.56,,4.102,0.001,812536.902,0.059,62.991,0.0095,13672616.897,"Pipeline Natural Gas",,"Combined cycle",,"Dry Low NOx Burners|Selective Catalytic Reduction",,,"ARP, CSNOX, CSOSG3, CSSO2G1, RGGI"
"PA","Liberty Electric Power Plant",55231,"0002",4239,,2023,8379,8366.63,2197347.14,,4.745,0.001,939842.672,0.059,77.716,0.0098,15814891.751,"Pipeline Natural Gas",,"Combined cycle",,"Dry Low NOx Burners|Selective Catalytic Reduction",,,"ARP, CSNOX, CSOSG3, CSSO2G1, RGGI"
"KY","Marshall County",55232,"CT1",4240,,2023,283,241.4,16457.29,,0.083,0.0013,12065.01,0.0594,2.699,0.0297,202246.669,"Pipeline Natural Gas","Diesel Oil","Combustion turbine",,"Water Injection|Dry Low NOx Burners",,,"ARP, CSNOX, CSOSG2E, CSSO2G1"
"KY","Marshall County",55232,"CT2",4241,,2023,283,243.4,16224.13,,0.083,0.0013,11922.487,0.0604,2.578,0.029,199789.603,"Pipeline Natural Gas","Diesel Oil","Combustion turbine",,"Water Injection|Dry Low NOx Burners",,,"ARP, CSNOX, CSOSG2E, CSSO2G1"
"KY","Marshall County",55232,"CT3",4242,,2023,296,254.03,17813.64,,0.08,0.0012,12871.392,0.0593,2.757,0.0291,216076.687,"Pipeline Natural Gas","Diesel Oil","Combustion turbine",,"Water Injection|Dry Low NOx Burners",,,"ARP, CSNOX, CSOSG2E, CSSO2G1"
"KY","Marshall County",55232,"CT4",4243,,2023,302,261.25,17748.15,,0.085,0.0012,13065.256,0.0596,2.671,0.0285,219163.73,"Pipeline Natural Gas","Diesel Oil","Combustion turbine",,"Water Injection|Dry Low NOx Burners",,,"ARP, CSNOX, CSOSG2E, CSSO2G1"
"KY","Marshall County",55232,"CT5",4244,,2023,308,269.18,18499.65,,0.091,0.0014,13315.307,0.0597,2.914,0.03,223180.165,"Pipeline Natural Gas","Diesel Oil","Combustion turbine",,"Water Injection|Dry Low NOx Burners",,,"ARP, CSNOX, CSOSG2E, CSSO2G1"
"KY","Marshall County",55232,"CT6",4245,,2023,322,281.47,19417.23,,0.101,0.0013,14108.209,0.0598,3.421,0.0322,236324.483,"Pipeline Natural Gas","Diesel Oil","Combustion turbine",,"Water Injection|Dry Low NOx Burners",,,"ARP, CSNOX, CSOSG2E, CSSO2G1"
"KY","Marshall County",55232,"CT7",4246,,2023,274,240.1,16647.16,,0.087,0.0013,12270.123,0.06,2.658,0.0298,205599.182,"Pipeline Natural Gas","Diesel Oil","Combustion turbine",,"Water Injection|Dry Low NOx Burners",,,"ARP, CSNOX, CSOSG2E, CSSO2G1"
"KY","Marshall County",55232,"CT8",4247,,2023,274,239.36,16825.74,,0.087,0.0013,12539.213,0.0594,2.733,0.0297,210166.803,"Pipeline Natural Gas","Diesel Oil","Combustion turbine",,"Water Injection|Dry Low NOx Burners",,,"ARP, CSNOX, CSOSG2E, CSSO2G1"
"PA","Handsome Lake Energy",55233,"EU-1A",4248,"CP100",2023,1034,908.1,15718.43,,0.05,0.0007,9067.5,0.059,14.23,0.2488,153567.3,"Pipeline Natural Gas",,"Combustion turbine",,"Water Injection",,,"ARP, CSNOX, CSOSG3, CSSO2G1, RGGI"
"PA","Handsome Lake Energy",55233,"EU-1B",4249,"CP100",2023,1035,904.62,15625.53,,0.05,0.0007,9005.8,0.0589,13.943,0.2484,152521.7,"Pipeline Natural Gas",,"Combustion turbine",,"Water Injection",,,"ARP, CSNOX, CSOSG3, CSSO2G1, RGGI"
"PA","Handsome Lake Energy",55233,"EU-2A",4250,"CP100",2023,924,793.71,13023.04,,0.042,0.0007,7474,0.0587,12.346,0.2627,126569.3,"Pipeline Natural Gas",,"Combustion turbine",,"Water Injection",,,"ARP, CSNOX, CSOSG3, CSSO2G1, RGGI"
"PA","Handsome Lake Energy",55233,"EU-2B",4251,"CP100",2023,933,806.72,13332.35,,0.043,0.0007,7687.1,0.0587,11.385,0.2461,130193.3,"Pipeline Natural Gas",,"Combustion turbine",,"Water Injection",,,"ARP, CSNOX, CSOSG3, CSSO2G1, RGGI"
"PA","Handsome Lake Energy",55233,"EU-3A",4252,"CP100",2023,939,826.87,13945.9,,0.045,0.0007,8034.4,0.0588,12.074,0.2396,136085.5,"Pipeline Natural Gas",,"Combustion turbine",,"Water Injection",,,"ARP, CSNOX, CSOSG3, CSSO2G1, RGGI"
"PA","Handsome Lake Energy",55233,"EU-3B",4253,"CP100",2023,940,826.68,13951.01,,0.045,0.0007,8038,0.0588,11.912,0.2387,136147.4,"Pipeline Natural Gas",,"Combustion turbine",,"Water Injection",,,"ARP, CSNOX, CSOSG3, CSSO2G1, RGGI"
"PA","Handsome Lake Energy",55233,"EU-4A",4254,"CP100",2023,866,745.73,15049.55,,0.046,0.0007,8738.6,0.0589,13.064,0.2548,147998.9,"Pipeline Natural Gas",,"Combustion turbine",,"Water Injection",,,"ARP, CSNOX, CSOSG3, CSSO2G1, RGGI"
"PA","Handsome Lake Energy",55233,"EU-4B",4255,"CP100",2023,684,579.42,11502.7,,0.038,0.0007,6906.4,0.0589,10.96,0.2748,116959.4,"Pipeline Natural Gas",,"Combustion turbine",,"Water Injection",,,"ARP, CSNOX, CSOSG3, CSSO2G1, RGGI"
"PA","Handsome Lake Energy",55233,"EU-5A",4256,"CP100",2023,862,739.21,12044.66,,0.039,0.0007,6981.5,0.0589,10.462,0.2499,118226.8,"Pipeline Natural Gas",,"Combustion turbine",,"Water Injection",,,"ARP, CSNOX, CSOSG3, CSSO2G1, RGGI"
"PA","Handsome Lake Energy",55233,"EU-5B",4257,"CP100",2023,738,638.89,10117.66,,0.035,0.0007,6013.3,0.0589,9.159,0.2484,101826,"Pipeline Natural Gas",,"Combustion turbine",,"Water Injection",,,"ARP, CSNOX, CSOSG3, CSSO2G1, RGGI"
"MO","Audrain Power Plant",55234,"CT1",4258,,2023,470,395.71,25093.19,,0.089,0.001,17573.929,0.059,3.42,0.0231,295721.735,"Pipeline Natural Gas",,"Combustion turbine",,"Dry Low NOx Burners",,,"ARP, CSNOX, CSOSG2, CSSO2G1"
"MO","Audrain Power Plant",55234,"CT2",4259,,2023,472,400.32,25303.67,,0.09,0.001,17790.599,0.0591,3.823,0.0252,299358.264,"Pipeline Natural Gas",,"Combustion turbine",,"Dry Low NOx Burners",,,"ARP, CSNOX, CSOSG2, CSSO2G1"
"MO","Audrain Power Plant",55234,"CT3",4260,,2023,488,413.04,26302.8,,0.093,0.001,18491.848,0.0592,3.731,0.0238,311173.3,"Pipeline Natural Gas",,"Combustion turbine",,"Dry Low NOx Burners",,,"ARP, CSNOX, CSOSG2, CSSO2G1"
"MO","Audrain Power Plant",55234,"CT4",4261,,2023,442,375.02,23835.69,,0.085,0.001,16802.214,0.059,3.169,0.0223,282734.276,"Pipeline Natural Gas",,"Combustion turbine",,"Dry Low NOx Burners",,,"ARP, CSNOX, CSOSG2, CSSO2G1"
"MO","Audrain Power Plant",55234,"CT5",4262,,2023,483,412.8,26250.83,,0.093,0.001,18426.034,0.059,3.88,0.025,310065.845,"Pipeline Natural Gas",,"Combustion turbine",,"Dry Low NOx Burners",,,"ARP, CSNOX, CSOSG2, CSSO2G1"
"MO","Audrain Power Plant",55234,"CT6",4263,,2023,434,369.68,23683.64,,0.084,0.001,16631.684,0.0588,3.888,0.0276,279860.772,"Pipeline Natural Gas",,"Combustion turbine",,"Dry Low NOx Burners",,,"ARP, CSNOX, CSOSG2, CSSO2G1"
"MO","Audrain Power Plant",55234,"CT7",4264,,2023,467,401.39,25551.83,,0.091,0.001,18037.014,0.059,4.123,0.0269,303520.177,"Pipeline Natural Gas",,"Combustion turbine",,"Dry Low NOx Burners",,,"ARP, CSNOX, CSOSG2, CSSO2G1"
"MO","Audrain Power Plant",55234,"CT8",4265,,2023,460,390.21,24973.44,,0.087,0.001,17147.409,0.0591,3.4,0.0234,288553.699,"Pipeline Natural Gas",,"Combustion turbine",,"Dry Low NOx Burners",,,"ARP, CSNOX, CSOSG2, CSSO2G1"
"IL","Lee County Generating Station, LLC",55236,"CT1",4266,,2023,198,154.89,7558.8,,0.031,0.001,6236.915,0.0592,1.589,0.0376,104941.068,"Pipeline Natural Gas",,"Combustion turbine",,"Dry Low NOx Burners",,,"ARP, CSNOX, CSOSG3, CSSO2G1"
"IL","Lee County Generating Station, LLC",55236,"CT2",4267,,2023,312,249.72,11713.92,,0.049,0.001,9752.99,0.0595,2.676,0.0404,164118.572,"Pipeline Natural Gas",,"Combustion turbine",,"Dry Low NOx Burners",,,"ARP, CSNOX, CSOSG3, CSSO2G1"
"IL","Lee County Generating Station, LLC",55236,"CT3",4268,,2023,213,171.68,8297.01,,0.035,0.001,7000.689,0.0591,2.002,0.0413,117803.541,"Pipeline Natural Gas",,"Combustion turbine",,"Dry Low NOx Burners",,,"ARP, CSNOX, CSOSG3, CSSO2G1"
"IL","Lee County Generating Station, LLC",55236,"CT4",4269,,2023,138,109.11,5027.86,,0.022,0.001,4277.479,0.0591,1.261,0.0403,71978.86,"Pipeline Natural Gas",,"Combustion turbine",,"Dry Low NOx Burners",,,"ARP, CSNOX, CSOSG3, CSSO2G1"
"IL","Lee County Generating Station, LLC",55236,"CT5",4270,,2023,261,209.26,10187.04,,0.043,0.001,8474.047,0.0593,2.558,0.0455,142596.821,"Pipeline Natural Gas",,"Combustion turbine",,"Dry Low NOx Burners",,,"ARP, CSNOX, CSOSG3, CSSO2G1"
"IL","Lee County Generating Station, LLC",55236,"CT6",4271,,2023,252,199.38,9647.96,,0.04,0.001,7968.961,0.059,2.018,0.037,134099.5,"Pipeline Natural Gas",,"Combustion turbine",,"Dry Low NOx Burners",,,"ARP, CSNOX, CSOSG3, CSSO2G1"
"IL","Lee County Generating Station, LLC",55236,"CT7",4272,,2023,194,150.15,7373.16,,0.031,0.001,6061.636,0.0584,1.792,0.0434,102007.956,"Pipeline Natural Gas",,"Combustion turbine",,"Dry Low NOx Burners",,,"ARP, CSNOX, CSOSG3, CSSO2G1"
"IL","Lee County Generating Station, LLC",55236,"CT8",4273,,2023,215,169.22,8030.54,,0.034,0.001,6729.199,0.0591,1.966,0.0434,113227.514,"Pipeline Natural Gas",,"Combustion turbine",,"Dry Low NOx Burners",,,"ARP, CSNOX, CSOSG3, CSSO2G1"
"IL","Shelby County",55237,"SCE1",4274,"CP100",2023,505,387.98,16675.68,,0.053,0.0007,9781.9,0.0578,9.987,0.2845,165712.9,"Pipeline Natural Gas",,"Combustion turbine",,"Water Injection",,,"ARP, CSNOX, CSOSG3, CSSO2G1"
"IL","Shelby County",55237,"SCE2",4275,"CP100",2023,773,612.14,25758.4,,0.081,0.0007,15160.8,0.0588,15.582,0.2728,256838.5,"Pipeline Natural Gas",,"Combustion turbine",,"Water Injection",,,"ARP, CSNOX, CSOSG3, CSSO2G1"
"IL","Shelby County",55237,"SCE3",4276,"CP100",2023,565,436.1,18059.33,,0.058,0.0007,10588.7,0.0588,11.546,0.2911,179455.5,"Pipeline Natural Gas",,"Combustion turbine",,"Water Injection",,,"ARP, CSNOX, CSOSG3, CSSO2G1"
"IL","Shelby County",55237,"SCE4",4277,"CP100",2023,805,650.42,27393.79,,0.085,0.0007,16145.5,0.0589,16.019,0.2562,273510.7,"Pipeline Natural Gas",,"Combustion turbine",,"Water Injection",,,"ARP, CSNOX, CSOSG3, CSSO2G1"
"IL","Shelby County",55237,"SCE5",4278,"CP100",2023,543,434.87,18275.41,,0.059,0.0007,10758,0.0588,11.098,0.2661,182269.6,"Pipeline Natural Gas",,"Combustion turbine",,"Water Injection",,,"ARP, CSNOX, CSOSG3, CSSO2G1"
"IL","Shelby County",55237,"SCE6",4279,"CP100",2023,537,423.82,18082.59,,0.057,0.0007,10621.9,0.0586,10.577,0.2706,179975.6,"Pipeline Natural Gas",,"Combustion turbine",,"Water Injection",,,"ARP, CSNOX, CSOSG3, CSSO2G1"
"IL","Shelby County",55237,"SCE7",4280,"CP100",2023,806,654.09,27961.67,,0.09,0.0008,16591.3,0.0587,15.727,0.249,281042.7,"Pipeline Natural Gas",,"Combustion turbine",,"Water Injection",,,"ARP, CSNOX, CSOSG3, CSSO2G1"
"IL","Shelby County",55237,"SCE8",4281,"CP100",2023,650,514.14,21984.83,,0.07,0.0007,12972.2,0.0588,14.624,0.2809,219770.7,"Pipeline Natural Gas",,"Combustion turbine",,"Water Injection",,,"ARP, CSNOX, CSOSG3, CSSO2G1"
"IL","Rockford Energy Center",55238,"0001",4282,,2023,333,297.61,45831.4,,0.143,0.001,27969.676,0.0588,9.156,0.0446,470635.545,"Pipeline Natural Gas",,"Combustion turbine",,"Dry Low NOx Burners",,,"ARP, CSNOX, CSOSG3, CSSO2G1"
"IL","Rockford Energy Center",55238,"0002",4283,,2023,452,401.06,62302.7,,0.194,0.001,38136.005,0.059,12.711,0.0456,641708.26,"Pipeline Natural Gas",,"Combustion turbine",,"Dry Low NOx Burners",,,"ARP, CSNOX, CSOSG3, CSSO2G1"
"NJ","Red Oak Power, LLC",55239,"1",8480,,2023,4432,4393.41,874961.87,,2.234,0.001,442606.04,0.059,39.188,0.0112,7447691.042,"Pipeline Natural Gas",,"Combined cycle",,"Dry Low NOx Burners|Ammonia Injection|Selective Catalytic Reduction",,,"ARP, CSNOX, CSOSG3, CSSO2G1, RGGI"
"NJ","Red Oak Power, LLC",55239,"2",8482,,2023,4423,4407.89,868572.66,,2.238,0.001,443266,0.059,38.581,0.0108,7458818.065,"Pipeline Natural Gas",,"Combined cycle",,"Dry Low NOx Burners|Ammonia Injection|Selective Catalytic Reduction",,,"ARP, CSNOX, CSOSG3, CSSO2G1, RGGI"
"NJ","Red Oak Power, LLC",55239,"3",8484,,2023,4664,4634.91,910315.61,,2.356,0.001,466784.108,0.059,40.593,0.0108,7854489.145,"Pipeline Natural Gas",,"Combined cycle",,"Dry Low NOx Burners|Ammonia Injection|Selective Catalytic Reduction",,,"ARP, CSNOX, CSOSG3, CSSO2G1, RGGI"
"AL","Hog Bayou Energy Center",55241,"COG01",4286,,2023,7233,7218.11,1526383.04,,3.424,0.001,678208.517,0.059,54.544,0.01,11412176.299,"Pipeline Natural Gas",,"Combined cycle",,"Dry Low NOx Burners|Water Injection|Selective Catalytic Reduction",,,"ARP, CSNOX, CSOSG2, CSSO2G2"
"FL","Santa Rosa Energy Center",55242,"CT-1",4287,,2023,5502,5465.39,1171577.99,,2.57,0.001,509127.095,0.059,135.454,0.0343,8567098.296,"Pipeline Natural Gas",,"Combined cycle",,"Dry Low NOx Burners",,,"ARP"
"NY","Astoria Gas Turbine Power",55243,"CT2-1A",3498,"CP0002",2023,27,13.95,279,,0.03,0.0376,223.5,0.0606,0.792,0.4441,3745.6,"Pipeline Natural Gas","Diesel Oil","Combustion turbine",,,,,"CSNOX, CSSO2G1, RGGI"
"NY","Astoria Gas Turbine Power",55243,"CT2-1B",10215,"CP0002",2023,27,13.95,279,,0.03,0.0376,223.5,0.0606,0.771,0.4369,3745.6,"Pipeline Natural Gas","Diesel Oil","Combustion turbine",,,,,"CSNOX, CSSO2G1, RGGI"
"NY","Astoria Gas Turbine Power",55243,"CT2-2A",3499,"CP0002",2023,17,7.12,141.9,,0.033,0.0592,118.4,0.061,0.431,0.4664,1955.7,"Pipeline Natural Gas","Diesel Oil","Combustion turbine",,,,,"CSNOX, CSSO2G1, RGGI"
"NY","Astoria Gas Turbine Power",55243,"CT2-2B",10217,"CP0002",2023,17,7.12,141.9,,0.033,0.0592,118.4,0.061,0.424,0.4631,1955.7,"Pipeline Natural Gas","Diesel Oil","Combustion turbine",,,,,"CSNOX, CSSO2G1, RGGI"
"NY","Astoria Gas Turbine Power",55243,"CT2-3A",3500,"CP0002",2023,23,12.07,240.9,,0.021,0.0222,207.5,0.0599,0.729,0.429,3486,"Pipeline Natural Gas","Diesel Oil","Combustion turbine",,,,,"CSNOX, CSSO2G1, RGGI"
"NY","Astoria Gas Turbine Power",55243,"CT2-3B",10219,"CP0002",2023,23,12.07,240.9,,0.021,0.0222,207.5,0.0599,0.709,0.419,3486,"Pipeline Natural Gas","Diesel Oil","Combustion turbine",,,,,"CSNOX, CSSO2G1, RGGI"
"NY","Astoria Gas Turbine Power",55243,"CT2-4A",3501,"CP0002",2023,24,11.99,239,,0.032,0.0213,207,0.0601,0.735,0.428,3461.3,"Pipeline Natural Gas","Diesel Oil","Combustion turbine",,,,,"CSNOX, CSSO2G1, RGGI"
"NY","Astoria Gas Turbine Power",55243,"CT2-4B",10221,"CP0002",2023,24,11.99,239,,0.032,0.0213,207,0.0601,0.717,0.4177,3461.3,"Pipeline Natural Gas","Diesel Oil","Combustion turbine",,,,,"CSNOX, CSSO2G1, RGGI"
"NY","Astoria Gas Turbine Power",55243,"CT3-1A",3502,"CP0003",2023,8,2.96,58.5,,0.018,0.063,56,0.0621,0.206,0.4714,923.8,"Pipeline Natural Gas","Diesel Oil","Combustion turbine",,,,,"CSNOX, CSSO2G1, RGGI"
"NY","Astoria Gas Turbine Power",55243,"CT3-1B",10223,"CP0003",2023,8,2.96,58.5,,0.018,0.063,56,0.0621,0.203,0.468,923.8,"Pipeline Natural Gas","Diesel Oil","Combustion turbine",,,,,"CSNOX, CSSO2G1, RGGI"
"NY","Astoria Gas Turbine Power",55243,"CT3-2A",3503,"CP0003",2023,17,6.86,136.5,,0.149,0.0885,137.6,0.0631,0.579,0.4963,2109.4,"Pipeline Natural Gas","Diesel Oil","Combustion turbine",,,,,"CSNOX, CSSO2G1, RGGI"
"NY","Astoria Gas Turbine Power",55243,"CT3-2B",10225,"CP0003",2023,17,6.86,136.5,,0.149,0.0885,137.6,0.0631,0.591,0.4985,2109.4,"Pipeline Natural Gas","Diesel Oil","Combustion turbine",,,,,"CSNOX, CSSO2G1, RGGI"
"NY","Astoria Gas Turbine Power",55243,"CT3-3A",3504,"CP0003",2023,28,14.57,291.05,,0.017,0.0363,261.2,0.0606,0.862,0.4211,4403.9,"Pipeline Natural Gas","Diesel Oil","Combustion turbine",,,,,"CSNOX, CSSO2G1, RGGI"
"NY","Astoria Gas Turbine Power",55243,"CT3-3B",10227,"CP0003",2023,28,14.57,291.05,,0.017,0.0363,261.2,0.0606,0.81,0.4015,4403.9,"Pipeline Natural Gas","Diesel Oil","Combustion turbine",,,,,"CSNOX, CSSO2G1, RGGI"
"NY","Astoria Gas Turbine Power",55243,"CT3-4A",3505,"CP0003",2023,18,9.65,192.5,,0.016,0.0282,175,0.0604,0.603,0.4275,2943.3,"Pipeline Natural Gas","Diesel Oil","Combustion turbine",,,,,"CSNOX, CSSO2G1, RGGI"
"NY","Astoria Gas Turbine Power",55243,"CT3-4B",10229,"CP0003",2023,18,9.65,192.5,,0.016,0.0282,175,0.0604,0.595,0.4252,2943.3,"Pipeline Natural Gas","Diesel Oil","Combustion turbine",,,,,"CSNOX, CSSO2G1, RGGI"
"NY","Astoria Gas Turbine Power",55243,"CT4-1A",3506,"CP0004",2023,24,12.6,250.2,,0.014,0.0423,207.3,0.0611,0.724,0.4485,3494.2,"Pipeline Natural Gas","Diesel Oil","Combustion turbine",,,,,"CSNOX, CSSO2G1, RGGI"
"NY","Astoria Gas Turbine Power",55243,"CT4-1B",10231,"CP0004",2023,24,12.6,250.2,,0.014,0.0423,207.3,0.0611,0.641,0.4069,3494.2,"Pipeline Natural Gas","Diesel Oil","Combustion turbine",,,,,"CSNOX, CSSO2G1, RGGI"
"NY","Astoria Gas Turbine Power",55243,"CT4-2A",3507,"CP0004",2023,21,11.36,225.9,,0.016,0.0242,185.4,0.0597,0.598,0.3974,3120.6,"Pipeline Natural Gas","Diesel Oil","Combustion turbine",,,,,"CSNOX, CSSO2G1, RGGI"
"NY","Astoria Gas Turbine Power",55243,"CT4-2B",10233,"CP0004",2023,21,11.36,225.9,,0.016,0.0242,185.4,0.0597,0.627,0.4193,3120.6,"Pipeline Natural Gas","Diesel Oil","Combustion turbine",,,,,"CSNOX, CSSO2G1, RGGI"
"NY","Astoria Gas Turbine Power",55243,"CT4-3A",3508,"CP0004",2023,17,8.94,177.7,,0.019,0.0299,146.6,0.0606,0.519,0.4367,2460.1,"Pipeline Natural Gas","Diesel Oil","Combustion turbine",,,,,"CSNOX, CSSO2G1, RGGI"
"NY","Astoria Gas Turbine Power",55243,"CT4-3B",10235,"CP0004",2023,17,8.94,177.7,,0.019,0.0299,146.6,0.0606,0.505,0.4274,2460.1,"Pipeline Natural Gas","Diesel Oil","Combustion turbine",,,,,"CSNOX, CSSO2G1, RGGI"
"NY","Astoria Gas Turbine Power",55243,"CT4-4A",3509,"CP0004",2023,22,11.48,227.7,,0.016,0.0231,187.9,0.0591,0.659,0.4303,3166.3,"Pipeline Natural Gas","Diesel Oil","Combustion turbine",,,,,"CSNOX, CSSO2G1, RGGI"
"NY","Astoria Gas Turbine Power",55243,"CT4-4B",10237,"CP0004",2023,22,11.48,227.7,,0.016,0.0231,187.9,0.0591,0.64,0.4196,3166.3,"Pipeline Natural Gas","Diesel Oil","Combustion turbine",,,,,"CSNOX, CSSO2G1, RGGI"
"GA","Doyle Energy Facility",55244,"CTG-2",4309,,2023,166,134.68,7565.34,,0.029,0.001,5801.582,0.0587,4.369,0.0935,97625.747,"Pipeline Natural Gas",,"Combustion turbine",,"Dry Low NOx Burners",,,"ARP, CSNOX, CSOSG1, CSSO2G2"
"GA","Doyle Energy Facility",55244,"CTG-3",4310,,2023,213,176.99,10004.08,,0.04,0.001,7919.423,0.0593,6.715,0.1041,133252.769,"Pipeline Natural Gas",,"Combustion turbine",,"Dry Low NOx Burners",,,"ARP, CSNOX, CSOSG1, CSSO2G2"
"GA","Doyle Energy Facility",55244,"CTG-4",4311,,2023,336,281.69,19551.55,,0.069,0.001,13697.044,0.0591,6.226,0.0593,230474.633,"Pipeline Natural Gas",,"Combustion turbine",,"Dry Low NOx Burners",,,"ARP, CSNOX, CSOSG1, CSSO2G2"
"GA","Doyle Energy Facility",55244,"CTG-5",4312,,2023,322,268.81,17702.86,,0.063,0.001,12505.679,0.059,5.792,0.0594,210441.784,"Pipeline Natural Gas",,"Combustion turbine",,"Dry Low NOx Burners",,,"ARP, CSNOX, CSOSG1, CSSO2G2"
"OH","Darby Electric Generating Station",55247,"CT1",4313,,2023,1465,1294.25,94986.35,,0.22,0.0006,43293.396,0.059,17.197,0.109,727657.944,"Pipeline Natural Gas","Diesel Oil","Combustion turbine",,"Dry Low NOx Burners|Water Injection",,,"ARP, CSNOX, CSOSG3, CSSO2G1"
"OH","Darby Electric Generating Station",55247,"CT2",4314,,2023,1608,1417.26,102803.92,,0.226,0.0006,45436.57,0.0584,14.533,0.0963,764160.676,"Pipeline Natural Gas","Diesel Oil","Combustion turbine",,"Dry Low NOx Burners|Water Injection",,,"ARP, CSNOX, CSOSG3, CSSO2G1"
"OH","Darby Electric Generating Station",55247,"CT3",4315,,2023,1649,1442.83,103074.27,,0.199,0.0005,40062.021,0.0579,12.289,0.1105,673691.677,"Pipeline Natural Gas","Diesel Oil","Combustion turbine",,"Dry Low NOx Burners|Water Injection",,,"ARP, CSNOX, CSOSG3, CSSO2G1"
"OH","Darby Electric Generating Station",55247,"CT4",4316,,2023,1374,1218.56,86978.85,,0.122,0.0004,25218.393,0.0579,9.818,0.1316,422129.737,"Pipeline Natural Gas","Diesel Oil","Combustion turbine",,"Dry Low NOx Burners|Water Injection",,,"ARP, CSNOX, CSOSG3, CSSO2G1"
"OH","Darby Electric Generating Station",55247,"CT5",4317,,2023,1414,1253.39,89936.66,,0.163,0.0005,33556.206,0.0575,11.27,0.1105,564566.008,"Pipeline Natural Gas","Diesel Oil","Combustion turbine",,"Dry Low NOx Burners|Water Injection",,,"ARP, CSNOX, CSOSG3, CSSO2G1"
"OH","Darby Electric Generating Station",55247,"CT6",4318,,2023,1407,1247.08,88225.71,,0.16,0.0005,33010.294,0.0575,11.389,0.1132,555093.009,"Pipeline Natural Gas","Diesel Oil","Combustion turbine",,"Dry Low NOx Burners|Water Injection",,,"ARP, CSNOX, CSOSG3, CSSO2G1"
"OH","Tait Electric Generating Station",55248,"CT4",4319,,2023,3551,3193.24,212897.66,,0.938,0.0016,159891.6,0.0591,86.825,0.1564,2710187.8,"Pipeline Natural Gas","Diesel Oil","Combustion turbine",,"Water Injection|Dry Low NOx Burners",,,"ARP, CSNOX, CSOSG3, CSSO2G1"
"OH","Tait Electric Generating Station",55248,"CT5",4320,,2023,3599,3240.92,222400.79,,2.981,0.0026,169157.3,0.059,95.357,0.1561,2864074.7,"Pipeline Natural Gas","Diesel Oil","Combustion turbine",,"Water Injection|Dry Low NOx Burners",,,"ARP, CSNOX, CSOSG3, CSSO2G1"
"OH","Tait Electric Generating Station",55248,"CT6",4321,,2023,3913,3520.03,237069.34,,1.002,0.001,179788.2,0.059,115.486,0.1655,3047335.1,"Pipeline Natural Gas","Diesel Oil","Combustion turbine",,"Water Injection|Dry Low NOx Burners",,,"ARP, CSNOX, CSOSG3, CSSO2G1"
"OH","Tait Electric Generating Station",55248,"CT7",4322,,2023,3866,3482.84,231641.58,,0.897,0.001,168368.5,0.059,91.947,0.1523,2852796.3,"Pipeline Natural Gas","Diesel Oil","Combustion turbine",,"Water Injection|Dry Low NOx Burners",,,"ARP, CSNOX, CSOSG3, CSSO2G1"
"IL","University Park Energy",55250,"UP1",4323,"CP100",2023,208,185.69,4590.17,,0.016,0.0009,2712.92,0.0593,3.567,0.2268,45669.592,"Pipeline Natural Gas",,"Combustion turbine",,"Water Injection",,,"ARP, CSNOX, CSOSG3, CSSO2G1"
"IL","University Park Energy",55250,"UP10",4324,"CP100",2023,260,227.25,5519.5,,0.02,0.0008,3316.433,0.0593,4.9,0.2559,55822.124,"Pipeline Natural Gas",,"Combustion turbine",,"Water Injection",,,"ARP, CSNOX, CSOSG3, CSSO2G1"
"IL","University Park Energy",55250,"UP11",4325,"CP100",2023,308,273.49,7032.74,,0.025,0.0008,4228.18,0.0593,5.875,0.2406,71153.884,"Pipeline Natural Gas",,"Combustion turbine",,"Water Injection",,,"ARP, CSNOX, CSOSG3, CSSO2G1"
"IL","University Park Energy",55250,"UP12",4326,"CP100",2023,313,279.34,6779.44,,0.024,0.0008,4078.986,0.059,6.775,0.2621,68641.242,"Pipeline Natural Gas",,"Combustion turbine",,"Water Injection",,,"ARP, CSNOX, CSOSG3, CSSO2G1"
"IL","University Park Energy",55250,"UP2",4327,"CP100",2023,208,183.49,4462.81,,0.016,0.0009,2634.333,0.0593,4.57,0.272,44327.976,"Pipeline Natural Gas",,"Combustion turbine",,"Water Injection",,,"ARP, CSNOX, CSOSG3, CSSO2G1"
"IL","University Park Energy",55250,"UP3",4328,"CP100",2023,373,331.25,8224.03,,0.03,0.0008,4959.588,0.0593,6.761,0.2355,83470.382,"Pipeline Natural Gas",,"Combustion turbine",,"Water Injection",,,"ARP, CSNOX, CSOSG3, CSSO2G1"
"IL","University Park Energy",55250,"UP4",4329,"CP100",2023,366,327.97,8054.76,,0.029,0.0008,4856.494,0.0593,7.069,0.2385,81735.788,"Pipeline Natural Gas",,"Combustion turbine",,"Water Injection",,,"ARP, CSNOX, CSOSG3, CSSO2G1"
"IL","University Park Energy",55250,"UP5",4330,"CP100",2023,438,399.67,10509.62,,0.037,0.0009,6238.211,0.0593,9.048,0.2283,105001.938,"Pipeline Natural Gas",,"Combustion turbine",,"Water Injection",,,"ARP, CSNOX, CSOSG3, CSSO2G1"
"IL","University Park Energy",55250,"UP6",4331,"CP100",2023,440,401.64,9963.64,,0.036,0.0009,5928.697,0.0593,9.508,0.2418,99785.994,"Pipeline Natural Gas",,"Combustion turbine",,"Water Injection",,,"ARP, CSNOX, CSOSG3, CSSO2G1"
"IL","University Park Energy",55250,"UP7",4332,"CP100",2023,321,286.85,7246.53,,0.025,0.0008,4291.881,0.0589,6.025,0.2354,72246.666,"Pipeline Natural Gas",,"Combustion turbine",,"Water Injection",,,"ARP, CSNOX, CSOSG3, CSSO2G1"
"IL","University Park Energy",55250,"UP8",4333,"CP100",2023,316,285.27,6876.99,,0.025,0.0008,4076.391,0.0593,6.554,0.2513,68632.359,"Pipeline Natural Gas",,"Combustion turbine",,"Water Injection",,,"ARP, CSNOX, CSOSG3, CSSO2G1"
"IL","University Park Energy",55250,"UP9",4334,"CP100",2023,253,224,5537.87,,0.02,0.0008,3329.796,0.0593,6.733,0.3089,56053.972,"Pipeline Natural Gas",,"Combustion turbine",,"Water Injection",,,"ARP, CSNOX, CSOSG3, CSSO2G1"
"TN","Gleason Combustion Turbine Plant",55251,"CTG-1",4335,,2023,833,757.1,124367.94,,0.405,0.001,80206.173,0.059,49.831,0.0746,1349620.787,"Pipeline Natural Gas",,"Combustion turbine",,"Dry Low NOx Burners",,,"ARP, CSNOX, CSOSG2, CSSO2G1"
"TN","Gleason Combustion Turbine Plant",55251,"CTG-2",4336,,2023,825,745.48,121881.44,,0.397,0.001,78661.954,0.059,51.625,0.0764,1323661.062,"Pipeline Natural Gas",,"Combustion turbine",,"Dry Low NOx Burners",,,"ARP, CSNOX, CSOSG2, CSSO2G1"
"TN","Gleason Combustion Turbine Plant",55251,"CTG-3",4337,,2023,556,510.08,77949.75,,0.259,0.001,51311.453,0.059,28.41,0.0664,863414.184,"Pipeline Natural Gas",,"Combustion turbine",,"Dry Low NOx Burners",,,"ARP, CSNOX, CSOSG2, CSSO2G1"
"IL","Crete Energy Park",55253,"GT1",4339,,2023,303,252.12,13586.36,,0.056,0.001,11091.954,0.059,2.297,0.0242,186630.31,"Pipeline Natural Gas",,"Combustion turbine",,"Dry Low NOx Burners",,,"ARP, CSNOX, CSOSG3, CSSO2G1"
"IL","Crete Energy Park",55253,"GT2",4340,,2023,373,315.08,17177.82,,0.07,0.001,13792.459,0.059,2.846,0.0242,232072.903,"Pipeline Natural Gas",,"Combustion turbine",,"Dry Low NOx Burners",,,"ARP, CSNOX, CSOSG3, CSSO2G1"
"IL","Crete Energy Park",55253,"GT3",4341,,2023,272,223.9,12325.7,,0.05,0.001,9850.729,0.0591,2.24,0.0266,165759.326,"Pipeline Natural Gas",,"Combustion turbine",,"Dry Low NOx Burners",,,"ARP, CSNOX, CSOSG3, CSSO2G1"
"IL","Crete Energy Park",55253,"GT4",4342,,2023,251,209.5,11014.03,,0.048,0.001,9465.556,0.059,2.219,0.0275,159275.575,"Pipeline Natural Gas",,"Combustion turbine",,"Dry Low NOx Burners",,,"ARP, CSNOX, CSOSG3, CSSO2G1"
"IN","Whiting Clean Energy, Inc.",55259,"CT1",4357,,2023,8112,8109.96,1131585.43,,4.052,0.001,802554.137,0.059,54.228,0.0081,13504441.947,"Pipeline Natural Gas",,"Combined cycle",,"Dry Low NOx Burners|Selective Catalytic Reduction",,,"ARP, CSNOX, CSOSG3, CSSO2G1"
"IN","Whiting Clean Energy, Inc.",55259,"CT2",4358,,2023,7913,7911.35,1135842.77,,3.91,0.001,774508.534,0.059,52.285,0.0081,13032657.77,"Pipeline Natural Gas",,"Combined cycle",,"Dry Low NOx Burners|Selective Catalytic Reduction",,,"ARP, CSNOX, CSOSG3, CSSO2G1"
"OH","AMP-Ohio Gas Turbines Bowling Green",55262,"CT1",4361,,2023,75,50.25,1003.69,,0.007,0.0008,1447.2,0.0589,1.841,0.1499,24540,"Pipeline Natural Gas",,"Combustion turbine",,"Selective Catalytic Reduction",,,"ARP, CSNOX, CSOSG3, CSSO2G1"
"OH","AMP-Ohio Gas Turbines Galion",55263,"CT1",4363,,2023,54,39.34,703.22,,0.007,0.0008,1477.7,0.059,1.878,0.15,25040.4,"Pipeline Natural Gas",,"Combustion turbine",,"Selective Catalytic Reduction",,,"ARP, CSNOX, CSOSG3, CSSO2G1"
"OH","AMP-Ohio Gas Turbines Napoleon",55264,"CT1",4365,,2023,75,56.18,1124.14,,0.008,0.0009,1524.6,0.059,1.939,0.15,25850.8,"Pipeline Natural Gas",,"Combustion turbine",,"Selective Catalytic Reduction",,,"ARP, CSNOX, CSOSG3, CSSO2G1"
"GA","Edward L Addison Generating Plant",55267,"1",4369,,2023,128,101.09,13559.56,,0.054,0.001,9505.159,0.0619,4.289,0.0647,152037.263,"Pipeline Natural Gas","Diesel Oil","Combustion turbine",,"Dry Low NOx Burners",,,"ARP, CSNOX, CSOSG1, CSSO2G2"
"GA","Edward L Addison Generating Plant",55267,"2",4370,,2023,774,656.31,91053.78,,0.306,0.001,59541.102,0.0595,19.791,0.0523,997592.963,"Pipeline Natural Gas","Diesel Oil","Combustion turbine",,"Dry Low NOx Burners",,,"ARP, CSNOX, CSOSG1, CSSO2G2"
"GA","Edward L Addison Generating Plant",55267,"3",4371,,2023,127,104.61,14235.38,,0.051,0.001,9546.906,0.0611,3.57,0.0579,156831.222,"Pipeline Natural Gas","Diesel Oil","Combustion turbine",,"Dry Low NOx Burners",,,"ARP, CSNOX, CSOSG1, CSSO2G2"
"GA","Edward L Addison Generating Plant",55267,"4",4372,,2023,738,617.41,84281.99,,0.289,0.001,55945.059,0.0599,19.51,0.0555,935018.489,"Pipeline Natural Gas","Diesel Oil","Combustion turbine",,"Dry Low NOx Burners",,,"ARP, CSNOX, CSOSG1, CSSO2G2"
"MS","Southaven Combined Cycle Plant",55269,"AA-001",4373,,2023,7179,7149.34,1703487.52,,3.48,0.001,689240.444,0.059,66.561,0.0124,11597854.293,"Pipeline Natural Gas",,"Combined cycle",,"Dry Low NOx Burners|Selective Catalytic Reduction",,,"ARP, CSOSG2"
"MS","Southaven Combined Cycle Plant",55269,"AA-002",4374,,2023,5745,5654.62,1326003.13,,2.763,0.001,547405.71,0.059,54.251,0.0139,9211165.371,"Pipeline Natural Gas",,"Combined cycle",,"Dry Low NOx Burners|Selective Catalytic Reduction",,,"ARP, CSOSG2"
"MS","Southaven Combined Cycle Plant",55269,"AA-003",4375,,2023,6753,6659.53,1579824.88,,3.094,0.001,612962.402,0.059,65.379,0.0148,10314306.887,"Pipeline Natural Gas",,"Combined cycle",,"Dry Low NOx Burners|Selective Catalytic Reduction",,,"ARP, CSOSG2"
"MI","Jackson Generating Station",55270,"7EA",4376,,2023,4691,4517.61,552533.75,,1.272,0.001,251891.164,0.059,60.042,0.0327,4238519.408,"Pipeline Natural Gas",,"Combined cycle",,"Dry Low NOx Burners",,,"ARP, CSNOX, CSOSG3, CSSO2G1"
"MI","Jackson Generating Station",55270,"LM1",4377,,2023,4783,4544.62,244513.19,,0.607,0.001,120135.234,0.0592,79.463,0.0887,2021408.226,"Pipeline Natural Gas",,"Combined cycle",,"Steam Injection",,,"ARP, CSNOX, CSOSG3, CSSO2G1"
"MI","Jackson Generating Station",55270,"LM2",4378,,2023,4781,4547.56,239932.87,,0.591,0.001,116985.634,0.0592,77.114,0.0842,1968466.736,"Pipeline Natural Gas",,"Combined cycle",,"Steam Injection",,,"ARP, CSNOX, CSOSG3, CSSO2G1"
"MI","Jackson Generating Station",55270,"LM3",4379,,2023,4882,4639.06,249196.1,,0.624,0.001,123545.776,0.0592,82.154,0.0883,2078899.381,"Pipeline Natural Gas",,"Combined cycle",,"Steam Injection",,,"ARP, CSNOX, CSOSG3, CSSO2G1"
"MI","Jackson Generating Station",55270,"LM4",4380,,2023,4823,4593.94,252458.11,,0.651,0.001,128944.519,0.0592,82.271,0.0828,2169750.898,"Pipeline Natural Gas",,"Combined cycle",,"Steam Injection",,,"ARP, CSNOX, CSOSG3, CSSO2G1"
"MI","Jackson Generating Station",55270,"LM5",4381,,2023,4471,4233.04,230744.61,,0.584,0.001,115581.598,0.0592,75.097,0.0872,1944851.24,"Pipeline Natural Gas",,"Combined cycle",,"Steam Injection",,,"ARP, CSNOX, CSOSG3, CSSO2G1"
"MI","Jackson Generating Station",55270,"LM6",4382,,2023,4815,4575.75,250426.74,,0.631,0.001,125047.93,0.0592,79.024,0.0815,2104185.736,"Pipeline Natural Gas",,"Combined cycle",,"Steam Injection",,,"ARP, CSNOX, CSOSG3, CSSO2G1"
"AL","Lindsay Hill Generating Station",55271,"CT1",4383,,2023,5275,5206.66,1154604.76,,2.471,0.001,489447.826,0.059,33.845,0.0099,8235788.143,"Pipeline Natural Gas","Diesel Oil","Combined cycle",,"Dry Low NOx Burners|Water Injection|Selective Catalytic Reduction",,,"ARP, CSNOX, CSOSG2, CSSO2G2"
"AL","Lindsay Hill Generating Station",55271,"CT2",4384,,2023,4422,4342.05,973753.34,,2.109,0.001,417832.842,0.059,27.318,0.0103,7030690.414,"Pipeline Natural Gas","Diesel Oil","Combined cycle",,"Dry Low NOx Burners|Water Injection|Selective Catalytic Reduction",,,"ARP, CSNOX, CSOSG2, CSSO2G2"
"AL","Lindsay Hill Generating Station",55271,"CT3",4385,,2023,2863,2823.44,639222.55,,1.363,0.001,269975.467,0.059,17.815,0.01,4542700.743,"Pipeline Natural Gas","Diesel Oil","Combined cycle",,"Dry Low NOx Burners|Water Injection|Selective Catalytic Reduction",,,"ARP, CSNOX, CSOSG2, CSSO2G2"
"WV","Ceredo Generating Station",55276,"01",4397,"CP01",2023,1158,1045.42,71339.43,,0.271,0.0009,52848.8,0.0585,38.376,0.1671,895763.2,"Pipeline Natural Gas",,"Combustion turbine",,"Combustion Modification/Fuel Reburning",,,"ARP, CSNOX, CSOSG2E, CSSO2G1"
"WV","Ceredo Generating Station",55276,"02",4398,"CP01",2023,1291,1161.41,79036.17,,0.305,0.0009,58510.7,0.058,39.016,0.1598,991735.4,"Pipeline Natural Gas",,"Combustion turbine",,"Combustion Modification/Fuel Reburning",,,"ARP, CSNOX, CSOSG2E, CSSO2G1"
"WV","Ceredo Generating Station",55276,"03",4399,"CP01",2023,1243,1120.44,77532.09,,0.299,0.0009,57384.7,0.0584,38.741,0.1583,972636.6,"Pipeline Natural Gas",,"Combustion turbine",,"Combustion Modification/Fuel Reburning",,,"ARP, CSNOX, CSOSG2E, CSSO2G1"
"WV","Ceredo Generating Station",55276,"04",4400,"CP01",2023,1290,1158.99,78882.75,,0.304,0.0009,58382.4,0.0585,38.835,0.1585,989608.9,"Pipeline Natural Gas",,"Combustion turbine",,"Combustion Modification/Fuel Reburning",,,"ARP, CSNOX, CSOSG2E, CSSO2G1"
"WV","Ceredo Generating Station",55276,"05",4401,"CP01",2023,1223,1098.22,75236.25,,0.291,0.0009,55680.5,0.0584,36.004,0.1568,943807,"Pipeline Natural Gas",,"Combustion turbine",,"Combustion Modification/Fuel Reburning",,,"ARP, CSNOX, CSOSG2E, CSSO2G1"
"WV","Ceredo Generating Station",55276,"06",4402,"CP01",2023,1292,1159.79,79713.52,,0.308,0.0009,58994.7,0.0581,38.496,0.1577,999918.8,"Pipeline Natural Gas",,"Combustion turbine",,"Combustion Modification/Fuel Reburning",,,"ARP, CSNOX, CSOSG2E, CSSO2G1"
"IL","Aurora",55279,"AGS01",4407,,2023,442,392.63,54145.4,,0.181,0.001,35813.084,0.059,12.476,0.0495,602621.149,"Pipeline Natural Gas",,"Combustion turbine",,"Dry Low NOx Burners",,,"ARP, CSNOX, CSOSG3, CSSO2G1"
"IL","Aurora",55279,"AGS02",4409,,2023,670,600.28,84653.78,,0.242,0.001,48031.487,0.059,13.752,0.0423,808220.185,"Pipeline Natural Gas",,"Combustion turbine",,"Dry Low NOx Burners",,,"ARP, CSNOX, CSOSG3, CSSO2G1"
"IL","Aurora",55279,"AGS03",4410,,2023,599,543.84,79007.47,,0.215,0.001,42609.495,0.059,15.901,0.0505,716983.496,"Pipeline Natural Gas",,"Combustion turbine",,"Dry Low NOx Burners",,,"ARP, CSNOX, CSOSG3, CSSO2G1"
"IL","Aurora",55279,"AGS04",4411,,2023,455,408,56078.22,,0.159,0.001,31530.006,0.059,10.538,0.047,530558.467,"Pipeline Natural Gas",,"Combustion turbine",,"Dry Low NOx Burners",,,"ARP, CSNOX, CSOSG3, CSSO2G1"
"IL","Aurora",55279,"AGS05",4412,,2023,301,261.81,11431.06,,0.032,0.001,6271.216,0.0592,3.961,0.086,105531.638,"Pipeline Natural Gas",,"Combustion turbine",,"Water Injection",,,"ARP, CSNOX, CSOSG3, CSSO2G1"
"IL","Aurora",55279,"AGS06",4413,,2023,773,694.77,30570.51,,0.084,0.001,16592.551,0.0592,10.622,0.0845,279205.422,"Pipeline Natural Gas",,"Combustion turbine",,"Water Injection",,,"ARP, CSNOX, CSOSG3, CSSO2G1"
"IL","Aurora",55279,"AGS07",4414,,2023,757,675.29,29521.08,,0.081,0.001,16139.607,0.0592,10.39,0.0845,271584.792,"Pipeline Natural Gas",,"Combustion turbine",,"Water Injection",,,"ARP, CSNOX, CSOSG3, CSSO2G1"
"IL","Aurora",55279,"AGS08",4415,,2023,542,479.49,21015.94,,0.059,0.001,11678.919,0.0593,7.454,0.0836,196514.575,"Pipeline Natural Gas",,"Combustion turbine",,"Water Injection",,,"ARP, CSNOX, CSOSG3, CSSO2G1"
"IL","Aurora",55279,"AGS09",4416,,2023,761,684.03,30132.86,,0.084,0.001,16700.509,0.0592,10.596,0.0831,280996.887,"Pipeline Natural Gas",,"Combustion turbine",,"Water Injection",,,"ARP, CSNOX, CSOSG3, CSSO2G1"
"IL","Aurora",55279,"AGS10",4408,,2023,649,583.51,25655.57,,0.073,0.001,14433.351,0.0592,8.686,0.0782,242884.271,"Pipeline Natural Gas",,"Combustion turbine",,"Water Injection",,,"ARP, CSNOX, CSOSG3, CSSO2G1"
"IL","Southeast Chicago Energy Project",55281,"CTG10",8488,"CP1",2023,0,0,,,,,,,,,,"Pipeline Natural Gas",,"Combustion turbine",,"Dry Low NOx Burners",,,"ARP, CSNOX, CSOSG3, CSSO2G1"
"IL","Southeast Chicago Energy Project",55281,"CTG11",8490,"CP1",2023,0,0,,,,,,,,,,"Pipeline Natural Gas",,"Combustion turbine",,"Dry Low NOx Burners",,,"ARP, CSNOX, CSOSG3, CSSO2G1"
"IL","Southeast Chicago Energy Project",55281,"CTG12",8492,"CP1",2023,0,0,,,,,,,,,,"Pipeline Natural Gas",,"Combustion turbine",,"Dry Low NOx Burners",,,"ARP, CSNOX, CSOSG3, CSSO2G1"
"IL","Southeast Chicago Energy Project",55281,"CTG5",8494,"CP1",2023,0,0,,,,,,,,,,"Pipeline Natural Gas",,"Combustion turbine",,"Dry Low NOx Burners",,,"ARP, CSNOX, CSOSG3, CSSO2G1"
"IL","Southeast Chicago Energy Project",55281,"CTG6",8496,"CP1",2023,0,0,,,,,,,,,,"Pipeline Natural Gas",,"Combustion turbine",,"Dry Low NOx Burners",,,"ARP, CSNOX, CSOSG3, CSSO2G1"
"IL","Southeast Chicago Energy Project",55281,"CTG7",8498,"CP1",2023,0,0,,,,,,,,,,"Pipeline Natural Gas",,"Combustion turbine",,"Dry Low NOx Burners",,,"ARP, CSNOX, CSOSG3, CSSO2G1"
"IL","Southeast Chicago Energy Project",55281,"CTG8",8500,"CP1",2023,0,0,,,,,,,,,,"Pipeline Natural Gas",,"Combustion turbine",,"Dry Low NOx Burners",,,"ARP, CSNOX, CSOSG3, CSSO2G1"
"IL","Southeast Chicago Energy Project",55281,"CTG9",8502,"CP1",2023,0,0,,,,,,,,,,"Pipeline Natural Gas",,"Combustion turbine",,"Dry Low NOx Burners",,,"ARP, CSNOX, CSOSG3, CSSO2G1"
"AZ","Arlington Valley Energy Facility",55282,"CTG1",4420,,2023,7295,7257.16,1806747.41,,3.848,0.001,762140.515,0.059,55.408,0.0096,12824480.503,"Pipeline Natural Gas",,"Combined cycle",,"Dry Low NOx Burners|Selective Catalytic Reduction",,,"ARP"
"AZ","Arlington Valley Energy Facility",55282,"CTG2",4421,,2023,7304,7269.67,1809949.22,,3.858,0.001,764262.912,0.059,48.942,0.0083,12860257.923,"Pipeline Natural Gas",,"Combined cycle",,"Dry Low NOx Burners|Selective Catalytic Reduction",,,"ARP"
"CO","Front Range Power Plant",55283,"1",4422,,2023,6697,6687.29,1027517.65,,2.397,0.001,474871.336,0.059,119.234,0.0296,7990651.248,"Pipeline Natural Gas",,"Combined cycle",,"Dry Low NOx Burners",,,"ARP"
"CO","Front Range Power Plant",55283,"2",4423,,2023,6896,6880.72,1063537.62,,2.444,0.001,484134.612,0.059,132.842,0.033,8146462.096,"Pipeline Natural Gas",,"Combined cycle",,"Dry Low NOx Burners",,,"ARP"
"WV","Big Sandy Peaker Plant",55284,"GS01",4424,"CP100, CP200",2023,1935,1547.89,28633.35,,0.096,0.0009,19037.363,0.0586,16.743,0.1452,320592.887,"Pipeline Natural Gas",,"Combustion turbine",,"Water Injection",,,"ARP, CSNOX, CSOSG2E, CSSO2G1"
"WV","Big Sandy Peaker Plant",55284,"GS02",4425,"CP100, CP200",2023,1794,1423.43,28309.2,,0.096,0.0009,19040.256,0.0587,18.276,0.1578,320642.907,"Pipeline Natural Gas",,"Combustion turbine",,"Water Injection",,,"ARP, CSNOX, CSOSG2E, CSSO2G1"
"WV","Big Sandy Peaker Plant",55284,"GS03",4426,"CP100, CP200",2023,2008,1607.48,30509.22,,0.103,0.0009,20362.27,0.0586,17.763,0.1388,342837.007,"Pipeline Natural Gas",,"Combustion turbine",,"Water Injection",,,"ARP, CSNOX, CSOSG2E, CSSO2G1"
"WV","Big Sandy Peaker Plant",55284,"GS04",4427,"CP100, CP200",2023,1972,1572.2,29978.69,,0.102,0.0009,20212.15,0.0588,17.59,0.1376,340287.407,"Pipeline Natural Gas",,"Combustion turbine",,"Water Injection",,,"ARP, CSNOX, CSOSG2E, CSSO2G1"
"WV","Big Sandy Peaker Plant",55284,"GS05",4428,"CP100, CP200",2023,1923,1533.89,30394.09,,0.103,0.0009,20275.932,0.0586,18.467,0.1482,341405.712,"Pipeline Natural Gas",,"Combustion turbine",,"Water Injection",,,"ARP, CSNOX, CSOSG2E, CSSO2G1"
"WV","Big Sandy Peaker Plant",55284,"GS06",4429,"CP100, CP200",2023,1856,1478.13,26917.61,,0.091,0.0009,17932.09,0.0589,17.501,0.147,301886.396,"Pipeline Natural Gas",,"Combustion turbine",,"Water Injection",,,"ARP, CSNOX, CSOSG2E, CSSO2G1"
"WV","Big Sandy Peaker Plant",55284,"GS07",4430,"CP100, CP200",2023,1512,1238.72,24819.85,,0.082,0.001,16215.336,0.059,11.926,0.0984,272851.532,"Pipeline Natural Gas",,"Combustion turbine",,"Water Injection",,,"ARP, CSNOX, CSOSG2E, CSSO2G1"
"WV","Big Sandy Peaker Plant",55284,"GS08",4431,"CP100, CP200",2023,1812,1466.82,28508.73,,0.096,0.001,18994.396,0.0587,18.172,0.1464,319801.786,"Pipeline Natural Gas",,"Combustion turbine",,"Water Injection",,,"ARP, CSNOX, CSOSG2E, CSSO2G1"
"WV","Big Sandy Peaker Plant",55284,"GS09",4432,"CP100, CP200",2023,1677,1341.35,25394.63,,0.085,0.0009,16799.933,0.0584,15.651,0.1541,282898.232,"Pipeline Natural Gas",,"Combustion turbine",,"Water Injection",,,"ARP, CSNOX, CSOSG2E, CSSO2G1"
"WV","Big Sandy Peaker Plant",55284,"GS10",4433,"CP100, CP200",2023,1495,1197.34,23785.98,,0.08,0.0009,15774.609,0.0587,14.653,0.1444,265632.069,"Pipeline Natural Gas",,"Combustion turbine",,"Water Injection",,,"ARP, CSNOX, CSOSG2E, CSSO2G1"
"WV","Big Sandy Peaker Plant",55284,"GS11",4434,"CP100, CP200",2023,1856,1491.02,27646.43,,0.093,0.0009,18346.815,0.0585,18.834,0.1653,308948.924,"Pipeline Natural Gas",,"Combustion turbine",,"Water Injection",,,"ARP, CSNOX, CSOSG2E, CSSO2G1"
"WV","Big Sandy Peaker Plant",55284,"GS12",4435,"CP100, CP200",2023,1038,832.94,19116.67,,0.063,0.0009,12397.359,0.0587,13.587,0.1859,208833.861,"Pipeline Natural Gas",,"Combustion turbine",,"Water Injection",,,"ARP, CSNOX, CSOSG2E, CSSO2G1"
"VA","Wolf Hills Energy",55285,"WH01",4436,"CP100, CP200",2023,407,300.02,6807.87,,0.021,0.0009,4172.139,0.0583,4.684,0.2099,70258.15,"Pipeline Natural Gas",,"Combustion turbine",,"Water Injection",,,"ARP, CSNOX, CSOSG3, CSSO2G1, RGGI"
"VA","Wolf Hills Energy",55285,"WH02",4437,"CP100, CP200",2023,120,72.14,1528.48,,0.005,0.0007,969.584,0.0573,1.905,0.3746,16357.686,"Pipeline Natural Gas",,"Combustion turbine",,"Water Injection",,,"ARP, CSNOX, CSOSG3, CSSO2G1, RGGI"
"VA","Wolf Hills Energy",55285,"WH03",4438,"CP100, CP300",2023,692,555.72,12672.13,,0.039,0.0009,7742.101,0.0587,6.882,0.1634,130343.753,"Pipeline Natural Gas",,"Combustion turbine",,"Water Injection",,,"ARP, CSNOX, CSOSG3, CSSO2G1, RGGI"
"VA","Wolf Hills Energy",55285,"WH04",4439,"CP100, CP300",2023,676,543.74,12707.84,,0.039,0.0009,7744.181,0.0589,5.833,0.1392,130353.135,"Pipeline Natural Gas",,"Combustion turbine",,"Water Injection",,,"ARP, CSNOX, CSOSG3, CSSO2G1, RGGI"
"VA","Wolf Hills Energy",55285,"WH05",4440,"CP100, CP400",2023,612,441.57,8675.93,,0.028,0.0009,5496.871,0.0588,6.106,0.2074,92538.685,"Pipeline Natural Gas",,"Combustion turbine",,"Water Injection",,,"ARP, CSNOX, CSOSG3, CSSO2G1, RGGI"
"VA","Wolf Hills Energy",55285,"WH06",4441,"CP100, CP400",2023,603,439.87,8360.15,,0.027,0.0009,5355.044,0.0589,5.721,0.1924,90147.528,"Pipeline Natural Gas",,"Combustion turbine",,"Water Injection",,,"ARP, CSNOX, CSOSG3, CSSO2G1, RGGI"
"VA","Wolf Hills Energy",55285,"WH07",4442,"CP100, CP500",2023,649,462.31,9389.04,,0.03,0.0009,5964.303,0.0586,6.006,0.1828,100420.956,"Pipeline Natural Gas",,"Combustion turbine",,"Water Injection",,,"ARP, CSNOX, CSOSG3, CSSO2G1, RGGI"
"VA","Wolf Hills Energy",55285,"WH08",4443,"CP100, CP500",2023,628,455.93,8209.72,,0.027,0.0009,5242.266,0.0588,5.138,0.1754,88256.02,"Pipeline Natural Gas",,"Combustion turbine",,"Water Injection",,,"ARP, CSNOX, CSOSG3, CSSO2G1, RGGI"
"VA","Wolf Hills Energy",55285,"WH09",4444,"CP100, CP600",2023,588,425.75,8182.44,,0.027,0.0009,5184.494,0.0584,6.969,0.2059,87287.947,"Pipeline Natural Gas",,"Combustion turbine",,"Water Injection",,,"ARP, CSNOX, CSOSG3, CSSO2G1, RGGI"
"VA","Wolf Hills Energy",55285,"WH10",4445,"CP100, CP600",2023,337,240.49,3624.37,,0.013,0.0009,2474.146,0.057,3.644,0.2505,41690.625,"Pipeline Natural Gas",,"Combustion turbine",,"Water Injection",,,"ARP, CSNOX, CSOSG3, CSSO2G1, RGGI"
"FL","Oleander Power Project",55286,"O-1",4446,,2023,746,686.28,103868.24,,0.32,0.001,63342.823,0.059,13.973,0.0263,1065891.207,"Pipeline Natural Gas",,"Combustion turbine",,"Dry Low NOx Burners|Water Injection",,,"ARP"
"FL","Oleander Power Project",55286,"O-2",4447,,2023,851,752.95,112247.46,,6.156,0.0133,68803.411,0.0593,17.656,0.0306,1153481.507,"Pipeline Natural Gas","Diesel Oil","Combustion turbine",,"Dry Low NOx Burners|Water Injection",,,"ARP"
"FL","Oleander Power Project",55286,"O-3",4448,,2023,463,411.59,60325.19,,0.376,0.0033,37525.576,0.0591,9.157,0.0328,631312.317,"Pipeline Natural Gas",,"Combustion turbine",,"Dry Low NOx Burners|Water Injection",,,"ARP"
"FL","Oleander Power Project",55286,"O-4",4449,,2023,531,478.27,72102.95,,0.471,0.0039,44090.629,0.0591,10.29,0.033,741730.583,"Pipeline Natural Gas",,"Combustion turbine",,"Dry Low NOx Burners|Water Injection",,,"ARP"
"FL","Oleander Power Project",55286,"O-5",4450,,2023,343,300.86,38421.76,,0.124,0.001,24639.785,0.059,5.597,0.027,414614.53,"Pipeline Natural Gas",,"Combustion turbine",,"Dry Low NOx Burners|Water Injection",,,"ARP"
"AL","Decatur Energy Center",55292,"CTG-1",4459,,2023,3649,3577.24,706726.49,,1.489,0.001,295024.219,0.059,20.949,0.0097,4964361.564,"Pipeline Natural Gas",,"Combined cycle",,"Dry Low NOx Burners|Selective Catalytic Reduction",,,"ARP, CSNOX, CSOSG2, CSSO2G2"
"AL","Decatur Energy Center",55292,"CTG-2",4460,,2023,3852,3775.7,740413.58,,1.574,0.001,311822.936,0.059,22.747,0.01,5247010.187,"Pipeline Natural Gas",,"Combined cycle",,"Dry Low NOx Burners|Selective Catalytic Reduction",,,"ARP, CSNOX, CSOSG2, CSSO2G2"
"AL","Decatur Energy Center",55292,"CTG-3",4461,,2023,3901,3836.29,751320.25,,1.609,0.001,318716.887,0.059,23.307,0.0102,5362998.024,"Pipeline Natural Gas",,"Combined cycle",,"Dry Low NOx Burners|Selective Catalytic Reduction",,,"ARP, CSNOX, CSOSG2, CSSO2G2"
"AL","Morgan Energy Center",55293,"CT-1",4462,,2023,8094,8076.47,1845359.47,,4.033,0.001,798976.274,0.059,44.67,0.0073,13444292.886,"Pipeline Natural Gas",,"Combined cycle",,"Dry Low NOx Burners|Selective Catalytic Reduction",,,"ARP, CSNOX, CSOSG2, CSSO2G2"
"AL","Morgan Energy Center",55293,"CT-2",4463,,2023,8317,8303.72,1906698.82,,4.234,0.001,838788.305,0.059,52.031,0.0075,14114248.981,"Pipeline Natural Gas",,"Combined cycle",,"Dry Low NOx Burners|Selective Catalytic Reduction",,,"ARP, CSNOX, CSOSG2, CSSO2G2"
"AL","Morgan Energy Center",55293,"CT-3",4464,,2023,8016,8008.07,1840975.1,,4.076,0.001,807394.404,0.059,51.06,0.0077,13585960.681,"Pipeline Natural Gas",,"Combined cycle",,"Dry Low NOx Burners|Selective Catalytic Reduction",,,"ARP, CSNOX, CSOSG2, CSSO2G2"
"ME","Westbrook Energy Center",55294,"1",4465,,2023,5752,5517.43,1377582.79,,2.638,0.001,522584.155,0.059,64.279,0.0268,8793409.803,"Pipeline Natural Gas",,"Combined cycle",,"Selective Catalytic Reduction",,,"ARP, RGGI"
"ME","Westbrook Energy Center",55294,"2",4466,,2023,4771,4536.96,1147971.02,,2.192,0.001,434247.014,0.059,51.781,0.0261,7307081.209,"Pipeline Natural Gas",,"Combined cycle",,"Selective Catalytic Reduction",,,"ARP, RGGI"
"CA","Blythe Energy",55295,"1",4467,,2023,2662,2610.53,307204.62,,1.058,0.001,209630.688,0.059,16.751,0.0123,3527449.881,"Pipeline Natural Gas",,"Combined cycle",,"Selective Catalytic Reduction",,,"ARP"
"CA","Blythe Energy",55295,"2",4468,,2023,5826,5710.83,805295,,2.694,0.001,533567.375,0.059,36.168,0.0099,8978263.221,"Pipeline Natural Gas",,"Combined cycle",,"Selective Catalytic Reduction",,,"ARP"
"IL","Calumet Energy Team, LLC",55296,"**1",4469,,2023,19,16.41,2259.78,,0.007,0.001,1359.491,0.059,1.024,0.0846,22875.33,"Pipeline Natural Gas",,"Combustion turbine",,"Dry Low NOx Burners",,,"ARP, CSNOX, CSOSG3, CSSO2G1"
"IL","Calumet Energy Team, LLC",55296,"**2",4470,,2023,19,15.38,2081.07,,0.006,0.001,1270.367,0.059,0.927,0.0841,21376.185,"Pipeline Natural Gas",,"Combustion turbine",,"Dry Low NOx Burners",,,"ARP, CSNOX, CSOSG3, CSSO2G1"
"MI","Covert Generating Station",55297,"001",4471,,2023,7537,7529.84,2245241.03,,5.561,0.001,1101614.883,0.059,63.615,0.007,18536769.068,"Pipeline Natural Gas",,"Combined cycle",,"Dry Low NOx Burners|Selective Catalytic Reduction",,,"ARP, CSNOX, CSOSG3, CSSO2G1"
"MI","Covert Generating Station",55297,"002",4472,,2023,7722,7709.74,2007120.76,,5.125,0.001,1015137.405,0.059,58.862,0.0072,17081599.331,"Pipeline Natural Gas",,"Combined cycle",,"Dry Low NOx Burners|Selective Catalytic Reduction",,,"ARP, CSNOX, CSOSG3, CSSO2G1"
"MI","Covert Generating Station",55297,"003",4473,,2023,8117,8108.18,2300968.34,,5.716,0.001,1132258.372,0.059,65.347,0.007,19052395.782,"Pipeline Natural Gas",,"Combined cycle",,"Dry Low NOx Burners|Selective Catalytic Reduction",,,"ARP, CSNOX, CSOSG3, CSSO2G1"
"PA","Fairless Energy Center",55298,"1A",4475,,2023,7099,7088.56,1916838.44,,3.811,0.001,754982.872,0.059,49.075,0.0083,12703998.68,"Pipeline Natural Gas",,"Combined cycle",,"Dry Low NOx Burners|Selective Catalytic Reduction",,,"ARP, CSNOX, CSOSG3, CSSO2G1, RGGI"
"PA","Fairless Energy Center",55298,"1B",4476,,2023,7098,7083.78,1881068.44,,3.796,0.001,751989.152,0.059,46.231,0.0078,12653649.701,"Pipeline Natural Gas",,"Combined cycle",,"Dry Low NOx Burners|Selective Catalytic Reduction",,,"ARP, CSNOX, CSOSG3, CSSO2G1, RGGI"
"PA","Fairless Energy Center",55298,"2A",88254,,2023,8187,8182.03,2205194.31,,4.452,0.001,881790.968,0.059,57.335,0.008,14837779.248,"Pipeline Natural Gas",,"Combined cycle",,"Dry Low NOx Burners|Selective Catalytic Reduction",,,"ARP, CSNOX, CSOSG3, CSSO2G1, RGGI"
"PA","Fairless Energy Center",55298,"2B",88255,,2023,8193,8189.18,2221484.01,,4.563,0.001,903911.395,0.059,61.085,0.0083,15209989.8,"Pipeline Natural Gas",,"Combined cycle",,"Dry Low NOx Burners|Selective Catalytic Reduction",,,"ARP, CSNOX, CSOSG3, CSSO2G1, RGGI"
"TX","Channel Energy Center",55299,"CTG1",4477,,2023,6636,6632.4,1867639.64,,3.646,0.001,682553.063,0.059,75.278,0.0131,11485254.325,"Other Gas",,"Combined cycle",,"Selective Catalytic Reduction",,,"ARP, CSOSG2"
"TX","Channel Energy Center",55299,"CTG2",4478,,2023,5542,5527.99,1576901.85,,2.649,0,654989.26,0.059,62.643,0.0116,11021459.269,"Other Gas",,"Combined cycle",,"Selective Catalytic Reduction",,,"ARP, CSOSG2"
"TX","Channel Energy Center",55299,"CTG3",4479,,2023,7937,7927.39,2221144,,4.68,0.001,939348.879,0.059,44.991,0.0058,15806500.92,"Pipeline Natural Gas","Other Gas","Combined cycle",,"Selective Catalytic Reduction",,,"ARP, CSOSG2"
"GA","Baconton Power",55304,"CT1",4484,,2023,0,0,,,,,,,,,,"Pipeline Natural Gas","Diesel Oil","Combustion turbine",,"Water Injection",,,"ARP, CSNOX, CSOSG1, CSSO2G2"
"GA","Baconton Power",55304,"CT5",4486,,2023,968,839.39,37495.19,,0.111,0.001,21947.777,0.0597,17.361,0.102,369143.471,"Pipeline Natural Gas","Diesel Oil","Combustion turbine",,"Water Injection",,,"ARP, CSNOX, CSOSG1, CSSO2G2"
"AZ","Gila River Power Station",55306,"1CTGA",8508,,2023,6501,6307.81,1440805.29,,3.098,0.001,613742.728,0.0592,44.307,0.0128,10327428.853,"Pipeline Natural Gas",,"Combined cycle",,"Dry Low NOx Burners|Selective Catalytic Reduction",,,"ARP"
"AZ","Gila River Power Station",55306,"1CTGB",8510,,2023,6849,6697.83,1563405.76,,3.4,0.001,673580.602,0.059,44.996,0.0108,11334301.093,"Pipeline Natural Gas",,"Combined cycle",,"Dry Low NOx Burners|Selective Catalytic Reduction",,,"ARP"
"AZ","Gila River Power Station",55306,"2CTGA",8512,,2023,6700,6650.4,1505851.69,,3.208,0.001,635458.972,0.059,38.801,0.0083,10692749.091,"Pipeline Natural Gas",,"Combined cycle",,"Dry Low NOx Burners|Selective Catalytic Reduction",,,"ARP"
"AZ","Gila River Power Station",55306,"2CTGB",8514,,2023,6312,6178.28,1390902.01,,2.957,0.001,585786.233,0.0592,38.387,0.0104,9856972.247,"Pipeline Natural Gas",,"Combined cycle",,"Dry Low NOx Burners|Selective Catalytic Reduction",,,"ARP"
"AZ","Gila River Power Station",55306,"3CTGA",8516,,2023,5285,5117.69,1163819.94,,2.458,0.001,486919.908,0.0591,35.843,0.0133,8193389.196,"Pipeline Natural Gas",,"Combined cycle",,"Dry Low NOx Burners|Selective Catalytic Reduction",,,"ARP"
"AZ","Gila River Power Station",55306,"3CTGB",8518,,2023,6290,6222.6,1372616.86,,2.866,0.001,567746.157,0.0591,37.701,0.0101,9553402.042,"Pipeline Natural Gas",,"Combined cycle",,"Dry Low NOx Burners|Selective Catalytic Reduction",,,"ARP"
"AZ","Gila River Power Station",55306,"4CTGA",8520,,2023,5255,5165,1103716.23,,2.398,0.001,474948.598,0.0591,32.577,0.0108,7991866.594,"Pipeline Natural Gas",,"Combined cycle",,"Dry Low NOx Burners|Selective Catalytic Reduction",,,"ARP"
"AZ","Gila River Power Station",55306,"4CTGB",8522,,2023,4752,4595.21,980419.28,,2.128,0.001,421461.308,0.0593,32.287,0.0137,7091899.235,"Pipeline Natural Gas",,"Combined cycle",,"Dry Low NOx Burners|Selective Catalytic Reduction",,,"ARP"
"KY","DTE Calvert City, LLC",55308,"A",88081,,2023,3046,3042.96,,339623.29,,,,,12.57,0.088,285698.9,"Pipeline Natural Gas",,"Other boiler",,,,,"SIPNOX"
"KY","DTE Calvert City, LLC",55308,"B",88082,,2023,3672,3671.95,,365657.5,,,,,11.89,0.079,301165.3,"Pipeline Natural Gas",,"Other boiler",,,,,"SIPNOX"
"KY","DTE Calvert City, LLC",55308,"C",88083,,2023,3032,3027.46,75820.66,,,,,,20.241,0.0498,812560.633,"Pipeline Natural Gas",,"Combustion turbine",,,,,"SIPNOX"
"MA","Fore River Energy Center",55317,"11",4488,,2023,2703,2624.75,860881.75,,1.871,0.001,370617.199,0.059,23.976,0.0109,6234431.184,"Pipeline Natural Gas","Diesel Oil","Combined cycle",,"Dry Low NOx Burners|Water Injection|Selective Catalytic Reduction",,,"ARP, RGGI, SIPNOX"
"MA","Fore River Energy Center",55317,"12",4489,,2023,4282,4243.01,1392532.85,,3.048,0.001,603794.518,0.0591,36.314,0.0095,10148106.093,"Pipeline Natural Gas","Diesel Oil","Combined cycle",,"Dry Low NOx Burners|Water Injection|Selective Catalytic Reduction",,,"ARP, RGGI, SIPNOX"
"TX","Wise County Power Company, LLC",55320,"GT-1",8524,,2023,5498,5369.84,1752697.85,,3.583,0.001,709734.473,0.059,100.857,0.0191,11942750.173,"Pipeline Natural Gas",,"Combined cycle",,"Dry Low NOx Burners|Selective Catalytic Reduction",,,"ARP, CSOSG2"
"TX","Wise County Power Company, LLC",55320,"GT-2",8526,,2023,5482,5354.28,1731061.54,,3.528,0.001,698793.007,0.059,96.779,0.0196,11758614.059,"Pipeline Natural Gas",,"Combined cycle",,"Dry Low NOx Burners|Selective Catalytic Reduction",,,"ARP, CSOSG2"
"NV","Chuck Lenzie Generating Station",55322,"CTG-1",9006,,2023,7815,7650.16,1792111.77,,3.911,0.001,774621.885,0.059,51.972,0.0121,13034514.005,"Pipeline Natural Gas",,"Combined cycle",,"Dry Low NOx Burners|Selective Catalytic Reduction",,,"ARP"
"NV","Chuck Lenzie Generating Station",55322,"CTG-2",9007,,2023,7388,7154.15,1729713.84,,3.737,0.001,740271.508,0.059,52.224,0.0132,12456522.201,"Pipeline Natural Gas",,"Combined cycle",,"Dry Low NOx Burners|Selective Catalytic Reduction",,,"ARP"
"NV","Chuck Lenzie Generating Station",55322,"CTG-3",9008,,2023,8086,7912.87,1801046.09,,3.936,0.001,779752.006,0.059,53.262,0.0125,13120889.176,"Pipeline Natural Gas",,"Combined cycle",,"Dry Low NOx Burners|Selective Catalytic Reduction",,,"ARP"
"NV","Chuck Lenzie Generating Station",55322,"CTG-4",9009,,2023,7844,7681.91,1774518.78,,3.856,0.001,763776.975,0.059,50.527,0.0112,12851970.884,"Pipeline Natural Gas",,"Combined cycle",,"Dry Low NOx Burners|Selective Catalytic Reduction",,,"ARP"
"TX","Baytown Energy Center",55327,"CTG-1",4097,,2023,7293,7234.63,1791983.07,,3.711,0.001,735035.574,0.059,63.422,0.0106,12368391.28,"Pipeline Natural Gas",,"Combined cycle",,"Selective Catalytic Reduction",,,"ARP, CSOSG2"
"TX","Baytown Energy Center",55327,"CTG-2",4098,,2023,7988,7975.67,1941141.89,,4.12,0.001,816137.555,0.059,68.622,0.01,13733132.133,"Pipeline Natural Gas",,"Combined cycle",,"Selective Catalytic Reduction",,,"ARP, CSOSG2"
"TX","Baytown Energy Center",55327,"CTG-3",4099,,2023,7025,6963.66,1685619.21,,3.54,0.001,701153.575,0.059,59.304,0.0103,11798289.781,"Pipeline Natural Gas",,"Combined cycle",,"Selective Catalytic Reduction",,,"ARP, CSOSG2"
"OR","Hermiston Power Plant",55328,"CTG-1",4493,,2023,7069,7049.47,2002591.79,,4.331,0.001,857863.844,0.059,108.554,0.0153,14435225.508,"Pipeline Natural Gas",,"Combined cycle",,"Dry Low NOx Burners|Selective Catalytic Reduction",,,"ARP"
"OR","Hermiston Power Plant",55328,"CTG-2",4494,,2023,7107,7089.71,2014471.74,,4.362,0.001,864038.693,0.059,109.698,0.0154,14539028.187,"Pipeline Natural Gas",,"Combined cycle",,"Dry Low NOx Burners|Selective Catalytic Reduction",,,"ARP"
"GA","Washington County Power",55332,"T1",4503,,2023,502,444.82,65417.07,,0.211,0.001,41792.78,0.059,12.762,0.0501,703205.209,"Pipeline Natural Gas",,"Combustion turbine",,"Dry Low NOx Burners",,,"ARP, CSNOX, CSOSG1, CSSO2G2"
"GA","Washington County Power",55332,"T2",4504,,2023,163,144.83,22118.23,,0.07,0.001,13834.608,0.059,5.832,0.0582,232793.377,"Pipeline Natural Gas",,"Combustion turbine",,"Dry Low NOx Burners",,,"ARP, CSNOX, CSOSG1, CSSO2G2"
"GA","Washington County Power",55332,"T3",4505,,2023,166,144.65,21961.38,,0.071,0.001,13986.296,0.059,5.063,0.0503,235345.965,"Pipeline Natural Gas",,"Combustion turbine",,"Dry Low NOx Burners",,,"ARP, CSNOX, CSOSG1, CSSO2G2"
"GA","Washington County Power",55332,"T4",4506,,2023,264,227.79,32783.54,,0.105,0.001,20731.694,0.059,5.862,0.0509,348859.172,"Pipeline Natural Gas",,"Combustion turbine",,"Dry Low NOx Burners",,,"ARP, CSNOX, CSOSG1, CSSO2G2"
"CA","Delta Energy Center, LLC",55333,"1",3739,,2023,6114,6056.3,1563902.27,,3.231,0.001,640091.723,0.059,48.134,0.01,10770768.808,"Pipeline Natural Gas",,"Combined cycle",,"Ammonia Injection",,,"ARP"
"CA","Delta Energy Center, LLC",55333,"2",3740,,2023,5945,5890.03,1484369.11,,3.096,0.001,613337.645,0.059,42.449,0.009,10320567.731,"Pipeline Natural Gas",,"Combined cycle",,"Ammonia Injection",,,"ARP"
"CA","Delta Energy Center, LLC",55333,"3",3741,,2023,5220,5122.12,1292641.52,,2.736,0.001,541958.413,0.059,39.097,0.0104,9119499.502,"Pipeline Natural Gas",,"Combined cycle",,"Ammonia Injection",,,"ARP"
"IL","Holland Energy Facility",55334,"CTG1",4508,,2023,5883,5743.46,1301475.97,,2.792,0.001,553016.749,0.059,59.332,0.0165,9305581.42,"Pipeline Natural Gas",,"Combined cycle",,"Dry Low NOx Burners|Selective Catalytic Reduction",,,"ARP, CSNOX, CSOSG3, CSSO2G1"
"IL","Holland Energy Facility",55334,"CTG2",4509,,2023,5805,5666.43,1281471.53,,2.731,0.001,541042.977,0.059,59.532,0.0173,9104096.25,"Pipeline Natural Gas",,"Combined cycle",,"Dry Low NOx Burners|Selective Catalytic Reduction",,,"ARP, CSNOX, CSOSG3, CSSO2G1"
"PA","Helix Ironwood LLC",55337,"0001",88084,,2023,6308,6304.36,1429931.03,,4.662,0.001,923545.037,0.059,100.08,0.0129,15540359.352,"Pipeline Natural Gas",,"Combined cycle",,"Dry Low NOx Burners|Ammonia Injection",,,"ARP, CSNOX, CSOSG3, CSSO2G1, RGGI"
"PA","Helix Ironwood LLC",55337,"0002",88085,,2023,6325,6319.66,1423214.18,,4.66,0.001,923072.372,0.059,88.959,0.0116,15532469.628,"Pipeline Natural Gas",,"Combined cycle",,"Dry Low NOx Burners|Ammonia Injection",,,"ARP, CSNOX, CSOSG3, CSSO2G1, RGGI"
"AR","Dell Power Plant",55340,"1",4517,,2023,8012,7985.66,2103738.63,,4.698,0.001,930772.375,0.0591,79.492,0.0112,15656797.015,"Pipeline Natural Gas","Diesel Oil","Combined cycle",,"Dry Low NOx Burners|Selective Catalytic Reduction",,,"ARP, CSOSG2"
"AR","Dell Power Plant",55340,"2",4518,,2023,7964,7942.43,2073535.49,,4.719,0.001,932294.149,0.0591,79.302,0.011,15670566.93,"Pipeline Natural Gas","Diesel Oil","Combined cycle",,"Dry Low NOx Burners|Selective Catalytic Reduction",,,"ARP, CSOSG2"
"NM","Luna Energy Facility",55343,"CTG1",4521,,2023,7938,7930.68,1879249.07,,3.665,0.001,725972.746,0.059,63.47,0.0107,12215874.316,"Pipeline Natural Gas",,"Combined cycle",,"Dry Low NOx Burners|Selective Catalytic Reduction",,,"ARP"
"NM","Luna Energy Facility",55343,"CTG2",4522,,2023,7743,7731.1,1884073.23,,3.843,0.001,761169.325,0.059,67.512,0.0105,12808104.173,"Pipeline Natural Gas",,"Combined cycle",,"Dry Low NOx Burners|Selective Catalytic Reduction",,,"ARP"
"CA","Otay Mesa Energy Center, LLC",55345,"CTG-1",4523,,2023,4994,4787.13,1117616.74,,2.342,0.001,464011.591,0.059,26.062,0.0097,7807886.507,"Pipeline Natural Gas",,"Combined cycle",,"Dry Low NOx Burners|Selective Catalytic Reduction",,,"ARP"
"CA","Otay Mesa Energy Center, LLC",55345,"CTG-2",4524,,2023,4919,4725.33,1114897.61,,2.322,0.001,459984.763,0.059,23.026,0.0087,7740145.886,"Pipeline Natural Gas",,"Combined cycle",,"Dry Low NOx Burners|Selective Catalytic Reduction",,,"ARP"
"PA","Armstrong Power, LLC",55347,"1",4531,,2023,1817,1676.11,249776.12,,0.777,0.001,152975.207,0.0591,40.359,0.0383,2571389.041,"Pipeline Natural Gas","Diesel Oil","Combustion turbine",,"Dry Low NOx Burners|Water Injection",,,"ARP, CSNOX, CSOSG3, CSSO2G1, RGGI"
"PA","Armstrong Power, LLC",55347,"2",4532,,2023,2087,1931.44,288432.03,,0.903,0.001,178481.544,0.0591,45.828,0.0381,3001922.963,"Pipeline Natural Gas","Diesel Oil","Combustion turbine",,"Dry Low NOx Burners|Water Injection",,,"ARP, CSNOX, CSOSG3, CSSO2G1, RGGI"
"PA","Armstrong Power, LLC",55347,"3",4533,,2023,1952,1810.1,277773.45,,0.861,0.001,169846.227,0.0591,44.072,0.0377,2856084.228,"Pipeline Natural Gas","Diesel Oil","Combustion turbine",,"Dry Low NOx Burners|Water Injection",,,"ARP, CSNOX, CSOSG3, CSSO2G1, RGGI"
"PA","Armstrong Power, LLC",55347,"4",4534,,2023,2237,2046.9,308305.4,,0.963,0.001,189398.786,0.0591,51.668,0.0396,3183048.611,"Pipeline Natural Gas","Diesel Oil","Combustion turbine",,"Dry Low NOx Burners|Water Injection",,,"ARP, CSNOX, CSOSG3, CSSO2G1, RGGI"
"OH","Troy Energy, LLC",55348,"1",4535,,2023,1837,1666.71,244573.72,,0.773,0.001,152948.612,0.0592,43.363,0.042,2569214.903,"Pipeline Natural Gas","Diesel Oil","Combustion turbine",,"Dry Low NOx Burners|Water Injection",,,"ARP, CSNOX, CSOSG3, CSSO2G1"
"OH","Troy Energy, LLC",55348,"2",4536,,2023,1222,1110.35,160766.79,,0.516,0.001,102055.445,0.0592,29.913,0.046,1713319.613,"Pipeline Natural Gas","Diesel Oil","Combustion turbine",,"Dry Low NOx Burners|Water Injection",,,"ARP, CSNOX, CSOSG3, CSSO2G1"
"OH","Troy Energy, LLC",55348,"3",4537,,2023,1368,1243.96,180364.73,,0.576,0.001,113937.14,0.0591,30.541,0.0408,1912954.738,"Pipeline Natural Gas","Diesel Oil","Combustion turbine",,"Dry Low NOx Burners|Water Injection",,,"ARP, CSNOX, CSOSG3, CSSO2G1"
"OH","Troy Energy, LLC",55348,"4",4538,,2023,1835,1665,245859.5,,0.785,0.001,155305.704,0.0591,44.043,0.0434,2609738.945,"Pipeline Natural Gas","Diesel Oil","Combustion turbine",,"Dry Low NOx Burners|Water Injection",,,"ARP, CSNOX, CSOSG3, CSSO2G1"
"WV","Pleasants Energy, LLC",55349,"1",4539,,2023,6844,6767,1149830.1,,3.518,0.001,696617.115,0.0591,168.523,0.0295,11717536.979,"Pipeline Natural Gas","Diesel Oil","Combustion turbine",,"Dry Low NOx Burners|Water Injection",,,"ARP, CSNOX, CSOSG2E, CSSO2G1"
"WV","Pleasants Energy, LLC",55349,"2",4540,,2023,6524,6407.58,1096256.21,,3.385,0.001,670555.506,0.059,156.745,0.0287,11282864.639,"Pipeline Natural Gas","Diesel Oil","Combustion turbine",,"Dry Low NOx Burners|Water Injection",,,"ARP, CSNOX, CSOSG2E, CSSO2G1"
"OH","Dresden Energy Facility",55350,"1A",8528,,2023,7343,7326.87,2113391.61,,4.039,0.001,799992.632,0.059,80.675,0.015,13461431.298,"Pipeline Natural Gas",,"Combined cycle",,"Dry Low NOx Burners|Selective Catalytic Reduction",,,"ARP, CSNOX, CSOSG3, CSSO2G1"
"OH","Dresden Energy Facility",55350,"1B",8530,,2023,7383,7378.29,2130895.28,,4.087,0.001,809598.917,0.059,81.366,0.0123,13623029.066,"Pipeline Natural Gas",,"Combined cycle",,"Dry Low NOx Burners|Selective Catalytic Reduction",,,"ARP, CSNOX, CSOSG3, CSSO2G1"
"TX","Brazos Valley Energy, LP",55357,"CTG1",4543,,2023,6670,6623.14,1704118.07,,3.647,0.001,722474.67,0.059,71.467,0.0135,12157042.324,"Pipeline Natural Gas",,"Combined cycle",,"Dry Low NOx Burners|Selective Catalytic Reduction",,,"ARP, CSOSG2"
"TX","Brazos Valley Energy, LP",55357,"CTG2",4544,,2023,6632,6562.4,1691646.04,,3.667,0.001,726388.064,0.059,72.089,0.0139,12222818.36,"Pipeline Natural Gas",,"Combined cycle",,"Dry Low NOx Burners|Selective Catalytic Reduction",,,"ARP, CSOSG2"
"TX","Cottonwood Energy Project",55358,"CT1",4545,,2023,7752,7738.92,1805080.25,,3.944,0.001,782326.327,0.059,66.46,0.0103,13164129.553,"Pipeline Natural Gas",,"Combined cycle",,"Dry Low NOx Burners|Selective Catalytic Reduction",,,"ARP, CSOSG2"
"TX","Cottonwood Energy Project",55358,"CT2",4546,,2023,7940,7922.58,1851278.97,,4.034,0.001,799345.58,0.059,73.898,0.0114,13450453.047,"Pipeline Natural Gas",,"Combined cycle",,"Dry Low NOx Burners|Selective Catalytic Reduction",,,"ARP, CSOSG2"
"TX","Cottonwood Energy Project",55358,"CT3",4547,,2023,6576,6558.97,1540913.97,,3.417,0.001,678963.551,0.059,70.28,0.0129,11424879.113,"Pipeline Natural Gas",,"Combined cycle",,"Dry Low NOx Burners|Selective Catalytic Reduction",,,"ARP, CSOSG2"
"TX","Cottonwood Energy Project",55358,"CT4",4548,,2023,3698,3677.62,846697.39,,1.843,0.001,364660.368,0.059,34.276,0.0126,6136105.65,"Pipeline Natural Gas",,"Combined cycle",,"Dry Low NOx Burners|Selective Catalytic Reduction",,,"ARP, CSOSG2"
"IN","Sugar Creek Generating Station",55364,"CT11",4555,,2023,5976,5964.34,1504395.8,,3.273,0.001,648293.232,0.059,41.057,0.0083,10908724.942,"Pipeline Natural Gas",,"Combined cycle",,"Selective Catalytic Reduction|Dry Low NOx Burners",,,"ARP, CSNOX, CSOSG3, CSSO2G1"
"IN","Sugar Creek Generating Station",55364,"CT12",4556,,2023,6039,6023.52,1492255.04,,3.282,0.001,650052.866,0.059,42.203,0.0089,10938355.724,"Pipeline Natural Gas",,"Combined cycle",,"Selective Catalytic Reduction|Dry Low NOx Burners",,,"ARP, CSNOX, CSOSG3, CSSO2G1"
"TX","LaPorte Generating Station",55365,"GT-1",4559,"CP1",2023,1860,1655.64,57352.36,,0.237,0.0009,44738.1,0.059,47.314,0.2052,757889.6,"Pipeline Natural Gas",,"Combustion turbine",,"Dry Low NOx Burners",,,"ARP, CSOSG2"
"TX","LaPorte Generating Station",55365,"GT-2",4560,"CP1",2023,1711,1513.11,52793.45,,0.216,0.0009,41224.8,0.059,44.158,0.2063,698277.7,"Pipeline Natural Gas",,"Combustion turbine",,"Dry Low NOx Burners",,,"ARP, CSOSG2"
"TX","LaPorte Generating Station",55365,"GT-3",4561,"CP1",2023,1220,1094.27,38217.03,,0.157,0.0009,29908.8,0.059,30.828,0.2007,506597.2,"Pipeline Natural Gas",,"Combustion turbine",,"Dry Low NOx Burners",,,"ARP, CSOSG2"
"TX","LaPorte Generating Station",55365,"GT-4",4562,"CP1",2023,1463,1317.43,42178.49,,0.184,0.0009,32957.6,0.059,35.715,0.205,558828.6,"Pipeline Natural Gas",,"Combustion turbine",,"Dry Low NOx Burners",,,"ARP, CSOSG2"
"AZ","New Harquahala Generating Company",55372,"CTG1",8536,,2023,2910,2891.18,506283.79,,1.659,0.001,328655.001,0.059,23.18,0.0099,5530237.776,"Pipeline Natural Gas",,"Combined cycle",,"Dry Low NOx Burners|Selective Catalytic Reduction",,,"ARP"
"AZ","New Harquahala Generating Company",55372,"CTG2",8538,,2023,2735,2722.16,474399.32,,1.55,0.001,306981.633,0.059,21.468,0.0095,5165638.032,"Pipeline Natural Gas",,"Combined cycle",,"Dry Low NOx Burners|Selective Catalytic Reduction",,,"ARP"
"AZ","New Harquahala Generating Company",55372,"CTG3",8540,,2023,2934,2917.83,512122.54,,1.681,0.001,332922.523,0.059,34.188,0.0131,5602075.164,"Pipeline Natural Gas",,"Combined cycle",,"Dry Low NOx Burners|Selective Catalytic Reduction",,,"ARP"
"NY","Astoria Energy",55375,"CT1",4581,,2023,8175,8155.75,2144822.66,,4.308,0.001,851432.176,0.059,38.133,0.0062,14316552.071,"Pipeline Natural Gas","Diesel Oil","Combined cycle",,"Dry Low NOx Burners|Water Injection|Selective Catalytic Reduction",,,"ARP, CSNOX, CSOSG3, CSSO2G1, RGGI"
"NY","Astoria Energy",55375,"CT2",4582,,2023,8214,8187.68,2110720.12,,4.284,0.001,846473.32,0.059,37.71,0.0064,14232714.291,"Pipeline Natural Gas","Diesel Oil","Combined cycle",,"Dry Low NOx Burners|Water Injection|Selective Catalytic Reduction",,,"ARP, CSNOX, CSOSG3, CSSO2G1, RGGI"
"NY","Astoria Energy",55375,"CT3",4583,,2023,7591,7560.29,1990864.93,,4.407,0.001,869023.865,0.0591,39.748,0.0065,14602167.117,"Pipeline Natural Gas","Diesel Oil","Combined cycle",,"Dry Low NOx Burners|Water Injection|Selective Catalytic Reduction",,,"ARP, CSNOX, CSOSG3, CSSO2G1, RGGI"
"NY","Astoria Energy",55375,"CT4",4584,,2023,7841,7799.54,2041033.23,,4.497,0.001,886547.942,0.0591,42.535,0.0072,14895084.676,"Pipeline Natural Gas","Diesel Oil","Combined cycle",,"Dry Low NOx Burners|Water Injection|Selective Catalytic Reduction",,,"ARP, CSNOX, CSOSG3, CSSO2G1, RGGI"
"PA","Gans Generating Facility",55377,"8",4585,,2023,1630,1460.07,65036.04,,0.194,0.001,38496.584,0.0592,25.003,0.0837,647756.984,"Pipeline Natural Gas","Diesel Oil","Combustion turbine",,"Water Injection",,,"ARP, CSNOX, CSOSG3, CSSO2G1, RGGI"
"PA","Gans Generating Facility",55377,"9",4586,,2023,1666,1491.12,68136.72,,0.201,0.001,39711.321,0.0592,26.388,0.0859,668219.418,"Pipeline Natural Gas","Diesel Oil","Combustion turbine",,"Water Injection",,,"ARP, CSNOX, CSOSG3, CSSO2G1, RGGI"
"AR","Union Power Station",55380,"CTG-1",4590,,2023,7572,7562.55,1850235.45,,3.984,0.001,789162.537,0.059,77.938,0.0128,13279159.863,"Pipeline Natural Gas",,"Combined cycle",,"Selective Catalytic Reduction",,,"ARP, CSOSG2"
"AR","Union Power Station",55380,"CTG-2",4592,,2023,7573,7557.95,1851664.25,,3.995,0.001,791418.053,0.059,78.468,0.0123,13317192.086,"Pipeline Natural Gas",,"Combined cycle",,"Selective Catalytic Reduction",,,"ARP, CSOSG2"
"AR","Union Power Station",55380,"CTG-3",4593,,2023,7181,7165.67,1717053.37,,3.707,0.001,734323.733,0.059,78.572,0.0142,12356329.182,"Pipeline Natural Gas",,"Combined cycle",,"Selective Catalytic Reduction",,,"ARP, CSOSG2"
"AR","Union Power Station",55380,"CTG-4",4594,,2023,7157,7143.5,1713690.23,,3.674,0.001,727779.906,0.059,74.405,0.0132,12246245.146,"Pipeline Natural Gas",,"Combined cycle",,"Selective Catalytic Reduction",,,"ARP, CSOSG2"
"AR","Union Power Station",55380,"CTG-5",4595,,2023,7107,7086.78,1710523.65,,3.643,0.001,721700.627,0.059,75.458,0.0137,12143916.704,"Pipeline Natural Gas",,"Combined cycle",,"Selective Catalytic Reduction",,,"ARP, CSOSG2"
"AR","Union Power Station",55380,"CTG-6",4596,,2023,6644,6623.89,1615363.87,,3.439,0.001,681308.464,0.059,74.375,0.0149,11464255.683,"Pipeline Natural Gas",,"Combined cycle",,"Selective Catalytic Reduction",,,"ARP, CSOSG2"
"AR","Union Power Station",55380,"CTG-7",4597,,2023,6599,6587.89,1602044.14,,3.398,0.001,673071.965,0.059,73,0.0142,11325715.509,"Pipeline Natural Gas",,"Combined cycle",,"Selective Catalytic Reduction",,,"ARP, CSOSG2"
"AR","Union Power Station",55380,"CTG-8",4598,,2023,6581,6566.06,1602549.21,,3.4,0.001,673487.759,0.059,69.51,0.0133,11332711.901,"Pipeline Natural Gas",,"Combined cycle",,"Selective Catalytic Reduction",,,"ARP, CSOSG2"
"VA","Commonwealth Chesapeake",55381,"CT-001",4600,,2023,138,94.35,3534.4,,0.014,0.001,2886.93,0.081,2.027,0.1066,35581.912,"Diesel Oil",,"Combustion turbine",,"Water Injection",,,"ARP, CSNOX, CSOSG3, CSSO2G1, RGGI"
"VA","Commonwealth Chesapeake",55381,"CT-002",4601,,2023,147,109.62,4589.12,,0.016,0.001,3603.036,0.081,2.738,0.1238,44400.184,"Diesel Oil",,"Combustion turbine",,"Water Injection",,,"ARP, CSNOX, CSOSG3, CSSO2G1, RGGI"
"VA","Commonwealth Chesapeake",55381,"CT-003",4602,,2023,211,158.56,6555.19,,0.025,0.001,5156.002,0.081,4.48,0.1368,63547.666,"Diesel Oil",,"Combustion turbine",,"Water Injection",,,"ARP, CSNOX, CSOSG3, CSSO2G1, RGGI"
"VA","Commonwealth Chesapeake",55381,"CT-004",4603,,2023,209,111.86,3544.48,,0.014,0.001,3019.092,0.0811,2.361,0.123,37201.47,"Diesel Oil",,"Combustion turbine",,"Water Injection",,,"ARP, CSNOX, CSOSG3, CSSO2G1, RGGI"
"VA","Commonwealth Chesapeake",55381,"CT-005",4604,,2023,137,47.37,989.76,,0.005,0.001,942.074,0.0811,0.744,0.1139,11612.84,"Diesel Oil",,"Combustion turbine",,"Water Injection",,,"ARP, CSNOX, CSOSG3, CSSO2G1, RGGI"
"VA","Commonwealth Chesapeake",55381,"CT-006",4605,,2023,168,78.47,2464.21,,0.01,0.001,2070.519,0.0811,1.593,0.1102,25516.371,"Diesel Oil",,"Combustion turbine",,"Water Injection",,,"ARP, CSNOX, CSOSG3, CSSO2G1, RGGI"
"VA","Commonwealth Chesapeake",55381,"CT-007",4606,,2023,169,82.93,2564.4,,0.011,0.001,2159.584,0.0811,1.815,0.1039,26611.68,"Diesel Oil",,"Combustion turbine",,"Water Injection",,,"ARP, CSNOX, CSOSG3, CSSO2G1, RGGI"
"GA","Thomas A. Smith Energy Facility",55382,"CCCT1",4607,,2023,8144,8137.51,2224935.07,,4.679,0.001,926804.074,0.059,76.104,0.0098,15595293.837,"Pipeline Natural Gas",,"Combined cycle",,"Dry Low NOx Burners|Selective Catalytic Reduction",,,"ARP, CSNOX, CSOSG1, CSSO2G2"
"GA","Thomas A. Smith Energy Facility",55382,"CCCT2",4608,,2023,8263,8257.6,2264050.21,,4.781,0.001,947097.123,0.059,78.262,0.0099,15936801.411,"Pipeline Natural Gas",,"Combined cycle",,"Dry Low NOx Burners|Selective Catalytic Reduction",,,"ARP, CSNOX, CSOSG1, CSSO2G2"
"GA","Thomas A. Smith Energy Facility",55382,"CCCT3",4609,,2023,8047,8043.27,2306084.07,,4.855,0.001,961653.604,0.059,75.333,0.0092,16181694.968,"Pipeline Natural Gas",,"Combined cycle",,"Dry Low NOx Burners|Selective Catalytic Reduction",,,"ARP, CSNOX, CSOSG1, CSSO2G2"
"GA","Thomas A. Smith Energy Facility",55382,"CCCT4",4610,,2023,8007,7998.94,2274072.99,,4.769,0.001,944591.836,0.059,77.743,0.01,15894560.176,"Pipeline Natural Gas",,"Combined cycle",,"Dry Low NOx Burners|Selective Catalytic Reduction",,,"ARP, CSNOX, CSOSG1, CSSO2G2"
"SC","Columbia Energy Center (SC)",55386,"B-1",4634,,2023,3776,3763.76,,227663.41,,,,,4.92,0.0299,327586.426,"Pipeline Natural Gas","Diesel Oil","Dry bottom wall-fired boiler",,"Low NOx Burner Technology (Dry Bottom only)",,,"SIPNOX"
"SC","Columbia Energy Center (SC)",55386,"B-2",4635,,2023,4764,4752.58,,285066.53,,,,,5.332,0.026,398973.159,"Pipeline Natural Gas","Diesel Oil","Dry bottom wall-fired boiler",,"Low NOx Burner Technology (Dry Bottom only)",,,"SIPNOX"
"SC","Columbia Energy Center (SC)",55386,"B-3",89404,,2023,4441,4432.42,,560864.54,,,,,10.485,0.0291,712932.956,"Pipeline Natural Gas","Diesel Oil","Dry bottom wall-fired boiler",,"Low NOx Burner Technology (Dry Bottom only)",,,"SIPNOX"
"SC","Columbia Energy Center (SC)",55386,"CT-1",4636,,2023,6703,6694.92,1437424.82,,3.247,0.001,642601.79,0.059,60.435,0.0116,10809935.003,"Pipeline Natural Gas","Diesel Oil","Combined cycle",,"Dry Low NOx Burners|Water Injection|Selective Catalytic Reduction",,,"ARP, CSNOX, CSSO2G2, SIPNOX"
"SC","Columbia Energy Center (SC)",55386,"CT-2",4637,,2023,5372,5351.73,1108056.65,,2.561,0.001,504397.799,0.0591,50.947,0.0131,8471390.119,"Pipeline Natural Gas","Diesel Oil","Combined cycle",,"Dry Low NOx Burners|Water Injection|Selective Catalytic Reduction",,,"ARP, CSNOX, CSSO2G2, SIPNOX"
"WI","Rockgen Energy Center",55391,"CT-1",4652,,2023,1572,1441.4,177582.54,,0.634,0.001,125691.169,0.0591,43.499,0.053,2113888.401,"Pipeline Natural Gas","Diesel Oil","Combustion turbine",,"Dry Low NOx Burners|Water Injection",,,"ARP, CSNOX, CSOSG3, CSSO2G1"
"WI","Rockgen Energy Center",55391,"CT-2",4653,,2023,1555,1432.51,171297.84,,0.615,0.001,121787.388,0.0593,34.295,0.0517,2048627.863,"Pipeline Natural Gas","Diesel Oil","Combustion turbine",,"Dry Low NOx Burners|Water Injection",,,"ARP, CSNOX, CSOSG3, CSSO2G1"
"WI","Rockgen Energy Center",55391,"CT-3",4654,,2023,1643,1519.35,194834.61,,0.688,0.001,136318.253,0.0591,46.081,0.0628,2293290.671,"Pipeline Natural Gas","Diesel Oil","Combustion turbine",,"Dry Low NOx Burners|Water Injection",,,"ARP, CSNOX, CSOSG3, CSSO2G1"
"IL","Zion Energy Center",55392,"CT-1",4660,,2023,1058,944.8,130776,,0.43,0.001,85278.443,0.0594,24.453,0.0456,1432629.469,"Pipeline Natural Gas","Diesel Oil","Combustion turbine",,"Dry Low NOx Burners|Water Injection",,,"ARP, CSNOX, CSOSG3, CSSO2G1"
"IL","Zion Energy Center",55392,"CT-2",4661,,2023,770,669,95806.2,,0.315,0.001,62549.695,0.0593,18.403,0.048,1051142.288,"Pipeline Natural Gas","Diesel Oil","Combustion turbine",,"Dry Low NOx Burners|Water Injection",,,"ARP, CSNOX, CSOSG3, CSSO2G1"
"IL","Zion Energy Center",55392,"CT-3",4662,,2023,733,644.47,88501.62,,0.302,0.001,59990.934,0.0593,16.202,0.0448,1007978.232,"Pipeline Natural Gas","Diesel Oil","Combustion turbine",,"Dry Low NOx Burners|Water Injection",,,"ARP, CSNOX, CSOSG3, CSSO2G1"
"CA","Metcalf Energy Center",55393,"1",4665,,2023,4429,4339.6,1128061.85,,2.391,0.001,473551.996,0.059,30.847,0.009,7968359.682,"Pipeline Natural Gas",,"Combined cycle",,"Dry Low NOx Burners|Selective Catalytic Reduction",,,"ARP"
"CA","Metcalf Energy Center",55393,"2",4666,,2023,5096,5065.17,1288990.66,,2.78,0.001,550631.73,0.059,33.667,0.0077,9265455.176,"Pipeline Natural Gas",,"Combined cycle",,"Dry Low NOx Burners|Selective Catalytic Reduction",,,"ARP"
"MS","Crossroads Energy Center (CPU)",55395,"CT01",9056,,2023,1054,942.99,53676.98,,0.209,0.001,41337.202,0.059,98.836,0.2853,695494.706,"Pipeline Natural Gas",,"Combustion turbine",,"Dry Low NOx Burners",,,"ARP, CSOSG2"
"MS","Crossroads Energy Center (CPU)",55395,"CT02",9057,,2023,936,837.89,48863.43,,0.176,0.001,34845.134,0.0591,8.975,0.0459,586288.315,"Pipeline Natural Gas",,"Combustion turbine",,"Dry Low NOx Burners",,,"ARP, CSOSG2"
"MS","Crossroads Energy Center (CPU)",55395,"CT03",9058,,2023,1075,958.56,55494.8,,0.195,0.001,38547.067,0.059,10.892,0.0414,648577.357,"Pipeline Natural Gas",,"Combustion turbine",,"Dry Low NOx Burners",,,"ARP, CSOSG2"
"MS","Crossroads Energy Center (CPU)",55395,"CT04",9059,,2023,1000,887.69,50752.43,,0.19,0.001,37569.422,0.059,9.183,0.0467,632172.219,"Pipeline Natural Gas",,"Combustion turbine",,"Dry Low NOx Burners",,,"ARP, CSOSG2"
"OH","Washington Power Company LLC",55397,"CT1",9212,,2023,8485,8474.98,2677492.6,,5.758,0.001,1140576.24,0.059,72.226,0.0078,19192399.057,"Pipeline Natural Gas",,"Combined cycle",,"Dry Low NOx Burners|Selective Catalytic Reduction",,,"ARP, CSNOX, CSOSG3, CSSO2G1"
"OH","Washington Power Company LLC",55397,"CT2",9213,,2023,8534,8527.8,2682981.63,,5.774,0.001,1143788.803,0.059,71.918,0.0076,19246402.903,"Pipeline Natural Gas",,"Combined cycle",,"Dry Low NOx Burners|Selective Catalytic Reduction",,,"ARP, CSNOX, CSOSG3, CSSO2G1"
"CA","Elk Hills Power",55400,"CTG-1",88308,,2023,8169,8158.53,1911785.1,,3.584,0.001,709855.362,0.059,42.316,0.0074,11944598.311,"Pipeline Natural Gas",,"Combined cycle",,"Dry Low NOx Burners|Selective Catalytic Reduction",,,"ARP"
"CA","Elk Hills Power",55400,"CTG-2",88309,,2023,8246,8232.6,1956547.32,,3.674,0.001,727819.824,0.059,43.09,0.0075,12247007.493,"Pipeline Natural Gas",,"Combined cycle",,"Dry Low NOx Burners|Selective Catalytic Reduction",,,"ARP"
"OH","Rolling Hills Generating LLC",55401,"CT-1",4669,,2023,3112,2937.16,524305.66,,1.726,0.001,341984.271,0.059,91.175,0.0334,5754479.664,"Pipeline Natural Gas",,"Combustion turbine",,"Dry Low NOx Burners|Water Injection|Selective Catalytic Reduction",,,"ARP, CSNOX, CSOSG3, CSSO2G1"
"OH","Rolling Hills Generating LLC",55401,"CT-2",4670,,2023,2331,2163.53,382233.66,,1.24,0.001,245640.366,0.059,66.603,0.0353,4133285.549,"Pipeline Natural Gas",,"Combustion turbine",,"Dry Low NOx Burners|Water Injection|Selective Catalytic Reduction",,,"ARP, CSNOX, CSOSG3, CSSO2G1"
"OH","Rolling Hills Generating LLC",55401,"CT-3",4671,,2023,3027,2850.28,508036.1,,1.654,0.001,327580.763,0.059,88.482,0.0346,5512145.123,"Pipeline Natural Gas",,"Combustion turbine",,"Dry Low NOx Burners|Water Injection",,,"ARP, CSNOX, CSOSG3, CSSO2G1"
"OH","Rolling Hills Generating LLC",55401,"CT-4",4672,,2023,2118,1964.16,,,1.134,0.001,224547.99,0.059,61.214,0.0357,3778367.022,"Pipeline Natural Gas",,"Combustion turbine",,"Dry Low NOx Burners|Water Injection",,,"ARP, CSNOX, CSOSG3, CSSO2G1"
"OH","Rolling Hills Generating LLC",55401,"CT-5",4673,,2023,3073,2898.35,518825.49,,1.699,0.001,336617.962,0.059,87.156,0.0333,5664150.246,"Pipeline Natural Gas",,"Combustion turbine",,"Dry Low NOx Burners|Water Injection",,,"ARP, CSNOX, CSOSG3, CSSO2G1"
"MI","Renaissance Power",55402,"CT1",4674,,2023,2741,2703.74,432397.3,,1.42,0.001,281337.342,0.059,116.469,0.0497,4734032.986,"Pipeline Natural Gas",,"Combustion turbine",,"Dry Low NOx Burners",,,"ARP, CSNOX, CSOSG3, CSSO2G1"
"MI","Renaissance Power",55402,"CT2",4675,,2023,2579,2551.67,398227.11,,1.32,0.001,261521.2,0.059,106.796,0.0489,4400575.575,"Pipeline Natural Gas",,"Combustion turbine",,"Dry Low NOx Burners",,,"ARP, CSNOX, CSOSG3, CSSO2G1"
"MI","Renaissance Power",55402,"CT3",4676,,2023,2558,2518.37,402871.54,,1.315,0.001,260525.206,0.059,110.067,0.0511,4383863.463,"Pipeline Natural Gas",,"Combustion turbine",,"Dry Low NOx Burners",,,"ARP, CSNOX, CSOSG3, CSSO2G1"
"MI","Renaissance Power",55402,"CT4",4677,,2023,1879,1846.8,290352.97,,0.944,0.001,186951.027,0.059,76.982,0.0496,3145831.89,"Pipeline Natural Gas",,"Combustion turbine",,"Dry Low NOx Burners",,,"ARP, CSNOX, CSOSG3, CSSO2G1"
"LA","Carville Energy Center",55404,"COG01",4678,,2023,8359,8345,1952015.68,,4.498,0.001,890924.141,0.059,241.303,0.0322,14991339.077,"Pipeline Natural Gas",,"Combined cycle",,"Dry Low NOx Burners",,,"ARP, CSOSG2E"
"LA","Carville Energy Center",55404,"COG02",4679,,2023,6561,6456.48,1443814.74,,3.408,0.001,675145.321,0.059,180.944,0.0331,11360586.54,"Pipeline Natural Gas",,"Combined cycle",,"Dry Low NOx Burners",,,"ARP, CSOSG2E"
"NY","Athens Generating Company",55405,"1",8542,,2023,1573,1557.09,481531.23,,1.015,0.001,201131.158,0.059,14.711,0.0125,3384437.579,"Pipeline Natural Gas","Diesel Oil","Combined cycle",,"Dry Low NOx Burners|Water Injection|Selective Catalytic Reduction",,,"ARP, CSNOX, CSOSG3, CSSO2G1, RGGI"
"NY","Athens Generating Company",55405,"2",8544,,2023,2551,2524.14,811107.03,,1.713,0.001,333953.472,0.059,22.849,0.0118,5619171.898,"Pipeline Natural Gas","Diesel Oil","Combined cycle",,"Dry Low NOx Burners|Water Injection|Selective Catalytic Reduction",,,"ARP, CSNOX, CSOSG3, CSSO2G1, RGGI"
"NY","Athens Generating Company",55405,"3",8546,,2023,1884,1846.96,579126.4,,1.223,0.001,242192.78,0.059,19.152,0.0155,4075310.112,"Pipeline Natural Gas","Diesel Oil","Combined cycle",,"Dry Low NOx Burners|Water Injection|Selective Catalytic Reduction",,,"ARP, CSNOX, CSOSG3, CSSO2G1, RGGI"
"GA","Bobby C. Smith Jr. Energy Facility",55406,"1",4680,,2023,6002,5986.55,1289744.5,,2.792,0.001,553113.418,0.059,37.148,0.0093,9307146.223,"Pipeline Natural Gas",,"Combined cycle",,"Dry Low NOx Burners|Selective Catalytic Reduction",,,"ARP, CSNOX, CSOSG1, CSSO2G2"
"GA","Bobby C. Smith Jr. Energy Facility",55406,"2",4681,,2023,5961,5945.6,1283488.97,,2.756,0.001,545848.407,0.059,67.278,0.0162,9184978.463,"Pipeline Natural Gas",,"Combined cycle",,"Dry Low NOx Burners|Selective Catalytic Reduction",,,"ARP, CSNOX, CSOSG1, CSSO2G2"
"AL","Calhoun Generating Facility",55409,"CT1",4688,,2023,91,82,9652,,0.034,0.001,7090.6,0.0673,4.107,0.1019,107360,"Pipeline Natural Gas","Diesel Oil","Combustion turbine",,"Dry Low NOx Burners|Water Injection",,,"ARP, CSNOX, CSOSG2, CSSO2G2"
"AL","Calhoun Generating Facility",55409,"CT2",4689,,2023,115,105.75,13192,,0.047,0.001,9691.4,0.0667,5.041,0.0792,146248.325,"Pipeline Natural Gas","Diesel Oil","Combustion turbine",,"Dry Low NOx Burners|Water Injection",,,"ARP, CSNOX, CSOSG2, CSSO2G2"
"AL","Calhoun Generating Facility",55409,"CT3",4690,,2023,74,67.5,8413.25,,0.031,0.001,6442.05,0.0702,4.072,0.1077,93033.025,"Pipeline Natural Gas","Diesel Oil","Combustion turbine",,"Dry Low NOx Burners|Water Injection",,,"ARP, CSNOX, CSOSG2, CSSO2G2"
"AL","Calhoun Generating Facility",55409,"CT4",4691,,2023,77,67.25,8115.5,,0.031,0.001,6354.8,0.0721,4.536,0.1271,90019.525,"Pipeline Natural Gas","Diesel Oil","Combustion turbine",,"Dry Low NOx Burners|Water Injection",,,"ARP, CSNOX, CSOSG2, CSSO2G2"
"AL","Hillabee Energy Center",55411,"CT1",4695,,2023,5777,5747.18,2003657.05,,4.148,0.001,821700.058,0.059,47.867,0.0074,13826693.745,"Pipeline Natural Gas",,"Combined cycle",,"Dry Low NOx Burners|Selective Catalytic Reduction",,,"ARP, CSNOX, CSOSG2, CSSO2G2"
"AL","Hillabee Energy Center",55411,"CT2",4696,,2023,6563,6539.54,2335911.16,,4.84,0.001,958685.009,0.059,57.947,0.0075,16131729.7,"Pipeline Natural Gas",,"Combined cycle",,"Dry Low NOx Burners|Selective Catalytic Reduction",,,"ARP, CSNOX, CSOSG2, CSSO2G2"
"FL","Osprey Energy Center",55412,"CT1",8548,,2023,4963,4910.19,1028360.58,,2.215,0.001,438652.9,0.059,47.01,0.0161,7381243.546,"Pipeline Natural Gas",,"Combined cycle",,"Dry Low NOx Burners|Selective Catalytic Reduction",,,"ARP"
"FL","Osprey Energy Center",55412,"CT2",8550,,2023,5511,5486.6,1160245.41,,2.498,0.001,494781.697,0.059,49.774,0.0138,8325651.843,"Pipeline Natural Gas",,"Combined cycle",,"Dry Low NOx Burners|Selective Catalytic Reduction",,,"ARP"
"FL","Shady Hills",55414,"GT101",4697,,2023,481,425.46,62043.59,,0.189,0.001,37489.775,0.059,10.614,0.0414,630836.732,"Pipeline Natural Gas","Diesel Oil","Combustion turbine",,"Dry Low NOx Burners|Water Injection",,,"ARP"
"FL","Shady Hills",55414,"GT201",4698,,2023,360,313.63,45361.77,,0.146,0.001,28891.083,0.059,7.687,0.0419,486150.661,"Pipeline Natural Gas","Diesel Oil","Combustion turbine",,"Dry Low NOx Burners|Water Injection",,,"ARP"
"FL","Shady Hills",55414,"GT301",4699,,2023,355,316.38,46444.87,,0.141,0.001,27857.373,0.059,8.011,0.0438,468770.276,"Pipeline Natural Gas","Diesel Oil","Combustion turbine",,"Dry Low NOx Burners|Water Injection",,,"ARP"
"FL","Vandolah Power Project",55415,"GT101",4700,,2023,1173,1058.36,162099.03,,1.188,0.0025,101095.356,0.0593,27.337,0.0362,1694102.604,"Pipeline Natural Gas","Diesel Oil","Combustion turbine",,"Dry Low NOx Burners|Water Injection",,,"ARP"
"FL","Vandolah Power Project",55415,"GT201",4701,,2023,1443,1293.06,202355.22,,1.046,0.0014,124243.419,0.0592,33.134,0.037,2084597.609,"Pipeline Natural Gas","Diesel Oil","Combustion turbine",,"Dry Low NOx Burners|Water Injection",,,"ARP"
"FL","Vandolah Power Project",55415,"GT301",4702,,2023,1062,959.1,148767.59,,0.95,0.0016,92791.537,0.0593,25.059,0.0368,1554478.798,"Pipeline Natural Gas","Diesel Oil","Combustion turbine",,"Dry Low NOx Burners|Water Injection",,,"ARP"
"FL","Vandolah Power Project",55415,"GT401",4703,,2023,1517,1358.2,208214,,1.219,0.0015,131247.647,0.0592,35.212,0.0375,2200545.375,"Pipeline Natural Gas","Diesel Oil","Combustion turbine",,"Dry Low NOx Burners|Water Injection",,,"ARP"
"IL","Raccoon Creek Power Plant",55417,"CT-01",9216,,2023,4,2.82,187,,0.001,0.0008,122.46,0.0443,0.037,0.0345,2060.202,"Pipeline Natural Gas",,"Combustion turbine",,"Dry Low NOx Burners",,,"ARP, CSNOX, CSOSG3, CSSO2G1"
"IL","Raccoon Creek Power Plant",55417,"CT-02",9217,,2023,4,3.1,209.14,,0.001,0.001,123.688,0.059,0.026,0.0245,2082.608,"Pipeline Natural Gas",,"Combustion turbine",,"Dry Low NOx Burners",,,"ARP, CSNOX, CSOSG3, CSSO2G1"
"IL","Raccoon Creek Power Plant",55417,"CT-03",9218,,2023,4,2.93,195.92,,0.001,0.001,123.577,0.0593,0.036,0.0333,2078.697,"Pipeline Natural Gas",,"Combustion turbine",,"Dry Low NOx Burners",,,"ARP, CSNOX, CSOSG3, CSSO2G1"
"IL","Raccoon Creek Power Plant",55417,"CT-04",9219,,2023,6,3.89,209.61,,0.001,0.001,143.185,0.0592,0.043,0.0307,2409.748,"Pipeline Natural Gas",,"Combustion turbine",,"Dry Low NOx Burners",,,"ARP, CSNOX, CSOSG3, CSSO2G1"
"AR","Hot Spring Energy Facility",55418,"CT-1",4705,,2023,4433,4396.59,1055509.63,,2.274,0.001,450370.57,0.059,40.051,0.0121,7578380.131,"Pipeline Natural Gas",,"Combined cycle",,"Dry Low NOx Burners|Selective Catalytic Reduction",,,"ARP, CSOSG2"
"AR","Hot Spring Energy Facility",55418,"CT-2",4706,,2023,4877,4848.13,1169811.1,,2.525,0.001,500222.184,0.059,47.829,0.0143,8417172.892,"Pipeline Natural Gas",,"Combined cycle",,"Dry Low NOx Burners|Selective Catalytic Reduction",,,"ARP, CSOSG2"
"LA","Plaquemine Cogen Facility",55419,"500",4709,,2023,7300,7290.07,2283931.48,,2.296,0.0001,703732.082,0.0566,103.283,0.0167,12465085.623,"Natural Gas","Process Gas","Combined cycle",,"Dry Low NOx Burners|Selective Catalytic Reduction",,,"ARP, CSOSG2E"
"LA","Plaquemine Cogen Facility",55419,"600",4710,,2023,8753,8751.72,2778634.72,,2.589,0.0001,845458.578,0.057,124.799,0.0169,14811178.47,"Natural Gas","Process Gas","Combined cycle",,"Dry Low NOx Burners|Selective Catalytic Reduction",,,"ARP, CSOSG2E"
"LA","Plaquemine Cogen Facility",55419,"700",4711,,2023,6926,6921.01,2216773.86,,2.107,0.0001,682722.102,0.0555,99.469,0.0162,12305994.982,"Natural Gas","Process Gas","Combined cycle",,"Dry Low NOx Burners|Selective Catalytic Reduction",,,"ARP, CSOSG2E"
"LA","Plaquemine Cogen Facility",55419,"800",4712,,2023,8071,8066.56,2565255.71,,2.408,0.0001,760033.804,0.0554,110.894,0.0162,13716919.046,"Natural Gas","Process Gas","Combined cycle",,"Dry Low NOx Burners|Selective Catalytic Reduction",,,"ARP, CSOSG2E"
"LA","Bayou Cove Peaking Power Plant",55433,"CTG-1",8562,,2023,1020,861.89,51404.8,,0.189,0.001,37533.318,0.0591,11.082,0.0448,631563.097,"Pipeline Natural Gas",,"Combustion turbine",,"Dry Low NOx Burners",,,"ARP, CSOSG2E"
"LA","Bayou Cove Peaking Power Plant",55433,"CTG-2",8564,,2023,945,818.63,42650.5,,0.158,0.001,31341.113,0.0591,11.468,0.0516,527383.869,"Pipeline Natural Gas",,"Combustion turbine",,"Dry Low NOx Burners",,,"ARP, CSOSG2E"
"LA","Bayou Cove Peaking Power Plant",55433,"CTG-3",8566,,2023,576,498.64,25368.52,,0.095,0.001,18882.463,0.0591,8.359,0.0598,317736.02,"Pipeline Natural Gas",,"Combustion turbine",,"Dry Low NOx Burners",,,"ARP, CSOSG2E"
"LA","Bayou Cove Peaking Power Plant",55433,"CTG-4",8568,,2023,788,681.11,35294.78,,0.137,0.001,27067.085,0.0589,9.056,0.049,455455.455,"Pipeline Natural Gas",,"Combustion turbine",,"Dry Low NOx Burners",,,"ARP, CSOSG2E"
"IL","Elgin Energy Center, LLC",55438,"CT01",4751,,2023,603,542.23,54649.33,,0.19,0.001,37733.878,0.059,17.029,0.0531,634954.707,"Pipeline Natural Gas",,"Combustion turbine",,"Dry Low NOx Burners",,,"ARP, CSNOX, CSOSG3, CSSO2G1"
"IL","Elgin Energy Center, LLC",55438,"CT02",4752,,2023,783,711.84,72621.2,,0.25,0.001,49471.137,0.059,24.373,0.0592,832423.031,"Pipeline Natural Gas",,"Combustion turbine",,"Dry Low NOx Burners",,,"ARP, CSNOX, CSOSG3, CSSO2G1"
"IL","Elgin Energy Center, LLC",55438,"CT03",4753,,2023,491,443.18,44772.35,,0.158,0.001,31266.662,0.059,14.008,0.0532,526112.434,"Pipeline Natural Gas",,"Combustion turbine",,"Dry Low NOx Burners",,,"ARP, CSNOX, CSOSG3, CSSO2G1"
"IL","Elgin Energy Center, LLC",55438,"CT04",4754,,2023,476,425.76,42129.5,,0.15,0.001,29651.705,0.059,15.638,0.0647,498959.804,"Pipeline Natural Gas",,"Combustion turbine",,"Dry Low NOx Burners",,,"ARP, CSNOX, CSOSG3, CSSO2G1"
"VA","Tenaska Virginia Generating Station",55439,"CTGDB1",4755,,2023,5650,5575.05,1349049.61,,2.993,0.001,575386.391,0.0591,34.824,0.0103,9672323.993,"Pipeline Natural Gas","Diesel Oil","Combined cycle",,"Dry Low NOx Burners|Water Injection|Selective Catalytic Reduction",,,"ARP, CSNOX, CSOSG3, CSSO2G1, RGGI"
"VA","Tenaska Virginia Generating Station",55439,"CTGDB2",4756,,2023,5310,5262.83,1267517.06,,2.712,0.001,536098.718,0.059,33.025,0.0099,9019727.012,"Pipeline Natural Gas","Diesel Oil","Combined cycle",,"Dry Low NOx Burners|Water Injection|Selective Catalytic Reduction",,,"ARP, CSNOX, CSOSG3, CSSO2G1, RGGI"
"VA","Tenaska Virginia Generating Station",55439,"CTGDB3",4757,,2023,5666,5618.27,1361379.57,,2.932,0.001,572707.719,0.059,36.308,0.0105,9631940.079,"Pipeline Natural Gas","Diesel Oil","Combined cycle",,"Dry Low NOx Burners|Water Injection|Selective Catalytic Reduction",,,"ARP, CSNOX, CSOSG3, CSSO2G1, RGGI"
"AL","Central Alabama Gen Station",55440,"CTGDB1",4758,,2023,6590,6520,1636721.25,,3.551,0.001,702839.025,0.059,54.439,0.0114,11826626.85,"Pipeline Natural Gas","Diesel Oil","Combined cycle",,"Dry Low NOx Burners|Water Injection|Selective Catalytic Reduction",,,"ARP, CSNOX, CSOSG2, CSSO2G2"
"AL","Central Alabama Gen Station",55440,"CTGDB2",4759,,2023,6459,6388.75,1599390,,3.511,0.001,692718.3,0.059,53.498,0.0112,11656316.1,"Pipeline Natural Gas","Diesel Oil","Combined cycle",,"Dry Low NOx Burners|Water Injection|Selective Catalytic Reduction",,,"ARP, CSNOX, CSOSG2, CSSO2G2"
"AL","Central Alabama Gen Station",55440,"CTGDB3",4760,,2023,6849,6814,1682392,,3.612,0.001,716851.3,0.059,54.725,0.0104,12062447.35,"Pipeline Natural Gas","Diesel Oil","Combined cycle",,"Dry Low NOx Burners|Water Injection|Selective Catalytic Reduction",,,"ARP, CSNOX, CSOSG2, CSSO2G2"
"MO","Columbia Energy Center (MO)",55447,"CT01",4780,,2023,231,190.44,6508.08,,0.024,0.001,4794.889,0.0592,1.939,0.0706,80681.376,"Pipeline Natural Gas",,"Combustion turbine",,"Dry Low NOx Burners",,,"ARP, CSNOX, CSOSG2, CSSO2G1"
"MO","Columbia Energy Center (MO)",55447,"CT02",4781,,2023,223,182.69,6134.11,,0.023,0.001,4587.81,0.0593,1.859,0.0749,77197.694,"Pipeline Natural Gas",,"Combustion turbine",,"Dry Low NOx Burners",,,"ARP, CSNOX, CSOSG2, CSSO2G1"
"MO","Columbia Energy Center (MO)",55447,"CT03",4782,,2023,219,180.53,6187.46,,0.023,0.001,4531.156,0.0592,1.828,0.0726,76248.563,"Pipeline Natural Gas",,"Combustion turbine",,"Dry Low NOx Burners",,,"ARP, CSNOX, CSOSG2, CSSO2G1"
"MO","Columbia Energy Center (MO)",55447,"CT04",4783,,2023,50,39.64,1233.05,,0.005,0.001,932.551,0.0593,1.729,0.221,15687.832,"Pipeline Natural Gas",,"Combustion turbine",,"Dry Low NOx Burners",,,"ARP, CSNOX, CSOSG2, CSSO2G1"
"MS","Magnolia Combined Cycle Plant",55451,"CTG-1",4784,,2023,7520,7482.97,2028332.24,,4.368,0.001,865161.942,0.059,83.505,0.0126,14557970.429,"Pipeline Natural Gas",,"Combined cycle",,"Dry Low NOx Burners|Selective Catalytic Reduction",,,"ARP, CSOSG2"
"MS","Magnolia Combined Cycle Plant",55451,"CTG-2",4785,,2023,7439,7398.12,1989094.51,,4.335,0.001,858737.792,0.059,84.314,0.0131,14449936.837,"Pipeline Natural Gas",,"Combined cycle",,"Dry Low NOx Burners|Selective Catalytic Reduction",,,"ARP, CSOSG2"
"MS","Magnolia Combined Cycle Plant",55451,"CTG-3",4786,,2023,7198,7172.47,1914089.34,,4.204,0.001,832764.558,0.059,79.898,0.0123,14012904.518,"Pipeline Natural Gas",,"Combined cycle",,"Dry Low NOx Burners|Selective Catalytic Reduction",,,"ARP, CSOSG2"
"CO","Fountain Valley Power Plant",55453,"1",4790,,2023,741,627.52,12891.33,,0.044,0.001,8708.277,0.0593,6.922,0.1104,146536.894,"Pipeline Natural Gas",,"Combustion turbine",,"Water Injection",,,"ARP"
"CO","Fountain Valley Power Plant",55453,"2",4791,,2023,712,606.01,12980.3,,0.044,0.001,8736.376,0.0594,7.456,0.1192,146995.93,"Pipeline Natural Gas",,"Combustion turbine",,"Water Injection",,,"ARP"
"CO","Fountain Valley Power Plant",55453,"3",4792,,2023,767,646.1,13723.98,,0.047,0.001,9250.668,0.0593,7.917,0.1175,155661.787,"Pipeline Natural Gas",,"Combustion turbine",,"Water Injection",,,"ARP"
"CO","Fountain Valley Power Plant",55453,"4",4793,,2023,751,639.29,13363.73,,0.045,0.001,8910.288,0.0594,7.64,0.1198,149917.469,"Pipeline Natural Gas",,"Combustion turbine",,"Water Injection",,,"ARP"
"CO","Fountain Valley Power Plant",55453,"5",4794,,2023,743,622.91,13015.57,,0.044,0.001,8636.525,0.0593,7.121,0.1124,145345.758,"Pipeline Natural Gas",,"Combustion turbine",,"Water Injection",,,"ARP"
"CO","Fountain Valley Power Plant",55453,"6",4795,,2023,727,620.82,13106.98,,0.044,0.001,8679.076,0.0593,7.384,0.1177,146046.38,"Pipeline Natural Gas",,"Combustion turbine",,"Water Injection",,,"ARP"
"AZ","Redhawk Generating Facility",55455,"CC1A",4796,,2023,5404,5246.34,1144977.99,,2.34,0.001,463459.49,0.059,35.527,0.0126,7798649.107,"Pipeline Natural Gas",,"Combined cycle",,"Dry Low NOx Burners|Selective Catalytic Reduction",,,"ARP"
"AZ","Redhawk Generating Facility",55455,"CC1B",4797,,2023,5236,5060.76,1118952.85,,2.301,0.001,455766.421,0.059,34.828,0.0125,7669179.856,"Pipeline Natural Gas",,"Combined cycle",,"Dry Low NOx Burners|Selective Catalytic Reduction",,,"ARP"
"AZ","Redhawk Generating Facility",55455,"CC2A",4799,,2023,5883,5736.43,1222182.69,,2.496,0.001,494490.496,0.059,38.062,0.0125,8320749.062,"Pipeline Natural Gas",,"Combined cycle",,"Dry Low NOx Burners|Selective Catalytic Reduction",,,"ARP"
"AZ","Redhawk Generating Facility",55455,"CC2B",4800,,2023,4902,4742.45,1032900.22,,2.15,0.001,425881.408,0.059,33.491,0.0128,7166280.069,"Pipeline Natural Gas",,"Combined cycle",,"Dry Low NOx Burners|Selective Catalytic Reduction",,,"ARP"
"OK","McClain Energy Facility",55457,"CT1",4808,,2023,6152,6095.09,848650.39,,2.678,0.001,530368.801,0.059,127.41,0.0298,8924534.543,"Pipeline Natural Gas",,"Combined cycle",,"Dry Low NOx Burners",,,"ARP, CSOSG2"
"OK","McClain Energy Facility",55457,"CT2",4809,,2023,6122,6073.97,849281.74,,2.67,0.001,528875.383,0.059,132.819,0.031,8899364.25,"Pipeline Natural Gas",,"Combined cycle",,"Dry Low NOx Burners",,,"ARP, CSOSG2"
"MI","Indeck-Niles Energy Center",55460,"EUCT1",91389,,2023,7242,7214.85,3722861.67,,7.255,0.001,1437184.919,0.059,66.706,0.0057,24183433.161,"Pipeline Natural Gas",,"Combined cycle",,"Dry Low NOx Burners|Selective Catalytic Reduction",,,"ARP, CSNOX, CSOSG3, CSSO2G1, NSPS4T"
"MI","Indeck-Niles Energy Center",55460,"EUCT2",91390,,2023,7001,6980.79,3745446.99,,7.334,0.001,1452896.688,0.059,47.129,0.004,24447793.109,"Pipeline Natural Gas",,"Combined cycle",,"Dry Low NOx Burners|Selective Catalytic Reduction",,,"ARP, CSNOX, CSOSG3, CSSO2G1, NSPS4T"
"OK","Redbud Power Plant",55463,"CT-01",4817,,2023,4814,4708.58,1182001.99,,2.651,0.001,525191.725,0.059,57.69,0.0173,8837422.506,"Pipeline Natural Gas",,"Combined cycle",,"Dry Low NOx Burners|Selective Catalytic Reduction",,,"ARP, CSOSG2"
"OK","Redbud Power Plant",55463,"CT-02",4818,,2023,5376,5275.55,1316131.94,,2.936,0.001,581627.88,0.059,68.309,0.019,9786940.01,"Pipeline Natural Gas",,"Combined cycle",,"Dry Low NOx Burners|Selective Catalytic Reduction",,,"ARP, CSOSG2"
"OK","Redbud Power Plant",55463,"CT-03",4819,,2023,5312,5190.51,1297041.92,,2.918,0.001,578101.622,0.059,69.39,0.0203,9727660.008,"Pipeline Natural Gas",,"Combined cycle",,"Dry Low NOx Burners|Selective Catalytic Reduction",,,"ARP, CSOSG2"
"OK","Redbud Power Plant",55463,"CT-04",4820,,2023,5385,5270.35,1373922.74,,3.092,0.001,612545.287,0.059,70.753,0.0183,10307266.888,"Pipeline Natural Gas",,"Combined cycle",,"Dry Low NOx Burners|Selective Catalytic Reduction",,,"ARP, CSOSG2"
"TX","Deer Park Energy Center",55464,"CTG1",4821,,2023,7057,7032.81,1411025.14,,4.186,0.001,829231.801,0.059,60.226,0.0089,13953427.535,"Pipeline Natural Gas",,"Combined cycle",,"Dry Low NOx Burners|Selective Catalytic Reduction",,,"ARP, CSOSG2"
"TX","Deer Park Energy Center",55464,"CTG2",4822,,2023,7774,7757.42,1494555.78,,4.391,0.001,869778.409,0.059,59.271,0.0084,14635744.739,"Pipeline Natural Gas",,"Combined cycle",,"Dry Low NOx Burners|Selective Catalytic Reduction",,,"ARP, CSOSG2"
"TX","Deer Park Energy Center",55464,"CTG3",4823,,2023,7152,7122.99,1436332.05,,4.369,0.001,865520.445,0.059,63.24,0.0091,14564055.84,"Pipeline Natural Gas",,"Combined cycle",,"Dry Low NOx Burners|Selective Catalytic Reduction",,,"ARP, CSOSG2"
"TX","Deer Park Energy Center",55464,"CTG4",4824,,2023,7214,7193.84,1427035.5,,4.186,0.001,829263.102,0.059,63.344,0.0094,13953932.197,"Pipeline Natural Gas",,"Combined cycle",,"Dry Low NOx Burners|Selective Catalytic Reduction",,,"ARP, CSOSG2"
"TX","Deer Park Energy Center",55464,"CTG5",90258,,2023,6782,6764.29,1330932.28,,3.643,0.001,721687.048,0.059,35.879,0.0062,12143715.84,"Pipeline Natural Gas",,"Combined cycle",,"Dry Low NOx Burners|Selective Catalytic Reduction",,,"ARP, CSOSG2"
"LA","Ouachita Plant",55467,"CTGEN1",4829,,2023,4732,4717.98,1125100.44,,2.531,0.001,501359.694,0.059,66.292,0.0168,8436140.848,"Pipeline Natural Gas",,"Combined cycle",,"Dry Low NOx Burners|Selective Catalytic Reduction",,,"ARP, CSOSG2E"
"LA","Ouachita Plant",55467,"CTGEN2",4830,,2023,5202,5187.8,1245768.14,,2.794,0.001,553428.828,0.059,73.916,0.0171,9312325.815,"Pipeline Natural Gas",,"Combined cycle",,"Dry Low NOx Burners|Selective Catalytic Reduction",,,"ARP, CSOSG2E"
"LA","Ouachita Plant",55467,"CTGEN3",4831,,2023,5807,5785.41,1408981.59,,3.123,0.001,618591.477,0.059,77.536,0.0161,10409139.523,"Pipeline Natural Gas",,"Combined cycle",,"Dry Low NOx Burners|Selective Catalytic Reduction",,,"ARP, CSOSG2E"
"TX","South Houston Green Power Site",55470,"EPN801",4843,,2023,7742,7722.56,,4177164.02,19.868,0.0027,868954.136,0.059,76.652,0.0109,14621888.445,"Pipeline Natural Gas","Process Gas","Combined cycle",,"Dry Low NOx Burners|Selective Catalytic Reduction",,,"ARP, CSOSG2"
"TX","South Houston Green Power Site",55470,"EPN802",4844,,2023,8148,8137.4,1327877.26,,21.264,0.0027,912253.477,0.059,88.933,0.0122,15350619.306,"Pipeline Natural Gas","Process Gas","Combined cycle",,"Dry Low NOx Burners|Selective Catalytic Reduction",,,"ARP, CSOSG2"
"TX","South Houston Green Power Site",55470,"EPN803",4845,,2023,7402,7388.49,,5382359.39,18.168,0.0026,850395.691,0.059,69.507,0.011,14309593.74,"Pipeline Natural Gas","Process Gas","Combined cycle",,"Dry Low NOx Burners|Selective Catalytic Reduction",,,"ARP, CSOSG2"
"WY","Neil Simpson II (CT2)",55477,"CT2",4849,,2023,906,774.32,19912.8,,0.065,0.001,12851.911,0.0593,5.701,0.0601,216253.575,"Pipeline Natural Gas",,"Combustion turbine",,"Dry Low NOx Burners",,,"ARP"
"SD","Lange",55478,"CT1",4850,,2023,1706,1480.19,41610.22,,0.13,0.001,25821.395,0.0593,12.117,0.0614,434504.478,"Pipeline Natural Gas",,"Combustion turbine",,"Dry Low NOx Burners",,,"ARP"
"WY","Wygen I",55479,"001",4852,,2023,8405,8391.18,713811.3,,348.379,0.0833,874057.444,0.105,541.691,0.1297,8333880.044,"Coal",,"Dry bottom wall-fired boiler","Dry Lime FGD","Low NOx Burner Technology w/ Overfire Air|Selective Catalytic Reduction","Baghouse",,"ARP, MATS"
"TX","Forney Power Plant",55480,"U1",4853,,2023,6553,6394.08,1694209.54,,3.625,0.001,717977.595,0.059,197.992,0.0386,12081362.101,"Pipeline Natural Gas",,"Combined cycle",,"Dry Low NOx Burners",,,"ARP, CSOSG2"
"TX","Forney Power Plant",55480,"U2",4854,,2023,6812,6603.29,1697909.58,,3.667,0.001,726439.16,0.059,204.412,0.0416,12223697.596,"Pipeline Natural Gas",,"Combined cycle",,"Dry Low NOx Burners",,,"ARP, CSOSG2"
"TX","Forney Power Plant",55480,"U3",4855,,2023,6728,6540.88,1682246.41,,3.618,0.001,716720.353,0.059,210.546,0.0427,12060259.487,"Pipeline Natural Gas",,"Combined cycle",,"Dry Low NOx Burners",,,"ARP, CSOSG2"
"TX","Forney Power Plant",55480,"U4",4856,,2023,7181,7059.84,1863648.42,,3.96,0.001,784373.231,0.059,216.336,0.0374,13198503.125,"Pipeline Natural Gas",,"Combined cycle",,"Dry Low NOx Burners",,,"ARP, CSOSG2"
"TX","Forney Power Plant",55480,"U5",4857,,2023,7230,7083.4,1868362.75,,3.947,0.001,781942.279,0.059,222.745,0.0378,13157627.915,"Pipeline Natural Gas",,"Combined cycle",,"Dry Low NOx Burners",,,"ARP, CSOSG2"
"TX","Forney Power Plant",55480,"U6",4858,,2023,7269,7147.99,1886571.18,,4.02,0.001,796234.044,0.059,217.757,0.0375,13398161.626,"Pipeline Natural Gas",,"Combined cycle",,"Dry Low NOx Burners",,,"ARP, CSOSG2"
"AZ","Mesquite Generating Station",55481,"1",4859,,2023,7233,7159.23,1918983.44,,4.032,0.001,798669.458,0.059,57.668,0.0099,13439119.77,"Pipeline Natural Gas",,"Combined cycle",,"Dry Low NOx Burners|Selective Catalytic Reduction",,,"ARP"
"AZ","Mesquite Generating Station",55481,"2",4860,,2023,7070,6922.13,1824895.63,,3.899,0.001,772368.647,0.059,54.061,0.01,12996566.311,"Pipeline Natural Gas",,"Combined cycle",,"Dry Low NOx Burners|Selective Catalytic Reduction",,,"ARP"
"AZ","Mesquite Generating Station",55481,"5",4861,,2023,8183,8146.1,2075039.81,,4.436,0.001,878749.355,0.059,60.054,0.0087,14786702.161,"Pipeline Natural Gas",,"Combined cycle",,"Dry Low NOx Burners|Selective Catalytic Reduction",,,"ARP"
"AZ","Mesquite Generating Station",55481,"6",4862,,2023,8099,8032.64,2056556.63,,4.361,0.001,863764.385,0.059,68.161,0.0109,14534462.567,"Pipeline Natural Gas",,"Combined cycle",,"Dry Low NOx Burners|Selective Catalytic Reduction",,,"ARP"
"WA","Goldendale Generating Station",55482,"CT-1",4863,,2023,7780,7765.15,2215362.11,,4.593,0.001,909764.3,0.059,55.028,0.0082,15308569.539,"Pipeline Natural Gas",,"Combined cycle",,"Dry Low NOx Burners|Selective Catalytic Reduction",,,"ARP"
"LA","Washington Parish Energy Center",55486,"CTG01",10121,,2023,1104,1029.32,171010.75,,0.463,0.001,91783.77,0.059,20.632,0.0262,1544437.961,"Pipeline Natural Gas",,"Combustion turbine",,"Dry Low NOx Burners",,,"ARP, CSOSG2E"
"LA","Washington Parish Energy Center",55486,"CTG02",10122,,2023,1159,1086.68,178291.55,,0.479,0.001,94868.784,0.059,21.263,0.0277,1596366.009,"Pipeline Natural Gas",,"Combustion turbine",,"Dry Low NOx Burners",,,"ARP, CSOSG2E"
"IL","Goose Creek Power Plant",55496,"CT-01",10123,,2023,28,22.46,1131.08,,0.004,0.001,813.24,0.0599,0.183,0.026,13682.627,"Pipeline Natural Gas",,"Combustion turbine",,"Dry Low NOx Burners",,,"ARP, CSNOX, CSOSG3, CSSO2G1"
"IL","Goose Creek Power Plant",55496,"CT-02",10124,,2023,35,28.61,1438.9,,0.005,0.0009,1050.075,0.0614,0.17,0.0192,17669.927,"Pipeline Natural Gas",,"Combustion turbine",,"Dry Low NOx Burners",,,"ARP, CSNOX, CSOSG3, CSSO2G1"
"IL","Goose Creek Power Plant",55496,"CT-03",10125,,2023,31,24.43,1208.25,,0.004,0.0009,874.805,0.0618,0.162,0.0216,14722.074,"Pipeline Natural Gas",,"Combustion turbine",,"Dry Low NOx Burners",,,"ARP, CSNOX, CSOSG3, CSSO2G1"
"IL","Goose Creek Power Plant",55496,"CT-04",10126,,2023,29,24.42,1268.53,,0.005,0.001,912.393,0.0592,0.182,0.0234,15349.489,"Pipeline Natural Gas",,"Combustion turbine",,"Dry Low NOx Burners",,,"ARP, CSNOX, CSOSG3, CSSO2G1"
"IL","Goose Creek Power Plant",55496,"CT-05",10127,,2023,10,9.19,560.12,,0.002,0.001,386.064,0.059,0.097,0.0289,6497.918,"Pipeline Natural Gas",,"Combustion turbine",,"Dry Low NOx Burners",,,"ARP, CSNOX, CSOSG3, CSSO2G1"
"IL","Goose Creek Power Plant",55496,"CT-06",10128,,2023,11,8.62,433.86,,0.002,0.001,306.882,0.0591,0.061,0.0234,5164.113,"Pipeline Natural Gas",,"Combustion turbine",,"Dry Low NOx Burners",,,"ARP, CSNOX, CSOSG3, CSSO2G1"
"CA","CalPeak Power - Vaca Dixon",55499,"GT-1",4893,,2023,295,184.43,7382.72,,0.024,0.001,4673.977,0.058,0.58,0.02,80265.104,"Pipeline Natural Gas",,"Combustion turbine",,"Dry Low NOx Burners|Ammonia Injection|Selective Catalytic Reduction",,,"ARP"
"OK","Tenaska Kiamichi Generating Station",55501,"CTGDB1",4899,,2023,7229,7191.65,1688860.11,,3.932,0.001,778815.14,0.059,217.572,0.034,13105032.85,"Pipeline Natural Gas",,"Combined cycle",,"Dry Low NOx Burners",,,"ARP, CSOSG2"
"OK","Tenaska Kiamichi Generating Station",55501,"CTGDB2",4900,,2023,7262,7231.92,1707825.58,,3.97,0.001,786475.718,0.059,236.604,0.0362,13233948.282,"Pipeline Natural Gas",,"Combined cycle",,"Dry Low NOx Burners",,,"ARP, CSOSG2"
"OK","Tenaska Kiamichi Generating Station",55501,"CTGDB3",4901,,2023,5351,5320.41,1280849.72,,3.049,0.001,603910.228,0.059,176.679,0.0363,10161970.647,"Pipeline Natural Gas",,"Combined cycle",,"Dry Low NOx Burners",,,"ARP, CSOSG2"
"OK","Tenaska Kiamichi Generating Station",55501,"CTGDB4",4902,,2023,2286,2270.53,545095.43,,1.287,0.001,255018.372,0.059,76.193,0.0364,4291171.467,"Pipeline Natural Gas",,"Combined cycle",,"Dry Low NOx Burners",,,"ARP, CSOSG2"
"IN","Lawrenceburg Energy Facility",55502,"1",8612,,2023,8230,8203.79,2223905.79,,4.847,0.001,960143.547,0.059,76.327,0.0109,16156248.108,"Pipeline Natural Gas",,"Combined cycle",,"Dry Low NOx Burners|Selective Catalytic Reduction",,,"ARP, CSNOX, CSOSG3, CSSO2G1"
"IN","Lawrenceburg Energy Facility",55502,"2",8614,,2023,8349,8332.23,2285806.5,,4.925,0.001,975542.059,0.059,74.906,0.0098,16415369.558,"Pipeline Natural Gas",,"Combined cycle",,"Dry Low NOx Burners|Selective Catalytic Reduction",,,"ARP, CSNOX, CSOSG3, CSSO2G1"
"IN","Lawrenceburg Energy Facility",55502,"3",8616,,2023,7858,7847.56,2157293.7,,4.655,0.001,922167.673,0.059,70.286,0.0094,15517288.155,"Pipeline Natural Gas",,"Combined cycle",,"Dry Low NOx Burners|Selective Catalytic Reduction",,,"ARP, CSNOX, CSOSG3, CSSO2G1"
"IN","Lawrenceburg Energy Facility",55502,"4",8618,,2023,7933,7907.01,2138195.05,,4.589,0.001,909073.696,0.059,69.632,0.0101,15296975.455,"Pipeline Natural Gas",,"Combined cycle",,"Dry Low NOx Burners|Selective Catalytic Reduction",,,"ARP, CSNOX, CSOSG3, CSSO2G1"
"OH","Waterford Plant",55503,"1",8620,,2023,8116,8111.65,2268827.28,,4.662,0.001,923530.077,0.059,68.794,0.009,15540163.173,"Pipeline Natural Gas",,"Combined cycle",,"Dry Low NOx Burners|Selective Catalytic Reduction",,,"ARP, CSNOX, CSOSG3, CSSO2G1"
"OH","Waterford Plant",55503,"2",8622,,2023,5917,5909.01,1630306.55,,3.347,0.001,663084.517,0.059,52.713,0.0098,11157711.509,"Pipeline Natural Gas",,"Combined cycle",,"Dry Low NOx Burners|Selective Catalytic Reduction",,,"ARP, CSNOX, CSOSG3, CSSO2G1"
"OH","Waterford Plant",55503,"3",8624,,2023,6141,6137.88,1672225.57,,3.432,0.001,679818.447,0.059,51.773,0.0094,11439304.437,"Pipeline Natural Gas",,"Combined cycle",,"Dry Low NOx Burners|Selective Catalytic Reduction",,,"ARP, CSNOX, CSOSG3, CSSO2G1"
"CO","Limon Generating Station",55504,"L1",4903,,2023,957,858.07,40938.78,,0.177,0.001,32604.22,0.0599,9.782,0.0464,540716.468,"Pipeline Natural Gas","Diesel Oil","Combustion turbine",,"Dry Low NOx Burners|Water Injection",,,"ARP"
"CO","Limon Generating Station",55504,"L2",4904,,2023,1998,1860.38,95390.58,,0.368,0.001,72398.528,0.0591,17.848,0.0353,1216794.418,"Pipeline Natural Gas","Diesel Oil","Combustion turbine",,"Dry Low NOx Burners|Water Injection",,,"ARP"
"CO","Frank Knutson Station",55505,"BR1",4905,,2023,2187,2062.25,114061.73,,0.442,0.001,86300.802,0.059,22.021,0.0342,1451414.864,"Pipeline Natural Gas","Diesel Oil","Combustion turbine",,"Dry Low NOx Burners|Water Injection",,,"ARP"
"CO","Frank Knutson Station",55505,"BR2",4906,,2023,2761,2596.25,134726.61,,0.528,0.001,104017.625,0.0593,23.982,0.0308,1749952.303,"Pipeline Natural Gas","Diesel Oil","Combustion turbine",,"Dry Low NOx Burners|Water Injection",,,"ARP"
"CA","CalPeak Power - Panoche",55508,"GT-1",4913,,2023,834,634.3,26779.77,,0.086,0.001,16732.601,0.059,1.543,0.0116,285129.716,"Pipeline Natural Gas",,"Combustion turbine",,"Dry Low NOx Burners|Ammonia Injection|Selective Catalytic Reduction",,,"ARP"
"CA","CalPeak Power - Border",55510,"GT-1",4917,,2023,632,425.7,13629.77,,0.044,0.001,8657.059,0.059,1.082,0.0181,147374.21,"Pipeline Natural Gas",,"Combustion turbine",,"Dry Low NOx Burners|Ammonia Injection|Selective Catalytic Reduction",,,"ARP"
"CA","Cuyamaca Peak Energy",55512,"GT-1",4921,,2023,474,404.84,12556.59,,0.042,0.001,8125.207,0.0586,0.681,0.011,138845.252,"Pipeline Natural Gas",,"Combustion turbine",,"Dry Low NOx Burners|Ammonia Injection|Selective Catalytic Reduction",,,"ARP"
"CA","CalPeak Power - Enterprise",55513,"GT-1",4923,,2023,246,156.86,5711.79,,0.018,0.001,3566.58,0.0586,0.447,0.0177,60949.835,"Pipeline Natural Gas",,"Combustion turbine",,"Dry Low NOx Burners|Ammonia Injection|Selective Catalytic Reduction",,,"ARP"
"NV","Apex Generating Station",55514,"CTG01",4925,,2023,5662,5525.82,1166465.49,,2.37,0.001,469372.777,0.059,43.865,0.0184,7898398.205,"Pipeline Natural Gas",,"Combined cycle",,"Dry Low NOx Burners|Selective Catalytic Reduction",,,"ARP"
"NV","Apex Generating Station",55514,"CTG02",4926,,2023,5479,5344.59,1136362.88,,2.433,0.001,481937.477,0.059,47.008,0.019,8109869.868,"Pipeline Natural Gas",,"Combined cycle",,"Dry Low NOx Burners|Selective Catalytic Reduction",,,"ARP"
"PA","Fayette Power Company LLC",55516,"CTG1",10129,,2023,8474,8468.42,2798971.39,,5.915,0.001,1171712.736,0.059,61.055,0.0065,19716266.488,"Pipeline Natural Gas",,"Combined cycle",,"Dry Low NOx Burners|Selective Catalytic Reduction",,,"ARP, CSNOX, CSOSG3, CSSO2G1, RGGI"
"PA","Fayette Power Company LLC",55516,"CTG2",10130,,2023,8490,8481.01,2777594.77,,5.823,0.001,1153366.727,0.059,60.356,0.0064,19407696.004,"Pipeline Natural Gas",,"Combined cycle",,"Dry Low NOx Burners|Selective Catalytic Reduction",,,"ARP, CSNOX, CSOSG3, CSSO2G1, RGGI"
"CT","Wallingford Energy, LLC",55517,"CT01",4927,,2023,727,534.87,20125.25,,0.058,0.0008,12034.325,0.0593,1.138,0.0166,202480.198,"Pipeline Natural Gas",,"Combustion turbine",,"Water Injection|Selective Catalytic Reduction",,,"ARP, RGGI, SIPNOX"
"CT","Wallingford Energy, LLC",55517,"CT02",4928,,2023,922,686.49,25824.26,,0.077,0.0008,15854.027,0.0593,1.432,0.0149,266765.262,"Pipeline Natural Gas",,"Combustion turbine",,"Water Injection|Selective Catalytic Reduction",,,"ARP, RGGI, SIPNOX"
"CT","Wallingford Energy, LLC",55517,"CT03",4929,,2023,907,677.62,25808.99,,0.078,0.0008,15826.651,0.0593,1.495,0.0158,266293.294,"Pipeline Natural Gas",,"Combustion turbine",,"Water Injection|Selective Catalytic Reduction",,,"ARP, RGGI, SIPNOX"
"CT","Wallingford Energy, LLC",55517,"CT04",4930,,2023,693,510.18,19246.21,,0.057,0.0008,11850.711,0.0592,1.034,0.0149,199414.411,"Pipeline Natural Gas",,"Combustion turbine",,"Water Injection|Selective Catalytic Reduction",,,"ARP, RGGI, SIPNOX"
"CT","Wallingford Energy, LLC",55517,"CT05",4931,,2023,960,714.59,26032.78,,0.074,0.0008,16099.578,0.0593,1.621,0.0169,270889.059,"Pipeline Natural Gas",,"Combustion turbine",,"Water Injection|Selective Catalytic Reduction",,,"ARP, RGGI, SIPNOX"
"CT","Wallingford Energy, LLC",55517,"CT06",91275,,2023,721,539.4,20943.48,,0.062,0.0009,12693.217,0.0592,1.068,0.0159,213582.473,"Pipeline Natural Gas",,"Combustion turbine",,"Water Injection|Selective Catalytic Reduction",,,"ARP, RGGI, SIPNOX"
"CT","Wallingford Energy, LLC",55517,"CT07",91276,,2023,915,677.83,25877.26,,0.076,0.0009,15776.131,0.0593,1.292,0.014,265460.031,"Pipeline Natural Gas",,"Combustion turbine",,"Water Injection|Selective Catalytic Reduction",,,"ARP, RGGI, SIPNOX"
"CA","High Desert Power Project",55518,"CTG1",4932,,2023,5443,5331.19,1356206.48,,2.886,0.001,571613.859,0.059,32.079,0.0085,9618472.528,"Pipeline Natural Gas",,"Combined cycle",,"Selective Catalytic Reduction",,,"ARP"
"CA","High Desert Power Project",55518,"CTG2",4933,,2023,5567,5450.68,1380535.59,,2.92,0.001,578322.835,0.059,33.535,0.0086,9731427.07,"Pipeline Natural Gas",,"Combined cycle",,"Selective Catalytic Reduction",,,"ARP"
"CA","High Desert Power Project",55518,"CTG3",4934,,2023,5656,5552.29,1407428.82,,3.008,0.001,595871.657,0.059,34.347,0.0084,10026657.236,"Pipeline Natural Gas",,"Combined cycle",,"Selective Catalytic Reduction",,,"ARP"
"AZ","Sundance Power Plant",55522,"CT01",9951,,2023,1632,1390.43,55668.38,,0.17,0.001,33597.741,0.0592,3.855,0.0246,565348.008,"Pipeline Natural Gas",,"Combustion turbine",,"Water Injection|Selective Catalytic Reduction",,,"ARP"
"AZ","Sundance Power Plant",55522,"CT02",9952,,2023,1702,1437.94,57078.17,,0.171,0.001,33917.258,0.0593,3.833,0.0278,570740.826,"Pipeline Natural Gas",,"Combustion turbine",,"Water Injection|Selective Catalytic Reduction",,,"ARP"
"AZ","Sundance Power Plant",55522,"CT03",9953,,2023,1533,1299.62,52042.07,,0.149,0.001,29514.883,0.0592,3.493,0.028,496648.724,"Pipeline Natural Gas",,"Combustion turbine",,"Water Injection|Selective Catalytic Reduction",,,"ARP"
"AZ","Sundance Power Plant",55522,"CT04",9954,,2023,1643,1402.93,55914.16,,0.169,0.001,33527.615,0.0593,3.883,0.0326,564149.556,"Pipeline Natural Gas",,"Combustion turbine",,"Water Injection|Selective Catalytic Reduction",,,"ARP"
"AZ","Sundance Power Plant",55522,"CT05",9955,,2023,1603,1359.55,54109.31,,0.159,0.001,31589.32,0.0593,3.161,0.0229,531529.658,"Pipeline Natural Gas",,"Combustion turbine",,"Water Injection|Selective Catalytic Reduction",,,"ARP"
"AZ","Sundance Power Plant",55522,"CT06",9956,,2023,1459,1213.65,48413.89,,0.145,0.001,28701.462,0.0592,2.723,0.0233,482959.991,"Pipeline Natural Gas",,"Combustion turbine",,"Water Injection|Selective Catalytic Reduction",,,"ARP"
"AZ","Sundance Power Plant",55522,"CT07",9957,,2023,1426,1184.68,46745.32,,0.14,0.001,27731.642,0.0593,3.539,0.0311,466655.998,"Pipeline Natural Gas",,"Combustion turbine",,"Water Injection|Selective Catalytic Reduction",,,"ARP"
"AZ","Sundance Power Plant",55522,"CT08",9958,,2023,1344,1124.88,44671.84,,0.134,0.001,26550.413,0.0592,2.252,0.02,446743.153,"Pipeline Natural Gas",,"Combustion turbine",,"Water Injection|Selective Catalytic Reduction",,,"ARP"
"AZ","Sundance Power Plant",55522,"CT09",9959,,2023,1367,1163.66,46298.52,,0.139,0.001,27616.613,0.0592,3.303,0.0267,464693.223,"Pipeline Natural Gas",,"Combustion turbine",,"Water Injection|Selective Catalytic Reduction",,,"ARP"
"AZ","Sundance Power Plant",55522,"CT10",9960,,2023,2082,1850.27,74294.37,,0.224,0.001,44339.435,0.0592,4.681,0.0217,746111.299,"Pipeline Natural Gas",,"Combustion turbine",,"Water Injection|Selective Catalytic Reduction",,,"ARP"
"PA","York Energy Center",55524,"1",4937,,2023,7979,7944.42,1196027.22,,2.827,0.001,559901.81,0.059,25.044,0.0056,9421293.509,"Pipeline Natural Gas","Diesel Oil","Combined cycle",,"Selective Catalytic Reduction",,,"ARP, CSNOX, CSOSG3, CSSO2G1, RGGI"
"PA","York Energy Center",55524,"2",4938,,2023,7727,7621.97,1138441.71,,2.639,0.001,522666.455,0.059,23.718,0.0063,8794404.403,"Pipeline Natural Gas","Diesel Oil","Combined cycle",,"Selective Catalytic Reduction",,,"ARP, CSNOX, CSOSG3, CSSO2G1, RGGI"
"PA","York Energy Center",55524,"3",4939,,2023,7019,6912.38,1019723.64,,2.396,0.001,474509.214,0.059,20.106,0.0058,7983647.989,"Pipeline Natural Gas","Diesel Oil","Combined cycle",,"Selective Catalytic Reduction",,,"ARP, CSNOX, CSOSG3, CSSO2G1, RGGI"
"PA","York Energy Center",55524,"5",4940,,2023,7546,7533.82,2776276.04,,5.854,0.001,1159597.514,0.059,49.256,0.0054,19511865.138,"Pipeline Natural Gas","Diesel Oil","Combined cycle",,"Dry Low NOx Burners|Water Injection|Selective Catalytic Reduction",,,"ARP, CSNOX, CSOSG3, CSSO2G1, RGGI"
"PA","York Energy Center",55524,"6",4941,,2023,7605,7597.63,2795061.93,,5.962,0.001,1180961.399,0.059,48.966,0.0052,19871770.787,"Pipeline Natural Gas","Diesel Oil","Combined cycle",,"Dry Low NOx Burners|Water Injection|Selective Catalytic Reduction",,,"ARP, CSNOX, CSOSG3, CSSO2G1, RGGI"
"CA","Escondido Energy Center, LLC",55538,"CTG1",90893,,2023,769,584.75,23761.57,,0.07,0.001,13870.693,0.0593,1.251,0.0176,233398.227,"Pipeline Natural Gas",,"Combustion turbine",,"Water Injection",,,"ARP"
"CA","Chula Vista Energy Center",55540,"1A",4973,"CS001",2023,106,58.96,882.05,,0.004,0.001,876.397,0.0593,0.317,0.0606,14751.471,"Pipeline Natural Gas",,"Combustion turbine",,"Dry Low NOx Burners|Selective Catalytic Reduction|Water Injection",,,"ARP"
"CA","Chula Vista Energy Center",55540,"1B",4974,"CS001",2023,106,58.97,874.03,,0.004,0.001,872.59,0.0593,0.316,0.0606,14682.157,"Pipeline Natural Gas",,"Combustion turbine",,"Dry Low NOx Burners|Selective Catalytic Reduction|Water Injection",,,"ARP"
"CA","Indigo Generation Facility",55541,"1",8640,,2023,358,251.78,8982.24,,0.029,0.001,5787.1,0.0593,0.962,0.0332,97372.01,"Pipeline Natural Gas",,"Combustion turbine",,"Water Injection|Selective Catalytic Reduction",,,"ARP"
"CA","Indigo Generation Facility",55541,"2",8642,,2023,364,253.41,9033.97,,0.029,0.001,5757.47,0.0593,0.999,0.0279,96883.05,"Pipeline Natural Gas",,"Combustion turbine",,"Selective Catalytic Reduction",,,"ARP"
"CA","Indigo Generation Facility",55541,"3",8644,,2023,347,244.89,8882.08,,0.028,0.001,5538.178,0.0592,0.822,0.0255,93186.894,"Pipeline Natural Gas",,"Combustion turbine",,"Selective Catalytic Reduction",,,"ARP"
"CA","Larkspur Energy Facility",55542,"1",8646,,2023,745,548.22,21492.05,,0.067,0.001,13283.995,0.0592,1.819,0.0486,223516.274,"Pipeline Natural Gas","Diesel Oil","Combustion turbine",,"Selective Catalytic Reduction",,,"ARP"
"CA","Larkspur Energy Facility",55542,"2",8648,,2023,611,453.34,18370.16,,0.056,0.001,11100.826,0.0592,1.285,0.0357,186798.587,"Pipeline Natural Gas","Diesel Oil","Combustion turbine",,"Selective Catalytic Reduction",,,"ARP"
"OR","Klamath Generation Peakers",55544,"GT1",4975,,2023,2309,2073.36,45637.09,,0.145,0.001,28779.941,0.0593,4.748,0.0289,484261.559,"Pipeline Natural Gas",,"Combustion turbine",,"Water Injection",,,"ARP"
"OR","Klamath Generation Peakers",55544,"GT2",4976,,2023,2653,2425.83,51382.05,,0.165,0.001,32659.492,0.0593,4.804,0.0228,549614.347,"Pipeline Natural Gas",,"Combustion turbine",,"Water Injection",,,"ARP"
"OR","Klamath Generation Peakers",55544,"GT3",4977,,2023,2255,1996.2,44481.6,,0.134,0.001,26520.201,0.0593,3.976,0.0285,446296.13,"Pipeline Natural Gas",,"Combustion turbine",,"Water Injection",,,"ARP"
"OR","Klamath Generation Peakers",55544,"GT4",4978,,2023,2126,1908.03,39096.04,,0.117,0.001,23091.27,0.0594,3.549,0.0261,388569.938,"Pipeline Natural Gas",,"Combustion turbine",,"Water Injection",,,"ARP"
"WI","McKinley Paper and Packaging Company",55558,"B06",4988,,2023,7919,7891.87,345053.46,,1.109,0.001,219616.028,0.0592,22.151,0.0125,3695535.788,"Pipeline Natural Gas",,"Combined cycle",,"Water Injection|Selective Catalytic Reduction",,,"ARP, CSNOX, CSOSG3, CSSO2G1"
"LA","Perryville Power Station",55620,"1-1",3329,,2023,7655,7644.53,2041707.07,,4.153,0.001,822724.605,0.059,104.291,0.0155,13843922.918,"Pipeline Natural Gas",,"Combined cycle",,"Dry Low NOx Burners|Selective Catalytic Reduction",,,"ARP, CSOSG2E"
"LA","Perryville Power Station",55620,"1-2",3330,,2023,7779,7770.88,2111162.87,,4.259,0.001,843738.261,0.059,101.794,0.0147,14197450.073,"Pipeline Natural Gas",,"Combined cycle",,"Dry Low NOx Burners|Selective Catalytic Reduction",,,"ARP, CSOSG2E"
"LA","Perryville Power Station",55620,"2-1",3331,,2023,809,697.78,96126.61,,0.305,0.001,60330.456,0.0592,17.561,0.0463,1015171.862,"Pipeline Natural Gas",,"Combustion turbine",,"Dry Low NOx Burners",,,"ARP, CSOSG2E"
"UT","West Valley Power Plant",55622,"U1",8650,,2023,4481,3982.28,134935.46,,0.423,0.001,83726.383,0.0593,10.21,0.0219,1408849.39,"Pipeline Natural Gas",,"Combustion turbine",,"Water Injection|Selective Catalytic Reduction",,,"ARP"
"UT","West Valley Power Plant",55622,"U2",8652,,2023,3544,3075.32,105933.81,,0.334,0.001,66119.636,0.0593,8.87,0.0255,1112615.097,"Pipeline Natural Gas",,"Combustion turbine",,"Water Injection|Selective Catalytic Reduction",,,"ARP"
"UT","West Valley Power Plant",55622,"U3",8654,,2023,5980,5560.82,193774.16,,0.582,0.001,115359.613,0.0593,13.123,0.0183,1941116.087,"Pipeline Natural Gas",,"Combustion turbine",,"Water Injection|Selective Catalytic Reduction",,,"ARP"
"UT","West Valley Power Plant",55622,"U4",8656,,2023,6022,5742.08,205862.65,,0.618,0.001,122312.246,0.0592,14.211,0.0167,2058154.892,"Pipeline Natural Gas",,"Combustion turbine",,"Water Injection|Selective Catalytic Reduction",,,"ARP"
"UT","West Valley Power Plant",55622,"U5",10041,,2023,6077,5827.12,205414.25,,0.625,0.001,123857.551,0.0592,14.147,0.0162,2084131.192,"Pipeline Natural Gas",,"Combustion turbine",,"Water Injection|Selective Catalytic Reduction",,,"ARP"
"CA","Creed Energy Center",55625,"UNIT1",5005,,2023,327,235.95,8440.24,,0.027,0.001,5344.31,0.0593,0.904,0.0415,89920.152,"Pipeline Natural Gas",,"Combustion turbine",,"Ammonia Injection|Selective Catalytic Reduction",,,"ARP"
"CA","Lambie Energy Center",55626,"UNIT1",5006,,2023,524,396.66,14807.99,,0.046,0.001,9179.042,0.0593,1.553,0.041,154438.239,"Pipeline Natural Gas",,"Combustion turbine",,"Ammonia Injection|Selective Catalytic Reduction",,,"ARP"
"CA","Goose Haven Energy Center",55627,"UNIT1",5007,,2023,564,428.74,16252.72,,0.051,0.001,10095.489,0.0592,1.719,0.038,169873.814,"Pipeline Natural Gas",,"Combustion turbine",,"Water Injection|Ammonia Injection|Selective Catalytic Reduction",,,"ARP"
"IL","LSP University Park, LLC",55640,"CT01",8660,,2023,345,310.18,12785.79,,0.031,0.0007,7100.023,0.0593,1.17,0.0304,119463.232,"Pipeline Natural Gas",,"Combustion turbine",,"Water Injection|Selective Catalytic Reduction",,,"ARP, CSNOX, CSOSG3, CSSO2G1"
"IL","LSP University Park, LLC",55640,"CT02",8668,,2023,790,715.04,30382.41,,0.072,0.0008,16162.492,0.0592,2.202,0.0246,271969.252,"Pipeline Natural Gas",,"Combustion turbine",,"Water Injection|Selective Catalytic Reduction",,,"ARP, CSNOX, CSOSG3, CSSO2G1"
"IL","LSP University Park, LLC",55640,"CT03",8670,,2023,194,159.1,6385.54,,0.021,0.0009,3962.938,0.0593,0.687,0.0402,66670.239,"Pipeline Natural Gas",,"Combustion turbine",,"Water Injection|Selective Catalytic Reduction",,,"ARP, CSNOX, CSOSG3, CSSO2G1"
"IL","LSP University Park, LLC",55640,"CT04",8672,,2023,272,241.28,10127.7,,0.033,0.0008,6075.986,0.0592,0.923,0.0295,102237.497,"Pipeline Natural Gas",,"Combustion turbine",,"Water Injection|Selective Catalytic Reduction",,,"ARP, CSNOX, CSOSG3, CSSO2G1"
"IL","LSP University Park, LLC",55640,"CT05",8674,,2023,393,349.07,14657.77,,0.035,0.001,7324.808,0.0593,1.393,0.0335,123246.159,"Pipeline Natural Gas",,"Combustion turbine",,"Water Injection|Selective Catalytic Reduction",,,"ARP, CSNOX, CSOSG3, CSSO2G1"
"IL","LSP University Park, LLC",55640,"CT06",8676,,2023,742,660.39,28011.02,,0.084,0.0008,16202.136,0.0592,2.274,0.0272,272640.365,"Pipeline Natural Gas",,"Combustion turbine",,"Water Injection|Selective Catalytic Reduction",,,"ARP, CSNOX, CSOSG3, CSSO2G1"
"IL","LSP University Park, LLC",55640,"CT07",8678,,2023,323,289.64,11717.33,,0.036,0.0007,6917.048,0.0592,1.106,0.029,116421.102,"Pipeline Natural Gas",,"Combustion turbine",,"Water Injection|Selective Catalytic Reduction",,,"ARP, CSNOX, CSOSG3, CSSO2G1"
"IL","LSP University Park, LLC",55640,"CT08",8680,,2023,397,356.56,14582.38,,0.048,0.0008,8706.612,0.0592,1.416,0.03,146481.849,"Pipeline Natural Gas",,"Combustion turbine",,"Water Injection|Selective Catalytic Reduction",,,"ARP, CSNOX, CSOSG3, CSSO2G1"
"IL","LSP University Park, LLC",55640,"CT09",8682,,2023,701,631.42,26935.76,,0.065,0.0006,14658.394,0.0592,2.341,0.0267,246655.789,"Pipeline Natural Gas",,"Combustion turbine",,"Water Injection|Selective Catalytic Reduction",,,"ARP, CSNOX, CSOSG3, CSSO2G1"
"IL","LSP University Park, LLC",55640,"CT10",8662,,2023,186,157.35,6311.09,,0.016,0.0009,3467.227,0.0592,0.523,0.0276,58340.179,"Pipeline Natural Gas",,"Combustion turbine",,"Water Injection|Selective Catalytic Reduction",,,"ARP, CSNOX, CSOSG3, CSSO2G1"
"IL","LSP University Park, LLC",55640,"CT11",8664,,2023,751,674.25,28364.07,,0.068,0.001,14334.489,0.0592,1.796,0.0257,241215.633,"Pipeline Natural Gas",,"Combustion turbine",,"Water Injection|Selective Catalytic Reduction",,,"ARP, CSNOX, CSOSG3, CSSO2G1"
"IL","LSP University Park, LLC",55640,"CT12",8666,,2023,482,428.6,18464.33,,0.062,0.0009,11074.975,0.0592,1.675,0.0395,186359.568,"Pipeline Natural Gas",,"Combustion turbine",,"Water Injection|Selective Catalytic Reduction",,,"ARP, CSNOX, CSOSG3, CSSO2G1"
"WI","Riverside Energy Center",55641,"CT-01",8684,,2023,7349,7320.63,1859982.47,,3.689,0.001,730642.169,0.059,34.208,0.0063,12294399.749,"Pipeline Natural Gas",,"Combined cycle",,"Dry Low NOx Burners|Selective Catalytic Reduction",,,"ARP, CSNOX, CSOSG3, CSSO2G1"
"WI","Riverside Energy Center",55641,"CT-02",8686,,2023,7229,7160.59,1812822.51,,3.625,0.001,718007.389,0.059,35.183,0.0071,12081859.177,"Pipeline Natural Gas",,"Combined cycle",,"Dry Low NOx Burners|Selective Catalytic Reduction",,,"ARP, CSNOX, CSOSG3, CSSO2G1"
"WI","Riverside Energy Center",55641,"CT-03",91315,,2023,6537,6508.1,2085473.62,,4.079,0.001,808066.945,0.059,41.067,0.0071,13597197.913,"Pipeline Natural Gas",,"Combined cycle",,"Dry Low NOx Burners|Selective Catalytic Reduction",,,"ARP, CSNOX, CSOSG3, CSSO2G1, NSPS4T"
"WI","Riverside Energy Center",55641,"CT-04",91316,,2023,7178,7151.91,2219967.25,,4.513,0.001,894028.978,0.059,45.049,0.0069,15043754.155,"Pipeline Natural Gas",,"Combined cycle",,"Dry Low NOx Burners|Selective Catalytic Reduction",,,"ARP, CSNOX, CSOSG3, CSSO2G1, NSPS4T"
"CO","Blue Spruce Energy Center",55645,"CT-01",8706,,2023,2260,2063.34,225242.9,,0.835,0.001,158302.511,0.0591,43.294,0.0418,2659861.604,"Pipeline Natural Gas","Diesel Oil","Combustion turbine",,"Dry Low NOx Burners|Water Injection",,,"ARP"
"CO","Blue Spruce Energy Center",55645,"CT-02",8708,,2023,2069,1887.45,202502.22,,0.72,0.001,138729.199,0.0591,38.707,0.0429,2332235.468,"Pipeline Natural Gas","Diesel Oil","Combustion turbine",,"Dry Low NOx Burners|Water Injection",,,"ARP"
"OK","Spring Creek Power Plant",55651,"CT-01",5035,,2023,1136,1000.33,49175.23,,0.198,0.001,39252.351,0.0591,9.25,0.028,660487.668,"Pipeline Natural Gas",,"Combustion turbine",,"Dry Low NOx Burners",,,"ARP, CSOSG2"
"OK","Spring Creek Power Plant",55651,"CT-02",5036,,2023,1091,966.97,46794.89,,0.188,0.001,37313.675,0.0591,7.325,0.0233,627837.745,"Pipeline Natural Gas",,"Combustion turbine",,"Dry Low NOx Burners",,,"ARP, CSOSG2"
"OK","Spring Creek Power Plant",55651,"CT-03",5037,,2023,1026,901.1,43929.95,,0.178,0.001,35211.842,0.0591,7.771,0.0261,592505.364,"Pipeline Natural Gas",,"Combustion turbine",,"Dry Low NOx Burners",,,"ARP, CSOSG2"
"OK","Spring Creek Power Plant",55651,"CT-04",5038,,2023,1007,892.99,43412.42,,0.174,0.001,34540.764,0.0591,7.512,0.0259,581209.701,"Pipeline Natural Gas",,"Combustion turbine",,"Dry Low NOx Burners",,,"ARP, CSOSG2"
"PA","Chambersburg Units 12 & 13",55654,"12",8766,,2023,3146,2813.86,128122.56,,0.382,0.001,75726.549,0.0592,48.012,0.0823,1274237.896,"Pipeline Natural Gas",,"Combustion turbine",,"Water Injection",,,"ARP, CSNOX, CSOSG3, CSSO2G1, RGGI"
"PA","Chambersburg Units 12 & 13",55654,"13",8768,,2023,3106,2793.83,125858.44,,0.37,0.001,73236.471,0.0592,48.168,0.0854,1232364.408,"Pipeline Natural Gas",,"Combustion turbine",,"Water Injection",,,"ARP, CSNOX, CSOSG3, CSSO2G1, RGGI"
"CA","Pastoria Energy Facility",55656,"CT001",8770,,2023,6712,6483.35,1323103.17,,3.523,0.001,697907.745,0.059,39.303,0.0094,11743577.16,"Pipeline Natural Gas",,"Combined cycle",,"Dry Low NOx Burners|Selective Catalytic Reduction",,,"ARP"
"CA","Pastoria Energy Facility",55656,"CT002",8772,,2023,6286,6030.56,1251801.66,,3.273,0.001,648270.496,0.059,35.041,0.0092,10908335.226,"Pipeline Natural Gas",,"Combined cycle",,"Dry Low NOx Burners|Selective Catalytic Reduction",,,"ARP"
"CA","Pastoria Energy Facility",55656,"CT004",8774,,2023,6276,6083.81,1432522.01,,3.212,0.001,636287.574,0.059,36.842,0.0095,10706835.108,"Pipeline Natural Gas",,"Combined cycle",,"Dry Low NOx Burners|Selective Catalytic Reduction",,,"ARP"
"NH","Newington Energy",55661,"1",9222,,2023,2015,1885.93,430854.55,,0.964,0.001,190220.506,0.0595,17.623,0.0206,3189660.921,"Pipeline Natural Gas","Diesel Oil","Combined cycle",,"Dry Low NOx Burners|Water Injection|Ammonia Injection|Selective Catalytic Reduction",,,"ARP, NHNOX, RGGI"
"NH","Newington Energy",55661,"2",9223,,2023,2072,1918.78,422911.23,,0.939,0.001,185301.537,0.0593,18.82,0.0256,3114832.012,"Pipeline Natural Gas","Diesel Oil","Combined cycle",,"Dry Low NOx Burners|Water Injection|Ammonia Injection|Selective Catalytic Reduction",,,"ARP, NHNOX, RGGI"
"WA","Chehalis Generation Facility",55662,"CT1",8780,,2023,5191,5147.74,1002116.98,,4.634,0.0012,438337.5,0.059,34.081,0.0109,7375837.23,"Natural Gas",,"Combined cycle",,"Dry Low NOx Burners|Water Injection|Selective Catalytic Reduction",,,"ARP"
"WA","Chehalis Generation Facility",55662,"CT2",8782,,2023,6941,6855.53,1316598.73,,6.044,0.0013,568463.993,0.059,45.16,0.0117,9565369.899,"Natural Gas",,"Combined cycle",,"Dry Low NOx Burners|Water Injection|Selective Catalytic Reduction",,,"ARP"
"TX","Harrison County Power Project",55664,"GT-1",8788,,2023,6777,6732.28,1649487.59,,3.486,0.001,690445,0.059,82.656,0.0149,11618086.833,"Pipeline Natural Gas",,"Combined cycle",,"Dry Low NOx Burners|Selective Catalytic Reduction",,,"ARP, CSOSG2"
"TX","Harrison County Power Project",55664,"GT-2",8790,,2023,6837,6794.25,1705647.35,,3.514,0.001,696155.883,0.059,84.14,0.0154,11714221.541,"Pipeline Natural Gas",,"Combined cycle",,"Dry Low NOx Burners|Selective Catalytic Reduction",,,"ARP, CSOSG2"
"PA","Lower Mount Bethel Energy, LLC",55667,"CT01",8800,,2023,7800,7794.14,2248653.65,,4.612,0.001,913499.202,0.059,61.918,0.0081,15371447.419,"Pipeline Natural Gas",,"Combined cycle",,"Dry Low NOx Burners|Selective Catalytic Reduction",,,"ARP, CSNOX, CSOSG3, CSSO2G1, RGGI"
"PA","Lower Mount Bethel Energy, LLC",55667,"CT02",8802,,2023,7867,7863.04,2249010.74,,4.609,0.001,913007.483,0.059,61.653,0.0081,15363119.503,"Pipeline Natural Gas",,"Combined cycle",,"Dry Low NOx Burners|Selective Catalytic Reduction",,,"ARP, CSNOX, CSOSG3, CSSO2G1, RGGI"
"GA","AL Sandersville Energy Facility",55672,"CT1",8836,,2023,219,185.53,13032.52,,0.051,0.0009,9587.7,0.0591,8.607,0.2036,162546.1,"Pipeline Natural Gas",,"Combustion turbine",,"Dry Low NOx Burners",,,"ARP, CSNOX, CSOSG1, CSSO2G2"
"GA","AL Sandersville Energy Facility",55672,"CT2",8838,,2023,216,185.1,13229.88,,0.052,0.0009,9724.6,0.0591,8.5,0.1929,164825.7,"Pipeline Natural Gas",,"Combustion turbine",,"Dry Low NOx Burners",,,"ARP, CSNOX, CSOSG1, CSSO2G2"
"GA","AL Sandersville Energy Facility",55672,"CT3",8840,,2023,261,217.87,15090.34,,0.057,0.0008,11070,0.0591,10.396,0.2109,187629.5,"Pipeline Natural Gas",,"Combustion turbine",,"Dry Low NOx Burners",,,"ARP, CSNOX, CSOSG1, CSSO2G2"
"GA","AL Sandersville Energy Facility",55672,"CT4",8842,,2023,272,226.55,15619.27,,0.053,0.0008,10224.6,0.059,9.338,0.2123,173342.1,"Pipeline Natural Gas",,"Combustion turbine",,"Dry Low NOx Burners",,,"ARP, CSNOX, CSOSG1, CSSO2G2"
"GA","AL Sandersville Energy Facility",55672,"CT5",8844,,2023,128,110.29,7848.95,,0.031,0.0009,5734.9,0.059,4.818,0.1999,97222.1,"Pipeline Natural Gas",,"Combustion turbine",,"Dry Low NOx Burners",,,"ARP, CSNOX, CSOSG1, CSSO2G2"
"GA","AL Sandersville Energy Facility",55672,"CT6",8846,,2023,93,79.02,5537.03,,0.022,0.0009,4109.2,0.0589,4.077,0.2202,69636.6,"Pipeline Natural Gas",,"Combustion turbine",,"Dry Low NOx Burners",,,"ARP, CSNOX, CSOSG1, CSSO2G2"
"GA","AL Sandersville Energy Facility",55672,"CT7",8848,,2023,285,237.44,16138.02,,0.059,0.0009,11961.7,0.059,11.699,0.2164,202760,"Pipeline Natural Gas",,"Combustion turbine",,"Dry Low NOx Burners",,,"ARP, CSNOX, CSOSG1, CSSO2G2"
"GA","AL Sandersville Energy Facility",55672,"CT8",8850,,2023,264,215.21,14653.34,,0.058,0.0009,10910.6,0.0589,11.663,0.2437,184968,"Pipeline Natural Gas",,"Combustion turbine",,"Dry Low NOx Burners",,,"ARP, CSNOX, CSOSG1, CSSO2G2"
"NV","Walter M. Higgins III Generating Station",55687,"BHG1",10238,,2023,5717,5575.2,1120573.32,,2.476,0.001,490468.709,0.0593,36.376,0.0103,8253109.276,"Pipeline Natural Gas",,"Combined cycle",,"Dry Low NOx Burners",,,"ARP"
"NV","Walter M. Higgins III Generating Station",55687,"BHG2",10239,,2023,5686,5556.04,1084699.21,,2.422,0.001,479813.975,0.0595,37.224,0.0107,8073715.349,"Pipeline Natural Gas",,"Combined cycle",,"Dry Low NOx Burners",,,"ARP"
"PA","Bethlehem Power Plant",55690,"1",8894,,2023,7013,6909.03,992681.13,,2.398,0.001,475013.192,0.059,26.133,0.0076,7992987.848,"Pipeline Natural Gas","Diesel Oil","Combined cycle",,"Water Injection|Overfire Air|Selective Catalytic Reduction",,,"ARP, CSNOX, CSOSG3, CSSO2G1, RGGI"
"PA","Bethlehem Power Plant",55690,"2",8896,,2023,7056,6882.13,988151.3,,2.378,0.001,471056.288,0.059,30.691,0.0094,7926470.964,"Pipeline Natural Gas","Diesel Oil","Combined cycle",,"Water Injection|Overfire Air|Selective Catalytic Reduction",,,"ARP, CSNOX, CSOSG3, CSSO2G1, RGGI"
"PA","Bethlehem Power Plant",55690,"3",8898,,2023,7160,7025,1022988.38,,2.486,0.001,492435.316,0.059,27.381,0.0077,8286007.37,"Pipeline Natural Gas","Diesel Oil","Combined cycle",,"Water Injection|Overfire Air|Selective Catalytic Reduction",,,"ARP, CSNOX, CSOSG3, CSSO2G1, RGGI"
"PA","Bethlehem Power Plant",55690,"5",8902,,2023,6959,6868.62,1019691.33,,2.313,0.001,458203.942,0.059,17.165,0.0053,7708555.102,"Pipeline Natural Gas","Diesel Oil","Combined cycle",,"Water Injection|Overfire Air|Selective Catalytic Reduction",,,"ARP, CSNOX, CSOSG3, CSSO2G1, RGGI"
"PA","Bethlehem Power Plant",55690,"6",8904,,2023,7390,7321.43,1074470.18,,2.468,0.001,488954.107,0.059,18.256,0.0049,8227432.284,"Pipeline Natural Gas","Diesel Oil","Combined cycle",,"Water Injection|Overfire Air|Selective Catalytic Reduction",,,"ARP, CSNOX, CSOSG3, CSSO2G1, RGGI"
"PA","Bethlehem Power Plant",55690,"7",8906,,2023,7456,7359.3,1119561.85,,2.621,0.001,519265.926,0.059,17.344,0.0045,8737548.206,"Pipeline Natural Gas","Diesel Oil","Combined cycle",,"Water Injection|Overfire Air|Selective Catalytic Reduction",,,"ARP, CSNOX, CSOSG3, CSSO2G1, RGGI"
"MS","Ackerman Combined Cycle Plant",55694,"AA-001",8924,,2023,4553,4536.06,1163450.69,,2.574,0.001,509933.657,0.059,47.982,0.0123,8580591.616,"Pipeline Natural Gas",,"Combined cycle",,"Dry Low NOx Burners|Selective Catalytic Reduction",,,"ARP, CSOSG2"
"MS","Ackerman Combined Cycle Plant",55694,"AA-002",8926,,2023,4492,4478.81,1153288.75,,2.582,0.001,511366.105,0.059,48.166,0.0119,8604696.82,"Pipeline Natural Gas",,"Combined cycle",,"Dry Low NOx Burners|Selective Catalytic Reduction",,,"ARP, CSOSG2"
"CA","Hanford Energy Park Peaker",55698,"HEP1",8954,,2023,101,74.38,2092.73,,0.006,0.001,1257.833,0.0593,0.193,0.0241,21166.905,"Pipeline Natural Gas",,"Combustion turbine",,"Water Injection|Selective Catalytic Reduction",,,"ARP"
"CA","Hanford Energy Park Peaker",55698,"HEP2",8956,,2023,99,74.67,2109.68,,0.006,0.001,1278.111,0.0592,0.185,0.0213,21508.892,"Pipeline Natural Gas",,"Combustion turbine",,"Water Injection|Selective Catalytic Reduction",,,"ARP"
"NY","Bayswater Peaking Facility",55699,"1",8958,,2023,2346,1950.99,69096.84,,0.231,0.001,45802.452,0.0593,4.158,0.0141,770577.949,"Pipeline Natural Gas",,"Combustion turbine",,"Selective Catalytic Reduction|Water Injection",,,"ARP, CSNOX, CSOSG3, CSSO2G1, RGGI"
"NY","Bayswater Peaking Facility",55699,"2",88310,,2023,1362,1064.81,54438.55,,0.204,0.0025,37355.998,0.0629,4.1,0.0204,593639.24,"Diesel Oil","Pipeline Natural Gas","Combustion turbine",,"Water Injection|Selective Catalytic Reduction",,,"ARP, CSNOX, CSOSG3, CSSO2G1, RGGI"
"WA","Mint Farm Generating Station",55700,"CTG1",8960,,2023,7046,7037.66,2050113.31,,9.596,0.001,879568.752,0.059,59.869,0.0085,14800414.64,"Natural Gas",,"Combined cycle",,"Dry Low NOx Burners|Selective Catalytic Reduction",,,"ARP"
"OH","Fremont Energy Center",55701,"CT01",8962,,2023,6339,6303.42,1777286.71,,3.643,0.001,721545.121,0.059,60.065,0.0109,12141306.134,"Pipeline Natural Gas",,"Combined cycle",,"Dry Low NOx Burners|Ammonia Injection|Selective Catalytic Reduction|Steam Injection",,,"ARP, CSNOX, CSOSG3, CSSO2G1"
"OH","Fremont Energy Center",55701,"CT02",8964,,2023,6118,6080.12,1683732.47,,3.459,0.001,685281.879,0.059,57.719,0.0113,11531221.534,"Pipeline Natural Gas",,"Combined cycle",,"Dry Low NOx Burners|Ammonia Injection|Selective Catalytic Reduction|Steam Injection",,,"ARP, CSNOX, CSOSG3, CSSO2G1"
"TN","Valero Refining Company-Tennessee, LLC",55703,"P049",90588,,2023,3529,3521.95,,533557.06,,,,,10.247,0.0338,600173.765,"Process Gas",,"Other boiler",,"Low NOx Burner Technology (Dry Bottom only)",,,"SIPNOX"
"MS","Choctaw County",55706,"CTG1",9224,,2023,6586,6579.22,1754238.43,,3.566,0.001,706284.185,0.059,56.915,0.0098,11884589.356,"Pipeline Natural Gas",,"Combined cycle",,"Dry Low NOx Burners|Selective Catalytic Reduction",,,"ARP, CSOSG2"
"MS","Choctaw County",55706,"CTG2",9225,,2023,6672,6665.91,1760967.99,,3.645,0.001,722041.641,0.059,68.058,0.0113,12149736.44,"Pipeline Natural Gas",,"Combined cycle",,"Dry Low NOx Burners|Selective Catalytic Reduction",,,"ARP, CSOSG2"
"MS","Choctaw County",55706,"CTG3",9226,,2023,6678,6669.32,1755724.4,,3.634,0.001,719817.491,0.059,64.082,0.011,12112304.237,"Pipeline Natural Gas",,"Combined cycle",,"Dry Low NOx Burners|Selective Catalytic Reduction",,,"ARP, CSOSG2"
"TX","Nacogdoches Generating Facility",55708,"BFB-1",9227,,2023,3752,3738.14,280402.35,,6.809,0.0033,372709.852,0.1033,153.657,0.0854,3576099.143,"Wood",,"Bubbling fluidized bed boiler",,"Selective Non-catalytic Reduction","Baghouse",,"ARP, CSOSG2"
"PA","Springdale Generating Station (55710)",55710,"3",9962,,2023,8140,8135.69,1528223.66,,4.148,0.001,821745.706,0.059,56.015,0.0083,13827486.898,"Pipeline Natural Gas",,"Combined cycle",,"Dry Low NOx Burners|Selective Catalytic Reduction",,,"ARP, CSNOX, CSOSG3, CSSO2G1, RGGI"
"PA","Springdale Generating Station (55710)",55710,"4",9963,,2023,8108,8099.21,1521445.45,,4.329,0.001,857490.296,0.059,57.892,0.0082,14428931.066,"Pipeline Natural Gas",,"Combined cycle",,"Dry Low NOx Burners|Selective Catalytic Reduction",,,"ARP, CSNOX, CSOSG3, CSSO2G1, RGGI"
"AR","Magnet Cove Generating Station",55714,"SN-01",9298,,2023,6229,6218.05,2234814.41,,4.264,0.001,844670.39,0.059,90.37,0.0131,14213188.995,"Pipeline Natural Gas",,"Combined cycle",,"Dry Low NOx Burners|Selective Catalytic Reduction",,,"ARP, CSOSG2"
"AR","Magnet Cove Generating Station",55714,"SN-02",9299,,2023,4201,4184.15,1453347.27,,2.764,0.001,547489.738,0.059,59.919,0.0141,9212571.039,"Pipeline Natural Gas",,"Combined cycle",,"Dry Low NOx Burners|Selective Catalytic Reduction",,,"ARP, CSOSG2"
"MI","Dean Peakers",55718,"1",9240,,2023,1882,1834.42,140718.4,,0.51,0.001,100957.077,0.059,22.149,0.028,1698792.02,"Pipeline Natural Gas",,"Combustion turbine",,"Dry Low NOx Burners",,,"ARP, CSNOX, CSOSG3, CSSO2G1"
"MI","Dean Peakers",55718,"2",9241,,2023,1882,1833.41,139067.02,,0.504,0.001,99832.691,0.059,20.544,0.0263,1679877.396,"Pipeline Natural Gas",,"Combustion turbine",,"Dry Low NOx Burners",,,"ARP, CSNOX, CSOSG3, CSSO2G1"
"MI","Dean Peakers",55718,"3",9242,,2023,2061,2012.83,154759.99,,0.559,0.001,110739.468,0.059,23.795,0.0275,1863414.287,"Pipeline Natural Gas",,"Combustion turbine",,"Dry Low NOx Burners",,,"ARP, CSNOX, CSOSG3, CSSO2G1"
"MI","Dean Peakers",55718,"4",9243,,2023,2143,2091.82,156312.93,,0.558,0.001,110622.7,0.059,24.356,0.0279,1861458.568,"Pipeline Natural Gas",,"Combustion turbine",,"Dry Low NOx Burners",,,"ARP, CSNOX, CSOSG3, CSSO2G1"
"ID","Bennett Mountain Power Project",55733,"CT01",9983,,2023,4541,4424.62,730645.86,,2.262,0.001,447998.653,0.059,117.523,0.034,7538475.439,"Pipeline Natural Gas",,"Combustion turbine",,"Dry Low NOx Burners",,,"ARP"
"OH","Hanging Rock Power Company LLC",55736,"CTG1",9079,,2023,8324,8318.89,2751279.92,,5.761,0.001,1141095.889,0.059,69.135,0.0073,19201172.891,"Pipeline Natural Gas",,"Combined cycle",,"Dry Low NOx Burners|Selective Catalytic Reduction",,,"ARP, CSNOX, CSOSG3, CSSO2G1"
"OH","Hanging Rock Power Company LLC",55736,"CTG2",9080,,2023,8349,8343.09,2738704.79,,5.76,0.001,1141031.622,0.059,74.435,0.0079,19200095.147,"Pipeline Natural Gas",,"Combined cycle",,"Dry Low NOx Burners|Selective Catalytic Reduction",,,"ARP, CSNOX, CSOSG3, CSSO2G1"
"OH","Hanging Rock Power Company LLC",55736,"CTG3",9081,,2023,8268,8260.69,2700810.79,,5.745,0.001,1138068.818,0.059,69.171,0.0074,19150194.761,"Pipeline Natural Gas",,"Combined cycle",,"Dry Low NOx Burners|Selective Catalytic Reduction",,,"ARP, CSNOX, CSOSG3, CSSO2G1"
"OH","Hanging Rock Power Company LLC",55736,"CTG4",9082,,2023,8449,8444.64,2754895.97,,5.841,0.001,1157025.287,0.059,71.848,0.0075,19469102.525,"Pipeline Natural Gas",,"Combined cycle",,"Dry Low NOx Burners|Selective Catalytic Reduction",,,"ARP, CSNOX, CSOSG3, CSSO2G1"
"VA","Buchanan Units 1 & 2",55738,"1",9248,,2023,2877,2746.88,116141.01,,0.35,0.001,69312.8,0.0592,45.523,0.0819,1166305.291,"Pipeline Natural Gas",,"Combustion turbine",,"Water Injection",,,"ARP, CSNOX, CSOSG3, CSSO2G1, RGGI"
"VA","Buchanan Units 1 & 2",55738,"2",9249,,2023,1855,1746.73,69625.27,,0.193,0.001,38308.231,0.0592,24.851,0.0809,644620.509,"Pipeline Natural Gas",,"Combustion turbine",,"Water Injection",,,"ARP, CSNOX, CSOSG3, CSSO2G1, RGGI"
"CA","Los Esteros Critical Energy Facility",55748,"CTG1",9250,,2023,972,863.87,47358.78,,0.12,0.001,23866.712,0.0592,1.4,0.0114,401600.636,"Pipeline Natural Gas",,"Combined cycle",,"Water Injection|Selective Catalytic Reduction",,,"ARP"
"CA","Los Esteros Critical Energy Facility",55748,"CTG2",9251,,2023,1076,947.62,50696.58,,0.129,0.001,25551.852,0.0592,1.419,0.0103,429964.179,"Pipeline Natural Gas",,"Combined cycle",,"Water Injection|Selective Catalytic Reduction",,,"ARP"
"CA","Los Esteros Critical Energy Facility",55748,"CTG3",9252,,2023,884,777.2,41820.63,,0.108,0.001,21459.641,0.0592,1.375,0.0126,361116.498,"Pipeline Natural Gas",,"Combined cycle",,"Water Injection|Selective Catalytic Reduction",,,"ARP"
"CA","Los Esteros Critical Energy Facility",55748,"CTG4",9253,,2023,1081,962.72,51302.76,,0.133,0.001,26281.649,0.0592,1.437,0.0098,442244.782,"Pipeline Natural Gas",,"Combined cycle",,"Water Injection|Selective Catalytic Reduction",,,"ARP"
"MT","Hardin Generating Station",55749,"U1",9114,,2023,6752,6710.72,504897.98,,286.339,0.083,722125.124,0.1026,275.787,0.077,6898018.355,"Coal",,"Dry bottom wall-fired boiler","Dry Lime FGD","Low NOx Burner Technology (Dry Bottom only)|Selective Catalytic Reduction","Baghouse",,"ARP, MATS"
"NY","Edgewood Energy",55786,"CT01",10132,,2023,1694,1301.78,55349.22,,0.167,0.001,33070.805,0.0592,3.029,0.0203,556489.074,"Pipeline Natural Gas",,"Combustion turbine",,"Water Injection|Selective Catalytic Reduction",,,"ARP, CSNOX, CSOSG3, CSSO2G1, RGGI"
"NY","Edgewood Energy",55786,"CT02",10133,,2023,1430,1079.77,45637.89,,0.138,0.001,27348.017,0.0592,2.393,0.0208,460204.104,"Pipeline Natural Gas",,"Combustion turbine",,"Water Injection|Selective Catalytic Reduction",,,"ARP, CSNOX, CSOSG3, CSSO2G1, RGGI"
"NY","Shoreham Energy",55787,"CT01",10134,,2023,268,168.28,6418.27,,0.022,0.0009,4966.916,0.081,1.657,0.0989,61215.117,"Diesel Oil",,"Combustion turbine",,"Water Injection|Selective Catalytic Reduction",,,"ARP, CSNOX, CSOSG3, CSSO2G1, RGGI"
"NY","Shoreham Energy",55787,"CT02",10135,,2023,268,182.19,7257.91,,0.025,0.0009,5676.067,0.081,1.672,0.0712,69944.781,"Diesel Oil",,"Combustion turbine",,"Water Injection|Selective Catalytic Reduction",,,"ARP, CSNOX, CSOSG3, CSSO2G1, RGGI"
"MI","Otsego Paper, Inc.",55799,"0024",9999,,2023,3287,3282,31460.25,,,,,,7.732,0.0401,385841.9,"Natural Gas",,"Combustion turbine",,"Dry Low NOx Burners",,,"SIPNOX"
"MI","Otsego Paper, Inc.",55799,"0025",10000,,2023,3312,3309.25,36705.75,,,,,,17.313,0.0853,400505.075,"Natural Gas",,"Combustion turbine",,"Dry Low NOx Burners",,,"SIPNOX"
"PA","Marcus Hook Energy, LP",55801,"0001",10140,,2023,7352,7344.32,2015589.96,,4.145,0.001,821066.895,0.059,64.319,0.0098,13816004.282,"Pipeline Natural Gas","Other Gas","Combined cycle",,"Dry Low NOx Burners|Selective Catalytic Reduction",,,"ARP, CSNOX, CSOSG3, CSSO2G1, RGGI"
"PA","Marcus Hook Energy, LP",55801,"0002",10141,,2023,7457,7445.36,2055403.97,,4.267,0.001,845208.593,0.059,67.497,0.0099,14222272.006,"Pipeline Natural Gas","Other Gas","Combined cycle",,"Dry Low NOx Burners|Selective Catalytic Reduction",,,"ARP, CSNOX, CSOSG3, CSSO2G1, RGGI"
"PA","Marcus Hook Energy, LP",55801,"0003",10142,,2023,7244,7231.62,1985232.39,,4.015,0.001,795280.226,0.059,61.77,0.0097,13382096.523,"Pipeline Natural Gas","Other Gas","Combined cycle",,"Dry Low NOx Burners|Selective Catalytic Reduction",,,"ARP, CSNOX, CSOSG3, CSSO2G1, RGGI"
"NM","Valencia Power Plant",55802,"CTG1",10143,,2023,2346,2101.49,247273.67,,0.812,0.001,160833.806,0.059,50.623,0.0519,2706346.73,"Pipeline Natural Gas",,"Combustion turbine",,"Dry Low NOx Burners",,,"ARP"
"CA","Henrietta Peaker Plant",55807,"HPP1",88086,,2023,91,66.77,2049.9,,0.006,0.001,1247.905,0.0593,0.183,0.0291,21004.966,"Pipeline Natural Gas",,"Combustion turbine",,"Water Injection|Selective Catalytic Reduction",,,"ARP"
"CA","Henrietta Peaker Plant",55807,"HPP2",88087,,2023,79,55.8,1626.87,,0.005,0.001,1007.168,0.0593,0.146,0.0381,16946.286,"Pipeline Natural Gas",,"Combustion turbine",,"Water Injection|Selective Catalytic Reduction",,,"ARP"
"CA","Gilroy Energy Center, LLC",55810,"S-3",88230,,2023,485,329.36,9891.48,,0.028,0.001,5495.899,0.0593,1.344,0.0599,92471.133,"Pipeline Natural Gas",,"Combustion turbine",,"Water Injection|Ammonia Injection|Selective Catalytic Reduction",,,"ARP"
"CA","Gilroy Energy Center, LLC",55810,"S-4",88231,,2023,349,244.09,7387.7,,0.031,0.001,6067.361,0.0592,1.255,0.0382,102095.582,"Pipeline Natural Gas",,"Combustion turbine",,"Water Injection|Ammonia Injection|Selective Catalytic Reduction",,,"ARP"
"CA","Gilroy Energy Center, LLC",55810,"S-5",88232,,2023,455,287.73,7989.83,,0.026,0.001,5079.006,0.0593,1.216,0.0559,85470.642,"Pipeline Natural Gas",,"Combustion turbine",,"Water Injection|Ammonia Injection|Selective Catalytic Reduction",,,"ARP"
"WA","Frederickson Power LP",55818,"F1CT",88233,,2023,7378,7366.4,1843501.05,,3.94,0.001,780419.922,0.059,68.842,0.0116,13132044.697,"Pipeline Natural Gas",,"Combined cycle",,"Dry Low NOx Burners|Ammonia Injection|Selective Catalytic Reduction",,,"ARP"
"FL","Stanton A",55821,"25",10157,,2023,6948,6915.29,1792284.92,,3.616,0.001,716232.962,0.059,70.254,0.0128,12051997.736,"Pipeline Natural Gas","Diesel Oil","Combined cycle",,"Dry Low NOx Burners|Water Injection|Selective Catalytic Reduction",,,"ARP"
"FL","Stanton A",55821,"26",10158,,2023,7198,7162.38,1858365.68,,3.784,0.001,749594.709,0.059,73.757,0.0124,12613401.812,"Pipeline Natural Gas","Diesel Oil","Combined cycle",,"Dry Low NOx Burners|Water Injection|Selective Catalytic Reduction",,,"ARP"
"CO","Rocky Mountain Energy Center",55835,"1",10173,,2023,5762,5703.84,1143189.76,,2.704,0.001,535579.513,0.059,38.981,0.0104,9012151.285,"Pipeline Natural Gas",,"Combined cycle",,"Dry Low NOx Burners|Selective Catalytic Reduction",,,"ARP"
"CO","Rocky Mountain Energy Center",55835,"2",10174,,2023,6936,6910.19,1369567.98,,3.269,0.001,647561.765,0.059,45.613,0.0091,10896445.463,"Pipeline Natural Gas",,"Combined cycle",,"Dry Low NOx Burners|Selective Catalytic Reduction",,,"ARP"
"WI","Island Street Peaking Plant",55836,"1A",89407,,2023,449,330.55,3966.94,,0.016,0.001,3136.256,0.0594,2.786,0.1095,52780.137,"Pipeline Natural Gas",,"Combustion turbine",,"Water Injection",,,"ARP, CSNOX, CSOSG3, CSSO2G1"
"WI","Island Street Peaking Plant",55836,"1B",89408,,2023,455,334.36,3841.78,,0.016,0.001,3133.547,0.0594,2.579,0.1008,52732.175,"Pipeline Natural Gas",,"Combustion turbine",,"Water Injection",,,"ARP, CSNOX, CSOSG3, CSSO2G1"
"NV","Silverhawk Generating Station",55841,"A01",89194,,2023,6686,6525.72,1301529.66,,2.907,0.001,575925.234,0.059,48.819,0.0151,9691083.826,"Pipeline Natural Gas",,"Combined cycle",,"Dry Low NOx Burners|Selective Catalytic Reduction",,,"ARP"
"NV","Silverhawk Generating Station",55841,"A03",89195,,2023,6253,6072.12,1219488.46,,2.726,0.001,539943.895,0.059,42.393,0.0142,9085604.088,"Pipeline Natural Gas",,"Combined cycle",,"Dry Low NOx Burners|Selective Catalytic Reduction",,,"ARP"
"CA","Feather River Energy Center",55847,"UNIT1",10240,,2023,1813,1597.86,47875.03,,0.162,0.001,32167.185,0.0593,13.333,0.1603,541290.157,"Pipeline Natural Gas",,"Combustion turbine",,"Water Injection|Selective Catalytic Reduction",,,"ARP"
"CA","Wolfskill Energy Center",55855,"UNIT1",10241,,2023,336,236.95,8269.03,,0.027,0.001,5302.675,0.0592,0.948,0.0475,89227.127,"Pipeline Natural Gas",,"Combustion turbine",,"Water Injection|Ammonia Injection|Selective Catalytic Reduction",,,"ARP"
"IL","Prairie State Generating Station",55856,"01",90192,,2023,7708,7700.82,6477751.98,,4615.452,0.1569,6043155.39,0.103,1906.384,0.0667,58900131.926,"Coal",,"Dry bottom wall-fired boiler","Wet Lime FGD","Selective Catalytic Reduction","Electrostatic Precipitator|Wet ESP","Untreated PAC Sorbent Injection","ARP, CSNOX, CSOSG3, CSSO2G1, MATS"
"IL","Prairie State Generating Station",55856,"02",90193,,2023,8195,8185.79,6922028.7,,4664.966,0.1536,6390984.485,0.103,2017.441,0.067,62290273.47,"Coal",,"Dry bottom wall-fired boiler","Wet Lime FGD","Selective Catalytic Reduction","Electrostatic Precipitator|Wet ESP","Untreated PAC Sorbent Injection","ARP, CSNOX, CSOSG3, CSSO2G1, MATS"
"SC","Jasper County Generating Facility",55927,"CT01",10211,,2023,7766,7753.73,1804059.82,,3.783,0.001,749230.717,0.059,52.237,0.0087,12606032.69,"Pipeline Natural Gas","Diesel Oil","Combined cycle",,"Dry Low NOx Burners|Water Injection|Ammonia Injection",,,"ARP, CSNOX, CSSO2G2, SIPNOX"
"SC","Jasper County Generating Facility",55927,"CT02",10212,,2023,8085,8076.22,1861993.07,,3.914,0.001,775202.259,0.059,53.888,0.0086,13043739.785,"Pipeline Natural Gas","Diesel Oil","Combined cycle",,"Dry Low NOx Burners|Water Injection|Ammonia Injection",,,"ARP, CSNOX, CSSO2G2, SIPNOX"
"SC","Jasper County Generating Facility",55927,"CT03",10213,,2023,7736,7717.37,1785582.76,,3.725,0.001,737637.603,0.059,53.241,0.0095,12411376.22,"Pipeline Natural Gas","Diesel Oil","Combined cycle",,"Dry Low NOx Burners|Water Injection|Ammonia Injection",,,"ARP, CSNOX, CSSO2G2, SIPNOX"
"CA","Tracy Combined Cycle Power Plant",55933,"TPP1",88312,,2023,3536,3347.45,434141.85,,1.051,0.001,208168.195,0.059,20.944,0.019,3502824.604,"Pipeline Natural Gas",,"Combined cycle",,"Selective Catalytic Reduction|Dry Low NOx Burners",,,"ARP"
"CA","Tracy Combined Cycle Power Plant",55933,"TPP2",88313,,2023,3617,3426.69,441787.1,,1.071,0.001,212094.027,0.059,20.97,0.019,3568894.768,"Pipeline Natural Gas",,"Combined cycle",,"Selective Catalytic Reduction|Dry Low NOx Burners",,,"ARP"
"IL","Rockford II Energy Center",55936,"U1",4814,,2023,336,300.81,46742.97,,0.136,0.001,27357.49,0.0591,11.938,0.0561,460334.931,"Pipeline Natural Gas",,"Combustion turbine",,"Dry Low NOx Burners",,,"ARP, CSNOX, CSOSG3, CSSO2G1"
"NJ","Ocean Peaking Power",55938,"OPP3",88234,,2023,850,786.21,120019.76,,0.378,0.001,74908.008,0.0591,20.244,0.0401,1260481.003,"Pipeline Natural Gas",,"Combustion turbine",,"Dry Low NOx Burners",,,"ARP, CSNOX, CSOSG3, CSSO2G1, RGGI"
"NJ","Ocean Peaking Power",55938,"OPP4",88235,,2023,794,732.08,112173.55,,0.356,0.001,70508.231,0.0591,21.058,0.0454,1186445.422,"Pipeline Natural Gas",,"Combustion turbine",,"Dry Low NOx Burners",,,"ARP, CSNOX, CSOSG3, CSSO2G1, RGGI"
"VA","Warren County Power Station",55939,"1A",90817,,2023,7254,7250.68,2909927.72,,5.917,0.001,1172108.242,0.059,56.816,0.0061,19723057.253,"Pipeline Natural Gas",,"Combined cycle",,"Dry Low NOx Burners|Selective Catalytic Reduction",,,"ARP, CSNOX, CSOSG3, CSSO2G1, RGGI"
"VA","Warren County Power Station",55939,"1B",90818,,2023,6993,6985.6,2819359.37,,5.674,0.001,1124029.112,0.059,54.615,0.0061,18913955.332,"Pipeline Natural Gas",,"Combined cycle",,"Dry Low NOx Burners|Selective Catalytic Reduction",,,"ARP, CSNOX, CSOSG3, CSSO2G1, RGGI"
"VA","Warren County Power Station",55939,"1C",90819,,2023,7212,7207.16,2893606.59,,5.835,0.001,1155826.323,0.059,55.328,0.0058,19449017.759,"Pipeline Natural Gas",,"Combined cycle",,"Dry Low NOx Burners|Selective Catalytic Reduction",,,"ARP, CSNOX, CSOSG3, CSSO2G1, RGGI"
"CA","Agua Mansa Power",55951,"AMP-1",89370,,2023,339,282,10908.5,,0.034,0.001,6739.2,0.0593,0.867,0.032,113397.475,"Pipeline Natural Gas",,"Combustion turbine",,"Water Injection|Selective Catalytic Reduction",,,"ARP"
"CA","Riverview Energy Center",55963,"1",88362,,2023,934,724.38,28708.54,,0.089,0.001,17628.532,0.0593,2.953,0.0362,296606.579,"Pipeline Natural Gas",,"Combustion turbine",,"Ammonia Injection|Selective Catalytic Reduction",,,"ARP"
"GA","Wansley CC (55965)",55965,"6A",8352,,2023,8383,8376.12,2311468.77,,4.721,0.001,935229.903,0.059,64.577,0.0086,15737030.201,"Pipeline Natural Gas",,"Combined cycle",,"Dry Low NOx Burners|Selective Catalytic Reduction",,,"ARP, CSNOX, CSOSG1, CSSO2G2"
"GA","Wansley CC (55965)",55965,"6B",8354,,2023,8351,8338.4,2328235.61,,4.715,0.001,933978.144,0.059,65.535,0.0088,15715921.458,"Pipeline Natural Gas",,"Combined cycle",,"Dry Low NOx Burners|Selective Catalytic Reduction",,,"ARP, CSNOX, CSOSG1, CSSO2G2"
"GA","Wansley CC (55965)",55965,"7A",8356,,2023,8425,8413.42,2289407.76,,4.675,0.001,926088.324,0.059,72.355,0.0096,15583249.464,"Pipeline Natural Gas",,"Combined cycle",,"Dry Low NOx Burners|Selective Catalytic Reduction",,,"ARP, CSNOX, CSOSG1, CSSO2G2"
"GA","Wansley CC (55965)",55965,"7B",8358,,2023,8396,8386.83,2316228.21,,4.726,0.001,936198.138,0.059,66.132,0.0087,15753410.937,"Pipeline Natural Gas",,"Combined cycle",,"Dry Low NOx Burners|Selective Catalytic Reduction",,,"ARP, CSNOX, CSOSG1, CSSO2G2"
"NY","Hawkeye Energy Greenport, LLC",55969,"U-01",88363,,2023,433,352.35,16585.5,,0.085,0.001,14140.644,0.081,2.555,0.0524,174273.84,"Diesel Oil",,"Combustion turbine",,"Water Injection|Selective Catalytic Reduction",,,"ARP, CSNOX, CSOSG3, CSSO2G1, RGGI"
"CA","Cosumnes Power Plant",55970,"2",88365,,2023,5539,5525.4,1401020.6,,2.896,0.001,581215.883,0.06,28.62,0.0063,9654476.467,"Other Gas",,"Combined cycle",,"Dry Low NOx Burners|Selective Catalytic Reduction",,,"ARP"
"CA","Cosumnes Power Plant",55970,"3",88366,,2023,6588,6575.36,,,3.32,0.001,666516.408,0.0601,28.882,0.0054,11065393.001,"Other Gas",,"Combined cycle",,"Dry Low NOx Burners|Selective Catalytic Reduction",,,"ARP"
"NE","Cass County Station",55972,"CT1",89191,,2023,920,836.17,104955.19,,0.365,0.001,72328.843,0.059,33.936,0.0558,1217095.403,"Pipeline Natural Gas",,"Combustion turbine",,"Dry Low NOx Burners",,,"ARP, CSNOX, CSSO2G2"
"NE","Cass County Station",55972,"CT2",89192,,2023,942,860.67,109158.26,,0.383,0.001,75825.071,0.059,33.904,0.0537,1275875.665,"Pipeline Natural Gas",,"Combustion turbine",,"Dry Low NOx Burners",,,"ARP, CSNOX, CSSO2G2"
"PA","Hunterstown Combined Cycle",55976,"CT101",10021,,2023,5918,5906.74,1020758.35,,3.408,0.001,675145.553,0.059,36.935,0.0066,11360608.204,"Pipeline Natural Gas",,"Combined cycle",,"Dry Low NOx Burners|Selective Catalytic Reduction",,,"ARP, CSNOX, CSOSG3, CSSO2G1, RGGI"
"PA","Hunterstown Combined Cycle",55976,"CT201",10022,,2023,6474,6464.49,1106903.4,,3.712,0.001,735328.986,0.059,49.16,0.0081,12373323.716,"Pipeline Natural Gas",,"Combined cycle",,"Dry Low NOx Burners|Selective Catalytic Reduction",,,"ARP, CSNOX, CSOSG3, CSSO2G1, RGGI"
"PA","Hunterstown Combined Cycle",55976,"CT301",10023,,2023,6492,6487.98,1103411.76,,3.736,0.001,740133.5,0.059,22.512,0.0038,12454142.612,"Pipeline Natural Gas",,"Combined cycle",,"Dry Low NOx Burners|Selective Catalytic Reduction",,,"ARP, CSNOX, CSOSG3, CSSO2G1, RGGI"
"NM","Bluffview Power Plant",55977,"CTG-1",89622,,2023,8223,8207.48,432702.32,,1.085,0.001,214977.136,0.0592,81.787,0.0452,3617472.865,"Pipeline Natural Gas",,"Combined cycle",,"Dry Low NOx Burners|Selective Catalytic Reduction",,,"ARP"
"CA","Palomar Energy Center",55985,"CTG1",89252,,2023,2407,2315.7,548882.42,,1.151,0.001,227962.945,0.059,12.51,0.0096,3835924.978,"Pipeline Natural Gas",,"Combined cycle",,"Dry Low NOx Burners|Selective Catalytic Reduction",,,"ARP"
"CA","Palomar Energy Center",55985,"CTG2",89253,,2023,3247,3140.66,748174.08,,1.562,0.001,309421.83,0.059,16.461,0.0086,5206622.386,"Pipeline Natural Gas",,"Combined cycle",,"Dry Low NOx Burners|Selective Catalytic Reduction",,,"ARP"
"IA","Exira Station",56013,"U-1",89307,,2023,3675,3247.82,94161.29,,0.499,0.0014,57800.608,0.0595,44.946,0.0986,969619.706,"Pipeline Natural Gas","Diesel Oil","Combustion turbine",,"Water Injection",,,"ARP, CSNOX, CSOSG2, CSSO2G1"
"IA","Exira Station",56013,"U-2",89308,,2023,3027,2662.71,78568.17,,0.452,0.0015,48404.564,0.0595,38.143,0.0985,811422.643,"Pipeline Natural Gas","Diesel Oil","Combustion turbine",,"Water Injection",,,"ARP, CSNOX, CSOSG2, CSSO2G1"
"IA","Exira Station",56013,"U-3",89719,,2023,2431,2134.86,61736.94,,0.403,0.0016,38736.957,0.0596,30.345,0.0995,648784.897,"Pipeline Natural Gas","Diesel Oil","Combustion turbine",,"Water Injection",,,"ARP, CSNOX, CSOSG2, CSSO2G1"
"GA","Walton Bainbridge Power Facility",56015,"P1A",90202,,2023,7,2.73,37.33,,0.082,0.2016,,,0.089,0.218,816.2,"Diesel Oil",,"Combustion turbine",,"Water Injection",,,"CSNOX, CSOSG1, CSSO2G2"
"GA","Walton Bainbridge Power Facility",56015,"P1B",90203,,2023,7,2.73,35.8,,0.083,0.2011,,,0.089,0.2176,817.7,"Diesel Oil",,"Combustion turbine",,"Water Injection",,,"CSNOX, CSOSG1, CSSO2G2"
"GA","Walton Bainbridge Power Facility",56015,"P2A",90204,,2023,7,2.75,37.33,,0.087,0.2013,,,0.083,0.1923,865.2,"Diesel Oil",,"Combustion turbine",,"Water Injection",,,"CSNOX, CSOSG1, CSSO2G2"
"GA","Walton Bainbridge Power Facility",56015,"P2B",90205,,2023,7,2.74,37.33,,0.082,0.2027,,,0.078,0.1933,807.7,"Diesel Oil",,"Combustion turbine",,"Water Injection",,,"CSNOX, CSOSG1, CSSO2G2"
"AL","AMEA Sylacauga Plant",56018,"1",89313,,2023,498,498,23793,,0.083,0.001,15507.2,0.059,11.298,0.086,262668.3,"Pipeline Natural Gas",,"Combustion turbine",,"Water Injection",,,"ARP, CSNOX, CSOSG2, CSSO2G2"
"AL","AMEA Sylacauga Plant",56018,"2",89314,,2023,498,498,23869,,0.083,0.001,15770.1,0.059,11.357,0.085,267253.3,"Pipeline Natural Gas",,"Combustion turbine",,"Water Injection",,,"ARP, CSNOX, CSOSG2, CSSO2G2"
"CA","Donald Von Raesfeld",56026,"PCT1",88292,,2023,6803,6716.57,440870.71,,1.02,0.001,201951.192,0.0591,11.49,0.0078,3398227.816,"Pipeline Natural Gas",,"Combined cycle",,"Dry Low NOx Burners|Water Injection|Selective Catalytic Reduction",,,"ARP"
"CA","Donald Von Raesfeld",56026,"PCT2",88293,,2023,7226,7141.58,460406.2,,1.091,0.001,216118.025,0.0591,11.534,0.0074,3636640.815,"Pipeline Natural Gas",,"Combined cycle",,"Dry Low NOx Burners|Water Injection|Selective Catalytic Reduction",,,"ARP"
"WI","Fox Energy Center",56031,"CTG-1",89359,,2023,7627,7562.56,2204441.67,,4.471,0.001,885602.641,0.059,65.194,0.0095,14902065.827,"Pipeline Natural Gas",,"Combined cycle",,"Dry Low NOx Burners|Selective Catalytic Reduction",,,"ARP, CSNOX, CSOSG3, CSSO2G1"
"WI","Fox Energy Center",56031,"CTG-2",89360,,2023,7752,7711.1,2228287.4,,4.551,0.001,901414.364,0.059,62.885,0.0089,15168024.233,"Pipeline Natural Gas",,"Combined cycle",,"Dry Low NOx Burners|Selective Catalytic Reduction",,,"ARP, CSNOX, CSOSG3, CSSO2G1"
"NY","Equus  Power I",56032,"0001",89349,,2023,1640,1266.87,57166.65,,0.17,0.001,33757.621,0.0592,4.185,0.0276,568045.282,"Pipeline Natural Gas","Diesel Oil","Combustion turbine",,"Water Injection|Selective Catalytic Reduction",,,"ARP, CSNOX, CSOSG3, CSSO2G1, RGGI"
"CA","Malburg Generating Station",56041,"M1",89631,,2023,4025,4006.9,159089.17,,0.395,0.001,77469.591,0.0592,4.789,0.0081,1303795.904,"Pipeline Natural Gas",,"Combined cycle",,"Dry Low NOx Burners|Selective Catalytic Reduction",,,"ARP"
"CA","Malburg Generating Station",56041,"M2",89632,,2023,4421,4405.77,172770.63,,0.428,0.001,84847.685,0.0592,4.936,0.0074,1427599.248,"Pipeline Natural Gas",,"Combined cycle",,"Dry Low NOx Burners|Selective Catalytic Reduction",,,"ARP"
"CA","Magnolia Power Project",56046,"1",89568,,2023,8447,8441.25,1529074.28,,3.4,0.001,672946.382,0.059,28.41,0.0052,11323616.159,"Pipeline Natural Gas",,"Combined cycle",,"Dry Low NOx Burners|Selective Catalytic Reduction",,,"ARP"
"CT","CPV Towantic Energy Center",56047,"1",91061,,2023,8098,8064.71,2870026.35,,5.601,0.001,1077539.513,0.058,52.672,0.0058,18657964.377,"Pipeline Natural Gas","Diesel Oil","Combined cycle",,"Dry Low NOx Burners|Water Injection|Selective Catalytic Reduction",,,"ARP, NSPS4T, RGGI, SIPNOX"
"CT","CPV Towantic Energy Center",56047,"2",91062,,2023,7992,7930.38,2800770.97,,5.491,0.001,1056434.471,0.058,48.798,0.0057,18292637.729,"Pipeline Natural Gas","Diesel Oil","Combined cycle",,"Dry Low NOx Burners|Water Injection|Selective Catalytic Reduction",,,"ARP, NSPS4T, RGGI, SIPNOX"
"WI","Elm Road Generating Station",56068,"1",89796,,2023,5845,5835.33,3234647.37,,145.081,0.0117,2971756.185,0.1044,896.744,0.0645,28351023.669,"Coal","Pipeline Natural Gas","Dry bottom wall-fired boiler","Wet Limestone","Selective Catalytic Reduction","Baghouse|Wet ESP",,"ARP, CSNOX, CSOSG3, CSSO2G1, MATS"
"WI","Elm Road Generating Station",56068,"2",89798,,2023,6952,6932.2,3845184.4,,161.669,0.0104,3471453.861,0.1043,1057.596,0.0649,33120412.063,"Coal","Pipeline Natural Gas","Dry bottom wall-fired boiler","Wet Limestone","Selective Catalytic Reduction","Baghouse|Wet ESP",,"ARP, CSNOX, CSOSG3, CSSO2G1, MATS"
"CA","Walnut Energy Center",56078,"1",89628,,2023,7592,7580.56,804308.57,,1.951,0.001,386385.485,0.059,22.8,0.0073,6502091.324,"Pipeline Natural Gas",,"Combined cycle",,"Dry Low NOx Burners|Ammonia Injection|Selective Catalytic Reduction",,,"ARP"
"CA","Walnut Energy Center",56078,"2",89629,,2023,7699,7693.89,817105.67,,1.982,0.001,392520.876,0.059,22.053,0.0068,6605101.056,"Pipeline Natural Gas",,"Combined cycle",,"Dry Low NOx Burners|Ammonia Injection|Selective Catalytic Reduction",,,"ARP"
"UT","Currant Creek Power Project",56102,"CTG1A",89419,,2023,7887,7794.47,1452718.28,,3.139,0.001,621782.418,0.059,44.307,0.0113,10462734.895,"Pipeline Natural Gas",,"Combined cycle",,"Selective Catalytic Reduction",,,"ARP"
"UT","Currant Creek Power Project",56102,"CTG1B",89420,,2023,8056,7980.12,1489486.57,,3.208,0.001,635370.641,0.059,43.624,0.0106,10691309.563,"Pipeline Natural Gas",,"Combined cycle",,"Selective Catalytic Reduction",,,"ARP"
"MN","Mankato Energy Center",56104,"CT-1",89427,,2023,5371,5278.73,1467657.09,,3.282,0.001,650032.934,0.059,45.44,0.0108,10938083.618,"Pipeline Natural Gas",,"Combined cycle",,"Dry Low NOx Burners|Ammonia Injection|Selective Catalytic Reduction",,,"ARP, CSNOX, CSSO2G2, NSPS4T"
"MN","Mankato Energy Center",56104,"CT-2",89428,,2023,4689,4619.31,1240804.05,,2.68,0.001,530374.415,0.059,38.737,0.0101,8924053.832,"Pipeline Natural Gas","Diesel Oil","Combined cycle",,"Dry Low NOx Burners|Water Injection|Ammonia Injection|Selective Catalytic Reduction",,,"ARP, CSNOX, CSSO2G2"
"LA","T J Labbe Electric Generating Station",56108,"U-1",89595,,2023,861,678.11,26898.22,,0.079,0.001,15709.72,0.0592,11.187,0.0928,264364.972,"Pipeline Natural Gas",,"Combustion turbine",,"Water Injection",,,"ARP, CSOSG2E"
"LA","T J Labbe Electric Generating Station",56108,"U-2",89596,,2023,804,625.33,25898.02,,0.076,0.001,15069.999,0.0592,10.875,0.0958,253592.487,"Pipeline Natural Gas",,"Combustion turbine",,"Water Injection",,,"ARP, CSOSG2E"
"CA","Ripon Generation Station",56135,"1",89441,,2023,398,316.51,7830.71,,0.029,0.001,5776.638,0.0593,0.605,0.0442,97217.054,"Pipeline Natural Gas",,"Combustion turbine",,"Water Injection|Selective Catalytic Reduction",,,"ARP"
"CA","Ripon Generation Station",56135,"2",89442,,2023,168,123.13,3778.97,,0.011,0.001,2203.183,0.0594,0.258,0.0457,37072.161,"Pipeline Natural Gas",,"Combustion turbine",,"Water Injection|Selective Catalytic Reduction",,,"ARP"
"CA","Riverside Energy Resource Center",56143,"1",89663,,2023,478,354.62,13652.24,,0.041,0.001,8080.283,0.0592,0.681,0.0238,135974.21,"Pipeline Natural Gas",,"Combustion turbine",,"Water Injection|Selective Catalytic Reduction",,,"ARP"
"CA","Riverside Energy Resource Center",56143,"2",89664,,2023,487,333.52,12096.07,,0.038,0.001,7598.345,0.0593,0.701,0.022,127857.075,"Pipeline Natural Gas",,"Combustion turbine",,"Water Injection|Selective Catalytic Reduction",,,"ARP"
"CA","Riverside Energy Resource Center",56143,"3",90688,,2023,671,461.13,16079.75,,0.049,0.001,9756.771,0.0593,0.888,0.022,164177.857,"Pipeline Natural Gas",,"Combustion turbine",,"Water Injection|Selective Catalytic Reduction",,,"ARP"
"CA","Riverside Energy Resource Center",56143,"4",90690,,2023,605,410.58,13774.32,,0.042,0.001,8364.344,0.0593,0.667,0.0171,140747.381,"Pipeline Natural Gas",,"Combustion turbine",,"Water Injection|Selective Catalytic Reduction",,,"ARP"
"GA","McIntosh Combined Cycle Facility",56150,"10A",89598,,2023,7947,7923.99,2344897,,4.855,0.001,961320.856,0.059,50.455,0.007,16173594.305,"Pipeline Natural Gas","Diesel Oil","Combined cycle",,"Dry Low NOx Burners|Water Injection|Selective Catalytic Reduction",,,"ARP, CSNOX, CSOSG1, CSSO2G2"
"GA","McIntosh Combined Cycle Facility",56150,"10B",89599,,2023,7880,7864.04,2328690.71,,4.899,0.001,969518.325,0.059,47.474,0.0064,16308896.732,"Pipeline Natural Gas","Diesel Oil","Combined cycle",,"Dry Low NOx Burners|Water Injection|Selective Catalytic Reduction",,,"ARP, CSNOX, CSOSG1, CSSO2G2"
"GA","McIntosh Combined Cycle Facility",56150,"11A",89600,,2023,7696,7665.23,2244126.38,,4.683,0.001,927665.38,0.059,46.479,0.0069,15609778.258,"Pipeline Natural Gas","Diesel Oil","Combined cycle",,"Dry Low NOx Burners|Water Injection|Selective Catalytic Reduction",,,"ARP, CSNOX, CSOSG1, CSSO2G2"
"GA","McIntosh Combined Cycle Facility",56150,"11B",89601,,2023,8011,8002.86,2320128.88,,4.909,0.001,972469.934,0.059,46.741,0.0062,16363667.335,"Pipeline Natural Gas","Diesel Oil","Combined cycle",,"Dry Low NOx Burners|Water Injection|Selective Catalytic Reduction",,,"ARP, CSNOX, CSOSG1, CSSO2G2"
"MO","South Harper Peaking Facility",56151,"1",89544,,2023,832,766.23,61331.94,,0.249,0.001,49353.815,0.059,21.778,0.0527,830480.824,"Pipeline Natural Gas",,"Combustion turbine",,,,,"ARP, CSNOX, CSOSG2, CSSO2G1"
"MO","South Harper Peaking Facility",56151,"2",89545,,2023,783,723.51,61737.29,,0.235,0.001,46606.391,0.059,21.114,0.0539,784240.846,"Pipeline Natural Gas",,"Combustion turbine",,,,,"ARP, CSNOX, CSOSG2, CSSO2G1"
"MO","South Harper Peaking Facility",56151,"3",89546,,2023,730,674.89,56621.22,,0.22,0.001,43625.007,0.059,19.492,0.0533,734087.157,"Pipeline Natural Gas",,"Combustion turbine",,,,,"ARP, CSNOX, CSOSG2, CSSO2G1"
"MN","Faribault Energy Park",56164,"EU006",89474,,2023,4979,4756.51,1096536.37,,2.174,0.001,430593.137,0.059,46.755,0.0193,7245578.86,"Pipeline Natural Gas","Diesel Oil","Combined cycle",,"Dry Low NOx Burners|Water Injection|Selective Catalytic Reduction",,,"ARP, CSNOX, CSSO2G2"
"WI","Sheboygan Falls Energy Facility",56166,"1",89520,,2023,2387,2207.48,317524.43,,1.065,0.001,211024.06,0.059,56.862,0.039,3550841.863,"Pipeline Natural Gas",,"Combustion turbine",,"Dry Low NOx Burners",,,"ARP, CSNOX, CSOSG3, CSSO2G1"
"WI","Sheboygan Falls Energy Facility",56166,"2",89521,,2023,1807,1656.35,235997.66,,0.786,0.001,155643.058,0.059,37.767,0.0361,2619001.754,"Pipeline Natural Gas",,"Combustion turbine",,"Dry Low NOx Burners",,,"ARP, CSNOX, CSOSG3, CSSO2G1"
"UT","Nebo Power Station",56177,"U1",89496,,2023,7620,7541.03,854366,,1.915,0.001,379292.626,0.059,120.412,0.0444,6382297.549,"Pipeline Natural Gas",,"Combined cycle",,"Dry Low NOx Burners|Selective Catalytic Reduction",,,"ARP"
"NY","Pinelawn Power",56188,"00001",89567,,2023,1515,1380.76,86464.14,,0.21,0.0009,41675.14,0.0592,2.902,0.0131,701281.994,"Pipeline Natural Gas","Other Oil","Combined cycle",,"Water Injection|Selective Catalytic Reduction",,,"ARP, CSNOX, CSOSG3, CSSO2G1, RGGI"
"CT","Waterside Power, LLC",56189,"4",89487,,2023,26,17.13,,,,,,,1.689,0.8803,4727.7,"Diesel Oil",,"Combustion turbine",,"Water Injection",,,"SIPNOX"
"CT","Waterside Power, LLC",56189,"5",89488,,2023,27,18.07,,,,,,,1.98,0.9283,4987.3,"Diesel Oil",,"Combustion turbine",,"Water Injection",,,"SIPNOX"
"CT","Waterside Power, LLC",56189,"7",89718,,2023,26,17.65,,,,,,,1.913,0.9187,4871.3,"Diesel Oil",,"Combustion turbine",,"Water Injection",,,"SIPNOX"
"NY","Poletti 500 MW CC",56196,"CTG7A",89648,,2023,7269,7235.5,1754139.69,,3.57,0.001,703727.089,0.0591,37.878,0.0072,11823254.354,"Pipeline Natural Gas","Diesel Oil","Combined cycle",,"Dry Low NOx Burners|Water Injection|Selective Catalytic Reduction",,,"ARP, CSNOX, CSOSG3, CSSO2G1, RGGI"
"NY","Poletti 500 MW CC",56196,"CTG7B",89649,,2023,7376,7356.48,1741317.57,,3.593,0.001,709710.216,0.0591,39.047,0.0075,11931334.689,"Pipeline Natural Gas","Diesel Oil","Combined cycle",,"Dry Low NOx Burners|Water Injection|Selective Catalytic Reduction",,,"ARP, CSNOX, CSOSG3, CSSO2G1, RGGI"
"NV","TS Power Plant",56224,"001",89529,,2023,7534,7527.73,1186632.75,,121.648,0.0214,1190832.715,0.1048,263.101,0.0453,11362175.718,"Coal","Diesel Oil","Dry bottom wall-fired boiler","Dry Lime FGD","Low NOx Burner Technology w/ Overfire Air|Selective Catalytic Reduction","Baghouse","Halogenated PAC Sorbent Injection","ARP, MATS"
"OR","Port Westward",56227,"PWEU1",89564,,2023,8180,8177.93,3137089.68,,5.496,0.001,1255485.04,0.059,86.188,0.0083,21125974.62,"Natural Gas",,"Combined cycle",,"Dry Low NOx Burners|Selective Catalytic Reduction",,,"ARP"
"CA","Miramar Energy Facility",56232,"1",89534,,2023,375,300.57,11994.34,,0.036,0.001,7104.27,0.0592,1.153,0.0329,119538.657,"Pipeline Natural Gas",,"Combustion turbine",,"Water Injection|Selective Catalytic Reduction",,,"ARP"
"CA","Miramar Energy Facility",56232,"2",90490,,2023,367,291.71,11742.1,,0.035,0.001,6980.387,0.0592,1.198,0.0316,117467.689,"Pipeline Natural Gas",,"Combustion turbine",,"Water Injection|Selective Catalytic Reduction",,,"ARP"
"NY","Caithness Long Island Energy Center",56234,"0001",89547,,2023,8311,8306.82,2557228.07,,4.994,0.001,989177.535,0.059,56.511,0.0068,16644721.095,"Pipeline Natural Gas","Diesel Oil","Combined cycle",,"Dry Low NOx Burners|Water Injection|Ammonia Injection|Selective Catalytic Reduction",,,"ARP, CSNOX, CSOSG3, CSSO2G1, RGGI"
"UT","Lake Side Power Plant",56237,"CT01",89557,,2023,7957,7935.26,1636454.61,,3.488,0.001,690876.779,0.059,36.732,0.0065,11625253.247,"Pipeline Natural Gas",,"Combined cycle",,"Selective Catalytic Reduction",,,"ARP"
"UT","Lake Side Power Plant",56237,"CT02",89558,,2023,7802,7587.42,1564740.98,,3.336,0.001,660735.254,0.059,39.101,0.0087,11118157.217,"Pipeline Natural Gas",,"Combined cycle",,"Selective Catalytic Reduction",,,"ARP"
"UT","Lake Side Power Plant",56237,"CT03",90915,,2023,7698,7692.52,1781349.45,,3.652,0.001,723473.559,0.059,37.347,0.0063,12173906.213,"Pipeline Natural Gas",,"Combined cycle",,"Selective Catalytic Reduction",,,"ARP"
"UT","Lake Side Power Plant",56237,"CT04",90916,,2023,7207,7109.91,1647933.38,,3.409,0.001,675231.725,0.059,37.164,0.0071,11362036.805,"Pipeline Natural Gas",,"Combined cycle",,"Selective Catalytic Reduction",,,"ARP"
"SD","Groton Generating Station",56238,"CT001",89548,,2023,1593,1477.65,76513.94,,0.232,0.001,45986.822,0.0591,40.836,0.1051,773831.666,"Pipeline Natural Gas",,"Combustion turbine",,"Water Injection",,,"ARP"
"SD","Groton Generating Station",56238,"CT002",89754,,2023,2709,2404.53,137263.27,,0.265,0.001,52477.219,0.0592,37.089,0.0853,883026.864,"Pipeline Natural Gas",,"Combustion turbine",,"Water Injection",,,"ARP"
"CA","Malaga Power",56239,"GT-1",89579,,2023,356,216.52,5232.78,,0.017,0.001,3333.128,0.0593,0.731,0.0449,56098.23,"Pipeline Natural Gas",,"Combustion turbine",,"Selective Catalytic Reduction",,,"ARP"
"CA","Malaga Power",56239,"GT-2",89580,,2023,362,218.38,5191.72,,0.017,0.001,3306.028,0.0593,0.484,0.0305,55634.565,"Pipeline Natural Gas",,"Combustion turbine",,"Selective Catalytic Reduction",,,"ARP"
"MN","Cannon Falls Energy Center",56241,"CT-01",89752,,2023,2467,2344.6,340392.03,,1.155,0.001,225603.3,0.059,65.842,0.068,3823662.7,"Pipeline Natural Gas","Diesel Oil","Combustion turbine",,"Dry Low NOx Burners|Water Injection",,,"ARP, CSNOX, CSSO2G2"
"MN","Cannon Falls Energy Center",56241,"CT-02",89753,,2023,2746,2623.99,359868.08,,1.25,0.001,244592.1,0.059,70.077,0.0608,4145502.2,"Pipeline Natural Gas","Diesel Oil","Combustion turbine",,"Dry Low NOx Burners|Water Injection",,,"ARP, CSNOX, CSSO2G2"
"NC","NCEMC Anson Plant",56249,"ES1-A",89583,,2023,349,332.77,8543.44,,0.027,0.001,5172.649,0.0603,3.914,0.092,85860.741,"Pipeline Natural Gas","Diesel Oil","Combustion turbine",,"Water Injection",,,"ARP, CSNOX, CSSO2G1, SIPNOX"
"NC","NCEMC Anson Plant",56249,"ES1-B",89584,,2023,354,329.17,8620.29,,0.027,0.001,5169.523,0.0603,3.955,0.0929,85828.956,"Pipeline Natural Gas","Diesel Oil","Combustion turbine",,"Water Injection",,,"ARP, CSNOX, CSSO2G1, SIPNOX"
"NC","NCEMC Anson Plant",56249,"ES2-A",89585,,2023,362,340.12,8389.25,,0.027,0.001,5210.937,0.0603,4.099,0.0949,86570.682,"Pipeline Natural Gas","Diesel Oil","Combustion turbine",,"Water Injection",,,"ARP, CSNOX, CSSO2G1, SIPNOX"
"NC","NCEMC Anson Plant",56249,"ES2-B",89586,,2023,362,339.08,8611.45,,0.028,0.001,5319.376,0.0603,4.043,0.0922,88367.866,"Pipeline Natural Gas","Diesel Oil","Combustion turbine",,"Water Injection",,,"ARP, CSNOX, CSSO2G1, SIPNOX"
"NC","NCEMC Anson Plant",56249,"ES3-A",89587,,2023,353,329.53,8323.7,,0.027,0.001,5039.106,0.0603,3.895,0.0938,83645.487,"Pipeline Natural Gas","Diesel Oil","Combustion turbine",,"Water Injection",,,"ARP, CSNOX, CSSO2G1, SIPNOX"
"NC","NCEMC Anson Plant",56249,"ES3-B",89588,,2023,361,330.66,8315.04,,0.027,0.001,5068.805,0.0605,3.847,0.0927,83822.877,"Pipeline Natural Gas","Diesel Oil","Combustion turbine",,"Water Injection",,,"ARP, CSNOX, CSSO2G1, SIPNOX"
"NC","NCEMC Anson Plant",56249,"ES4-A",89589,,2023,222,206.8,5217.42,,0.018,0.001,3247.178,0.0616,2.605,0.0996,52919.038,"Pipeline Natural Gas","Diesel Oil","Combustion turbine",,"Water Injection",,,"ARP, CSNOX, CSSO2G1, SIPNOX"
"NC","NCEMC Anson Plant",56249,"ES4-B",89590,,2023,193,179.14,4679.57,,0.016,0.001,2860.147,0.0608,11.467,0.5042,46995.876,"Pipeline Natural Gas","Diesel Oil","Combustion turbine",,"Water Injection",,,"ARP, CSNOX, CSSO2G1, SIPNOX"
"NC","NCEMC Anson Plant",56249,"ES5-A",89591,,2023,353,333.34,8566.25,,0.026,0.001,4992.089,0.0603,3.853,0.0935,82787.929,"Pipeline Natural Gas","Diesel Oil","Combustion turbine",,"Water Injection",,,"ARP, CSNOX, CSSO2G1, SIPNOX"
"NC","NCEMC Anson Plant",56249,"ES5-B",89592,,2023,351,327.46,8861.39,,0.027,0.001,5115.548,0.0603,3.88,0.092,84939.925,"Pipeline Natural Gas","Diesel Oil","Combustion turbine",,"Water Injection",,,"ARP, CSNOX, CSSO2G1, SIPNOX"
"NC","NCEMC Anson Plant",56249,"ES6-A",89593,,2023,371,353.54,9321.93,,0.029,0.001,5566.523,0.0603,4.239,0.0924,92441.671,"Pipeline Natural Gas","Diesel Oil","Combustion turbine",,"Water Injection",,,"ARP, CSNOX, CSSO2G1, SIPNOX"
"NC","NCEMC Anson Plant",56249,"ES6-B",89594,,2023,367,346.95,9206.01,,0.029,0.001,5479.057,0.0602,4.105,0.0907,91004.566,"Pipeline Natural Gas","Diesel Oil","Combustion turbine",,"Water Injection",,,"ARP, CSNOX, CSSO2G1, SIPNOX"
"UT","Millcreek Power",56253,"MC-1",89566,,2023,1616,1445.42,52996.6,,0.147,0.0009,30649.6,0.059,19.652,0.1121,520351.2,"Pipeline Natural Gas",,"Combustion turbine",,"Dry Low NOx Burners",,,"ARP"
"UT","Millcreek Power",56253,"MC-2",90575,,2023,2036,1936.52,72596.61,,0.209,0.001,41457.349,0.0592,2.407,0.0078,697688.592,"Pipeline Natural Gas",,"Combustion turbine",,"Dry Low NOx Burners|Selective Catalytic Reduction",,,"ARP"
"NY","Empire Generating Co, LLC",56259,"CT-1",89574,,2023,5958,5921.4,1374664.88,,2.981,0.001,589158.074,0.0591,33.657,0.0083,9906960.007,"Pipeline Natural Gas","Diesel Oil","Combined cycle",,"Dry Low NOx Burners|Water Injection|Selective Catalytic Reduction",,,"ARP, CSNOX, CSOSG3, CSSO2G1, RGGI"
"NY","Empire Generating Co, LLC",56259,"CT-2",89575,,2023,7462,7431.83,1756919.55,,3.807,0.001,753577.42,0.059,41.262,0.0072,12677742.901,"Pipeline Natural Gas","Diesel Oil","Combined cycle",,"Dry Low NOx Burners|Water Injection|Selective Catalytic Reduction",,,"ARP, CSNOX, CSOSG3, CSSO2G1, RGGI"
"LA","Hargis-Hebert Electric Generating Statio",56283,"U-1",89602,,2023,914,730.48,26870.44,,0.08,0.001,15819.39,0.0593,10.823,0.0898,266177.107,"Pipeline Natural Gas",,"Combustion turbine",,"Water Injection",,,"ARP, CSOSG2E"
"LA","Hargis-Hebert Electric Generating Statio",56283,"U-2",89603,,2023,822,636.5,25266.78,,0.075,0.001,14843.88,0.0593,10.499,0.0922,249768.044,"Pipeline Natural Gas",,"Combustion turbine",,"Water Injection",,,"ARP, CSOSG2E"
"NC","NCEMC Hamlet Plant",56292,"ES1-A",89611,,2023,340,320.23,7881.41,,0.024,0.001,4731.361,0.0598,3.549,0.0901,79169.324,"Pipeline Natural Gas","Diesel Oil","Combustion turbine",,"Water Injection",,,"ARP, CSNOX, CSSO2G1, SIPNOX"
"NC","NCEMC Hamlet Plant",56292,"ES1-B",89612,,2023,333,310.95,8381.55,,0.026,0.001,5071.968,0.0598,3.754,0.0889,84860.15,"Pipeline Natural Gas","Diesel Oil","Combustion turbine",,"Water Injection",,,"ARP, CSNOX, CSSO2G1, SIPNOX"
"NC","NCEMC Hamlet Plant",56292,"ES2-A",89613,,2023,268,239.67,6043.73,,0.019,0.001,3586.491,0.0598,2.661,0.0893,59913.416,"Pipeline Natural Gas","Diesel Oil","Combustion turbine",,"Water Injection",,,"ARP, CSNOX, CSSO2G1, SIPNOX"
"NC","NCEMC Hamlet Plant",56292,"ES2-B",89614,,2023,267,236.98,6541.87,,0.02,0.001,3876.437,0.0598,2.942,0.0908,64765.03,"Pipeline Natural Gas","Diesel Oil","Combustion turbine",,"Water Injection",,,"ARP, CSNOX, CSSO2G1, SIPNOX"
"NC","NCEMC Hamlet Plant",56292,"ES3-A",89615,,2023,206,182.45,4792.62,,0.015,0.001,2843.841,0.06,2.161,0.0918,47382.267,"Pipeline Natural Gas","Diesel Oil","Combustion turbine",,"Water Injection",,,"ARP, CSNOX, CSSO2G1, SIPNOX"
"NC","NCEMC Hamlet Plant",56292,"ES3-B",89616,,2023,199,173.22,4577.31,,0.014,0.001,2728.674,0.0601,2.058,0.0907,45434.917,"Pipeline Natural Gas","Diesel Oil","Combustion turbine",,"Water Injection",,,"ARP, CSNOX, CSSO2G1, SIPNOX"
"NC","NCEMC Hamlet Plant",56292,"ES4-A",89617,,2023,340,324.87,8593.16,,0.026,0.001,4986.599,0.0597,3.736,0.0901,83485.141,"Pipeline Natural Gas","Diesel Oil","Combustion turbine",,"Water Injection",,,"ARP, CSNOX, CSSO2G1, SIPNOX"
"NC","NCEMC Hamlet Plant",56292,"ES4-B",89618,,2023,339,319.36,8045.7,,0.024,0.001,4706.608,0.0597,3.439,0.0878,78783.671,"Pipeline Natural Gas","Diesel Oil","Combustion turbine",,"Water Injection",,,"ARP, CSNOX, CSSO2G1, SIPNOX"
"NC","NCEMC Hamlet Plant",56292,"ES5-A",89619,,2023,298,282.77,7247.44,,0.022,0.001,4372.659,0.0598,3.299,0.0904,73155.556,"Pipeline Natural Gas","Diesel Oil","Combustion turbine",,"Water Injection",,,"ARP, CSNOX, CSSO2G1, SIPNOX"
"NC","NCEMC Hamlet Plant",56292,"ES5-B",89620,,2023,290,272.91,6798.11,,0.022,0.001,4134.663,0.0602,3.17,0.0928,68751.301,"Pipeline Natural Gas","Diesel Oil","Combustion turbine",,"Water Injection",,,"ARP, CSNOX, CSSO2G1, SIPNOX"
"NC","NCEMC Hamlet Plant",56292,"ES6-A",90839,,2023,251,222.62,5868.68,,0.018,0.001,3420.691,0.0599,2.584,0.0907,57074.252,"Pipeline Natural Gas","Diesel Oil","Combustion turbine",,"Water Injection",,,"ARP, CSNOX, CSSO2G1, SIPNOX"
"NC","NCEMC Hamlet Plant",56292,"ES6-B",90840,,2023,248,219.8,5859.28,,0.018,0.001,3435.725,0.0598,2.566,0.0898,57349.164,"Pipeline Natural Gas","Diesel Oil","Combustion turbine",,"Water Injection",,,"ARP, CSNOX, CSSO2G1, SIPNOX"
"CA","Roseville Energy Park",56298,"CT001",89721,,2023,3597,3558.24,183407.71,,0.434,0.001,85881.262,0.0592,4.157,0.0063,1445116.066,"Pipeline Natural Gas",,"Combined cycle",,"Dry Low NOx Burners|Selective Catalytic Reduction",,,"ARP"
"CA","Roseville Energy Park",56298,"CT002",89722,,2023,3294,3249.01,166255.13,,0.413,0.001,81815.114,0.0592,4.62,0.0078,1376718.795,"Pipeline Natural Gas",,"Combined cycle",,"Dry Low NOx Burners|Selective Catalytic Reduction",,,"ARP"
"CA","Roseville Energy Park",56298,"CT005",91444,,2023,91,65.64,1586.82,,0.005,0.0009,972.083,0.0594,0.111,0.0251,16355.743,"Pipeline Natural Gas",,"Combustion turbine",,"Water Injection|Selective Catalytic Reduction",,,"ARP"
"CA","Roseville Energy Park",56298,"CT006",91445,,2023,92,58.27,1339.92,,0.004,0.001,809.583,0.0594,0.225,0.0851,13615.179,"Pipeline Natural Gas",,"Combustion turbine",,"Water Injection|Selective Catalytic Reduction",,,"ARP"
"WY","Wygen II",56319,"001",89633,,2023,8300,8290.02,729201.25,,123.813,0.0286,886909.808,0.105,260.116,0.0615,8456398.519,"Coal",,"Dry bottom wall-fired boiler","Dry Lime FGD","Low NOx Burner Technology w/ Overfire Air|Selective Catalytic Reduction","Baghouse",,"ARP, MATS"
"TX","Mustang Station (56326)",56326,"GEN1",89654,,2023,3022,2876.96,353906.47,,1.106,0.001,219085.815,0.059,54.504,0.0332,3686510.314,"Pipeline Natural Gas",,"Combustion turbine",,"Dry Low NOx Burners",,,"ARP, CSOSG2"
"TX","Mustang Station (56326)",56326,"GEN2",89751,,2023,2479,2337.65,276964.77,,0.885,0.001,175257.07,0.059,42.6,0.0331,2948971.091,"Pipeline Natural Gas",,"Combustion turbine",,"Dry Low NOx Burners",,,"ARP, CSOSG2"
"TX","Mustang Station (56326)",56326,"GEN3",90776,,2023,2225,2097.12,249264.98,,0.849,0.001,168126.139,0.059,46.901,0.0371,2829024.786,"Pipeline Natural Gas",,"Combustion turbine",,"Dry Low NOx Burners",,,"ARP, CSOSG2"
"AR","Harry D. Mattison Power Plant",56328,"1",89740,,2023,809,774.92,54581.24,,0.197,0.001,40039.8,0.0591,15.577,0.0862,678747.1,"Pipeline Natural Gas",,"Combustion turbine",,"Dry Low NOx Burners",,,"ARP, CSOSG2"
"AR","Harry D. Mattison Power Plant",56328,"2",89741,,2023,816,797.54,58455.99,,0.231,0.001,44043.5,0.059,14.365,0.0604,746401.8,"Pipeline Natural Gas",,"Combustion turbine",,"Dry Low NOx Burners",,,"ARP, CSOSG2"
"AR","Harry D. Mattison Power Plant",56328,"3",91249,,2023,449,409.1,28325.48,,0.099,0.001,19994.2,0.0588,22.036,0.2069,338880.2,"Pipeline Natural Gas",,"Combustion turbine",,"Dry Low NOx Burners",,,"ARP, CSOSG2"
"AR","Harry D. Mattison Power Plant",56328,"4",91250,,2023,618,560.38,39514.6,,0.142,0.001,28775.8,0.0592,17.755,0.1543,487699.1,"Pipeline Natural Gas",,"Combustion turbine",,"Dry Low NOx Burners",,,"ARP, CSOSG2"
"TX","Quail Run Energy Center",56349,"CT1A",89698,,2023,6053,5916.91,593396.35,,1.55,0.001,307008.11,0.059,38.766,0.0178,5165981.232,"Pipeline Natural Gas",,"Combined cycle",,"Dry Low NOx Burners|Selective Catalytic Reduction",,,"ARP, CSOSG2"
"TX","Quail Run Energy Center",56349,"CT1B",89699,,2023,6025,5865.57,584695,,1.511,0.001,299243.454,0.059,38.539,0.0186,5035256.751,"Pipeline Natural Gas",,"Combined cycle",,"Dry Low NOx Burners|Selective Catalytic Reduction",,,"ARP, CSOSG2"
"TX","Quail Run Energy Center",56349,"CT2A",91262,,2023,6259,6102.67,597411.9,,1.538,0.001,304610.72,0.059,35.385,0.0158,5125704.947,"Pipeline Natural Gas",,"Combined cycle",,"Dry Low NOx Burners|Selective Catalytic Reduction",,,"ARP, CSOSG2"
"TX","Quail Run Energy Center",56349,"CT2B",91263,,2023,6138,5989.45,595212.39,,1.51,0.001,299144.624,0.059,34.862,0.0155,5033682.718,"Pipeline Natural Gas",,"Combined cycle",,"Dry Low NOx Burners|Selective Catalytic Reduction",,,"ARP, CSOSG2"
"TX","Colorado Bend Energy Center",56350,"CT1A",91260,,2023,6343,6289.94,686849.55,,1.694,0.001,335589.083,0.059,39.666,0.0156,5646917.807,"Pipeline Natural Gas",,"Combined cycle",,"Dry Low NOx Burners|Selective Catalytic Reduction",,,"ARP, CSOSG2"
"TX","Colorado Bend Energy Center",56350,"CT1B",91261,,2023,5822,5779.62,632615.22,,1.545,0.001,305984.112,0.059,35.186,0.0156,5148790.362,"Pipeline Natural Gas",,"Combined cycle",,"Dry Low NOx Burners|Selective Catalytic Reduction",,,"ARP, CSOSG2"
"TX","Colorado Bend Energy Center",56350,"CT2A",91264,,2023,4855,4826.5,538838.46,,1.28,0.001,253584.863,0.059,27.029,0.0143,4267105.642,"Pipeline Natural Gas",,"Combined cycle",,"Dry Low NOx Burners|Selective Catalytic Reduction",,,"ARP, CSOSG2"
"TX","Colorado Bend Energy Center",56350,"CT2B",91265,,2023,4850,4826.99,553903.19,,1.304,0.001,258191.737,0.059,27.812,0.0139,4344602.099,"Pipeline Natural Gas",,"Combined cycle",,"Dry Low NOx Burners|Selective Catalytic Reduction",,,"ARP, CSOSG2"
"TX","Colorado Bend Energy Center",56350,"CT-4A",91466,,2023,1688,1492.35,41640.89,,0.176,0.001,34811.091,0.0592,17.078,0.0534,585767.504,"Pipeline Natural Gas",,"Combustion turbine",,"Selective Catalytic Reduction",,,"ARP, CSOSG2"
"TX","Colorado Bend Energy Center",56350,"CT-4B",91467,,2023,1731,1531.99,45217.01,,0.188,0.001,37280.708,0.0592,17.202,0.0495,627319.872,"Pipeline Natural Gas",,"Combustion turbine (Started Jan 24, 2023)",,"Selective Catalytic Reduction",,,"ARP, CSOSG2"
"PA","Hunlock Unit 4",56397,"4",2176,,2023,1247,1113.82,52098.48,,0.146,0.001,28964.279,0.0592,20.751,0.0905,487364.769,"Pipeline Natural Gas",,"Combustion turbine",,"Water Injection",,,"ARP, CSNOX, CSOSG3, CSSO2G1, RGGI"
"FL","Treasure Coast Energy Center",56400,"1",89720,,2023,7482,7468.52,1870356.18,,3.982,0.001,788645.071,0.059,37.619,0.0061,13267036.282,"Pipeline Natural Gas","Diesel Oil","Combined cycle",,"Dry Low NOx Burners|Water Injection|Selective Catalytic Reduction",,,"ARP"
"FL","West County Energy Center",56407,"WCCT1A",89726,,2023,7139,7027.13,2524583.68,,4.892,0.001,967029.43,0.0591,64.045,0.0101,16261059.752,"Pipeline Natural Gas","Diesel Oil","Combined cycle",,"Dry Low NOx Burners|Water Injection|Ammonia Injection|Other|Selective Catalytic Reduction",,,"ARP"
"FL","West County Energy Center",56407,"WCCT1B",89727,,2023,5891,5796.01,2081214.76,,4.019,0.001,794793.356,0.059,51.997,0.0097,13366430.576,"Pipeline Natural Gas","Diesel Oil","Combined cycle",,"Dry Low NOx Burners|Water Injection|Ammonia Injection|Other|Selective Catalytic Reduction",,,"ARP"
"FL","West County Energy Center",56407,"WCCT1C",89728,,2023,7581,7477.11,2736834.83,,5.298,0.001,1048310.692,0.059,67.328,0.0095,17633322.653,"Pipeline Natural Gas","Diesel Oil","Combined cycle",,"Dry Low NOx Burners|Water Injection|Ammonia Injection|Other|Selective Catalytic Reduction",,,"ARP"
"FL","West County Energy Center",56407,"WCCT2A",89729,,2023,6525,6451.17,2309223.85,,4.425,0.001,874898.174,0.059,56.66,0.0093,14713124.429,"Pipeline Natural Gas","Diesel Oil","Combined cycle",,"Dry Low NOx Burners|Water Injection|Ammonia Injection|Other|Selective Catalytic Reduction",,,"ARP"
"FL","West County Energy Center",56407,"WCCT2B",89730,,2023,6959,6843.36,2477883.37,,4.773,0.001,943992.831,0.0591,62.741,0.0102,15876024.548,"Pipeline Natural Gas","Diesel Oil","Combined cycle",,"Dry Low NOx Burners|Water Injection|Ammonia Injection|Other|Selective Catalytic Reduction",,,"ARP"
"FL","West County Energy Center",56407,"WCCT2C",89731,,2023,7268,7155,2589250.39,,4.993,0.001,987870.535,0.059,64.026,0.0096,16616161.656,"Pipeline Natural Gas","Diesel Oil","Combined cycle",,"Dry Low NOx Burners|Water Injection|Ammonia Injection|Other|Selective Catalytic Reduction",,,"ARP"
"FL","West County Energy Center",56407,"WCCT3A",90654,,2023,5285,5152.7,1799536.93,,3.526,0.001,696261.987,0.0591,48.429,0.0113,11704341.332,"Pipeline Natural Gas","Diesel Oil","Combined cycle",,"Dry Low NOx Burners|Water Injection|Other|Selective Catalytic Reduction",,,"ARP"
"FL","West County Energy Center",56407,"WCCT3B",90655,,2023,5951,5910.43,2083701.38,,4.091,0.001,809555.2,0.059,50.615,0.0084,13617345.798,"Pipeline Natural Gas","Diesel Oil","Combined cycle",,"Dry Low NOx Burners|Water Injection|Other|Selective Catalytic Reduction",,,"ARP"
"FL","West County Energy Center",56407,"WCCT3C",90656,,2023,5677,5603.21,1958188.54,,3.778,0.001,747045.837,0.059,49.376,0.0098,12563184.26,"Pipeline Natural Gas","Diesel Oil","Combined cycle",,"Dry Low NOx Burners|Water Injection|Other|Selective Catalytic Reduction",,,"ARP"
"CO","Spindle Hill Energy Center",56445,"CT-01",89736,,2023,829,767.52,82828.04,,0.264,0.0011,52181.329,0.0591,24.802,0.0673,878087.447,"Pipeline Natural Gas","Diesel Oil","Combustion turbine",,"Dry Low NOx Burners|Water Injection",,,"ARP"
"CO","Spindle Hill Energy Center",56445,"CT-02",89737,,2023,1689,1560.35,173284.01,,0.585,0.0011,111019.402,0.0591,41.524,0.0526,1867272.955,"Pipeline Natural Gas","Diesel Oil","Combustion turbine",,"Dry Low NOx Burners|Water Injection",,,"ARP"
"AR","Plum Point Energy Station",56456,"1",90208,,2023,7385,7375.86,3721291.34,,2295.02,0.1285,3692584.12,0.1047,1313.674,0.0731,35215771.556,"Coal",,"Dry bottom wall-fired boiler","Dry Lime FGD","Low NOx Burner Technology (Dry Bottom only)|Selective Catalytic Reduction","Baghouse","Untreated PAC Sorbent Injection","ARP, CSOSG2, MATS"
"NM","Hobbs Generating Station",56458,"HOBB1",89738,,2023,8128,8103.95,2041720.1,,3.933,0.0008,888139.209,0.059,46.997,0.007,14944681.217,"Pipeline Natural Gas",,"Combined cycle",,"Dry Low NOx Burners|Selective Catalytic Reduction",,,"ARP"
"NM","Hobbs Generating Station",56458,"HOBB2",89739,,2023,7996,7962.7,2000800.88,,3.857,0.0008,871347.299,0.059,47.928,0.0076,14662109.5,"Pipeline Natural Gas",,"Combined cycle",,"Dry Low NOx Burners|Selective Catalytic Reduction",,,"ARP"
"CA","Russell City Energy Company LLC",56467,"CT1",89932,,2023,3798,3610.36,916529.99,,1.98,0.001,392253.045,0.059,23.139,0.0087,6600430.947,"Pipeline Natural Gas",,"Combined cycle",,"Dry Low NOx Burners|Selective Catalytic Reduction",,,"ARP"
"CA","Russell City Energy Company LLC",56467,"CT2",89933,,2023,3905,3710.33,938094.12,,2.008,0.001,397728.723,0.059,24.719,0.0095,6692503.524,"Pipeline Natural Gas",,"Combined cycle",,"Dry Low NOx Burners|Selective Catalytic Reduction",,,"ARP"
"CA","McGrath Generating Station",56471,"CT1",90074,,2023,384,293.19,12385.81,,0.036,0.001,7186.281,0.0592,0.623,0.018,120927.473,"Pipeline Natural Gas",,"Combustion turbine",,"Water Injection|Ammonia Injection|Selective Catalytic Reduction",,,"ARP"
"CA","Grapeland Generating Station",56472,"CT1",90070,,2023,319,196.94,5791.48,,0.019,0.001,3694.877,0.0594,0.567,0.032,62159.681,"Pipeline Natural Gas",,"Combustion turbine",,"Water Injection|Ammonia Injection|Selective Catalytic Reduction",,,"ARP"
"CA","Mira Loma Generating Station",56473,"CT1",90071,,2023,364,280.7,12052.76,,0.036,0.001,7059.065,0.0592,0.455,0.0213,118782.764,"Pipeline Natural Gas",,"Combustion turbine",,"Water Injection|Ammonia Injection|Selective Catalytic Reduction",,,"ARP"
"CA","Barre Generating Station",56474,"CT1",90072,,2023,1019,815.29,21967.25,,0.073,0.001,14438.486,0.0593,0.911,0.0134,242956.224,"Pipeline Natural Gas",,"Combustion turbine",,"Water Injection|Ammonia Injection|Selective Catalytic Reduction",,,"ARP"
"CA","Center Generating Station",56475,"CT1",90073,,2023,300,185.64,5967.43,,0.019,0.001,3704.47,0.0593,0.321,0.013,62330.588,"Pipeline Natural Gas",,"Combustion turbine",,"Water Injection|Ammonia Injection|Selective Catalytic Reduction",,,"ARP"
"CA","Gateway Generating Station",56476,"GT1",89759,,2023,6784,6696.01,1603343.88,,3.463,0.001,685882.292,0.059,39.29,0.0097,11541248.559,"Pipeline Natural Gas",,"Combined cycle",,"Dry Low NOx Burners|Selective Catalytic Reduction",,,"ARP"
"CA","Gateway Generating Station",56476,"GT2",89760,,2023,6459,6352.18,1537243.43,,3.317,0.001,657119.268,0.059,35.799,0.0082,11057371.863,"Pipeline Natural Gas",,"Combined cycle",,"Dry Low NOx Burners|Selective Catalytic Reduction",,,"ARP"
"WI","Marshfield Utilities Combustion Turbine",56480,"1A",89761,,2023,276,233.17,4524.51,,0.015,0.001,2960.841,0.0593,2.087,0.0832,49825.161,"Pipeline Natural Gas",,"Combustion turbine",,"Water Injection",,,"ARP, CSNOX, CSOSG3, CSSO2G1"
"WI","Marshfield Utilities Combustion Turbine",56480,"1B",89762,,2023,278,233.12,4374.92,,0.015,0.001,2991.893,0.0594,1.845,0.0722,50346.489,"Pipeline Natural Gas",,"Combustion turbine",,"Water Injection",,,"ARP, CSNOX, CSOSG3, CSSO2G1"
"AZ","Black Mountain Generating Station",56482,"1",89755,,2023,1686,1461.99,47153.64,,0.863,0.0036,29299.192,0.0593,24.238,0.1169,493071.643,"Natural Gas",,"Combustion turbine",,"Water Injection",,,"ARP"
"AZ","Black Mountain Generating Station",56482,"2",89756,,2023,1750,1521.26,50120.3,,0.908,0.0036,30818.76,0.0593,27.782,0.125,518541.471,"Natural Gas",,"Combustion turbine",,"Water Injection",,,"ARP"
"KS","Emporia Energy Center",56502,"EEC1",89850,,2023,4880,4500.93,107250.71,,0.4,0.0006,81431.6,0.059,64.681,0.1308,1379924.8,"Pipeline Natural Gas",,"Combustion turbine",,"Water Injection",,,"ARP, CSNOX, CSOSG2, CSSO2G2"
"KS","Emporia Energy Center",56502,"EEC2",89851,,2023,4857,4514.75,103237.39,,0.385,0.0006,78993.5,0.059,63.456,0.1295,1338688.1,"Pipeline Natural Gas",,"Combustion turbine",,"Water Injection",,,"ARP, CSNOX, CSOSG2, CSSO2G2"
"KS","Emporia Energy Center",56502,"EEC3",89852,,2023,4589,4240.53,96766.56,,0.387,0.0007,78227.6,0.059,60.498,0.1291,1325810.4,"Pipeline Natural Gas",,"Combustion turbine",,"Water Injection",,,"ARP, CSNOX, CSOSG2, CSSO2G2"
"KS","Emporia Energy Center",56502,"EEC4",89853,,2023,5284,4918.62,111290.43,,0.432,0.0006,88747.5,0.059,69.662,0.128,1504212.2,"Pipeline Natural Gas",,"Combustion turbine",,"Water Injection",,,"ARP, CSNOX, CSOSG2, CSSO2G2"
"KS","Emporia Energy Center",56502,"EEC5",89854,,2023,2436,2231.53,287112.02,,0.969,0.001,191979.366,0.0591,45.788,0.0283,3230365.762,"Pipeline Natural Gas",,"Combustion turbine",,"Water Injection",,,"ARP, CSNOX, CSOSG2, CSSO2G2"
"KS","Emporia Energy Center",56502,"EEC6",89855,,2023,2122,1930.77,245396.82,,0.834,0.001,165229.559,0.059,41.003,0.0292,2780366.868,"Pipeline Natural Gas",,"Combustion turbine",,"Dry Low NOx Burners",,,"ARP, CSNOX, CSOSG2, CSSO2G2"
"KS","Emporia Energy Center",56502,"EEC7",89856,,2023,2452,2252.61,288668,,0.963,0.001,190682.797,0.059,48.715,0.0301,3208566.615,"Pipeline Natural Gas",,"Combustion turbine",,"Dry Low NOx Burners",,,"ARP, CSNOX, CSOSG2, CSSO2G2"
"AR","City Water & Light - City of Jonesboro",56505,"SN04",89827,,2023,974,974,36195,,0.121,0.0008,22685,0.0588,19.213,0.1002,384300.7,"Pipeline Natural Gas","Diesel Oil","Combustion turbine",,"Water Injection",,,"ARP, CSOSG2"
"AR","City Water & Light - City of Jonesboro",56505,"SN06",89828,,2023,749,749,28305,,0.091,0.0008,17105.2,0.059,16.081,0.1108,289845.9,"Pipeline Natural Gas","Diesel Oil","Combustion turbine",,"Water Injection",,,"ARP, CSOSG2"
"AR","City Water & Light - City of Jonesboro",56505,"SN07",89829,,2023,547,547,20296,,0.067,0.0008,12438.8,0.0588,10.545,0.0999,210904.1,"Pipeline Natural Gas",,"Combustion turbine",,"Water Injection",,,"ARP, CSOSG2"
"CA","Colusa Generating Station",56532,"CT1",90561,,2023,5508,5405.05,1488147.09,,3.201,0.001,634111.2,0.059,20.884,0.0064,10670170.669,"Pipeline Natural Gas",,"Combined cycle",,"Dry Low NOx Burners|Selective Catalytic Reduction",,,"ARP"
"CA","Colusa Generating Station",56532,"CT2",90562,,2023,5694,5583.41,1524860.58,,3.275,0.001,648668.818,0.0589,24.54,0.007,10915114.01,"Pipeline Natural Gas",,"Combined cycle",,"Dry Low NOx Burners|Selective Catalytic Reduction",,,"ARP"
"KY","Paducah Power Systems Plant 1",56556,"EU01A",90590,,2023,1331,1104.92,25957.73,,0.088,0.001,17425.856,0.0593,13.37,0.1025,293190.982,"Pipeline Natural Gas",,"Combustion turbine",,"Water Injection",,,"ARP, CSNOX, CSOSG2E, CSSO2G1"
"KY","Paducah Power Systems Plant 1",56556,"EU01B",90591,,2023,1322,1093.56,26866.6,,0.091,0.001,17984.148,0.0593,13.695,0.0987,302631.051,"Pipeline Natural Gas",,"Combustion turbine",,"Water Injection",,,"ARP, CSNOX, CSOSG2E, CSSO2G1"
"KY","Paducah Power Systems Plant 1",56556,"EU02A",90592,,2023,1225,1013.05,23945.88,,0.08,0.001,15769.847,0.0593,11.93,0.1001,265356.421,"Pipeline Natural Gas",,"Combustion turbine",,"Water Injection",,,"ARP, CSNOX, CSOSG2E, CSSO2G1"
"KY","Paducah Power Systems Plant 1",56556,"EU02B",90593,,2023,1222,1010.64,24787.75,,0.082,0.001,16236.164,0.0594,12.305,0.1017,273166.945,"Pipeline Natural Gas",,"Combustion turbine",,"Water Injection",,,"ARP, CSNOX, CSOSG2E, CSSO2G1"
"AR","John W. Turk Jr. Power Plant",56564,"SN-01",90325,,2023,7150,7133.95,3354434.4,,571.808,0.0385,3166856.139,0.105,612.334,0.0418,30195081.011,"Coal",,"Dry bottom wall-fired boiler","Dry Lime FGD","Low NOx Burner Technology w/ Overfire Air|Selective Catalytic Reduction","Baghouse","Halogenated PAC Sorbent Injection","ARP, CSOSG2, MATS"
"CA","Niland Gas Turbine Plant",56569,"1",90279,,2023,1248,1002.52,42201.86,,0.117,0.001,23216.902,0.0593,2.053,0.0171,390647.829,"Pipeline Natural Gas",,"Combustion turbine",,"Dry Low NOx Burners|Selective Catalytic Reduction",,,"ARP"
"CA","Niland Gas Turbine Plant",56569,"2",90280,,2023,1443,1177.13,49271.71,,0.14,0.001,27744.914,0.0592,2.336,0.0176,466845.611,"Pipeline Natural Gas",,"Combustion turbine",,"Dry Low NOx Burners|Selective Catalytic Reduction",,,"ARP"
"WY","Wygen III",56596,"001",90109,,2023,8450,8434.91,880896.33,,182.289,0.0389,956642.235,0.105,203.038,0.0475,9121300.135,"Coal",,"Dry bottom wall-fired boiler","Dry Lime FGD","Low NOx Burner Technology (Dry Bottom only)|Selective Catalytic Reduction","Baghouse",,"ARP, MATS"
"TX","San Jacinto County Peaking Facility",56603,"SJCCT1",91257,,2023,1228,1055.79,64014.78,,0.244,0.001,48232.446,0.059,9.541,0.034,811604.184,"Pipeline Natural Gas",,"Combustion turbine",,"Dry Low NOx Burners",,,"ARP, CSOSG2"
"TX","San Jacinto County Peaking Facility",56603,"SJCCT2",91258,,2023,990,840.87,50600.73,,0.193,0.001,38270.761,0.059,8.064,0.0348,643966.883,"Pipeline Natural Gas",,"Combustion turbine",,"Dry Low NOx Burners",,,"ARP, CSOSG2"
"TX","Hardin County Peaking Facility",56604,"HCCT1",91256,,2023,1142,998.16,67492.78,,0.247,0.001,49013.827,0.059,12.291,0.0369,824784.78,"Pipeline Natural Gas",,"Combustion turbine",,"Dry Low NOx Burners",,,"ARP, CSOSG2"
"TX","Hardin County Peaking Facility",56604,"HCCT2",91259,,2023,1045,910.12,61906.1,,0.227,0.001,44929.673,0.059,11.17,0.037,756049.275,"Pipeline Natural Gas",,"Combustion turbine",,"Dry Low NOx Burners",,,"ARP, CSOSG2"
"MT","Culbertson Station",56606,"CT01",90550,,2023,6072,5850.64,327800.32,,0.767,0.001,151914.924,0.0592,108.915,0.0863,2556323.124,"Pipeline Natural Gas",,"Combustion turbine",,"Water Injection",,,"ARP"
"WY","Dry Fork Station",56609,"01",90531,,2023,7905,7876.25,3163235.49,,886.48,0.0617,3106072.964,0.105,652.002,0.0457,29615474.274,"Coal",,"Dry bottom wall-fired boiler","Dry Lime FGD","Selective Catalytic Reduction","Baghouse","Halogenated PAC Sorbent Injection|Regenerative Activated Coke Technology","ARP, MATS"
"SD","Deer Creek Station",56610,"01",90691,,2023,5131,5016.36,1089102.3,,2.563,0.001,507685.066,0.059,45.945,0.0145,8542763.054,"Pipeline Natural Gas",,"Combined cycle",,"Selective Catalytic Reduction",,,"ARP"
"TX","Sandy Creek Energy Station",56611,"S01",90551,,2023,7200,7195.31,3549352.76,,1697.135,0.0981,3780874.034,0.104,752.568,0.0415,36169509.511,"Coal",,"Dry bottom wall-fired boiler","Dry Lime FGD","Selective Catalytic Reduction","Baghouse","Halogenated PAC Sorbent Injection","ARP, CSOSG2, MATS"
"CT","Waterbury Generation",56629,"10",90207,,2023,851,569.24,41268.13,,0.117,0.001,23524.695,0.0591,2.33,0.0202,395452.386,"Pipeline Natural Gas","Diesel Oil","Combustion turbine",,"Water Injection|Selective Catalytic Reduction",,,"ARP, RGGI, SIPNOX"
"CA","Midway Peaking",56639,"1",90382,,2023,256,206.88,9501.53,,0.032,0.001,6240.071,0.0592,0.685,0.0172,105008.258,"Pipeline Natural Gas",,"Combustion turbine",,"Water Injection|Ammonia Injection|Selective Catalytic Reduction",,,"ARP"
"CA","Midway Peaking",56639,"2",90383,,2023,295,235.92,10934.89,,0.037,0.001,7280.604,0.0592,0.638,0.0149,122509.974,"Pipeline Natural Gas",,"Combustion turbine",,"Water Injection|Ammonia Injection|Selective Catalytic Reduction",,,"ARP"
"MD","NIH Cogeneration Facility",56668,"CGTC",91302,,2023,8110,8098.13,185285.96,,,,,,41.818,0.0392,2138632.344,"Pipeline Natural Gas","Diesel Oil","Combustion turbine",,"Dry Low NOx Burners|Water Injection",,,"SIPNOX"
"WV","Longview Power",56671,"001",90398,,2023,6846,6829.56,4360908.35,,1599.664,0.0883,3827911.177,0.103,1175.691,0.0645,37309141.287,"Coal",,"Dry bottom wall-fired boiler","Other|Wet Limestone","Low NOx Burner Technology w/ Overfire Air|Selective Catalytic Reduction","Baghouse",,"ARP, CSNOX, CSOSG2E, CSSO2G1, MATS"
"TX","Winchester Power Park",56674,"1",90317,,2023,626,521.71,18051.6,,0.049,0.001,9802.343,0.0593,0.959,0.0237,164938.111,"Pipeline Natural Gas",,"Combustion turbine",,"Selective Catalytic Reduction",,,"ARP, CSOSG2"
"TX","Winchester Power Park",56674,"2",90318,,2023,810,679.52,22347.17,,0.063,0.001,12459.567,0.0593,0.983,0.0117,209659.717,"Pipeline Natural Gas",,"Combustion turbine",,"Selective Catalytic Reduction",,,"ARP, CSOSG2"
"TX","Winchester Power Park",56674,"3",90319,,2023,904,759.14,25802.48,,0.072,0.001,14161.174,0.0593,1.202,0.0135,238304.265,"Pipeline Natural Gas",,"Combustion turbine",,"Selective Catalytic Reduction",,,"ARP, CSOSG2"
"TX","Winchester Power Park",56674,"4",90320,,2023,917,758.06,25106.36,,0.07,0.001,13898.38,0.0593,1.178,0.013,233882.498,"Pipeline Natural Gas",,"Combustion turbine",,"Selective Catalytic Reduction",,,"ARP, CSOSG2"
"ND","Spiritwood Station",56786,"001",90511,,2023,8199,8186.54,,2879883.73,5.756,0.0027,297952.481,0.0732,171.824,0.0875,4054340.241,"Coal","Liquified Petroleum Gas, Pipeline Natural Gas","Circulating fluidized bed boiler","Dry Lime FGD|Fluidized Bed Limestone Injection","Overfire Air|Selective Non-catalytic Reduction","Baghouse","Untreated PAC Sorbent Injection","ARP, MATS"
"CT","Kleen Energy Systems Project",56798,"U1",90386,,2023,5955,5921.05,1593734.47,,3.314,0.001,640465.73,0.058,37.879,0.0079,11045479.153,"Pipeline Natural Gas","Diesel Oil","Combined cycle",,"Dry Low NOx Burners|Water Injection|Selective Catalytic Reduction",,,"ARP, RGGI, SIPNOX"
"CT","Kleen Energy Systems Project",56798,"U2",90387,,2023,4322,4305.8,1180818.08,,2.449,0.001,473555.006,0.0581,26.966,0.0074,8157192.888,"Pipeline Natural Gas","Diesel Oil","Combined cycle",,"Dry Low NOx Burners|Water Injection|Selective Catalytic Reduction",,,"ARP, RGGI, SIPNOX"
"FL","Greenland Energy Center",56799,"1",90380,,2023,2271,2113.92,309376.84,,0.989,0.001,195943.526,0.059,49.228,0.0346,3296862.938,"Pipeline Natural Gas","Diesel Oil","Combustion turbine",,"Dry Low NOx Burners|Water Injection",,,"ARP"
"FL","Greenland Energy Center",56799,"2",90381,,2023,1850,1692.54,248852.9,,0.796,0.001,157664.472,0.059,40.68,0.0357,2652587.505,"Pipeline Natural Gas","Diesel Oil","Combustion turbine",,"Dry Low NOx Burners|Water Injection",,,"ARP"
"CA","Panoche Energy Center",56803,"1",90388,,2023,2152,1916.08,178619.18,,0.473,0.001,92440.292,0.059,7.264,0.0121,1577790.043,"Pipeline Natural Gas",,"Combustion turbine",,"Water Injection|Selective Catalytic Reduction",,,"ARP"
"CA","Panoche Energy Center",56803,"2",90389,,2023,1568,1379.44,130604.73,,0.35,0.001,68472.594,0.059,6.235,0.0161,1168058.68,"Pipeline Natural Gas",,"Combustion turbine",,"Water Injection|Selective Catalytic Reduction",,,"ARP"
"CA","Panoche Energy Center",56803,"3",90390,,2023,1887,1670.17,160553.8,,0.426,0.001,83208.114,0.059,7.463,0.0175,1419765.266,"Pipeline Natural Gas",,"Combustion turbine",,"Water Injection|Selective Catalytic Reduction",,,"ARP"
"CA","Panoche Energy Center",56803,"4",90391,,2023,2565,2284.49,217537.12,,0.585,0.001,114271.948,0.059,10.149,0.014,1950052.865,"Pipeline Natural Gas",,"Combustion turbine",,"Water Injection|Selective Catalytic Reduction",,,"ARP"
"TX","Cedar Bayou 4",56806,"CBY41",90407,,2023,4900,4855.43,686387.79,,2.072,0.001,410411.055,0.059,38.046,0.013,6905979.713,"Pipeline Natural Gas",,"Combined cycle",,"Dry Low NOx Burners|Selective Catalytic Reduction",,,"ARP, CSOSG2"
"TX","Cedar Bayou 4",56806,"CBY42",90408,,2023,3987,3913.5,565762.74,,1.702,0.001,337133.683,0.059,30.563,0.0126,5672877.536,"Pipeline Natural Gas",,"Combined cycle",,"Dry Low NOx Burners|Selective Catalytic Reduction",,,"ARP, CSOSG2"
"VA","Bear Garden Generating Station",56807,"1A",90440,,2023,6371,6356.61,1570025.41,,3.195,0.001,632969.949,0.0591,38.997,0.008,10648257.775,"Pipeline Natural Gas","Diesel Oil","Combined cycle",,"Dry Low NOx Burners|Water Injection|Selective Catalytic Reduction",,,"ARP, CSNOX, CSOSG3, CSSO2G1, RGGI"
"VA","Bear Garden Generating Station",56807,"1B",90441,,2023,6350,6338.03,1566668.4,,3.17,0.001,627922.126,0.059,36.045,0.0074,10563112.623,"Pipeline Natural Gas","Diesel Oil","Combined cycle",,"Dry Low NOx Burners|Water Injection|Selective Catalytic Reduction",,,"ARP, CSNOX, CSOSG3, CSSO2G1, RGGI"
"VA","Virginia City Hybrid Energy Center",56808,"1",90448,,2023,1452,1445.94,,2092236.67,13.1,0.0088,320795.464,0.1022,110.232,0.0721,3127480.337,"Coal","Coal Refuse, Wood","Circulating fluidized bed boiler","Dry Lime FGD|Fluidized Bed Limestone Injection","Selective Non-catalytic Reduction","Baghouse",,"ARP, CSNOX, CSOSG3, CSSO2G1, MATS, RGGI"
"VA","Virginia City Hybrid Energy Center",56808,"2",90449,,2023,2765,2756.65,,3715057.28,59.852,0.0674,598638.696,0.1023,216.056,0.0755,5828339.914,"Coal","Coal Refuse, Wood","Circulating fluidized bed boiler","Dry Lime FGD|Fluidized Bed Limestone Injection","Selective Non-catalytic Reduction","Baghouse",,"ARP, CSNOX, CSOSG3, CSSO2G1, MATS, RGGI"
"MD","CPV St. Charles Energy Center",56846,"GT1",91104,,2023,7566,7472.68,1771179.78,,4.537,0.001,898716.723,0.059,26.769,0.0038,15122493.378,"Pipeline Natural Gas",,"Combined cycle",,"Dry Low NOx Burners|Selective Catalytic Reduction",,,"ARP, CSNOX, CSOSG3, CSSO2G1, RGGI"
"MD","CPV St. Charles Energy Center",56846,"GT2",91105,,2023,7344,7227.65,1717146.83,,4.38,0.001,867645.328,0.059,25.677,0.0038,14599673.229,"Pipeline Natural Gas",,"Combined cycle",,"Dry Low NOx Burners|Selective Catalytic Reduction",,,"ARP, CSNOX, CSOSG3, CSSO2G1, RGGI"
"MT","Dave Gates Generating Station",56908,"1A",90619,"CS1",2023,5053,4899.06,96735.92,,0.313,0.001,62014.954,0.0594,8.036,0.0152,1043510.527,"Pipeline Natural Gas","Diesel Oil","Combustion turbine",,"Water Injection|Selective Catalytic Reduction",,,"ARP"
"MT","Dave Gates Generating Station",56908,"1B",90620,"CS1",2023,5062,4909.07,96215.89,,0.311,0.001,61662.965,0.0593,7.984,0.0152,1037611.736,"Pipeline Natural Gas","Diesel Oil","Combustion turbine",,"Water Injection|Selective Catalytic Reduction",,,"ARP"
"MT","Dave Gates Generating Station",56908,"2A",90621,"CS2",2023,5873,5722.04,111216.22,,0.364,0.001,72119.649,0.0594,9.982,0.0166,1213568.427,"Pipeline Natural Gas","Diesel Oil","Combustion turbine",,"Water Injection|Selective Catalytic Reduction",,,"ARP"
"MT","Dave Gates Generating Station",56908,"2B",90622,"CS2",2023,5872,5718.19,110530.18,,0.362,0.001,71668.82,0.0594,9.87,0.0165,1205943.187,"Pipeline Natural Gas","Diesel Oil","Combustion turbine",,"Water Injection|Selective Catalytic Reduction",,,"ARP"
"MT","Dave Gates Generating Station",56908,"3A",90623,"CS3",2023,3485,3429.89,73677.94,,0.231,0.001,45834.518,0.0594,6.766,0.0178,771231.713,"Pipeline Natural Gas","Diesel Oil","Combustion turbine",,"Water Injection|Selective Catalytic Reduction",,,"ARP"
"MT","Dave Gates Generating Station",56908,"3B",90624,"CS3",2023,3481,3430.19,76192.11,,0.24,0.001,47561.205,0.0593,7.004,0.0178,800269.43,"Pipeline Natural Gas","Diesel Oil","Combustion turbine",,"Water Injection|Selective Catalytic Reduction",,,"ARP"
"CA","Orange Grove Project",56914,"CTG1",90426,,2023,355,258.17,9135.07,,0.028,0.001,5606.413,0.0593,0.52,0.018,94333.479,"Pipeline Natural Gas",,"Combustion turbine",,"Water Injection|Ammonia Injection|Selective Catalytic Reduction",,,"ARP"
"CA","Orange Grove Project",56914,"CTG2",90427,,2023,367,269.18,9867.1,,0.03,0.001,5897.085,0.0592,0.542,0.0164,99247.222,"Pipeline Natural Gas",,"Combustion turbine",,"Water Injection|Ammonia Injection|Selective Catalytic Reduction",,,"ARP"
"NY","Valley Energy Center",56940,"1",90434,,2023,6947,6922.84,2202570.27,,4.58,0.001,882027.105,0.058,45.857,0.0064,15267542.761,"Pipeline Natural Gas","Diesel Oil","Combined cycle",,"Selective Catalytic Reduction",,,"ARP, CSNOX, CSOSG3, CSSO2G1, RGGI"
"NY","Valley Energy Center",56940,"2",90435,,2023,6759,6738.5,2170312.09,,4.508,0.001,868067.737,0.058,45.356,0.0063,15026004.437,"Pipeline Natural Gas","Diesel Oil","Combined cycle",,"Selective Catalytic Reduction",,,"ARP, CSNOX, CSOSG3, CSSO2G1, RGGI"
"AZ","Coolidge Generating Station",56948,"CT01",90464,,2023,619,483.68,18184.25,,0.057,0.001,11235.516,0.0593,1.768,0.0225,189054.203,"Pipeline Natural Gas",,"Combustion turbine",,"Water Injection|Selective Catalytic Reduction",,,"ARP"
"AZ","Coolidge Generating Station",56948,"CT02",90465,,2023,843,655.02,24945.1,,0.077,0.001,15306.865,0.0593,2.456,0.0216,257572.129,"Pipeline Natural Gas",,"Combustion turbine",,"Water Injection|Selective Catalytic Reduction",,,"ARP"
"AZ","Coolidge Generating Station",56948,"CT03",90466,,2023,847,658.35,25086.58,,0.077,0.001,15305.157,0.0593,2.437,0.0222,257522.858,"Pipeline Natural Gas",,"Combustion turbine",,"Water Injection|Selective Catalytic Reduction",,,"ARP"
"AZ","Coolidge Generating Station",56948,"CT04",90467,,2023,810,636.95,24036.63,,0.074,0.001,14678.821,0.0593,2.391,0.0217,246980.312,"Pipeline Natural Gas",,"Combustion turbine",,"Water Injection|Selective Catalytic Reduction",,,"ARP"
"AZ","Coolidge Generating Station",56948,"CT05",90468,,2023,1464,1172.37,46478.24,,0.141,0.001,27965.263,0.0592,4.432,0.0215,470591.678,"Pipeline Natural Gas",,"Combustion turbine",,"Water Injection|Selective Catalytic Reduction",,,"ARP"
"AZ","Coolidge Generating Station",56948,"CT06",90469,,2023,1454,1157.59,45501.58,,0.14,0.001,27644.758,0.0592,4.49,0.0219,465160.3,"Pipeline Natural Gas",,"Combustion turbine",,"Water Injection|Selective Catalytic Reduction",,,"ARP"
"AZ","Coolidge Generating Station",56948,"CT07",90470,,2023,1447,1161.3,46111.48,,0.138,0.001,27376.003,0.0592,4.877,0.0248,460632.011,"Pipeline Natural Gas",,"Combustion turbine",,"Water Injection|Selective Catalytic Reduction",,,"ARP"
"AZ","Coolidge Generating Station",56948,"CT08",90471,,2023,1361,1104.49,43293.96,,0.131,0.001,25995.232,0.0592,4.433,0.0223,437443.189,"Pipeline Natural Gas",,"Combustion turbine",,"Water Injection|Selective Catalytic Reduction",,,"ARP"
"AZ","Coolidge Generating Station",56948,"CT09",90472,,2023,1209,919.04,36158.67,,0.109,0.001,21572.544,0.0592,3.736,0.0229,362990.141,"Pipeline Natural Gas",,"Combustion turbine",,"Water Injection|Selective Catalytic Reduction",,,"ARP"
"AZ","Coolidge Generating Station",56948,"CT10",90473,,2023,1375,1050.47,41058.18,,0.126,0.001,24930.991,0.0593,4.386,0.0249,419503.724,"Pipeline Natural Gas",,"Combustion turbine",,"Water Injection|Selective Catalytic Reduction",,,"ARP"
"AZ","Coolidge Generating Station",56948,"CT11",90474,,2023,1452,1121.69,44062.25,,0.135,0.001,26832.72,0.0592,5.172,0.0258,451506.184,"Pipeline Natural Gas",,"Combustion turbine",,"Water Injection|Selective Catalytic Reduction",,,"ARP"
"AZ","Coolidge Generating Station",56948,"CT12",90475,,2023,1473,1138.59,44560.54,,0.136,0.001,26983.752,0.0592,4.332,0.0217,454048.166,"Pipeline Natural Gas",,"Combustion turbine",,"Water Injection|Selective Catalytic Reduction",,,"ARP"
"NJ","West Deptford Energy Station",56963,"E101",90891,,2023,4234,4062.4,1149805.83,,2.518,0.001,498852.948,0.059,31.194,0.0108,8394120.668,"Pipeline Natural Gas",,"Combined cycle",,"Dry Low NOx Burners|Selective Catalytic Reduction",,,"ARP, CSNOX, CSOSG3, CSSO2G1, RGGI"
"NJ","West Deptford Energy Station",56963,"E102",90892,,2023,3918,3728.65,1089832.82,,2.372,0.001,469809.547,0.059,33.666,0.0134,7905449.228,"Pipeline Natural Gas",,"Combined cycle",,"Dry Low NOx Burners|Selective Catalytic Reduction",,,"ARP, CSNOX, CSOSG3, CSSO2G1, RGGI"
"NJ","Bayonne Energy Center",56964,"GT1",90481,,2023,2371,1917,104165.57,,0.288,0.0009,58898.401,0.0592,3.085,0.0105,991102.677,"Pipeline Natural Gas","Diesel Oil","Combustion turbine",,"Water Injection|Ammonia Injection|Selective Catalytic Reduction",,,"ARP, CSNOX, CSOSG3, CSSO2G1, RGGI"
"NJ","Bayonne Energy Center",56964,"GT10",91188,,2023,2624,2043.26,108329.85,,0.312,0.001,61885.295,0.0592,4.439,0.0181,1041396.582,"Pipeline Natural Gas","Diesel Oil","Combustion turbine",,"Water Injection|Ammonia Injection|Selective Catalytic Reduction",,,"ARP, CSNOX, CSOSG3, CSSO2G1, RGGI"
"NJ","Bayonne Energy Center",56964,"GT2",90482,,2023,1904,1496.46,78668.18,,0.217,0.0009,44769.012,0.0592,2.422,0.0103,753319.736,"Pipeline Natural Gas","Diesel Oil","Combustion turbine",,"Water Injection|Ammonia Injection|Selective Catalytic Reduction",,,"ARP, CSNOX, CSOSG3, CSSO2G1, RGGI"
"NJ","Bayonne Energy Center",56964,"GT3",90483,,2023,1213,922.83,48032.66,,0.135,0.0009,27795.082,0.0592,1.422,0.011,467707.565,"Pipeline Natural Gas","Diesel Oil","Combustion turbine",,"Water Injection|Ammonia Injection|Selective Catalytic Reduction",,,"ARP, CSNOX, CSOSG3, CSSO2G1, RGGI"
"NJ","Bayonne Energy Center",56964,"GT4",90484,,2023,1816,1487.59,81291.79,,0.221,0.001,46011.743,0.0592,2.472,0.0097,774216.805,"Pipeline Natural Gas","Diesel Oil","Combustion turbine",,"Water Injection|Ammonia Injection|Selective Catalytic Reduction",,,"ARP, CSNOX, CSOSG3, CSSO2G1, RGGI"
"NJ","Bayonne Energy Center",56964,"GT5",90485,,2023,977,767.37,38916.01,,0.111,0.001,22498.753,0.0592,1.303,0.0113,378586.207,"Pipeline Natural Gas","Diesel Oil","Combustion turbine",,"Water Injection|Ammonia Injection|Selective Catalytic Reduction",,,"ARP, CSNOX, CSOSG3, CSSO2G1, RGGI"
"NJ","Bayonne Energy Center",56964,"GT6",90486,,2023,1021,760.91,40232.49,,0.11,0.001,22850.162,0.0592,1.254,0.011,384491.139,"Pipeline Natural Gas","Diesel Oil","Combustion turbine",,"Water Injection|Ammonia Injection|Selective Catalytic Reduction",,,"ARP, CSNOX, CSOSG3, CSSO2G1, RGGI"
"NJ","Bayonne Energy Center",56964,"GT7",90487,,2023,2220,1715.53,90385.3,,0.245,0.0009,50975.055,0.0592,2.767,0.011,857756.139,"Pipeline Natural Gas","Diesel Oil","Combustion turbine",,"Water Injection|Ammonia Injection|Selective Catalytic Reduction",,,"ARP, CSNOX, CSOSG3, CSSO2G1, RGGI"
"NJ","Bayonne Energy Center",56964,"GT8",90488,,2023,1737,1380.66,73714.01,,0.199,0.0009,41605.394,0.0592,2.238,0.0105,700062.133,"Pipeline Natural Gas","Diesel Oil","Combustion turbine",,"Water Injection|Ammonia Injection|Selective Catalytic Reduction",,,"ARP, CSNOX, CSOSG3, CSSO2G1, RGGI"
"NJ","Bayonne Energy Center",56964,"GT9",91187,,2023,2469,1959.59,103494.07,,0.299,0.001,59284.321,0.0592,4.308,0.0202,997569.893,"Pipeline Natural Gas","Diesel Oil","Combustion turbine",,"Water Injection|Ammonia Injection|Selective Catalytic Reduction",,,"ARP, CSNOX, CSOSG3, CSSO2G1, RGGI"
"CO","Pueblo Airport Generating Station",56998,"CT01",90496,,2023,6554,6370.54,345622.6,,1.007,0.001,199515.507,0.0591,18.929,0.0118,3357215.415,"Pipeline Natural Gas",,"Combustion turbine",,"Water Injection|Selective Catalytic Reduction",,,"ARP"
"CO","Pueblo Airport Generating Station",56998,"CT02",90497,,2023,2033,1856.61,93330.72,,0.272,0.001,53881.488,0.0592,5.382,0.0225,906654.904,"Pipeline Natural Gas",,"Combustion turbine",,"Water Injection|Selective Catalytic Reduction",,,"ARP"
"CO","Pueblo Airport Generating Station",56998,"CT04",90499,,2023,7625,7558.89,189861.88,,0.625,0.001,123808.272,0.0593,4.172,0.0045,2083263.584,"Pipeline Natural Gas",,"Combined cycle",,"Water Injection|Selective Catalytic Reduction",,,"ARP"
"CO","Pueblo Airport Generating Station",56998,"CT05",90557,,2023,8384,8337.92,216589.82,,0.699,0.001,138373.113,0.0593,2.952,0.0027,2328403.387,"Pipeline Natural Gas",,"Combined cycle",,"Water Injection|Selective Catalytic Reduction",,,"ARP"
"CO","Pueblo Airport Generating Station",56998,"CT06",90559,,2023,8180,8128.14,214426.87,,0.696,0.001,137829.012,0.0593,4.188,0.0038,2319381.789,"Pipeline Natural Gas",,"Combined cycle",,"Water Injection|Selective Catalytic Reduction",,,"ARP"
"CO","Pueblo Airport Generating Station",56998,"CT07",90560,,2023,8322,8284.31,214016.61,,0.699,0.001,138403.131,0.0593,2.874,0.0026,2328604.597,"Pipeline Natural Gas",,"Combined cycle",,"Water Injection|Selective Catalytic Reduction",,,"ARP"
"CO","Pueblo Airport Generating Station",56998,"CT08",90863,,2023,603,497.06,16530.43,,0.046,0.0008,8831.3,0.059,2.77,0.037,149687.4,"Pipeline Natural Gas",,"Combustion turbine",,"Selective Catalytic Reduction",,,"ARP"
"CA","El Cajon Energy Center",57001,"1",90510,,2023,376,263.53,7959.78,,0.026,0.001,5136.516,0.0593,1.094,0.0346,86432.068,"Pipeline Natural Gas",,"Combustion turbine",,"Water Injection|Selective Catalytic Reduction",,,"ARP"
"CA","Canyon Power Plant",57027,"1",90584,,2023,253,189.31,7020.63,,0.022,0.001,4275.691,0.0593,0.316,0.0139,71940.726,"Pipeline Natural Gas",,"Combustion turbine",,"Water Injection|Ammonia Injection",,,"ARP"
"CA","Canyon Power Plant",57027,"2",90585,,2023,891,676.87,27265.74,,0.083,0.001,16480.697,0.0592,1.082,0.0134,277317.271,"Pipeline Natural Gas",,"Combustion turbine",,"Water Injection|Ammonia Injection",,,"ARP"
"CA","Canyon Power Plant",57027,"3",90586,,2023,861,649.62,27437.12,,0.083,0.001,16391.023,0.0592,1.107,0.0129,275796.885,"Pipeline Natural Gas",,"Combustion turbine",,"Water Injection|Ammonia Injection",,,"ARP"
"CA","Canyon Power Plant",57027,"4",90587,,2023,1443,1111.2,44067.73,,0.137,0.001,27064.512,0.0593,1.783,0.0147,455389.202,"Pipeline Natural Gas",,"Combustion turbine",,"Water Injection|Ammonia Injection",,,"ARP"
"ID","Langley Gulch Power Plant",57028,"CT1",90518,,2023,5980,5972.29,1665315.2,,3.377,0.001,668919.1,0.059,34.939,0.0066,11255835.988,"Pipeline Natural Gas",,"Combined cycle",,"Dry Low NOx Burners|Selective Catalytic Reduction",,,"ARP"
"NC","Cleveland County Generating Facility",57029,"ES1",90576,,2023,781,669.65,120096.98,,0.369,0.001,73152.871,0.059,18.779,0.0389,1230291.46,"Pipeline Natural Gas","Diesel Oil","Combustion turbine",,"Dry Low NOx Burners|Water Injection",,,"ARP, CSNOX, CSSO2G1, SIPNOX"
"NC","Cleveland County Generating Facility",57029,"ES2",90577,,2023,1132,966.11,172332.15,,0.536,0.001,106080.36,0.0591,27.341,0.04,1784365.983,"Pipeline Natural Gas","Diesel Oil","Combustion turbine",,"Dry Low NOx Burners|Water Injection",,,"ARP, CSNOX, CSSO2G1, SIPNOX"
"NC","Cleveland County Generating Facility",57029,"ES3",90578,,2023,1396,1207.62,217896.52,,0.673,0.001,133312.307,0.059,33.351,0.0374,2242552.851,"Pipeline Natural Gas","Diesel Oil","Combustion turbine",,"Dry Low NOx Burners|Water Injection",,,"ARP, CSNOX, CSSO2G1, SIPNOX"
"NC","Cleveland County Generating Facility",57029,"ES4",90579,,2023,829,712.85,130830.25,,0.402,0.001,79606.848,0.059,19.986,0.037,1338982.864,"Pipeline Natural Gas","Diesel Oil","Combustion turbine",,"Dry Low NOx Burners|Water Injection",,,"ARP, CSNOX, CSSO2G1, SIPNOX"
"MS","David M Ratcliffe",57037,"AB-001",90830,,2023,6756,6726.32,1879571.79,,4.071,0.001,806371.826,0.059,73.396,0.0114,13568753.978,"Pipeline Natural Gas",,"Combined cycle",,"Selective Catalytic Reduction",,,"ARP, CSOSG2"
"MS","David M Ratcliffe",57037,"AB-002",90831,,2023,6867,6844.26,1920204.48,,4.124,0.001,816863.327,0.059,71.77,0.0109,13745267.513,"Pipeline Natural Gas",,"Combined cycle",,"Selective Catalytic Reduction",,,"ARP, CSOSG2"
"CA","Ivanpah 2",57073,"BLR1",90614,,2023,4751,4751,,,0.076,0.0003,20810,0.0585,1.946,0.0108,353229.5,"Pipeline Natural Gas",,"Other boiler",,,,,"ARP"
"CA","Ivanpah 1",57074,"BLR1",90615,,2023,6817,6817,,,0.098,0.0002,26225.7,0.0597,2.396,0.0102,443900,"Pipeline Natural Gas",,"Other boiler",,,,,"ARP"
"CA","Ivanpah 3",57075,"BLR1",90616,,2023,2022,2022,,,0.031,0.0003,8772.6,0.0592,0.818,0.011,148452.9,"Pipeline Natural Gas",,"Other boiler",,,,,"ARP"
"NY","Cricket Valley Energy Center",57185,"U001",91214,,2023,6312,6249.83,1834779.39,,3.787,0.001,750203.454,0.059,33.115,0.0059,12623500.902,"Pipeline Natural Gas",,"Combined cycle",,"Dry Low NOx Burners|Selective Catalytic Reduction",,,"ARP, CSNOX, CSOSG3, CSSO2G1, NSPS4T, RGGI"
"NY","Cricket Valley Energy Center",57185,"U002",91215,,2023,5761,5710.36,1661089.11,,3.419,0.001,677199.125,0.059,32.83,0.0067,11395022.308,"Pipeline Natural Gas",,"Combined cycle",,"Dry Low NOx Burners|Selective Catalytic Reduction",,,"ARP, CSNOX, CSOSG3, CSSO2G1, NSPS4T, RGGI"
"NY","Cricket Valley Energy Center",57185,"U003",91216,,2023,6426,6358.8,1812410.48,,3.736,0.001,740103.784,0.059,36.562,0.007,12453552.116,"Pipeline Natural Gas",,"Combined cycle",,"Dry Low NOx Burners|Selective Catalytic Reduction",,,"ARP, CSNOX, CSOSG3, CSSO2G1, NSPS4T, RGGI"
"FL","Deerhaven Renewable Energy Center",57241,"BFB1",90626,,2023,5506,5495.76,335657.36,,9.478,0.0054,478098.102,0.1043,138.335,0.06,4581911.068,"Wood",,"Bubbling fluidized bed boiler",,"Selective Catalytic Reduction","Baghouse",,"ARP"
"CA","Marsh Landing Generating Station",57267,"1",90637,,2023,185,151.42,25951.78,,0.085,0.001,16825.886,0.059,1.279,0.0136,283140.578,"Pipeline Natural Gas",,"Combustion turbine",,"Dry Low NOx Burners|Selective Catalytic Reduction",,,"ARP"
"CA","Marsh Landing Generating Station",57267,"2",90638,,2023,497,412.61,70991.8,,0.233,0.001,46067.142,0.059,3.152,0.0129,775166.742,"Pipeline Natural Gas",,"Combustion turbine",,"Dry Low NOx Burners|Selective Catalytic Reduction",,,"ARP"
"CA","Marsh Landing Generating Station",57267,"3",90639,,2023,254,210.06,33695.67,,0.112,0.001,22173.506,0.059,1.469,0.0137,373108.481,"Pipeline Natural Gas",,"Combustion turbine",,"Dry Low NOx Burners|Selective Catalytic Reduction",,,"ARP"
"CA","Marsh Landing Generating Station",57267,"4",90640,,2023,523,415.06,70857.52,,0.23,0.001,45643.13,0.059,2.762,0.0135,768033.238,"Pipeline Natural Gas",,"Combustion turbine",,"Dry Low NOx Burners|Selective Catalytic Reduction",,,"ARP"
"DE","Garrison Energy Center",57349,"1",90682,,2023,3868,3746,841063.8,,1.792,0.001,355078.901,0.0591,28.265,0.0184,5972400.801,"Pipeline Natural Gas","Diesel Oil","Combined cycle",,"Dry Low NOx Burners|Selective Catalytic Reduction",,,"ARP, RGGI, SIPNOX"
"CA","Sentinel Energy Center, LLC",57482,"1",90714,,2023,1159,931.38,74247.73,,0.207,0.001,41007.824,0.0591,4.07,0.0177,690019.515,"Pipeline Natural Gas",,"Combustion turbine",,"Water Injection|Selective Catalytic Reduction",,,"ARP"
"CA","Sentinel Energy Center, LLC",57482,"2",90715,,2023,1178,956.11,76187.93,,0.211,0.001,41776.031,0.059,4.202,0.0181,702971.81,"Pipeline Natural Gas",,"Combustion turbine",,"Water Injection|Selective Catalytic Reduction",,,"ARP"
"CA","Sentinel Energy Center, LLC",57482,"3",90716,,2023,1107,902.85,72485.86,,0.204,0.001,40384.93,0.0591,4.203,0.0186,679548.889,"Pipeline Natural Gas",,"Combustion turbine",,"Water Injection|Selective Catalytic Reduction",,,"ARP"
"CA","Sentinel Energy Center, LLC",57482,"4",90717,,2023,1138,910.26,74290.38,,0.204,0.001,40427.686,0.059,3.98,0.0181,680282.815,"Pipeline Natural Gas",,"Combustion turbine",,"Water Injection|Selective Catalytic Reduction",,,"ARP"
"CA","Sentinel Energy Center, LLC",57482,"5",90718,,2023,994,805.48,65416.83,,0.181,0.001,35787.075,0.0591,3.419,0.0169,602175.51,"Pipeline Natural Gas",,"Combustion turbine",,"Water Injection|Selective Catalytic Reduction",,,"ARP"
"CA","Sentinel Energy Center, LLC",57482,"6",90719,,2023,1126,902.21,74030.04,,0.205,0.001,40593.103,0.0591,3.772,0.0166,683031.587,"Pipeline Natural Gas",,"Combustion turbine",,"Water Injection|Selective Catalytic Reduction",,,"ARP"
"CA","Sentinel Energy Center, LLC",57482,"7",90720,,2023,1026,821.46,64575.86,,0.178,0.001,35334.724,0.0591,3.525,0.0173,594570.813,"Pipeline Natural Gas",,"Combustion turbine",,"Water Injection|Selective Catalytic Reduction",,,"ARP"
"CA","Sentinel Energy Center, LLC",57482,"8",90721,,2023,1101,895.41,73304.51,,0.201,0.001,39804.711,0.0591,3.982,0.0174,669793.28,"Pipeline Natural Gas",,"Combustion turbine",,"Water Injection|Selective Catalytic Reduction",,,"ARP"
"CA","Mariposa Energy Project",57483,"GT-1",90692,,2023,773,578.71,22585.64,,0.067,0.001,13178.196,0.0593,1.531,0.0336,221729.869,"Pipeline Natural Gas",,"Combustion turbine",,"Selective Catalytic Reduction",,,"ARP"
"CA","Mariposa Energy Project",57483,"GT-2",90693,,2023,801,594.41,23305.18,,0.067,0.001,13312.335,0.0593,1.528,0.0319,224011.253,"Pipeline Natural Gas",,"Combustion turbine",,"Selective Catalytic Reduction",,,"ARP"
"CA","Mariposa Energy Project",57483,"GT-3",90694,,2023,815,609.89,24546.79,,0.071,0.001,14018.574,0.0592,1.664,0.033,235887.217,"Pipeline Natural Gas",,"Combustion turbine",,"Selective Catalytic Reduction",,,"ARP"
"CA","Mariposa Energy Project",57483,"GT-4",90695,,2023,736,550.91,20757.41,,0.061,0.001,11994.343,0.0593,1.444,0.0325,201828.594,"Pipeline Natural Gas",,"Combustion turbine",,"Selective Catalytic Reduction",,,"ARP"
"CA","Walnut Creek Energy Park",57515,"GT1",90677,,2023,1415,1043,90028.19,,0.238,0.001,47071.511,0.0591,4.808,0.0256,792061.242,"Pipeline Natural Gas",,"Combustion turbine",,"Water Injection|Selective Catalytic Reduction",,,"ARP"
"CA","Walnut Creek Energy Park",57515,"GT2",90678,,2023,1009,759.06,64816.12,,0.171,0.001,33885.202,0.0591,2.975,0.0235,570170.935,"Pipeline Natural Gas",,"Combustion turbine",,"Water Injection|Selective Catalytic Reduction",,,"ARP"
"CA","Walnut Creek Energy Park",57515,"GT3",90679,,2023,1404,1037.5,88111.88,,0.232,0.001,46000.852,0.0591,4.458,0.0246,774080.37,"Pipeline Natural Gas",,"Combustion turbine",,"Water Injection|Selective Catalytic Reduction",,,"ARP"
"CA","Walnut Creek Energy Park",57515,"GT4",90680,,2023,1112,833.79,69300.52,,0.186,0.001,36832.308,0.0591,3.421,0.024,619763.833,"Pipeline Natural Gas",,"Combustion turbine",,"Water Injection|Selective Catalytic Reduction",,,"ARP"
"CA","Walnut Creek Energy Park",57515,"GT5",90681,,2023,1251,933.01,78365.04,,0.209,0.001,41474.413,0.0591,3.559,0.0231,697866.182,"Pipeline Natural Gas",,"Combustion turbine",,"Water Injection|Selective Catalytic Reduction",,,"ARP"
"CA","Pio Pico Energy Center LLC",57555,"CTG1",90696,,2023,585,422.09,31612.46,,0.09,0.001,17904.474,0.0591,1.623,0.0193,301272.439,"Pipeline Natural Gas",,"Combustion turbine",,"Water Injection|Selective Catalytic Reduction",,,"ARP"
"CA","Pio Pico Energy Center LLC",57555,"CTG2",90697,,2023,699,487.51,37942.33,,0.104,0.001,20608.928,0.0591,2.151,0.0245,346778.906,"Pipeline Natural Gas",,"Combustion turbine",,"Water Injection|Selective Catalytic Reduction",,,"ARP"
"CA","Pio Pico Energy Center LLC",57555,"CTG3",90698,,2023,649,469.3,36019.06,,0.1,0.001,19767.475,0.0591,1.957,0.0215,332622.019,"Pipeline Natural Gas",,"Combustion turbine",,"Water Injection|Selective Catalytic Reduction",,,"ARP"
"CA","Algonquin Power Sanger",57564,"8",91241,,2023,710,663.03,11847.78,,0.046,0.001,9067.842,0.0593,1.057,0.0161,152579.257,"Pipeline Natural Gas",,"Combined cycle",,"Water Injection|Selective Catalytic Reduction",,,"ARP"
"WY","Cheyenne Prairie Generating Station",57703,"CT01",90707,,2023,5356,5129.49,147605.29,,0.43,0.001,85194.502,0.0593,5.818,0.0083,1433567.34,"Pipeline Natural Gas",,"Combined cycle",,"Dry Low NOx Burners|Selective Catalytic Reduction",,,"ARP"
"WY","Cheyenne Prairie Generating Station",57703,"CT02",90708,,2023,5992,5721.6,168604.71,,0.51,0.001,100966.274,0.0593,6.85,0.0082,1698907.511,"Pipeline Natural Gas",,"Combined cycle",,"Dry Low NOx Burners|Selective Catalytic Reduction",,,"ARP"
"WY","Cheyenne Prairie Generating Station",57703,"CT03",90709,,2023,612,554.3,17130.56,,0.051,0.001,10099.735,0.0593,1.107,0.0147,169945.226,"Pipeline Natural Gas",,"Combustion turbine",,"Dry Low NOx Burners|Selective Catalytic Reduction",,,"ARP"
"IN","St. Joseph Energy Center LLC",57794,"CTG01A",90857,,2023,7342,7324.88,2605202.25,,5.255,0.001,1040991.077,0.059,61.656,0.0073,17516665.969,"Pipeline Natural Gas",,"Combined cycle",,"Dry Low NOx Burners|Selective Catalytic Reduction",,,"ARP, CSNOX, CSOSG3, CSSO2G1, NSPS4T"
"IN","St. Joseph Energy Center LLC",57794,"CTG01B",90856,,2023,6793,6780.08,2400678.26,,4.831,0.001,956916.633,0.059,56.044,0.0074,16101958.082,"Pipeline Natural Gas",,"Combined cycle",,"Dry Low NOx Burners|Selective Catalytic Reduction",,,"ARP, CSNOX, CSOSG3, CSSO2G1, NSPS4T"
"NJ","Woodbridge Energy Center",57839,"0001",90934,,2023,6913,6878.34,2026298.33,,3.913,0.001,770554.271,0.059,37.11,0.006,13041243.296,"Pipeline Natural Gas",,"Combined cycle",,"Dry Low NOx Burners|Selective Catalytic Reduction",,,"ARP, CSNOX, CSOSG3, CSSO2G1, RGGI"
"NJ","Woodbridge Energy Center",57839,"0002",90935,,2023,7041,7008.22,2087906.35,,4.147,0.001,816789.362,0.059,39.466,0.006,13823758.307,"Pipeline Natural Gas",,"Combined cycle",,"Dry Low NOx Burners|Selective Catalytic Reduction",,,"ARP, CSNOX, CSOSG3, CSSO2G1, RGGI"
"IN","Wabash River Highland Plant",57842,"1",720,,2023,2957,2746.99,430272.11,,1.351,0.001,267618.065,0.059,101.998,0.0556,4503184.741,"Pipeline Natural Gas",,"Combustion turbine",,"Dry Low NOx Burners",,,"ARP, CSNOX, CSOSG3, CSSO2G1"
"TX","Antelope Elk Energy Center",57865,"1",90949,,2023,2921,2653.23,400931.56,,1.156,0.001,229054.517,0.059,48.239,0.0279,3854239.478,"Pipeline Natural Gas",,"Combustion turbine",,"Dry Low NOx Burners",,,"ARP, CSOSG2"
"TX","Antelope Elk Energy Center",57865,"2",91029,,2023,2552,2289.37,357989.15,,1.035,0.001,205097.253,0.059,44.255,0.0283,3451175.396,"Pipeline Natural Gas",,"Combustion turbine",,"Dry Low NOx Burners",,,"ARP, CSOSG2"
"TX","Antelope Elk Energy Center",57865,"3",91030,,2023,1399,1228.35,184018.65,,0.54,0.001,107059.271,0.059,24.415,0.0322,1801481.66,"Pipeline Natural Gas",,"Combustion turbine",,"Dry Low NOx Burners",,,"ARP, CSOSG2"
"ND","Pioneer Generating Station",57881,"CT1",90805,,2023,5824,5540.73,191094.32,,0.611,0.001,121086.799,0.0592,12.445,0.0143,2037503.667,"Pipeline Natural Gas",,"Combustion turbine",,"Water Injection|Selective Catalytic Reduction",,,"ARP"
"ND","Pioneer Generating Station",57881,"CT2",90834,,2023,5818,5621.25,202153.52,,0.641,0.001,126873.582,0.0592,13.526,0.0146,2134902.962,"Pipeline Natural Gas",,"Combustion turbine",,"Water Injection|Selective Catalytic Reduction",,,"ARP"
"ND","Pioneer Generating Station",57881,"CT3",90835,,2023,2795,2679.5,98507.67,,0.305,0.001,60367.778,0.0592,5.313,0.0136,1015773.798,"Pipeline Natural Gas",,"Combustion turbine",,"Water Injection|Selective Catalytic Reduction",,,"ARP"
"ND","Lonesome Creek Station",57943,"CT1",90836,,2023,6834,6613.7,251674.46,,0.715,0.001,141685.028,0.0592,12.411,0.0121,2384106.071,"Pipeline Natural Gas",,"Combustion turbine",,"Dry Low NOx Burners|Selective Catalytic Reduction",,,"ARP"
"ND","Lonesome Creek Station",57943,"CT2",90837,,2023,6508,6346.2,236541.19,,0.665,0.001,131628.541,0.0593,12.33,0.0125,2214919.941,"Pipeline Natural Gas",,"Combustion turbine",,"Dry Low NOx Burners|Selective Catalytic Reduction",,,"ARP"
"ND","Lonesome Creek Station",57943,"CT3",90838,,2023,4834,4792.2,179396.15,,0.521,0.001,103184.991,0.0593,7.953,0.0095,1736245.619,"Pipeline Natural Gas",,"Combustion turbine",,"Dry Low NOx Burners|Selective Catalytic Reduction",,,"ARP"
"ND","Lonesome Creek Station",57943,"CT4",91086,,2023,4810,4647.06,168004.27,,0.482,0.001,95443.343,0.0592,10.544,0.014,1606088.448,"Pipeline Natural Gas",,"Combustion turbine",,"Dry Low NOx Burners|Selective Catalytic Reduction",,,"ARP"
"ND","Lonesome Creek Station",57943,"CT5",91087,,2023,4706,4523.02,171755.69,,0.471,0.001,93268.85,0.0593,9.173,0.0135,1569401.31,"Pipeline Natural Gas",,"Combustion turbine",,"Dry Low NOx Burners|Selective Catalytic Reduction",,,"ARP"
"ND","Lonesome Creek Station",57943,"CT6",91418,,2023,4496,4347.5,163684.07,,0.454,0.001,89870.961,0.0593,8.424,0.0126,1512260.303,"Pipeline Natural Gas",,"Combustion turbine",,"Dry Low NOx Burners|Selective Catalytic Reduction",,,"ARP"
"CA","Lodi Energy Center",57978,"CT1",90795,,2023,4325,4221.19,746207.24,,2.37,0.001,469564.288,0.059,23.428,0.0075,7901286.085,"Pipeline Natural Gas",,"Combined cycle",,"Selective Catalytic Reduction",,,"ARP"
"TX","Temple Power Station",58001,"CTG1",90804,,2023,6540,6525.42,1955593.26,,4.456,0.001,882637.383,0.059,52.71,0.0073,14852110.855,"Pipeline Natural Gas",,"Combined cycle",,"Dry Low NOx Burners|Selective Catalytic Reduction",,,"ARP, CSOSG2"
"TX","Temple Power Station",58001,"CTG2",90806,,2023,6243,6225.55,1869838.73,,4.266,0.001,844952.887,0.059,50.408,0.0072,14217976.039,"Pipeline Natural Gas",,"Combined cycle",,"Dry Low NOx Burners|Selective Catalytic Reduction",,,"ARP, CSOSG2"
"TX","Temple Power Station",58001,"CTG3",90807,,2023,5761,5742.4,1806120.99,,4.181,0.001,828159.657,0.059,49.335,0.0074,13935385.499,"Pipeline Natural Gas",,"Combined cycle",,"Dry Low NOx Burners|Selective Catalytic Reduction",,,"ARP, CSOSG2"
"TX","Temple Power Station",58001,"CTG4",90808,,2023,5708,5686.02,1798406.15,,4.099,0.001,812025.775,0.059,48.382,0.0074,13663909.356,"Pipeline Natural Gas",,"Combined cycle",,"Dry Low NOx Burners|Selective Catalytic Reduction",,,"ARP, CSOSG2"
"TX","Rayburn Energy Station",58005,"CTG1",90809,,2023,5078,5036.68,1540388.75,,3.301,0.001,653929.367,0.059,39.093,0.0077,11003666.383,"Pipeline Natural Gas",,"Combined cycle",,"Dry Low NOx Burners|Selective Catalytic Reduction",,,"ARP, CSOSG2"
"TX","Rayburn Energy Station",58005,"CTG2",90810,,2023,5451,5413.69,1667144.13,,3.585,0.001,710204.206,0.059,42.337,0.0075,11950591.397,"Pipeline Natural Gas",,"Combined cycle",,"Dry Low NOx Burners|Selective Catalytic Reduction",,,"ARP, CSOSG2"
"NH","Burgess BioPower",58054,"ST01",90824,,2023,8180,8173.95,560952.93,,17.051,0.005,844004.312,0.1042,247.219,0.0612,8087003.557,"Wood","Diesel Oil","Bubbling fluidized bed boiler","Other","Selective Catalytic Reduction","Baghouse",,"ARP"
"NJ","Newark Energy Center",58079,"U001",90911,,2023,6724,6643.81,1852548.48,,3.617,0.001,699574.796,0.058,40.189,0.0077,12057583.984,"Pipeline Natural Gas",,"Combined cycle",,"Selective Catalytic Reduction",,,"ARP, CSNOX, CSOSG3, CSSO2G1, RGGI"
"NJ","Newark Energy Center",58079,"U002",90912,,2023,6909,6868.84,1937497.36,,3.824,0.001,739470.665,0.058,39.673,0.007,12745588.717,"Pipeline Natural Gas",,"Combined cycle",,"Selective Catalytic Reduction",,,"ARP, CSNOX, CSOSG3, CSSO2G1, RGGI"
"CA","Delano Energy Center, LLC",58122,"GEN1",91268,,2023,123,79.94,2293.15,,0.007,0.001,1448.116,0.0593,0.1,0.0112,24364.659,"Pipeline Natural Gas",,"Combustion turbine",,"Water Injection|Selective Catalytic Reduction",,,"ARP"
"WI","Rothschild Biomass Cogeneration Facility",58124,"1",90829,,2023,7848,7835.84,,3000673.59,1.45,0.0009,477597.571,0.1036,178.15,0.0773,4581270.498,"Wood","Pipeline Natural Gas","Circulating fluidized bed boiler",,"Selective Non-catalytic Reduction","Baghouse",,"ARP, CSNOX, CSOSG3, CSSO2G1"
"NJ","Clayville",58235,"U1",90845,,2023,1745,1562.63,91265.49,,0.255,0.001,50601.678,0.0591,5.055,0.0193,851503.344,"Pipeline Natural Gas",,"Combustion turbine",,"Water Injection|Selective Catalytic Reduction",,,"ARP, CSNOX, CSOSG3, CSSO2G1, RGGI"
"IA","Marshalltown Generating Station",58236,"CT1",90919,,2023,5477,5370.69,1708494.23,,3.714,0.001,735646.526,0.059,47.572,0.0104,12378566.197,"Pipeline Natural Gas",,"Combined cycle",,"Dry Low NOx Burners|Selective Catalytic Reduction",,,"ARP, CSNOX, CSOSG2, CSSO2G1, NSPS4T"
"IA","Marshalltown Generating Station",58236,"CT2",90920,,2023,6333,6185.61,1951478.76,,4.258,0.001,843539.35,0.059,53.554,0.0105,14194123.867,"Pipeline Natural Gas",,"Combined cycle",,"Dry Low NOx Burners|Selective Catalytic Reduction",,,"ARP, CSNOX, CSOSG2, CSSO2G1, NSPS4T"
"VA","Brunswick County Power Station",58260,"1A",90888,,2023,5039,5019.43,2070989.78,,4.281,0.001,848041.704,0.059,41.471,0.0077,14270043.71,"Pipeline Natural Gas",,"Combined cycle",,"Dry Low NOx Burners|Selective Catalytic Reduction",,,"ARP, CSNOX, CSOSG3, CSSO2G1, RGGI"
"VA","Brunswick County Power Station",58260,"1B",90889,,2023,5285,5277.96,2176590,,4.507,0.001,892725.413,0.059,42.52,0.0067,15021892.612,"Pipeline Natural Gas",,"Combined cycle",,"Dry Low NOx Burners|Selective Catalytic Reduction",,,"ARP, CSNOX, CSOSG3, CSSO2G1, RGGI"
"VA","Brunswick County Power Station",58260,"1C",90890,,2023,5219,5201.68,2214055.52,,4.57,0.001,905209.156,0.059,44.807,0.0075,15231965.495,"Pipeline Natural Gas",,"Combined cycle",,"Dry Low NOx Burners|Selective Catalytic Reduction",,,"ARP, CSNOX, CSOSG3, CSSO2G1, RGGI"
"NM","La Luz Energy Center",58284,"1",90843,,2023,2252,1991.66,70512.65,,0.202,0.001,39932.566,0.0593,3.444,0.0202,671930.316,"Pipeline Natural Gas",,"Combustion turbine",,"Dry Low NOx Burners|Selective Catalytic Reduction",,,"ARP"
"OK","Charles D Lamb Energy Center",58325,"1",90933,,2023,2748,2513.3,215170.77,,0.791,0.001,156763.897,0.059,47.443,0.0435,2637847.803,"Pipeline Natural Gas",,"Combustion turbine",,"Dry Low NOx Burners",,,"ARP, CSOSG2"
"TX","Carbon Capture Plant",58378,"CTHRSG",90816,,2023,2277,2264.74,182825.67,,0.679,0.001,134977.634,0.059,6.31,0.0057,2271220.827,"Pipeline Natural Gas",,"Combustion turbine",,"Selective Catalytic Reduction|Dry Low NOx Burners",,,"ARP, CSOSG2"
"PA","Hamilton Liberty Generation Plant",58420,"CT1",90864,,2023,8194,8189.92,3161515.15,,6.329,0.001,1253794.846,0.059,67.454,0.0064,21097491.396,"Pipeline Natural Gas",,"Combined cycle",,"Dry Low NOx Burners|Selective Catalytic Reduction",,,"ARP, CSNOX, CSOSG3, CSSO2G1, RGGI"
"PA","Hamilton Liberty Generation Plant",58420,"CT2",90865,,2023,8220,8216.46,3136807.32,,6.263,0.001,1240675.812,0.059,65.44,0.0063,20876733.668,"Pipeline Natural Gas",,"Combined cycle",,"Dry Low NOx Burners|Selective Catalytic Reduction",,,"ARP, CSNOX, CSOSG3, CSSO2G1, RGGI"
"PA","Hamilton Patriot Generation Plant",58426,"CT1",90868,,2023,8053,8046.11,3261455.31,,6.356,0.001,1259127.814,0.059,66.756,0.0065,21187267.343,"Pipeline Natural Gas",,"Combined cycle",,"Dry Low NOx Burners|Selective Catalytic Reduction",,,"ARP, CSNOX, CSOSG3, CSSO2G1, RGGI"
"PA","Hamilton Patriot Generation Plant",58426,"CT2",90869,,2023,8363,8355.42,3223677.83,,6.278,0.001,1243692.282,0.059,63.865,0.0062,20927520.187,"Pipeline Natural Gas",,"Combined cycle",,"Dry Low NOx Burners|Selective Catalytic Reduction",,,"ARP, CSNOX, CSOSG3, CSSO2G1, RGGI"
"MI","Lansing BWL REO Town Plant",58427,"100",90870,,2023,5400,5380.42,205303.03,,0.54,0.001,106919.517,0.0593,62.01,0.0683,1799103.79,"Pipeline Natural Gas",,"Combined cycle",,"Dry Low NOx Burners",,,"ARP, CSNOX, CSOSG3, CSSO2G1"
"MI","Lansing BWL REO Town Plant",58427,"200",90871,,2023,7302,7263.73,286418.23,,0.748,0.001,148212.648,0.0592,73.762,0.0589,2494066.267,"Pipeline Natural Gas",,"Combined cycle",,"Dry Low NOx Burners",,,"ARP, CSNOX, CSOSG3, CSSO2G1"
"TX","Ector County Energy Center",58471,"CT-1",90984,,2023,1701,1519.02,201404.68,,1.607,0.001,136455.074,0.0591,37.521,0.0383,2296138.883,"Natural Gas",,"Combustion turbine",,"Dry Low NOx Burners",,,"ARP, CSOSG2"
"TX","Ector County Energy Center",58471,"CT-2",90985,,2023,1975,1765.74,232278.5,,1.869,0.001,158676.799,0.059,44.609,0.0374,2670055.099,"Natural Gas",,"Combustion turbine",,"Dry Low NOx Burners",,,"ARP, CSOSG2"
"LA","LEPA Unit No. 1",58478,"CC01",91024,,2023,3480,3463.25,189957.75,,0.458,0.001,90693.1,0.0592,24.242,0.0312,1526053.725,"Pipeline Natural Gas",,"Combined cycle",,"Selective Catalytic Reduction",,,"ARP, CSOSG2E"
"OR","Carty Generating Station",58503,"CTEU1",90906,,2023,7284,7273.85,3171245.42,,6.98,0.001,1382621.559,0.059,69.41,0.006,23265211.1,"Pipeline Natural Gas",,"Combined cycle",,"Dry Low NOx Burners|Selective Catalytic Reduction",,,"ARP"
"TX","Montana Power Station",58562,"GT-1",90902,,2023,4373,4016.25,303615.67,,0.83,0.001,162681.921,0.0591,15.489,0.0145,2736704.185,"Pipeline Natural Gas","Diesel Oil","Combustion turbine",,"Selective Catalytic Reduction",,,"ARP, CSOSG2"
"TX","Montana Power Station",58562,"GT-2",90903,,2023,4129,3766.85,298998.79,,0.807,0.001,159223.216,0.059,15.116,0.0153,2679005.949,"Pipeline Natural Gas","Diesel Oil","Combustion turbine",,"Selective Catalytic Reduction",,,"ARP, CSOSG2"
"TX","Montana Power Station",58562,"GT-3",90904,,2023,5189,4747.64,359263.63,,0.994,0.001,195976.12,0.0591,19.104,0.0152,3297373.276,"Pipeline Natural Gas","Diesel Oil","Combustion turbine",,"Selective Catalytic Reduction",,,"ARP, CSOSG2"
"TX","Montana Power Station",58562,"GT-4",90905,,2023,4027,3668.27,286401.71,,0.778,0.001,153370.623,0.0591,14.987,0.0156,2580404.592,"Pipeline Natural Gas","Diesel Oil","Combustion turbine",,"Selective Catalytic Reduction",,,"ARP, CSOSG2"
"PA","Shell Chemical Appalachia LLC",58933,"101",91116,,2023,8456,8446.75,414050.5,,1.61,0.001,318956.65,0.0591,18.86,0.0075,5367012.225,"Pipeline Natural Gas",,"Combined cycle",,"Dry Low NOx Burners|Selective Catalytic Reduction",,,"ARP, CSNOX, CSOSG3, CSSO2G1, RGGI"
"PA","Shell Chemical Appalachia LLC",58933,"102",91117,,2023,8224,8217,405862,,1.573,0.001,311496.525,0.059,18.175,0.0074,5241529.175,"Pipeline Natural Gas",,"Combined cycle",,"Dry Low NOx Burners|Selective Catalytic Reduction",,,"ARP, CSNOX, CSOSG3, CSSO2G1, RGGI"
"PA","Shell Chemical Appalachia LLC",58933,"103",91118,,2023,8177,8169.75,404184,,1.577,0.001,312361.275,0.059,18.725,0.0077,5256000.95,"Pipeline Natural Gas",,"Combined cycle",,"Dry Low NOx Burners|Selective Catalytic Reduction",,,"ARP, CSNOX, CSOSG3, CSSO2G1, RGGI"
"VA","Potomac Energy Center, LLC",59004,"CT1",91025,,2023,7010,6996.56,2250711.51,,0.768,0,891727.407,0.058,39.703,0.0054,15348582.84,"Natural Gas",,"Combined cycle",,"Dry Low NOx Burners|Selective Catalytic Reduction",,,"ARP, CSNOX, CSOSG3, CSSO2G1, NSPS4T, RGGI"
"VA","Potomac Energy Center, LLC",59004,"CT2",91026,,2023,7278,7261.87,2334127.93,,0.8,0,929605.055,0.058,40.524,0.0053,16000905.148,"Natural Gas",,"Combined cycle",,"Dry Low NOx Burners|Selective Catalytic Reduction",,,"ARP, CSNOX, CSOSG3, CSSO2G1, NSPS4T, RGGI"
"MD","Cove Point LNG Terminal",59073,"214JA",91293,,2023,4917,4904.59,74145,,,,,,18.965,0.0306,1254236.423,"Natural Gas",,"Combustion turbine",,,,,"SIPNOX"
"MD","Cove Point LNG Terminal",59073,"214JB",91294,,2023,834,825.53,11128.27,,,,,,2.662,0.0281,196759.16,"Natural Gas",,"Combustion turbine",,,,,"SIPNOX"
"MD","Cove Point LNG Terminal",59073,"B921A",91004,,2023,8393,8385.08,,719235.54,,,60608.905,0.0594,3.407,0.007,1019809.246,"Natural Gas",,"Other boiler",,,,,"RGGI, SIPNOX"
"MD","Cove Point LNG Terminal",59073,"B921B",91005,,2023,8293,8279.7,,723972.31,,,60021.597,0.0593,3.389,0.0072,1010003.921,"Natural Gas",,"Other boiler",,,,,"RGGI, SIPNOX"
"MD","Cove Point LNG Terminal",59073,"GT501A",91002,,2023,8337,8334.32,712956.54,,,,454186.894,0.059,30.449,0.008,7642584.562,"Natural Gas",,"Combustion turbine",,,,,"RGGI, SIPNOX"
"MD","Cove Point LNG Terminal",59073,"GT501B",91003,,2023,8298,8294.46,712724.75,,,,458182.117,0.059,30.805,0.008,7709788.126,"Natural Gas",,"Combustion turbine",,,,,"RGGI, SIPNOX"
"MI","Holland Energy Park",59093,"10",91083,,2023,7633,7613.68,454090.23,,0.972,0.001,192425.344,0.0592,16.429,0.0104,3237954.159,"Pipeline Natural Gas",,"Combined cycle",,"Dry Low NOx Burners|Selective Catalytic Reduction",,,"ARP, CSNOX, CSOSG3, CSSO2G1"
"MI","Holland Energy Park",59093,"11",91084,,2023,8648,8644.66,522367.96,,1.122,0.001,222198.959,0.0592,19.44,0.0104,3738866.033,"Pipeline Natural Gas",,"Combined cycle",,"Dry Low NOx Burners|Selective Catalytic Reduction",,,"ARP, CSNOX, CSOSG3, CSSO2G1"
"MD","Wildcat Point Generation Facility",59220,"CT1",90940,,2023,5934,5852.9,2278260.94,,4.597,0.001,910594.023,0.059,58.063,0.0088,15322469.338,"Pipeline Natural Gas",,"Combined cycle",,"Dry Low NOx Burners|Selective Catalytic Reduction",,,"ARP, CSNOX, CSOSG3, CSSO2G1, RGGI"
"MD","Wildcat Point Generation Facility",59220,"CT2",90941,,2023,5838,5758.78,2251584.01,,4.587,0.001,908677.182,0.059,56.893,0.0086,15290287.781,"Pipeline Natural Gas",,"Combined cycle",,"Dry Low NOx Burners|Selective Catalytic Reduction",,,"ARP, CSNOX, CSOSG3, CSSO2G1, RGGI"
"NC","Kings Mountain Energy Center",59325,"ES-1",91012,,2023,8394,8390.27,3378831.5,,6.88,0.001,1362850.251,0.059,74.337,0.0068,22932565.314,"Pipeline Natural Gas",,"Combined cycle",,"Dry Low NOx Burners|Selective Catalytic Reduction",,,"ARP, CSNOX, CSSO2G1, NSPS4T, SIPNOX"
"OH","Middletown Energy Center",59326,"1",91013,,2023,7576,7564.46,3443860.99,,6.843,0.001,1355620.445,0.059,67.65,0.006,22810979.1,"Pipeline Natural Gas",,"Combined cycle",,"Dry Low NOx Burners|Selective Catalytic Reduction",,,"ARP, CSNOX, CSOSG3, CSSO2G1, NSPS4T"
"OH","Oregon Clean Energy Center",59764,"01",90998,,2023,8095,8084.04,3331127.68,,6.547,0.001,1296895.68,0.059,60.803,0.0056,21822771.32,"Pipeline Natural Gas",,"Combined cycle",,"Dry Low NOx Burners|Selective Catalytic Reduction",,,"ARP, CSNOX, CSOSG3, CSSO2G1, NSPS4T"
"OH","Oregon Clean Energy Center",59764,"02",90999,,2023,8152,8141.84,3343158.16,,6.616,0.001,1310552.173,0.059,61.837,0.0057,22052533.861,"Pipeline Natural Gas",,"Combined cycle",,"Dry Low NOx Burners|Selective Catalytic Reduction",,,"ARP, CSNOX, CSOSG3, CSSO2G1, NSPS4T"
"OH","Carroll County Energy",59773,"1",91034,,2023,8220,8209.14,2835769.02,,6.112,0.001,1210641.535,0.059,57.629,0.0058,20371332.463,"Pipeline Natural Gas",,"Combined cycle",,"Dry Low NOx Burners|Selective Catalytic Reduction",,,"ARP, CSNOX, CSOSG3, CSSO2G1, NSPS4T"
"OH","Carroll County Energy",59773,"2",91033,,2023,8183,8174.12,2814744.35,,6.075,0.001,1203411.116,0.059,58.647,0.0059,20249653.275,"Pipeline Natural Gas",,"Combined cycle",,"Dry Low NOx Burners|Selective Catalytic Reduction",,,"ARP, CSNOX, CSOSG3, CSSO2G1, NSPS4T"
"TX","Wolf Hollow II",59812,"CGT4",91202,,2023,7645,7633.92,3611248.01,,7.18,0.001,1422249.062,0.059,60.879,0.0052,23932003.1,"Pipeline Natural Gas",,"Combined cycle",,"Ammonia Injection|Selective Catalytic Reduction",,,"ARP, CSOSG2"
"TX","Wolf Hollow II",59812,"CGT5",91203,,2023,7652,7639.41,3604632.74,,7.193,0.001,1424880.457,0.059,59.971,0.0051,23976387.576,"Pipeline Natural Gas",,"Combined cycle",,"Ammonia Injection|Selective Catalytic Reduction",,,"ARP, CSOSG2"
"MA","Exelon West Medway II",59882,"J4",91232,,2023,1673,1363.72,75758.67,,0.229,0.001,44957.893,0.0593,3.559,0.0157,753598.665,"Pipeline Natural Gas","Diesel Oil","Combustion turbine",,"Dry Low NOx Burners|Water Injection|Selective Catalytic Reduction",,,"ARP, RGGI, SIPNOX"
"MA","Exelon West Medway II",59882,"J5",91233,,2023,1887,1538.2,89077.52,,0.262,0.001,51697.92,0.0593,3.95,0.0151,868306.548,"Pipeline Natural Gas","Diesel Oil","Combustion turbine",,"Dry Low NOx Burners|Water Injection|Selective Catalytic Reduction",,,"ARP, RGGI, SIPNOX"
"PA","Moxie Freedom Generation Plant",59906,"201",91193,,2023,6848,6835.76,3467875.52,,6.829,0.001,1352741.529,0.059,71.132,0.0063,22762496.554,"Pipeline Natural Gas",,"Combined cycle",,"Dry Low NOx Burners|Selective Catalytic Reduction",,,"ARP, CSNOX, CSOSG3, CSSO2G1, RGGI"
"PA","Moxie Freedom Generation Plant",59906,"202",91194,,2023,7289,7272.33,3657827.63,,7.22,0.001,1430160.515,0.059,72.371,0.0061,24065167.114,"Pipeline Natural Gas",,"Combined cycle",,"Dry Low NOx Burners|Selective Catalytic Reduction",,,"ARP, CSNOX, CSOSG3, CSSO2G1, RGGI"
"VA","Greensville County Power Station",59913,"1A",91099,,2023,7011,7006.25,3689004.83,,6.8,0.001,1347085.966,0.059,57.18,0.0052,22667367.647,"Pipeline Natural Gas",,"Combined cycle",,"Dry Low NOx Burners|Selective Catalytic Reduction",,,"ARP, CSNOX, CSOSG3, CSSO2G1, RGGI"
"VA","Greensville County Power Station",59913,"1B",91100,,2023,6876,6869.04,3401468.78,,6.537,0.001,1294879.945,0.059,55.115,0.0052,21788880.194,"Pipeline Natural Gas",,"Combined cycle",,"Dry Low NOx Burners|Selective Catalytic Reduction",,,"ARP, CSNOX, CSOSG3, CSSO2G1, RGGI"
"VA","Greensville County Power Station",59913,"1C",91101,,2023,6884,6877.19,3453227.06,,6.677,0.001,1322702.067,0.059,56.48,0.0053,22257040.217,"Pipeline Natural Gas",,"Combined cycle",,"Dry Low NOx Burners|Selective Catalytic Reduction",,,"ARP, CSNOX, CSOSG3, CSSO2G1, RGGI"
"MI","Alpine Power Plant",59926,"AL1",91051,,2023,4158,4137.41,630737.16,,2.015,0.001,399131.387,0.059,86.958,0.0261,6716222.482,"Pipeline Natural Gas",,"Combustion turbine",,"Dry Low NOx Burners",,,"ARP, CSNOX, CSOSG3, CSSO2G1"
"MI","Alpine Power Plant",59926,"AL2",91052,,2023,1404,1350.86,208218.08,,0.661,0.001,130910.631,0.0587,30.384,0.0293,2202841.625,"Pipeline Natural Gas",,"Combustion turbine",,"Dry Low NOx Burners",,,"ARP, CSNOX, CSOSG3, CSSO2G1"
"TX","Colorado Bend II",60122,"CT7",91195,,2023,7920,7908.71,4024966.31,,7.859,0.001,1556848.679,0.059,54.308,0.0043,26196953.201,"Pipeline Natural Gas",,"Combined cycle",,"Ammonia Injection|Selective Catalytic Reduction",,,"ARP, CSOSG2"
"TX","Colorado Bend II",60122,"CT8",91196,,2023,7917,7905.18,4020112.38,,7.881,0.001,1561247.634,0.059,55.214,0.0044,26270969.011,"Pipeline Natural Gas",,"Combined cycle",,"Ammonia Injection|Selective Catalytic Reduction",,,"ARP, CSOSG2"
"TX","Bacliff Generating Station",60264,"BCGT1",91269,,2023,892,773.02,40989.8,,0.161,0.0009,32635,0.0591,17.897,0.1298,552882,"Pipeline Natural Gas",,"Combustion turbine",,"Dry Low NOx Burners",,,"ARP, CSOSG2"
"TX","Bacliff Generating Station",60264,"BCGT2",91270,,2023,818,708.41,38315.47,,0.161,0.0009,30584.1,0.059,18.58,0.1506,518577.6,"Pipeline Natural Gas",,"Combustion turbine",,"Dry Low NOx Burners",,,"ARP, CSOSG2"
"TX","Bacliff Generating Station",60264,"BCGT3",91271,,2023,854,753.45,39201.4,,0.155,0.0009,31275.4,0.0589,19.933,0.1446,529855.1,"Pipeline Natural Gas",,"Combustion turbine",,"Dry Low NOx Burners",,,"ARP, CSOSG2"
"TX","Bacliff Generating Station",60264,"BCGT4",91272,,2023,824,729.88,39135.07,,0.155,0.0009,31116.6,0.0589,17.453,0.1247,527761.5,"Pipeline Natural Gas",,"Combustion turbine",,"Dry Low NOx Burners",,,"ARP, CSOSG2"
"TX","Bacliff Generating Station",60264,"BCGT5",91273,,2023,839,745.53,39564.33,,0.16,0.0009,31989.4,0.059,18.798,0.1319,541985.8,"Pipeline Natural Gas",,"Combustion turbine",,"Dry Low NOx Burners",,,"ARP, CSOSG2"
"TX","Bacliff Generating Station",60264,"BCGT6",91274,,2023,1125,977.58,52020.72,,0.2,0.0009,40629.5,0.059,27.905,0.16,688805.3,"Pipeline Natural Gas",,"Combustion turbine",,"Dry Low NOx Burners",,,"ARP, CSOSG2"
"MD","Keys Energy Center",60302,"11",91141,,2023,7426,7409.96,2294096.28,,4.968,0.001,984076.229,0.059,47.261,0.0058,16559015.04,"Pipeline Natural Gas",,"Combined cycle",,"Selective Catalytic Reduction",,,"ARP, CSNOX, CSOSG3, CSSO2G1, RGGI"
"MD","Keys Energy Center",60302,"12",91142,,2023,6423,6412.09,1961528.58,,4.231,0.001,838186.824,0.059,40.534,0.0058,14104125.089,"Pipeline Natural Gas",,"Combined cycle",,"Steam Injection",,,"ARP, CSNOX, CSOSG3, CSSO2G1, RGGI"
"GA","Albany Green Energy LLC",60340,"B0004",91192,,2023,8103,8086.84,,4291986.49,5.645,0.0021,768218.23,0.1087,204.364,0.0616,7022664.949,"Wood","Other Solid Fuel","Circulating fluidized bed boiler","Dry Sorbent Injection","Selective Non-catalytic Reduction","Baghouse",,"ARP, CSNOX, CSOSG1, CSSO2G2"
"FL","Okeechobee Clean Energy Center",60345,"OCEC1A",91288,,2023,6721,6681.27,3457499.63,,6.254,0.001,1237859.982,0.059,71.39,0.0073,20826036.91,"Pipeline Natural Gas","Diesel Oil, Other Gas","Combined cycle",,"Dry Low NOx Burners|Selective Catalytic Reduction",,,"ARP, NSPS4T"
"FL","Okeechobee Clean Energy Center",60345,"OCEC1B",91287,,2023,7808,7771.8,3987599.29,,7.324,0.001,1449960.507,0.059,83.756,0.0072,24393746.302,"Pipeline Natural Gas","Diesel Oil","Combined cycle",,"Dry Low NOx Burners|Selective Catalytic Reduction",,,"ARP, NSPS4T"
"FL","Okeechobee Clean Energy Center",60345,"OCEC1C",91289,,2023,8124,8106.95,4207349.44,,7.628,0.001,1511068.652,0.059,87.927,0.0071,25426662.235,"Pipeline Natural Gas","Diesel Oil","Combined cycle",,"Dry Low NOx Burners|Selective Catalytic Reduction",,,"ARP, NSPS4T"
"OH","South Field Energy, LLC",60356,"1",91329,,2023,7985,7978.45,4472202.45,,8.537,0.001,1691061.586,0.059,85.224,0.006,28455404.253,"Pipeline Natural Gas",,"Combined cycle",,"Dry Low NOx Burners|Selective Catalytic Reduction",,,"ARP, CSNOX, CSOSG3, CSSO2G1, NSPS4T"
"OH","South Field Energy, LLC",60356,"2",91330,,2023,7498,7489.22,4186774.73,,7.978,0.001,1580361.478,0.059,79.774,0.006,26592662.507,"Pipeline Natural Gas",,"Combined cycle",,"Dry Low NOx Burners|Selective Catalytic Reduction",,,"ARP, CSNOX, CSOSG3, CSSO2G1, NSPS4T"
"PA","Lackawanna Energy Center",60357,"1",91210,,2023,7890,7883.22,3638850.93,,7.036,0.001,1393777.79,0.059,56.019,0.0048,23452974.062,"Pipeline Natural Gas",,"Combined cycle",,"Dry Low NOx Burners|Selective Catalytic Reduction",,,"ARP, CSNOX, CSOSG3, CSSO2G1, RGGI"
"PA","Lackawanna Energy Center",60357,"2",91211,,2023,7578,7560.61,3565899.36,,6.866,0.001,1360069.285,0.059,60.578,0.0053,22885730.777,"Pipeline Natural Gas",,"Combined cycle",,"Dry Low NOx Burners|Selective Catalytic Reduction",,,"ARP, CSNOX, CSOSG3, CSSO2G1, RGGI"
"PA","Lackawanna Energy Center",60357,"3",91212,,2023,7619,7609.89,3479750.74,,6.715,0.001,1330222.678,0.059,50.271,0.0045,22383545.181,"Pipeline Natural Gas",,"Combined cycle",,"Dry Low NOx Burners|Selective Catalytic Reduction",,,"ARP, CSNOX, CSOSG3, CSSO2G1, RGGI"
"PA","Hummel Station",60368,"CT1",91106,,2023,8086,8073.8,2702776.9,,5.55,0.001,1099398.405,0.059,55.914,0.0062,18499473.125,"Pipeline Natural Gas",,"Combined cycle",,"Dry Low NOx Burners|Selective Catalytic Reduction",,,"ARP, CSNOX, CSOSG3, CSSO2G1, RGGI"
"PA","Hummel Station",60368,"CT2",91107,,2023,8088,8078.38,2706229.81,,5.588,0.001,1106841.023,0.059,56.161,0.0061,18624683.42,"Pipeline Natural Gas",,"Combined cycle",,"Dry Low NOx Burners|Selective Catalytic Reduction",,,"ARP, CSNOX, CSOSG3, CSSO2G1, RGGI"
"PA","Hummel Station",60368,"CT3",91111,,2023,7376,7365.35,2455699.96,,5.015,0.001,993346.774,0.059,50.472,0.0062,16714955.973,"Pipeline Natural Gas",,"Combined cycle",,"Dry Low NOx Burners|Selective Catalytic Reduction",,,"ARP, CSNOX, CSOSG3, CSSO2G1, RGGI"
"OH","Clean Energy Future - Lordstown, LLC",60376,"1",91109,,2023,7699,7680.74,3184899.51,,6.33,0.001,1253965.521,0.059,64.666,0.0064,21100364.544,"Pipeline Natural Gas",,"Combined cycle",,"Dry Low NOx Burners|Selective Catalytic Reduction",,,"ARP, CSNOX, CSOSG3, CSSO2G1, NSPS4T"
"OH","Clean Energy Future - Lordstown, LLC",60376,"2",91110,,2023,7702,7687.28,3157728.63,,6.278,0.001,1243619.223,0.059,70.554,0.0069,20926236.882,"Pipeline Natural Gas",,"Combined cycle",,"Dry Low NOx Burners|Selective Catalytic Reduction",,,"ARP, CSNOX, CSOSG3, CSSO2G1, NSPS4T"
"IL","Invenergy Nelson Expansion LLC",60387,"3",91481,,2023,1122,1025.52,137290.95,,0.454,0.001,88439.015,0.0593,19.923,0.0323,1480909.344,"Pipeline Natural Gas","Diesel Oil","Combustion turbine (Started Apr 19, 2023)",,"Dry Low NOx Burners (Began Apr 19, 2023)|Water Injection (Began Apr 19, 2023)",,,"ARP, CSNOX, CSOSG3, CSSO2G1"
"IL","Invenergy Nelson Expansion LLC",60387,"4",91482,,2023,1016,912.94,121697.27,,0.416,0.001,79446.713,0.0596,21.432,0.0406,1321041.96,"Pipeline Natural Gas","Diesel Oil","Combustion turbine (Started Apr 27, 2023)",,"Dry Low NOx Burners (Began Apr 27, 2023)|Water Injection (Began Apr 27, 2023)",,,"ARP, CSNOX, CSOSG3, CSSO2G1"
"TX","Port Comfort Peaking Facility",60459,"CT1",91150,,2023,1504,1182.64,41112.77,,0.132,0.001,26173.156,0.0592,2.526,0.0147,440429.522,"Pipeline Natural Gas",,"Combustion turbine",,"Water Injection|Selective Catalytic Reduction",,,"ARP, CSOSG2"
"TX","Port Comfort Peaking Facility",60459,"CT2",91151,,2023,1122,870.66,29568.32,,0.095,0.001,18861.531,0.0593,1.877,0.0165,317413.268,"Pipeline Natural Gas",,"Combustion turbine",,"Water Injection|Selective Catalytic Reduction",,,"ARP, CSOSG2"
"TX","Chamon Power, LLC",60460,"CT1",91152,,2023,2155,1782.7,64525.24,,0.21,0.001,41655.133,0.0592,4.516,0.0203,700917.234,"Pipeline Natural Gas",,"Combustion turbine",,"Water Injection|Selective Catalytic Reduction",,,"ARP, CSOSG2"
"TX","Chamon Power, LLC",60460,"CT2",91153,,2023,1914,1574.63,57479.43,,0.187,0.001,37108.93,0.0592,3.466,0.0171,624427.938,"Pipeline Natural Gas",,"Combustion turbine",,"Water Injection|Selective Catalytic Reduction",,,"ARP, CSOSG2"
"PA","Tenaska Westmoreland Generating Station",60464,"101",91139,,2023,7361,7355.78,3372259.52,,6.787,0.001,1314634.304,0.058,54.707,0.0049,22621473.855,"Pipeline Natural Gas",,"Combined cycle",,"Dry Low NOx Burners|Selective Catalytic Reduction",,,"ARP, CSNOX, CSOSG3, CSSO2G1, NSPS4T, RGGI"
"PA","Tenaska Westmoreland Generating Station",60464,"102",91140,,2023,7487,7482.05,3443481.39,,6.948,0.001,1345976.033,0.058,55.514,0.0048,23160832.319,"Pipeline Natural Gas",,"Combined cycle",,"Dry Low NOx Burners|Selective Catalytic Reduction",,,"ARP, CSNOX, CSOSG3, CSSO2G1, NSPS4T, RGGI"
"TX","Tejas Power Generation Unit 1",60468,"CT-1",91283,,2023,1133,948.82,89626.08,,0.342,0.001,67708.086,0.059,10.249,0.0264,1139318.818,"Pipeline Natural Gas",,"Combustion turbine",,"Water Injection|Selective Catalytic Reduction",,,"ARP, CSOSG2"
"PA","CPV Fairview, LLC",60589,"CT-1",91312,,2023,7777,7774.79,3860191.81,,3.4,0,1429863.797,0.058,73.127,0.0062,24523049.694,"Natural Gas","Diesel Oil, Other Gas","Combined cycle",,"Dry Low NOx Burners|Selective Catalytic Reduction",,,"ARP, CSNOX, CSOSG3, CSSO2G1, NSPS4T, RGGI"
"PA","CPV Fairview, LLC",60589,"CT-2",91311,,2023,7020,7015.3,3481993.2,,3.059,0,1286035.708,0.058,67.372,0.0069,22060496.313,"Natural Gas","Diesel Oil, Other Gas","Combined cycle",,"Dry Low NOx Burners|Selective Catalytic Reduction",,,"ARP, CSNOX, CSOSG3, CSSO2G1, NSPS4T, RGGI"
"CA","Stanton Energy Reliability Center",60698,"D1",91348,,2023,80,46.65,1380.93,,0.004,0.001,875.567,0.0593,0.078,0.0161,14731.477,"Pipeline Natural Gas",,"Combustion turbine",,"Water Injection|Selective Catalytic Reduction",,,"ARP"
"CA","Stanton Energy Reliability Center",60698,"D7",91349,,2023,91,52.28,1418.26,,0.005,0.001,923.511,0.0593,0.08,0.0148,15542.087,"Pipeline Natural Gas",,"Combustion turbine",,"Water Injection|Selective Catalytic Reduction",,,"ARP"
"MA","Salem Harbor Station NGCC",60903,"1",91204,,2023,1768,1591.77,401677.45,,0.857,0.001,169799.743,0.059,10.965,0.0119,2857207.607,"Pipeline Natural Gas",,"Combined cycle",,"Dry Low NOx Burners|Selective Catalytic Reduction",,,"ARP, RGGI, SIPNOX"
"MA","Salem Harbor Station NGCC",60903,"2",91205,,2023,1458,1297.8,322967.72,,0.687,0.001,135997.024,0.059,8.693,0.0118,2288416.425,"Pipeline Natural Gas",,"Combined cycle",,"Dry Low NOx Burners|Selective Catalytic Reduction",,,"ARP, RGGI, SIPNOX"
"TX","NET Power La Porte Station",60910,"1GT",91242,,2023,0,0,,,,,,,,,,"Pipeline Natural Gas",,"Combustion turbine",,"Other",,,"ARP, CSOSG2"
"TX","Montgomery County Power Station",60925,"CT1",91291,,2023,8133,8126.57,3226173.81,,6.606,0.001,1308511.99,0.059,67.222,0.0063,22018081.255,"Pipeline Natural Gas",,"Combined cycle",,"Dry Low NOx Burners|Selective Catalytic Reduction",,,"ARP, CSOSG2"
"TX","Montgomery County Power Station",60925,"CT2",91292,,2023,7972,7968.06,3128407.07,,6.366,0.001,1261062.741,0.059,64.893,0.0062,21219779.509,"Pipeline Natural Gas",,"Combined cycle",,"Dry Low NOx Burners|Selective Catalytic Reduction",,,"ARP, CSOSG2"
"LA","St. Charles Power Station",60926,"1A",91295,,2023,7143,7111.14,2649709.13,,5.522,0.001,1093886.287,0.059,75.173,0.011,18406747.834,"Pipeline Natural Gas",,"Combined cycle",,"Dry Low NOx Burners|Selective Catalytic Reduction",,,"ARP, CSOSG2E"
"LA","St. Charles Power Station",60926,"1B",91296,,2023,6730,6698.11,2529765.3,,5.268,0.001,1043486.106,0.059,69.12,0.0111,17558657.867,"Pipeline Natural Gas",,"Combined cycle",,"Dry Low NOx Burners|Selective Catalytic Reduction",,,"ARP, CSOSG2E"
"LA","Lake Charles Power Station",60927,"1A",91298,,2023,7884,7875.63,3031583.59,,5.866,0.001,1161893.028,0.059,75.106,0.0084,19551087.781,"Pipeline Natural Gas",,"Combined cycle",,"Dry Low NOx Burners|Selective Catalytic Reduction",,,"ARP, CSOSG2E"
"LA","Lake Charles Power Station",60927,"1B",91297,,2023,7821,7808.89,3001122.44,,5.812,0.001,1151354.132,0.059,70.902,0.0081,19373752.475,"Pipeline Natural Gas",,"Combined cycle",,"Dry Low NOx Burners|Selective Catalytic Reduction",,,"ARP, CSOSG2E"
"PA","Hickory Run Energy Station",61028,"CT1",91246,,2023,7442,7429.39,3366138.96,,6.727,0.001,1332547.985,0.059,68.007,0.0062,22422731.275,"Pipeline Natural Gas",,"Combined cycle",,"Dry Low NOx Burners|Selective Catalytic Reduction",,,"ARP, CSNOX, CSOSG3, CSSO2G1, NSPS4T, RGGI"
"PA","Hickory Run Energy Station",61028,"CT2",91247,,2023,7470,7460.94,3323733.45,,6.722,0.001,1331642.427,0.059,68.027,0.0062,22407492.822,"Pipeline Natural Gas",,"Combined cycle",,"Dry Low NOx Burners|Selective Catalytic Reduction",,,"ARP, CSNOX, CSOSG3, CSSO2G1, NSPS4T, RGGI"
"PA","Birdsboro Power",61035,"01",91213,,2023,7187,7170.99,3311168.26,,6.194,0.001,1226872.754,0.059,61.835,0.0067,20644469.497,"Pipeline Natural Gas",,"Combined cycle",,"Dry Low NOx Burners|Selective Catalytic Reduction",,,"ARP, CSNOX, CSOSG3, CSSO2G1, NSPS4T, RGGI"
"SD","Astoria Station",61144,"1",91301,,2023,2108,1870.32,407920.4,,1.267,0.001,250974.584,0.059,50.956,0.0256,4223136.667,"Pipeline Natural Gas",,"Combustion turbine",,"Dry Low NOx Burners",,,"ARP, NSPS4T"
"TX","Victoria City Peaking Facility",61241,"CT1",91226,,2023,1010,835.01,29731.35,,0.084,0.001,16559.263,0.0593,1.575,0.0216,278648.812,"Pipeline Natural Gas",,"Combustion turbine",,"Ammonia Injection|Selective Catalytic Reduction",,,"ARP, CSOSG2"
"TX","Victoria City Peaking Facility",61241,"CT2",91227,,2023,427,341.51,13209.12,,0.037,0.001,7255.519,0.0592,0.767,0.0225,122098.964,"Pipeline Natural Gas",,"Combustion turbine",,"Ammonia Injection|Selective Catalytic Reduction",,,"ARP, CSOSG2"
"TX","Victoria Port Peaking Facility",61242,"CT1",91228,,2023,845,725.42,30394.85,,0.082,0.001,16143.059,0.0593,1.664,0.0218,271617.181,"Pipeline Natural Gas",,"Combustion turbine",,"Ammonia Injection|Selective Catalytic Reduction",,,"ARP, CSOSG2"
"TX","Victoria Port Peaking Facility",61242,"CT2",91229,,2023,816,644.58,26518.06,,0.073,0.001,14508.186,0.0592,1.409,0.0257,244123.993,"Pipeline Natural Gas",,"Combustion turbine",,"Ammonia Injection|Selective Catalytic Reduction",,,"ARP, CSOSG2"
"OH","Long Ridge Energy Generation",61322,"CC1",91331,,2023,7995,7984.57,3946910.76,,7.348,0.001,1455495.402,0.059,69.665,0.0057,24491545.963,"Pipeline Natural Gas",,"Combined cycle",,"Dry Low NOx Burners|Selective Catalytic Reduction",,,"ARP, CSNOX, CSOSG3, CSSO2G1, NSPS4T"
"TX","Victoria Port Power II Peaking Facility",61966,"CT1",91307,,2023,1827,1441.65,56406.63,,0.186,0.001,36905.382,0.0592,2.068,0.0086,621005.907,"Pipeline Natural Gas",,"Combustion turbine",,"Selective Catalytic Reduction",,,"ARP, CSOSG2"
"TX","Victoria Port Power II Peaking Facility",61966,"CT2",91308,,2023,1956,1566.71,61155.52,,0.204,0.001,40337.083,0.0592,3.597,0.0164,678747.308,"Pipeline Natural Gas",,"Combustion turbine",,"Selective Catalytic Reduction",,,"ARP, CSOSG2"
"MI","Blue Water Energy Center",62192,"11",91357,,2023,7646,7637.79,4165389.42,,7.687,0.001,1522809.645,0.059,85.205,0.0067,25624238.067,"Pipeline Natural Gas",,"Combined cycle",,"Dry Low NOx Burners|Selective Catalytic Reduction",,,"ARP, CSNOX, CSOSG3, CSSO2G1, NSPS4T"
"MI","Blue Water Energy Center",62192,"12",91358,,2023,7666,7662.3,4191967.61,,7.724,0.001,1530011.613,0.059,84.82,0.0066,25745425.878,"Pipeline Natural Gas",,"Combined cycle",,"Dry Low NOx Burners|Selective Catalytic Reduction",,,"ARP, CSNOX, CSOSG3, CSSO2G1, NSPS4T"
"TX","SJRR Power Peaking Facility",62548,"CT1",91327,"CP1",2023,2535,2132.3,80331.65,,0.262,0.001,51826.285,0.059,5.319,0.0132,872099.76,"Pipeline Natural Gas",,"Combustion turbine",,"Selective Catalytic Reduction",,,"ARP, CSOSG2"
"TX","SJRR Power Peaking Facility",62548,"CT2",91325,"CP1",2023,2300,1931.49,71971.92,,0.235,0.001,46443.879,0.059,5.241,0.0152,781527.182,"Pipeline Natural Gas",,"Combustion turbine",,"Selective Catalytic Reduction",,,"ARP, CSOSG2"
"PA","Hill Top Energy Center",62565,"01",91317,,2023,6513,6492.36,4035893.91,,8,0.001,1584743.003,0.059,63.23,0.0049,26666341.302,"Pipeline Natural Gas",,"Combined cycle",,"Dry Low NOx Burners|Selective Catalytic Reduction",,,"ARP, CSNOX, CSOSG3, CSSO2G1, NSPS4T, RGGI"
"IL","Jackson Generation, LLC",62926,"CTG-01",91365,,2023,6754,6668.18,3718323.94,,7.282,0.001,1442491.951,0.059,69.791,0.006,24272773.208,"Pipeline Natural Gas",,"Combined cycle",,"Dry Low NOx Burners|Selective Catalytic Reduction",,,"ARP, CSNOX, CSOSG3, CSSO2G1, NSPS4T"
"IL","Jackson Generation, LLC",62926,"CTG-02",91366,,2023,6538,6410.67,3520383.57,,6.855,0.001,1357822.928,0.059,72.315,0.0069,22847976.431,"Pipeline Natural Gas",,"Combined cycle",,"Dry Low NOx Burners|Selective Catalytic Reduction",,,"ARP, CSNOX, CSOSG3, CSSO2G1, NSPS4T"
"OH","Guernsey Power Station",62949,"P001",91345,,2023,5831,5809.17,3177868.41,,6.581,0.001,1303578.155,0.059,68.131,0.0063,21935125.064,"Pipeline Natural Gas",,"Combined cycle",,"Dry Low NOx Burners|Selective Catalytic Reduction",,,"ARP, CSNOX, CSOSG3, CSSO2G1, NSPS4T"
"OH","Guernsey Power Station",62949,"P002",91346,,2023,5103,5086.24,2730535.27,,5.576,0.001,1104485.939,0.059,65.686,0.007,18585127.619,"Pipeline Natural Gas",,"Combined cycle",,"Dry Low NOx Burners|Selective Catalytic Reduction",,,"ARP, CSNOX, CSOSG3, CSSO2G1, NSPS4T"
"OH","Guernsey Power Station",62949,"P003",91347,,2023,4909,4895.2,2698316.91,,5.572,0.001,1103784.318,0.059,110.268,0.0115,18573277.842,"Pipeline Natural Gas",,"Combined cycle",,"Dry Low NOx Burners|Selective Catalytic Reduction",,,"ARP, CSNOX, CSOSG3, CSSO2G1, NSPS4T"
"MI","Delta Energy Park",63259,"DEPC2",91368,,2023,6481,6450.38,482363.43,,1.058,0.001,209484.205,0.0591,29.534,0.0181,3524983.974,"Pipeline Natural Gas",,"Combined cycle",,"Dry Low NOx Burners|Selective Catalytic Reduction",,,"ARP, CSNOX, CSOSG3, CSSO2G1, NSPS4T"
"MI","Delta Energy Park",63259,"DEPC3",91369,,2023,5972,5931.15,438524.46,,0.968,0.001,191682.269,0.0591,28.585,0.0196,3225487.905,"Pipeline Natural Gas",,"Combined cycle",,"Dry Low NOx Burners|Selective Catalytic Reduction",,,"ARP, CSNOX, CSOSG3, CSSO2G1, NSPS4T"
"MI","Delta Energy Park",63259,"DEPS1",91367,,2023,1254,1145.34,57305,,0.164,0.0009,32669.7,0.0589,23.264,0.0838,553576.7,"Pipeline Natural Gas",,"Combustion turbine",,"Dry Low NOx Burners",,,"ARP, CSNOX, CSOSG3, CSSO2G1"
"TX","HO Clarke Generating",63335,"CT-1",91359,,2023,1283,1069.98,45352.98,,0.138,0.001,27358.915,0.0592,3.042,0.0294,460362.04,"Pipeline Natural Gas",,"Combustion turbine",,"Water Injection|Selective Catalytic Reduction",,,"ARP, CSOSG2"
"TX","HO Clarke Generating",63335,"CT-2",91360,,2023,1514,1298.95,55158.24,,0.167,0.001,33021.649,0.0592,3.532,0.0249,555644.642,"Pipeline Natural Gas",,"Combustion turbine",,"Water Injection|Selective Catalytic Reduction",,,"ARP, CSOSG2"
"TX","HO Clarke Generating",63335,"CT-3",91361,,2023,1130,960.97,39758.19,,0.123,0.001,24324.433,0.0592,2.682,0.0276,409329.745,"Pipeline Natural Gas",,"Combustion turbine",,"Water Injection|Selective Catalytic Reduction",,,"ARP, CSOSG2"
"TX","HO Clarke Generating",63335,"CT-4",91362,,2023,1558,1334.8,58347.22,,0.178,0.001,35287.76,0.0592,4.048,0.0281,593767.025,"Pipeline Natural Gas",,"Combustion turbine",,"Water Injection|Selective Catalytic Reduction",,,"ARP, CSOSG2"
"TX","HO Clarke Generating",63335,"CT-5",91363,,2023,1399,1185.38,52399.03,,0.159,0.001,31490.67,0.0592,3.671,0.029,529881.206,"Pipeline Natural Gas",,"Combustion turbine",,"Water Injection|Selective Catalytic Reduction",,,"ARP, CSOSG2"
"TX","HO Clarke Generating",63335,"CT-6",91364,,2023,1362,1157.71,49552.96,,0.151,0.001,29911.58,0.0592,3.485,0.0276,503322.227,"Pipeline Natural Gas",,"Combustion turbine",,"Water Injection|Selective Catalytic Reduction",,,"ARP, CSOSG2"
"TX","HO Clarke Generating",63335,"CT-7",91402,,2023,1532,1313,55648.41,,0.171,0.001,33957.927,0.0592,3.551,0.0247,571403.307,"Pipeline Natural Gas",,"Combustion turbine",,"Water Injection|Selective Catalytic Reduction",,,"ARP, CSOSG2"
"TX","HO Clarke Generating",63335,"CT-8",91403,,2023,1660,1404.15,61268.42,,0.198,0.001,39240.751,0.0592,3.685,0.0263,660292.279,"Pipeline Natural Gas",,"Combustion turbine",,"Water Injection|Selective Catalytic Reduction",,,"ARP, CSOSG2"
"OK","Tinker",63628,"5A-1",90979,,2023,0,0,,,,,,,,,,"Pipeline Natural Gas","Residual Oil","Combustion turbine",,,,,"CSOSG2"
"OK","Tinker",63628,"5A-2",90980,,2023,269,221.94,1878.36,,,,,,18.954,0.7,54153.1,"Pipeline Natural Gas","Residual Oil","Combustion turbine",,,,,"CSOSG2"
"OK","Tinker",63628,"5B-1",90981,,2023,359,297.4,4679.84,,,,,,30.61,0.7042,87435.5,"Pipeline Natural Gas","Residual Oil","Combustion turbine",,,,,"CSOSG2"
"OK","Tinker",63628,"5B-2",90982,,2023,367,303.91,4720.41,,,,,,31.272,0.7,89349,"Pipeline Natural Gas","Residual Oil","Combustion turbine",,,,,"CSOSG2"
"TX","Topaz Generating",63688,"CT-1",91373,,2023,1825,1612.08,67826.95,,0.207,0.001,40971.357,0.0592,4.598,0.0228,689385.929,"Pipeline Natural Gas",,"Combustion turbine",,"Water Injection|Selective Catalytic Reduction",,,"ARP, CSOSG2"
"TX","Topaz Generating",63688,"CT-10",91382,,2023,1760,1506.89,62948.62,,0.194,0.001,38343.87,0.0592,3.774,0.0228,645188.073,"Pipeline Natural Gas",,"Combustion turbine",,"Water Injection|Selective Catalytic Reduction",,,"ARP, CSOSG2"
"TX","Topaz Generating",63688,"CT-2",91374,,2023,2067,1814.91,77957.19,,0.242,0.001,47836.431,0.0592,5.217,0.0216,804925.77,"Pipeline Natural Gas",,"Combustion turbine",,"Water Injection|Selective Catalytic Reduction",,,"ARP, CSOSG2"
"TX","Topaz Generating",63688,"CT-3",91375,,2023,1992,1751.61,76328.51,,0.236,0.001,46840.864,0.0592,5.442,0.0227,788138.345,"Pipeline Natural Gas",,"Combustion turbine",,"Water Injection|Selective Catalytic Reduction",,,"ARP, CSOSG2"
"TX","Topaz Generating",63688,"CT-4",91376,,2023,2001,1749.01,76958.65,,0.232,0.001,45889.008,0.0592,5.221,0.0236,772148.217,"Pipeline Natural Gas",,"Combustion turbine",,"Water Injection|Selective Catalytic Reduction",,,"ARP, CSOSG2"
"TX","Topaz Generating",63688,"CT-5",91377,,2023,2022,1765.48,78562.99,,0.232,0.001,45909.353,0.0592,6.242,0.0274,772532.806,"Pipeline Natural Gas",,"Combustion turbine",,"Water Injection|Selective Catalytic Reduction",,,"ARP, CSOSG2"
"TX","Topaz Generating",63688,"CT-6",91378,,2023,2060,1802.9,80660.92,,0.241,0.001,47671.975,0.0592,5.465,0.0239,802137.722,"Pipeline Natural Gas",,"Combustion turbine",,"Water Injection|Selective Catalytic Reduction",,,"ARP, CSOSG2"
"TX","Topaz Generating",63688,"CT-7",91379,,2023,1895,1658.74,69931.22,,0.212,0.001,42060.93,0.0592,5.399,0.0243,707738.783,"Pipeline Natural Gas",,"Combustion turbine",,"Water Injection|Selective Catalytic Reduction",,,"ARP, CSOSG2"
"TX","Topaz Generating",63688,"CT-8",91380,,2023,1864,1613.86,66370.25,,0.207,0.001,40956.633,0.0592,4.434,0.0233,689181.669,"Pipeline Natural Gas",,"Combustion turbine",,"Water Injection|Selective Catalytic Reduction",,,"ARP, CSOSG2"
"TX","Topaz Generating",63688,"CT-9",91381,,2023,1864,1607.83,69650.3,,0.213,0.001,42121.339,0.0592,4.906,0.0258,708822.326,"Pipeline Natural Gas",,"Combustion turbine",,"Water Injection|Selective Catalytic Reduction",,,"ARP, CSOSG2"
"IL","CPV Three Rivers Energy Center",63931,"1",91437,,2023,3452,3430.8,1696534.41,,3.636,0.001,720343.316,0.059,33.986,0.0057,12121207.35,"Pipeline Natural Gas",,"Combined cycle (Started Jan 04, 2023)",,"Selective Catalytic Reduction",,,"ARP, CSNOX, CSOSG3, CSSO2G1"
"IL","CPV Three Rivers Energy Center",63931,"2",91438,,2023,3733,3715.18,1789952.12,,3.848,0.001,762213.733,0.059,35.258,0.0056,12825677.943,"Pipeline Natural Gas",,"Combined cycle (Started Apr 29, 2023)",,"Selective Catalytic Reduction",,,"ARP, CSNOX, CSOSG3, CSSO2G1"
"TX","Braes Bayou Plant",64383,"CT-1",91404,,2023,1348,1192.19,46828.42,,0.141,0.001,27927.449,0.0592,2.496,0.0176,469955.159,"Pipeline Natural Gas",,"Combustion turbine",,"Water Injection|Selective Catalytic Reduction",,,"ARP, CSOSG2"
"TX","Braes Bayou Plant",64383,"CT-2",91405,,2023,1430,1258.67,49159.52,,0.147,0.001,29156.274,0.0592,2.828,0.0199,490602.931,"Pipeline Natural Gas",,"Combustion turbine",,"Water Injection|Selective Catalytic Reduction",,,"ARP, CSOSG2"
"TX","Braes Bayou Plant",64383,"CT-3",91406,,2023,1038,908.27,34167.6,,0.107,0.001,21185.858,0.0593,2.502,0.0234,356458.864,"Pipeline Natural Gas",,"Combustion turbine",,"Water Injection|Selective Catalytic Reduction",,,"ARP, CSOSG2"
"TX","Braes Bayou Plant",64383,"CT-4",91407,,2023,1011,898.18,34096.73,,0.105,0.001,20784.364,0.0593,2.247,0.0197,349739.448,"Pipeline Natural Gas",,"Combustion turbine",,"Water Injection|Selective Catalytic Reduction",,,"ARP, CSOSG2"
"TX","Braes Bayou Plant",64383,"CT-5",91408,,2023,871,761.41,27109.25,,0.087,0.001,17260.406,0.0592,2.041,0.0253,290443.614,"Pipeline Natural Gas",,"Combustion turbine",,"Water Injection|Selective Catalytic Reduction",,,"ARP, CSOSG2"
"TX","Braes Bayou Plant",64383,"CT-6",91409,,2023,892,782.9,29059,,0.091,0.001,18083.245,0.0592,1.919,0.0203,304304.387,"Pipeline Natural Gas",,"Combustion turbine",,"Water Injection|Selective Catalytic Reduction",,,"ARP, CSOSG2"
"TX","Braes Bayou Plant",64383,"CT-7",91410,,2023,1145,1018.94,35482.31,,0.114,0.001,22509.178,0.0592,2.323,0.0213,378781.245,"Pipeline Natural Gas",,"Combustion turbine",,"Water Injection|Selective Catalytic Reduction",,,"ARP, CSOSG2"
"TX","Braes Bayou Plant",64383,"CT-8",91411,,2023,1191,1049.62,37339.23,,0.12,0.001,23754.431,0.0592,2.532,0.0234,399743.309,"Pipeline Natural Gas",,"Combustion turbine",,"Water Injection|Selective Catalytic Reduction",,,"ARP, CSOSG2"
"IN","Primient",64854,"CT1",91433,,2023,8454,8449.5,348433.75,,,,,,70.933,0.0583,2434626.575,"Pipeline Natural Gas",,"Combustion turbine",,"Dry Low NOx Burners",,,"SIPNOX"
"IN","Primient",64854,"CT2",91434,,2023,8109,8101.5,325644,,,,,,60.34,0.0525,2300747.975,"Pipeline Natural Gas",,"Combustion turbine",,"Dry Low NOx Burners",,,"SIPNOX"
"TX","Mark One Power Station",65372,"CT-1",91447,,2023,557,441.08,18541.5,,0.057,0.001,11221.928,0.0592,1.389,0.0329,188838.714,"Pipeline Natural Gas",,"Combustion turbine",,"Water Injection|Selective Catalytic Reduction",,,"ARP, CSOSG2"
"TX","Mark One Power Station",65372,"CT-2",91448,,2023,620,509.07,22674.23,,0.068,0.001,13403.821,0.0592,1.229,0.0262,225545.409,"Pipeline Natural Gas",,"Combustion turbine",,"Water Injection|Selective Catalytic Reduction",,,"ARP, CSOSG2"
"TX","Mark One Power Station",65372,"CT-3",91449,,2023,573,463.31,19909.62,,0.061,0.001,12151.863,0.0592,1.624,0.0313,204488.157,"Pipeline Natural Gas",,"Combustion turbine",,"Water Injection|Selective Catalytic Reduction",,,"ARP, CSOSG2"
"TX","Mark One Power Station",65372,"CT-4",91450,,2023,501,419.24,18136.91,,0.055,0.001,10852.249,0.0592,1.076,0.0221,182596.935,"Pipeline Natural Gas",,"Combustion turbine",,"Water Injection|Selective Catalytic Reduction",,,"ARP, CSOSG2"
"TX","Mark One Power Station",65372,"CT-5",91451,,2023,427,351.34,14768.03,,0.045,0.001,8932.237,0.0592,1.01,0.0281,150304.849,"Pipeline Natural Gas",,"Combustion turbine",,"Water Injection|Selective Catalytic Reduction",,,"ARP, CSOSG2"
"TX","Mark One Power Station",65372,"CT-6",91452,,2023,474,392.47,16068.31,,0.05,0.001,9996.634,0.0593,1.193,0.0304,168196.786,"Pipeline Natural Gas",,"Combustion turbine",,"Water Injection|Selective Catalytic Reduction",,,"ARP, CSOSG2"
"TX","Brotman Power Station",65373,"CT-1",91457,,2023,1078,941.74,41863.47,,0.124,0.001,24599.166,0.0592,2.582,0.0219,413919.55,"Pipeline Natural Gas",,"Combustion turbine (Started May 05, 2023)",,"Water Injection|Selective Catalytic Reduction",,,"ARP, CSOSG2"
"TX","Brotman Power Station",65373,"CT-2",91458,,2023,1075,929.38,39181.1,,0.12,0.001,23774.924,0.0592,2.387,0.0212,400040.542,"Pipeline Natural Gas",,"Combustion turbine (Started Apr 13, 2023)",,"Water Injection|Selective Catalytic Reduction",,,"ARP, CSOSG2"
"TX","Brotman Power Station",65373,"CT-3",91459,,2023,672,571.69,25325.51,,0.077,0.001,15194.777,0.0592,1.685,0.0287,255679.072,"Pipeline Natural Gas",,"Combustion turbine (Started Apr 12, 2023)",,"Water Injection|Selective Catalytic Reduction",,,"ARP, CSOSG2"
"TX","Brotman Power Station",65373,"CT-4",91460,,2023,970,835.37,36217.8,,0.109,0.001,21542.082,0.0592,2.442,0.0253,362490.082,"Pipeline Natural Gas",,"Combustion turbine (Started Apr 03, 2023)",,"Water Injection|Selective Catalytic Reduction",,,"ARP, CSOSG2"
"TX","Brotman Power Station",65373,"CT-5",91461,,2023,864,745.55,31706.62,,0.098,0.001,19360.798,0.0592,1.902,0.0245,325789.869,"Pipeline Natural Gas",,"Combustion turbine (Started Mar 17, 2023)",,"Water Injection|Selective Catalytic Reduction",,,"ARP, CSOSG2"
"TX","Brotman Power Station",65373,"CT-6",91462,,2023,892,756.4,31820.54,,0.096,0.001,19000.777,0.0592,2.033,0.0278,319734.345,"Pipeline Natural Gas",,"Combustion turbine (Started Mar 16, 2023)",,"Water Injection|Selective Catalytic Reduction",,,"ARP, CSOSG2"
"TX","Brotman Power Station",65373,"CT-7",91463,,2023,574,478.46,19319.96,,0.06,0.001,11963.289,0.0592,1.294,0.0297,201304.201,"Pipeline Natural Gas",,"Combustion turbine (Started Jul 17, 2023)",,"Water Injection|Selective Catalytic Reduction",,,"ARP, CSOSG2"
"TX","Brotman Power Station",65373,"CT-8",91464,,2023,538,450.23,19424.88,,0.059,0.001,11694.871,0.0592,1.12,0.0263,196793.413,"Pipeline Natural Gas",,"Combustion turbine (Started Aug 02, 2023)",,"Water Injection|Selective Catalytic Reduction",,,"ARP, CSOSG2"
"GA","Hartwell Energy Facility",70454,"MAG1",5039,,2023,1331,1160.93,126871.1,,0.469,0.001,93456.178,0.059,47.738,0.0667,1572575.917,"Pipeline Natural Gas","Diesel Oil","Combustion turbine",,"Water Injection",,,"ARP, CSNOX, CSOSG1, CSSO2G2"
"GA","Hartwell Energy Facility",70454,"MAG2",5040,,2023,795,698.45,78422.22,,0.285,0.001,56947.2,0.059,27.624,0.0637,958237.302,"Pipeline Natural Gas","Diesel Oil","Combustion turbine",,"Water Injection",,,"ARP, CSNOX, CSOSG1, CSSO2G2"
"DC","GSA Central Heating",880004,"3",5055,,2023,3587,3105.56,,359478.83,,,,,27.589,0.1171,403113.659,"Pipeline Natural Gas","Diesel Oil","Dry bottom wall-fired boiler",,,,,"SIPNOX"
"DC","GSA Central Heating",880004,"4",5056,,2023,91,82.33,,5555.62,,,,,0.015,0.1049,202.352,"Pipeline Natural Gas","Diesel Oil","Dry bottom wall-fired boiler",,,,,"SIPNOX"
"DC","GSA Central Heating",880004,"5C",89486,,2023,5186,5152.42,,207419.34,,,,,26.633,0.0947,581974.663,"Pipeline Natural Gas","Diesel Oil","Combustion turbine",,"Dry Low NOx Burners",,,"SIPNOX"
"PA","Vicinity Energy Philadelphia Edison Sta",880006,"1",5059,,2023,0,0,,,,,,,,,,"Other Oil",,"Dry bottom wall-fired boiler",,,,,"SIPNOX"
"PA","Vicinity Energy Philadelphia Edison Sta",880006,"2",5060,,2023,165,165,,5748,,,,,1.433,0.2547,9806,"Other Oil",,"Dry bottom wall-fired boiler",,,,,"SIPNOX"
"PA","Vicinity Energy Philadelphia Edison Sta",880006,"3",5061,,2023,340,340,,10569,,,,,2.833,0.2789,22012.2,"Other Oil",,"Dry bottom wall-fired boiler",,,,,"SIPNOX"
"PA","Vicinity Energy Philadelphia Edison Sta",880006,"4",5062,,2023,479,479,,15598,,,,,6.651,0.3026,34609.7,"Other Oil",,"Dry bottom wall-fired boiler",,,,,"SIPNOX"
"PA","AdvanSix Resins & Chemicals LLC",880007,"052",5063,,2023,6996,6974.66,,814504.61,,,,,47.579,0.0719,1312081.17,"Pipeline Natural Gas","Residual Oil","Other boiler",,"Low NOx Burner Technology (Dry Bottom only)",,,"SIPNOX"
"MA","Kneeland Station",880023,"K1",5084,"CP1",2023,2729,2708.17,,218967.02,,,,,22.096,0.115,354681.91,"Pipeline Natural Gas","Residual Oil","Dry bottom wall-fired boiler",,"Combustion Modification/Fuel Reburning",,,"SIPNOX"
"MA","Kneeland Station",880023,"K2",5085,"CP1",2023,2934,2917.02,,222123.59,,,,,22.189,0.1221,359596.515,"Pipeline Natural Gas","Residual Oil","Dry bottom wall-fired boiler",,"Low NOx Burner Technology w/ Overfire Air",,,"SIPNOX"
"MA","Kneeland Station",880023,"K3",5086,"CP1",2023,3952,3921.09,,476337,,,,,37.57,0.1319,546360.755,"Pipeline Natural Gas","Residual Oil","Dry bottom wall-fired boiler",,"Combustion Modification/Fuel Reburning|Other",,,"SIPNOX"
"MA","Kneeland Station",880023,"K4",5087,"CP1",2023,622,600.59,,41431.24,,,,,4.012,0.0871,82669.535,"Pipeline Natural Gas","Residual Oil","Dry bottom wall-fired boiler",,"Combustion Modification/Fuel Reburning",,,"SIPNOX"
"PA","Trainer Refinery",880025,"034",90455,,2023,7607,7605.21,,1198700.85,,,,,3.205,0.0045,1425121.426,"Process Gas","Pipeline Natural Gas","Dry bottom vertically-fired boiler",,"Low NOx Burner Technology (Dry Bottom only)|Selective Catalytic Reduction",,,"SIPNOX"
"PA","Trainer Refinery",880025,"035",90456,,2023,8244,8242.1,,1312264.75,,,,,3.53,0.0046,1541783.643,"Process Gas","Pipeline Natural Gas","Other boiler",,"Low NOx Burner Technology (Dry Bottom only)|Selective Catalytic Reduction",,,"SIPNOX"
"PA","Trainer Refinery",880025,"053",91221,,2023,3539,3538.87,,520814.29,,,,,1.022,0.0032,654339.427,"Process Gas","Pipeline Natural Gas","Other boiler",,"Low NOx Burner Technology (Dry Bottom only)|Selective Catalytic Reduction",,,"SIPNOX"
"MI","Marathon Petroleum Company LP",880029,"0002",90814,,2023,3672,3671.75,,234162,,,,,20.28,0.06,673472.125,"Process Gas","Pipeline Natural Gas","Dry bottom wall-fired boiler",,"Low NOx Burner Technology (Dry Bottom only)",,,"SIPNOX"
"OH","Ohio Refining Company LLC",880030,"B034",89691,,2023,2843,2843,,308076,,,,,4.22,0.0222,378651.6,"Process Gas","Natural Gas","Other boiler",,"Low NOx Burner Technology (Dry Bottom only)",,,"SIPNOX"
"OH","Ohio Refining Company LLC",880030,"B035",89692,,2023,3672,3672,,372169,,,,,6.952,0.0223,608530.6,"Process Gas","Natural Gas","Other boiler",,"Low NOx Burner Technology (Dry Bottom only)",,,"SIPNOX"
"MI","Corteva Agriscience LLC",880031,"0401",88758,,2023,14,14,,721,,,,,0.09,0.1817,985,"Pipeline Natural Gas",,"Other boiler",,,,,"SIPNOX"
"MI","Corteva Agriscience LLC",880031,"0402",88759,,2023,15,15,,713,,,,,0.086,0.1833,946.9,"Pipeline Natural Gas",,"Other boiler",,,,,"SIPNOX"
"KY","Catlettsburg Refining, LLC",880038,"B026",91282,,2023,2682,2677.02,,418965.76,,,,,11.81,0.0589,522467.002,"Process Gas",,"Other boiler",,"Selective Catalytic Reduction",,,"SIPNOX"
"AL","Ascend (Decatur Plant)",880041,"X015",9115,,2023,8725,8723.13,,1972531.69,,,,,304.647,0.2263,2676210.274,"Natural Gas","Process Gas, Waste Liquid","Dry bottom wall-fired boiler",,"Selective Non-catalytic Reduction",,,"SIPNOX"
"OH","Cleveland-Cliffs Steel - Middletown",880042,"P009",10184,,2023,3595,3592.91,,420148.54,,,,,36.854,0.2416,180055.528,"Other Gas","Other Oil, Pipeline Natural Gas","Other boiler",,,,,"SIPNOX"
"OH","Cleveland-Cliffs Steel - Middletown",880042,"P010",10185,,2023,2928,2922,,346795.4,,,,,14.748,0.1974,143580.849,"Other Gas","Other Oil, Pipeline Natural Gas","Other boiler",,,,,"SIPNOX"
"OH","Cleveland-Cliffs Steel - Middletown",880042,"P011",10186,,2023,3370,3367.05,,412970.16,,,,,117.184,0.4092,521180.191,"Other Gas","Other Oil, Pipeline Natural Gas","Other boiler",,,,,"SIPNOX"
"OH","Cleveland-Cliffs Steel - Middletown",880042,"P012",10187,,2023,0,0,,,,,,,,,,"Other Gas","Pipeline Natural Gas","Other boiler",,,,,"SIPNOX"
"MI","University of Michigan",880045,"260-03",89240,,2023,331,273.14,,16894.39,,,,,1.82,0.1451,22803.399,"Pipeline Natural Gas","Diesel Oil","Other boiler",,,,,"SIPNOX"
"MI","University of Michigan",880045,"260-04",89241,,2023,437,407.75,,26884.98,,,,,2.252,0.1285,34786.785,"Pipeline Natural Gas","Diesel Oil","Other boiler",,,,,"SIPNOX"
"MI","University of Michigan",880045,"260-06",89242,,2023,279,263.44,,20136.1,,,,,0.618,0.0446,29012.286,"Pipeline Natural Gas","Diesel Oil","Other boiler",,,,,"SIPNOX"
"PA","Bernville Station",880049,"32001",9269,,2023,0,0,,,,,,,,,,"Pipeline Natural Gas",,"Combustion turbine",,,,,
"PA","Shermans Dale Station",880050,"31801",9270,,2023,0,0,,,,,,,,,,"Pipeline Natural Gas",,"Combustion turbine",,,,,
"WV","Altivia Services Institute Facility",880053,"B016",91103,,2023,1918,1910.84,,239963.6,,,,,4.315,0.0262,327794.382,"Pipeline Natural Gas",,"Other boiler",,"Low NOx Burner Technology (Dry Bottom only)",,,"SIPNOX"
"WV","Altivia Services Institute Facility",880053,"B017",91094,,2023,1343,1340.7,,173842.86,,,,,2.633,0.0262,204515.709,"Pipeline Natural Gas",,"Other boiler",,"Low NOx Burner Technology (Dry Bottom only)",,,"SIPNOX"
"KY","Phoenix Paper Wickliffe LLC",880065,"01",88148,,2023,0,0,,,,,,,,,,"Pipeline Natural Gas",,"Dry bottom wall-fired boiler",,,,,"SIPNOX"
"KY","Phoenix Paper Wickliffe LLC",880065,"02",88149,,2023,0,0,,,,,,,,,,"Pipeline Natural Gas",,"Dry bottom wall-fired boiler",,,,,"SIPNOX"
"IL","Wood River Refinery",880067,"BLR15",88367,,2023,8760,8759.84,,1936497.08,,,,,54.54,0.0577,1885653.78,"Process Gas",,"Dry bottom wall-fired boiler",,,,,"SIPNOX"
"IL","Wood River Refinery",880067,"BLR16",88368,,2023,7733,7730.82,,1684623.88,,,,,94.517,0.104,1798591.268,"Process Gas",,"Dry bottom wall-fired boiler",,,,,"SIPNOX"
"IL","Wood River Refinery",880067,"BLR17",88369,,2023,8664,8660.92,,2858013.27,,,,,208.7,0.1098,3702282.312,"Process Gas",,"Tangentially-fired",,,,,"SIPNOX"
"IL","Wood River Refinery",880067,"BLR19",91130,,2023,7444,7440.14,,905123.75,,,,,8.264,0.0142,1175091.962,"Natural Gas","Process Gas","Other boiler",,"Selective Catalytic Reduction",,,"SIPNOX"
"PA","Armagh Compressor Station",880071,"31301",88318,,2023,0,0,,,,,,,,,,"Pipeline Natural Gas",,"Combustion turbine",,"Dry Low NOx Burners",,,"SIPNOX"
"PA","Entriken Compressor Station",880072,"31601",88319,,2023,0,0,,,,,,,,,,"Pipeline Natural Gas",,"Combustion turbine",,"Dry Low NOx Burners",,,"SIPNOX"
"IL","Lemont Refinery",880076,"430B-1",89155,,2023,3296,3293.83,,471735.9,,,,,14.937,0.0418,694341.102,"Process Gas",,"Dry bottom wall-fired boiler",,,,,"SIPNOX"
"IL","Lemont Refinery",880076,"430B24",91318,,2023,3570,3568.7,,448381.38,,,,,2.886,0.0094,620105.397,"Process Gas",,"Other boiler",,"Selective Catalytic Reduction",,,"SIPNOX"
"IL","Lemont Refinery",880076,"431B25",91319,,2023,3577,3575.31,,557491.58,,,,,3.124,0.0092,667205.307,"Process Gas",,"Other boiler",,"Selective Catalytic Reduction",,,"SIPNOX"
"TN","Tate & Lyle-Loudon",880079,"34",89157,,2023,65,65,,2147,,,,,0.42,0.347,2419.9,"Pipeline Natural Gas",,"Stoker",,,,,"SIPNOX"
"TN","Tate & Lyle-Loudon",880079,"35",89158,,2023,59,59,,1879,,,,,0.279,0.1791,3116.7,"Pipeline Natural Gas",,"Stoker",,,,,"SIPNOX"
"TN","Tate & Lyle-Loudon",880079,"37",91178,,2023,8640,8617.51,207660.66,,,,,,74.93,0.0511,2927019.53,"Pipeline Natural Gas",,"Combustion turbine",,"Dry Low NOx Burners",,,"SIPNOX"
"TN","Tate & Lyle-Loudon",880079,"38",91179,,2023,8489,8469.15,188797.43,,,,,,60.274,0.0486,2473119.267,"Pipeline Natural Gas",,"Combustion turbine",,"Dry Low NOx Burners",,,"SIPNOX"
"OH","Lima Refinery",880083,"B026",89278,,2023,3759,3759,,533696,,,,,33.207,0.0874,754761.6,"Process Gas",,"Dry bottom wall-fired boiler",,,,,"SIPNOX"
"IL","Alto Central, LLC",880086,"UNITE",90896,,2023,3667,3665.5,,614082.25,,,,,72.394,0.126,1147668.05,"Pipeline Natural Gas",,"Other boiler",,,,,"SIPNOX"
"IL","Alto Central, LLC",880086,"UNITF",90897,,2023,3661,3658.75,,637653.75,,,,,72.26,0.126,1145554.625,"Pipeline Natural Gas",,"Other boiler",,,,,"SIPNOX"
"IL","Marathon Petroleum Company LP",880088,"59F-3",89310,,2023,3121,3116.21,,212159.24,,,,,30.009,,,"Process Gas","Diesel Oil","Other boiler",,,,,"SIPNOX"
"IL","Marathon Petroleum Company LP",880088,"59F-4",89311,,2023,3672,3670.53,,427117.92,,,,,70.441,,,"Process Gas","Diesel Oil","Other boiler",,,,,"SIPNOX"
"IL","INEOS Joliet, LLC",880089,"CB706",89333,,2023,3585,3585,,350667,,,,,11.985,0.0525,456784.1,"Pipeline Natural Gas","Process Gas","Tangentially-fired",,"Low NOx Burner Technology w/ Closed-coupled OFA",,,"SIPNOX"
"VA","AdvanSix Resins and Chemicals - Hopewell",880093,"10D",90950,,2023,3528,3522.75,,279400,,,,,6.847,0.0295,463491.1,"Pipeline Natural Gas","Diesel Oil, Other Oil","Dry bottom wall-fired boiler",,"Low NOx Burner Technology (Dry Bottom only)|Other",,,"SIPNOX"
"VA","AdvanSix Resins and Chemicals - Hopewell",880093,"10E",91309,,2023,3571,3567.5,,425949.5,,,,,9,0.0263,684474.7,"Pipeline Natural Gas",,"Other boiler",,"Low NOx Burner Technology (Dry Bottom only)",,,"SIPNOX"
"VA","AdvanSix Resins and Chemicals - Hopewell",880093,"10F",91310,,2023,3557,3549.75,,413598.75,,,,,9.038,0.0264,707975.375,"Pipeline Natural Gas",,"Other boiler",,"Low NOx Burner Technology (Dry Bottom only)",,,"SIPNOX"
"NY","Ravenswood Steam Plant",880100,"BLR001",1678,"CS0001",2023,0,0,,,,,,,,,,"Residual Oil","Pipeline Natural Gas","Dry bottom wall-fired boiler",,,,,"SIPNOX"
"NY","Ravenswood Steam Plant",880100,"BLR002",1679,"CS0002",2023,0,0,,,,,,,,,,"Residual Oil","Pipeline Natural Gas","Dry bottom wall-fired boiler",,,,,"SIPNOX"
"NY","Ravenswood Steam Plant",880100,"BLR003",1680,"CS0001",2023,0,0,,,,,,,,,,"Residual Oil","Pipeline Natural Gas","Dry bottom wall-fired boiler",,,,,"SIPNOX"
"NY","Ravenswood Steam Plant",880100,"BLR004",1681,"CS0002",2023,0,0,,,,,,,,,,"Residual Oil","Pipeline Natural Gas","Dry bottom wall-fired boiler",,,,,"SIPNOX"
"PR","AES Puerto Rico, LP",880102,"1",90976,,2023,7838,7821.2,1793496.84,,,,,,,,,"Coal",,"Circulating fluidized bed boiler","Dry Lime FGD","Selective Non-catalytic Reduction","Electrostatic Precipitator","Other (Non PAC) Sorbent Injection","MATS"
"PR","AES Puerto Rico, LP",880102,"2",90977,,2023,5694,5680.08,1194813.76,,,,,,,,,"Coal",,"Circulating fluidized bed boiler","Dry Lime FGD","Selective Non-catalytic Reduction","Electrostatic Precipitator","Other (Non PAC) Sorbent Injection","MATS"
"PA","ETMT Marcus Hook Terminal",880107,"AB01",89317,,2023,3079,3071.75,,497664.61,,,,,13.971,0.0381,713312.16,"Other Gas","Pipeline Natural Gas","Dry bottom wall-fired boiler",,"Low NOx Burner Technology (Dry Bottom only)|Other",,,"SIPNOX"
"PA","ETMT Marcus Hook Terminal",880107,"AB03",89319,,2023,2919,2910.95,,352993.16,,,,,10.281,0.0401,518584.171,"Other Gas","Pipeline Natural Gas","Dry bottom wall-fired boiler",,"Low NOx Burner Technology (Dry Bottom only)|Other",,,"SIPNOX"
"PA","ETMT Marcus Hook Terminal",880107,"AB04",89320,,2023,6263,6254.16,,869665.79,,,,,14.018,0.0222,1223773.094,"Other Gas","Pipeline Natural Gas","Dry bottom wall-fired boiler",,"Low NOx Burner Technology (Dry Bottom only)|Other",,,"SIPNOX"
"IN","Grain Processing Corporation",880108,"BLR1",91285,,2023,3456,3432.05,,425164.18,,,,,12.793,0.0449,568418.2,"Natural Gas",,"Other boiler",,"Low NOx Burner Technology (Dry Bottom only)",,,"SIPNOX"
"IN","Grain Processing Corporation",880108,"BLR2",91286,,2023,3672,3671.39,,463309.87,,,,,13.149,0.045,584379.8,"Natural Gas",,"Other boiler",,"Low NOx Burner Technology (Dry Bottom only)",,,"SIPNOX"
"OH","Pratt Paper (OH)",880109,"B001",91300,,2023,3672,3672,,,,,,,11.016,0.018,1220205.6,"Pipeline Natural Gas",,"Other boiler",,"Combustion Modification/Fuel Reburning|Low NOx Burner Technology (Dry Bottom only)",,,"SIPNOX"
"TN","Holston Army Ammunition Plant",880110,"1",91472,,2023,1628,1610.84,,94581.08,,,,,29.789,0.421,127718.636,"Pipeline Natural Gas","Diesel Oil","Other boiler",,"Low NOx Burner Technology (Dry Bottom only)|Selective Catalytic Reduction","Wet ESP",,"SIPNOX"
"TN","Holston Army Ammunition Plant",880110,"2",91473,,2023,2233,2226.03,,131377.06,,,,,28.051,0.2704,172461.075,"Pipeline Natural Gas","Diesel Oil","Other boiler",,"Low NOx Burner Technology (Dry Bottom only)|Selective Catalytic Reduction","Wet ESP",,"SIPNOX"
"TN","Holston Army Ammunition Plant",880110,"3",91474,,2023,2094,2082.8,,121051.44,,,,,40.029,0.2802,198332.833,"Pipeline Natural Gas","Diesel Oil","Other boiler",,"Low NOx Burner Technology (Dry Bottom only)|Selective Catalytic Reduction","Wet ESP",,"SIPNOX"
"TN","Holston Army Ammunition Plant",880110,"4",91475,,2023,1479,1467.81,,87313.52,,,,,28.635,0.3979,125770.048,"Pipeline Natural Gas","Diesel Oil","Other boiler",,"Low NOx Burner Technology (Dry Bottom only)|Selective Catalytic Reduction","Wet ESP",,"SIPNOX"
