facility_id,facility_name,state,city,county,lat,lon,subparts,co2e_tons,parent_name,ownership_share,attributed_co2e
1000112,23rd and 3rd,NY,BROOKLYN,Kings,40.663,-74.0,"C,D",31916.132,NEW YORK POWER AUTHORITY,1.0,31916.132
1001106,48th Street Peaking Station,MI,HOLLAND,Allegan,42.7553,-86.0853,"C,D",39263.556,CITY OF HOLLAND MICHIGAN,1.0,39263.556
1001033,A B Brown Generating Station,IN,MOUNT VERNON,Posey,37.9053,-87.715,D,1982200.776,CENTERPOINT ENERGY INC,1.0,1982200.776
1001444,AES Alamitos,CA,LONG BEACH,Los Angeles,33.7688,-118.1009,"C,D",1519041.82,AES CORP,1.0,1519041.82
1001222,AES Beaver Valley LLC,PA,MONACA,Beaver,40.6558,-80.3556,D,,AES Beaver Valley LLC (NO_PARENT_RECORD),1.0,
1000281,"AES Deepwater, Inc.",TX,PASADENA,Harris,29.7192,-95.2278,D,,"AES Deepwater, Inc. (NO_PARENT_RECORD)",1.0,
1001447,AES Huntington Beach,CA,HUNTINGTON BEACH,Orange,33.6436,-117.9788,"C,D",1275616.224,AES CORP,1.0,1275616.224
1001450,AES Redondo Beach,CA,REDONDO BEACH,Los Angeles,33.8504,-118.395,D,268949.704,AES CORP,1.0,268949.704
1001223,AES Warrior Run,MD,CUMBERLAND,Allegany,39.5944,-78.7456,"C,D,PP",781434.252,AES CORP,1.0,781434.252
1007551,AG Energy,NY,Ogdensburg,ST. LAWRENCE COUNTY,44.7258,-75.4417,"C,D",5752.128,AG ENERGY PARTNERS LP,1.0,5752.128
1000129,AL Sandersville,GA,WARTHEN,Washington,33.1189,-82.8608,D,66585.804,AL SANDERSVILLE LLC,1.0,66585.804
1001877,ALCOA INC - WARRICK OPERATIONS,IN,NEWBURGH,WARRICK COUNTY,37.915,-87.3328,"C,D,F",4867518.536,ALCOA CORP,1.0,4867518.536
1007178,AMEA Sylacauga Plant,AL,SYLACAUGA,Talladega,33.1661,-86.2825,D,28403.544,ALABAMA MUNICIPAL ELECTRIC AUTHORITY,1.0,28403.544
1008730,AMP Fremont Energy Center,OH,Fremont,SANDUSKY COUNTY,41.355909,-83.122007,D,1277562.116,AMERICAN MUNICIPAL POWER INC,1.0,1277562.116
1000208,AMP-Ohio Gas Turbines Bowling Green,OH,Bowling Green,Wood,41.3989,-83.6411,"C,D",,AMP-Ohio Gas Turbines Bowling Green (NO_PARENT_RECORD),1.0,
1006506,AMP-Ohio Gas Turbines Galion,OH,Galion,Crawford,40.7167,-82.789,"C,D",,AMP-Ohio Gas Turbines Galion (NO_PARENT_RECORD),1.0,
1001344,AMP-Ohio Gas Turbines Napoleon,OH,Napoleon,Henry,41.4077,-84.1092,"C,D",,AMP-Ohio Gas Turbines Napoleon (NO_PARENT_RECORD),1.0,
1001423,APS Saguaro Power Plant,AZ,RED ROCK,Pinal,32.5517,-111.3,"C,D",127427.224,PINNACLE WEST CAPITAL CORP,1.0,127427.224
1001422,APS West Phoenix Power Plant,AZ,PHOENIX,Maricopa,33.4417,-112.1583,"C,D",1413916.988,PINNACLE WEST CAPITAL CORP,1.0,1413916.988
1004576,ASTORIA ENERGY LLC & ASTORIA ENERGY II LLC,NY,ASTORIA,QUEENS COUNTY,40.7825,-73.8964,"C,D",3136189.766,ASTORIA PROJECT PARTNERS LLC,1.0,3136189.766
1005945,AUSTIN UTILITIES NORTHEAST POWER STATION,MN,AUSTIN,Mower,43.7014,-92.9626,"C,D",,AUSTIN UTILITIES NORTHEAST POWER STATION (NO_PARENT_RECORD),1.0,
1010630,Aberdeen Generating Station,SD,Aberdeen,,45.45807,-98.50242,"C,D",22998.416,NORTHWESTERN CORP,1.0,22998.416
1001347,Acadia Power Station,LA,EUNICE,Acadia,30.4284,-92.4112,D,2330334.516,ENTERGY CORP,0.5,1165167.258
1001347,Acadia Power Station,LA,EUNICE,Acadia,30.4284,-92.4112,D,2330334.516,CLECO CORPORATE HOLDINGS LLC,0.5,1165167.258
1000125,Ackerman Combined Cycle,MS,ACKERMAN,Choctaw,33.38,-89.2091,"C,D",927458.714,US GOVERNMENT,1.0,927458.714
1006556,Afton Generating Station,NM,LA MESA,Dona Ana,32.1134,-106.848,"C,D",575637.216,PNM RESOURCES INC,1.0,575637.216
1007206,Agua Fria Generating Station,AZ,GLENDALE,Maricopa,33.5542,-112.2161,"C,D",97740.586,SALT RIVER PROJECT AGRICULTURAL IMPROVEMENT & POWER DISTRICT,1.0,97740.586
1000423,Agua Mansa Power,CA,COLTON,San Bernardino,34.0414,-117.3603,D,6119.928,CITY OF COLTON CALIFORNIA,1.0,6119.928
1012844,Albany Green Energy,GA,Albany,DOUGHERTY COUNTY,31.443122,-84.118617,D,11244.862,ALBANY GREEN ENERGY LLC,1.0,11244.862
1000970,Albright Power Station,WV,ALBRIGHT,Preston,39.4883,-79.6367,D,,Albright Power Station (NO_PARENT_RECORD),1.0,
1000955,Alex Ty Cooke Generating Station,TX,LUBBOCK,Lubbock,33.5211,-101.7906,"C,D",3524.036,CITY OF LUBBOCK TEXAS TEXAS,1.0,3524.036
1000221,Alfred L Pierce Generating Station,CT,WALLINGFORD,New Haven,41.4485,-72.834,D,,Alfred L Pierce Generating Station (NO_PARENT_RECORD),1.0,
1005044,"Algonquin Power Sanger, LLC",CA,Sanger,FRESNO COUNTY,36.685049,-119.55225,"C,D",8236.62,ALGONQUIN POWER SANGER LLC,1.0,8236.62
1006409,"Algonquin Power Windsor Locks, LLC",CT,WINDSOR LOCKS,Hartford,41.9227,-72.6255,"C,D",87637.618,ALGONQUIN POWER WINDSOR LOCKS LLC,1.0,87637.618
1001217,Allegany Generating Station,NY,Portageville,Allegany,42.5083,-78.0661,"C,D",5777.628,ALLIANCE ENERGY GROUP LLC,1.0,5777.628
1000916,Allen,TN,MEMPHIS,Shelby,35.0742,-90.1439,"C,D",1939892.677,US GOVERNMENT,1.0,1939892.677
1000691,Allen S King,MN,OAK PARK HEIGHTS,Washington,45.03,-92.7786,"C,D",998891.322,XCEL ENERGY INC,1.0,998891.322
1000988,Alma,WI,Alma,Buffalo,44.3085,-91.9106,D,,Alma (NO_PARENT_RECORD),1.0,
1007315,Almond Power Plant,CA,MODESTO,Stanislaus,37.5739,-120.9854,D,106078.428,TURLOCK IRRIGATION DISTRICT EMPLOYEES ASSOC,1.0,106078.428
1012152,Alpine Power Plant,MI,Elmira,OTSEGO COUNTY,45.063748,-84.825348,"C,D",481753.264,WOLVERINE POWER SUPPLY COOPERATIVE INC,1.0,481753.264
1000417,Alsey Station,IL,ALSEY,Scott,39.5697,-90.4362,"C,D",11568.708,PRAIRIE POWER INC,1.0,11568.708
1001229,Altavista Power Station,VA,ALTAVISTA,Campbell,37.1183,-79.2726,D,,Altavista Power Station (NO_PARENT_RECORD),1.0,
1005802,Ames,IA,AMES,Story,42.0247,-93.6069,D,236925.358,CITY OF AMES IOWA,1.0,236925.358
1000865,Anadarko,OK,ANADARKO,Caddo,35.0847,-98.23,"C,D",527566.816,WESTERN FARMERS ELECTRIC COOPERATIVE,1.0,527566.816
1001134,Anaheim Combustion Turbine,CA,Anaheim,Orange,33.8539,-117.8561,D,,Anaheim Combustion Turbine (NO_PARENT_RECORD),1.0,
1007246,Anclote Power Plant,FL,HOLIDAY,Pasco,28.1844,-82.7887,"C,D",1149386.94,DUKE ENERGY CORP,1.0,1149386.94
1001116,Anderson,IN,ANDERSON,Madison,40.0529,-85.7389,"C,D",,Anderson (NO_PARENT_RECORD),1.0,
1001097,Angus Anson,SD,SIOUX FALLS,Minnehaha,43.6033,-96.6369,"C,D",161252.75,XCEL ENERGY INC,1.0,161252.75
1001055,Antelope Valley,ND,BEULAH,Mercer,47.3714,-101.8344,D,5389116.058,BASIN ELECTRIC POWER COOPERATIVE,1.0,5389116.058
1005949,Apache Station,AZ,COCHISE,Cochise,32.0619,-109.8931,"C,D",1458091.254,ARIZONA ELECTRIC POWER COOPERATIVE INC,1.0,1458091.254
1000068,Apex Generating Station,NV,LAS VEGAS,Clark,36.4178,-114.9622,"C,D",865093.544,SOUTHERN CALIFORNIA PUBLIC POWER AUTHORITY,1.0,865093.544
1001460,Arapahoe,CO,DENVER,Denver,39.67,-105.0028,D,,Arapahoe (NO_PARENT_RECORD),1.0,
1001360,Arapahoe Combustion Turbine Facility,CO,DENVER,Denver,39.6692,-105.0018,"C,D",107555.652,SOUTHWEST GENERATION OPERATING CO LLC,1.0,107555.652
1001399,Arlington Valley Energy Facility,AZ,ARLINGTON,Maricopa,33.3417,-112.8897,"C,D",1386239.264,ARLINGTON VALLEY LLC,1.0,1386239.264
1007418,Armstrong Power Station,PA,ADRIAN,Armstrong,40.9289,-79.4658,D,,Armstrong Power Station (NO_PARENT_RECORD),1.0,
1005709,"Armstrong Power, LLC",PA,SHELOCTA,Armstrong,40.6383,-79.3503,D,627235.309,"LS Power Development, LLC",1.0,627235.309
1001609,Arsenal Hill Power Plant,LA,SHREVEPORT,Caddo,32.5181,-93.7611,D,1438673.068,AMERICAN ELECTRIC POWER CO INC,1.0,1438673.068
1000759,Arthur Kill,NY,Staten Island,Richmond,40.5915,-74.2027,"C,D",635388.496,ARCLIGHT ENERGY PARTNERS FUND VII LP,1.0,635388.496
1007189,Arvah B Hopkins,FL,TALLAHASSEE,Leon,30.4522,-84.4,"C,D",703691.078,CITY OF TALLAHASSEE FLORIDA,1.0,703691.078
1007311,Asbury,MO,ASBURY,Jasper,37.3596,-94.5913,D,,Asbury (NO_PARENT_RECORD),1.0,
1007180,Asheville Steam Electric Plant,NC,ARDEN,Buncombe,35.4714,-82.5431,"C,D",1455027.44,DUKE ENERGY CORP,1.0,1455027.44
1006751,Ashtabula,OH,ASHTABULA,Ashtabula,41.9086,-80.7697,"C,D",,Ashtabula (NO_PARENT_RECORD),1.0,
1000132,Astoria Gas Turbine Power,NY,ASTORIA,Queens,40.7864,-73.9133,D,3836.55,NRG ENERGY INC,1.0,3836.55
1007053,Astoria Generating Station,NY,ASTORIA,Queens,40.7869,-73.9122,"C,D",489208.772,ARCLIGHT ENERGY PARTNERS FUND VI LP,1.0,489208.772
1014070,Astoria Station,SD,Astoria,,44.580121408708,-96.5614106003509,"C,D",227933.056,OTTER TAIL CORP,1.0,227933.056
1000101,Athens Generating Company,NY,ATHENS,Greene,42.2728,-73.8492,D,705858.184,NEW ATHENS GENERATING CO LLC,1.0,705858.184
1007247,Attala Generating Plant,MS,SALLIS,Attala,33.0142,-89.6758,"C,D",1118034.756,ENTERGY CORP,1.0,1118034.756
1000551,Auburndale Peaker Energy Center,FL,AUBURNDALE,Polk,28.0534,-81.8059,D,,Auburndale Peaker Energy Center (NO_PARENT_RECORD),1.0,
1001379,Audrain Power Plant,MO,VANDALIA,Audrain,39.3092,-91.5369,D,127954.276,AMEREN CORP,1.0,127954.276
1001397,Aurora Generating Station,IL,AURORA,Dupage,41.8151,-88.2265,"C,D",218333.89,"LS Power Development, LLC",1.0,218333.89
1000843,Avon Lake Power Plant,OH,AVON LAKE,Lorain,41.5042,-82.05,"C,D",,Avon Lake Power Plant (NO_PARENT_RECORD),1.0,
1000668,B C Cobb,MI,MUSKEGON,Muskegon,43.2542,-86.2417,"C,D",,B C Cobb (NO_PARENT_RECORD),1.0,
1000732,B L England,NJ,MARMORA,Cape May,39.29,-74.6339,"C,D",,B L England (NO_PARENT_RECORD),1.0,
1002728,BADGER CREEK LIMITED,CA,BAKERSFIELD,KERN COUNTY,35.44735,-119.08652,D,12077.6,BADGER CREEK LTD,1.0,12077.6
1006139,BEAR MOUNTAIN LIMITED,CA,BAKERSFIELD,KERN COUNTY,35.44735,-119.08652,D,21205.46,BEAR MOUNTAIN LTD,1.0,21205.46
1007339,BP Whiting Business Unit,IN,WHITING,Lake,41.6703,-87.4803,"C,D,DD,MM-REF,P,Y",5220291.312,BP AMERICA INC,1.0,5220291.312
1006174,BUCKSPORT GENERATION LLC,ME,BUCKSPORT,HANCOCK COUNTY,44.576944,-68.805556,"C,D",9333.708,AIM Development USA LLC,1.0,9333.708
1012447,Bacliff Generating Station,TX,Bacliff,GALVESTON,29.505222,-94.959361,D,180017.228,ROCKLAND CAPITAL LLC,1.0,180017.228
1001409,Baconton,GA,BACONTON,Mitchell,31.3869,-84.0819,"C,D",19931.276,TEJAS POWER GENERATION LLC,0.35,6975.9466
1001409,Baconton,GA,BACONTON,Mitchell,31.3869,-84.0819,"C,D",19931.276,SOWEGA ENERGY RESOURCES LLC,0.65,12955.329400000002
1007302,Baldwin Energy Complex,IL,BALDWIN,Randolph,38.205,-89.855,"C,D",6075626.532,Vistra Corp,1.0,6075626.532
1000997,Barney M. Davis,TX,Corpus Christi,Nueces,27.6067,-97.3119,"C,D",717549.44,TALEN ENERGY CORP,1.0,717549.44
1000517,Barre Generating Station,CA,STANTON,Orange,33.8073,-117.9833,D,,Barre Generating Station (NO_PARENT_RECORD),1.0,
1001412,Barry,AL,BUCKS,Mobile,31.0069,-88.0103,"C,D",5007385.07,THE SOUTHERN CO,1.0,5007385.07
1007300,Bastrop Clean Energy Center,TX,CEDAR CREEK,Bastrop,30.1458,-97.55,D,1153439.548,BASTROP ENERGY PARTNERS LP,1.0,1153439.548
1007920,Batavia Energy,NY,Batavia,GENESEE COUNTY,42.9828,-78.1592,D,3136.888,ALLIANCE ENERGY GROUP LLC,1.0,3136.888
1010637,Batesville Generation Facility,MS,BATESVILLE,Panola,34.33639,-89.92906,D,1980799.108,COOPERATIVE ENERGY A MISSISSIPPI ELECTRIC COOPERATIVE,1.0,1980799.108
1000699,Baxter Wilson,MS,VICKSBURG,Warren,32.2831,-90.9306,"C,D",,Baxter Wilson (NO_PARENT_RECORD),1.0,
1000978,Bay Front,WI,ASHLAND,Ashland,46.5869,-90.9017,"C,D",14220.15,XCEL ENERGY INC,1.0,14220.15
1007242,Bay Shore,OH,OREGON,Lucas,41.6925,-83.4375,"C,D",1219132.642,WALLEYE POWER LLC,1.0,1219132.642
1000555,Bayonne Energy Center,NJ,Bayonne,Hudson,40.6529,-74.0916,D,396459.132,BAYONNE ENERGY CENTER LLC,1.0,396459.132
1007931,Bayou Cove Peaking Power Plant,LA,JENNINGS,Acadia,30.2825,-92.5994,"C,D",105115.508,CLECO CORPORATE HOLDINGS LLC,1.0,105115.508
1001172,Bayside Power Station,FL,TAMPA,Hillsborough,27.9072,-82.4231,D,2364840.284,TECO ENERGY INC,1.0,2364840.284
1000131,Bayswater Peaking Facility,NY,FAR ROCKAWAY,Queens,40.6106,-73.7614,D,75534.632,MPH ROCKAWAY PEAKERS HOLDCO LLC,1.0,75534.632
1006983,Baytown Energy Center,TX,BAYTOWN,Chambers,29.7731,-94.9019,"C,D",2104515.048,CPN MANAGEMENT LP,1.0,2104515.048
1000550,Bear Garden Generating Station,VA,New Canton,Buckingham,37.6961,-78.2848,"C,D",1146396.786,DOMINION ENERGY INC,1.0,1146396.786
1000284,Beatrice,NE,BEATRICE,Gage,40.3286,-96.8067,"C,D",279019.916,NEBRASKA PUBLIC POWER DISTRICT,1.0,279019.916
1001216,"Beaver Falls, LLC",NY,BEAVER FALLS,Lewis,43.8861,-75.4342,"C,D",,"Beaver Falls, LLC (NO_PARENT_RECORD)",1.0,
1001187,Belews Creek,NC,BELEWS CREEK,Stokes,36.2811,-80.0603,"C,D",5584207.896,DUKE ENERGY CORP,1.0,5584207.896
1001011,Belle River,MI,SAINT CLAIR HAVEN,Saint Clair,42.7748,-82.4945,"C,D",5816275.892,DTE ENERGY CO,1.0,5816275.892
1001255,Bellemeade Power Station,VA,RICHMOND,Richmond,37.4964,-77.4319,D,,Bellemeade Power Station (NO_PARENT_RECORD),1.0,
1001207,Bellingham,MA,BELLINGHAM,Norfolk,42.0925,-71.4833,D,47720.114,NEXTERA ENERGY INC,1.0,47720.114
1006864,Bellingham Power Generation LLC,MA,BELLINGHAM,Norfolk,42.1113,-71.4529,"C,D",1217538.088,Vistra Corp,1.0,1217538.088
1000244,Bennett Mountain Power Project,ID,Mountain Home,Elmore,43.147,-115.6671,"C,D",407421.34,IDACORP INC,1.0,407421.34
1006393,Benning Generation Station,DC,WASHINGTON,DISTRICT OF COLUMBIA,38.8994,-76.9592,"C,D",,Benning Generation Station (NO_PARENT_RECORD),1.0,
1000285,Benson Power Biomass Plant,MN,Benson,Swift,45.2996,-95.5604,D,,Benson Power Biomass Plant (NO_PARENT_RECORD),1.0,
1000742,Bergen,NJ,RIDGEFIELD,Bergen,40.8375,-74.0244,"C,D",1111182.024,ARCLIGHT ENERGY PARTNERS FUND VII LP,1.0,1111182.024
1001298,Berkshire Power,MA,AGAWAM,Hampden,42.0476,-72.6478,"C,D",27806.744,BERKSHIRE POWER CO,1.0,27806.744
1000777,Bethlehem Energy Center (Albany),NY,GLENMONT,Albany,42.5905,-73.7636,"C,D",2273112.376,ARCLIGHT ENERGY PARTNERS FUND VII LP,1.0,2273112.376
1000127,Bethlehem Power Plant,PA,BETHLEHEM,Northampton,40.6175,-75.3147,D,2638013.468,CPN MANAGEMENT LP,1.0,2638013.468
1001238,Bethpage Energy Center,NY,HICKSVILLE,Nassau,40.7469,-73.4994,"C,D",315226.58,CPN MANAGEMENT LP,1.0,315226.58
1001492,Big Bend,FL,APOLLO BEACH,Hillsborough,27.7944,-82.4036,D,3002504.012,TECO ENERGY INC,1.0,3002504.012
1007500,Big Brown,TX,FAIRFIELD,Freestone,31.8206,-96.0561,"C,D",,Big Brown (NO_PARENT_RECORD),1.0,
1007930,Big Cajun 1,LA,JARREAU,Pointe Coupee,30.6736,-91.3525,"C,D",188863.108,CLECO CORPORATE HOLDINGS LLC,1.0,188863.108
1001016,Big Cajun 2,LA,NEW ROADS,Pointe Coupee,30.7261,-91.3669,"C,D",2106119.25,LOUISIANA GENERATING LLC,0.86,1811262.555
1001016,Big Cajun 2,LA,NEW ROADS,Pointe Coupee,30.7261,-91.3669,"C,D",2106119.25,ENTERGY CORP,0.14,294856.695
1001587,Big Sandy,KY,LOUISA,Lawrence,38.1707,-82.6176,"C,D",640817.524,AMERICAN ELECTRIC POWER CO INC,1.0,640817.524
1007358,Big Sandy Peaker Plant,WV,KENOVA,Wayne,38.3441,-82.5938,D,195598.224,MIDDLE RIVER POWER LLC,1.0,195598.224
1001027,Big Stone,SD,BIG STONE CITY,Grant,45.3047,-96.5103,"C,D",1919343.406,OTTER TAIL CORP,0.539,1034526.095834
1001027,Big Stone,SD,BIG STONE CITY,Grant,45.3047,-96.5103,"C,D",1919343.406,NORTHWESTERN CORP,0.23399999999999999,449126.357004
1001027,Big Stone,SD,BIG STONE CITY,Grant,45.3047,-96.5103,"C,D",1919343.406,MDU RESOURCES GROUP INC,0.22699999999999998,435690.95316199993
1000266,Binghamton Cogen Plant,NY,BINGHAMTON,Broome,42.1073,-75.9283,D,,Binghamton Cogen Plant (NO_PARENT_RECORD),1.0,
1000259,Birchwood Power Facility,VA,KING GEORGE,King George,38.2667,-77.3147,D,,Birchwood Power Facility (NO_PARENT_RECORD),1.0,
1013620,Birdsboro Power Project,PA,Birdsboro,BERKS COUNTY,40.26668,-75.7964,D,1114142.672,SOJITZ BIRDSBORO LLC,0.3333,371343.7525776
1013620,Birdsboro Power Project,PA,Birdsboro,BERKS COUNTY,40.26668,-75.7964,D,1114142.672,TOKYO GAS AMERICA LTD,0.3333,371343.7525776
1013620,Birdsboro Power Project,PA,Birdsboro,BERKS COUNTY,40.26668,-75.7964,D,1114142.672,AEIF BIRDSBORO LLC,0.3333,371343.7525776
1000689,Black Dog,MN,BURNSVILLE,Dakota,44.8108,-93.2501,"C,D",824751.244,XCEL ENERGY INC,1.0,824751.244
1000489,Black Mountain Generating Station,AZ,Golden Valley,Mohave,35.0361,-114.1594,D,54594.148,UNS ENERGY CORP,1.0,54594.148
1005822,Blackhawk Station,TX,BORGER,Hutchinson,35.6957,-101.36,D,948824.6,GREAT POINT POWER LLC,1.0,948824.6
1006657,Blackstone Power Generation LLC,MA,BLACKSTONE,Worcester,42.0575,-71.5172,"C,D",1080446.796,Vistra Corp,1.0,1080446.796
1000979,Blount Street,WI,MADISON,Dane,43.0792,-89.3739,"C,D",13003.404,MGE ENERGY INC,1.0,13003.404
1000424,Blue Lake Generating Plant,MN,SHAKOPEE,Scott,44.7855,-93.4315,"C,D",48734.81,XCEL ENERGY INC,1.0,48734.81
1000141,Blue Spruce Energy Center,CO,AURORA,Adams,39.7436,-104.68,"C,D",269797.034,XCEL ENERGY INC,1.0,269797.034
1007421,Blue Valley,MO,INDEPENDENCE,Jackson,39.0919,-94.3261,"C,D",,Blue Valley (NO_PARENT_RECORD),1.0,
1014676,Blue Water Energy,MI,East China Township,ST. CLAIR COUNTY,42.775839,-82.481747,"C,D",2786263.424,DTE ENERGY CO,1.0,2786263.424
1001341,Bluegrass Generating Station,KY,LA GRANGE,Oldham,38.3902,-85.4133,"C,D",23397.906,EAST KENTUCKY POWER COOPERATIVE INC,1.0,23397.906
1000463,Bluffview Power Plant,NM,FARMINGTON,San Juan,36.7164,-108.2153,D,195224.276,CITY OF FARMINGTON NEW MEXICO,1.0,195224.276
1001405,Blythe Energy,CA,BLYTHE,Riverside,33.6157,-114.6865,D,674910.248,ALTAGAS SERVICES (US) INC,1.0,674910.248
1007940,Boardman,OR,BOARDMAN,Morrow,45.6933,-119.8056,"C,D",,Boardman (NO_PARENT_RECORD),1.0,
1000811,Bobby C. Smith Jr. Energy Facility,GA,RINCON,Effingham,32.2792,-81.2842,"C,D",998081.152,OGLETHORPE POWER CORP,1.0,998081.152
1001149,Bonanza,UT,VERNAL,Uintah,40.0864,-109.2844,"C,D",3535786.57,UTAH MUNICIPAL POWER AGENCY (INC),0.0375,132591.996375
1001149,Bonanza,UT,VERNAL,Uintah,40.0864,-109.2844,"C,D",3535786.57,DESERET GENERATION & TRANSMISSION COOPERATIVE,0.9625,3403194.5736249997
1008020,Bosque County Power Plant,TX,Laguna Park,Bosque,31.8594,-97.3586,"C,D",1835223.348,CPN MANAGEMENT LP,1.0,1835223.348
1000687,Boswell Energy Center,MN,COHASSET,Itasca,47.2603,-93.6531,"C,D",5196645.978,ALLETE INC,0.9,4676981.3802000005
1000687,Boswell Energy Center,MN,COHASSET,Itasca,47.2603,-93.6531,"C,D",5196645.978,WPPI ENERGY,0.1,519664.59780000005
1001505,Bowen,GA,CARTERSVILLE,Bartow,34.1256,-84.9192,"C,D",10223192.838,THE SOUTHERN CO,1.0,10223192.838
1000780,Bowline Generating Station LLC,NY,WEST HAVERSTRAW,Rockland,41.2044,-73.9689,"C,D",516749.84,"BOWLINE GENERATING STATION, LLC",1.0,516749.84
1014658,"Braes Bayou Generating, LLC",TX,Richmond,Fort Bend,29.4783,-95.6358,D,164061.092,"WattBridge Texas, LLC",1.0,164061.092
1001041,Brame Energy Center,LA,LENA,Rapides,31.395,-92.7167,D,3988172.642,CLECO CORPORATE HOLDINGS LLC,0.7615999999999999,3037392.2841471997
1001041,Brame Energy Center,LA,LENA,Rapides,31.395,-92.7167,D,3988172.642,LOUISIANA ENERGY & POWER AUTHORITY,0.0681,271594.55692019995
1001041,Brame Energy Center,LA,LENA,Rapides,31.395,-92.7167,D,3988172.642,LAFAYETTE PUBLIC POWER AUTHORITY,0.1703,679185.8009326
1001481,Brandon Shores LLC,MD,Baltimore,Anne Arundel,39.1792,-76.5383,"C,D",1236592.13,TALEN ENERGY CORP,1.0,1236592.13
1001167,Brandy Branch,FL,BALDWIN,Duval,30.3206,-81.9486,"C,D",1760425.322,JACKSONVILLE ELECTRIC AUTHORITY,1.0,1760425.322
1001288,Brandywine Power Facility,MD,BRANDYWINE,Prince George'S,38.6681,-76.8678,"C,D",298668.68,KMC THERMO LLC,1.0,298668.68
1007239,Brayton Point,MA,SOMERSET,Bristol,41.7125,-71.1914,"C,D",,Brayton Point (NO_PARENT_RECORD),1.0,
1000798,"Brazos Valley Energy, LP",TX,THOMPSONS,Fort Bend,29.4731,-95.6244,D,1315735.424,CPN MANAGEMENT LP,1.0,1315735.424
1000963,Bremo Power Station,VA,BREMO BLUFF,Fluvanna,37.7089,-78.2878,"C,D",,Bremo Power Station (NO_PARENT_RECORD),1.0,
1000114,Brentwood,NY,BRENTWOOD,Suffolk,40.787,-73.2933,"C,D",20842.372,NEW YORK POWER AUTHORITY,1.0,20842.372
1001299,Bridgeport Energy,CT,BRIDGEPORT,Fairfield,41.1692,-73.1844,D,1012876.096,BRIDGEPORT ENERGY LLC,1.0,1012876.096
1006949,Bridgeport Harbor Station,CT,BRIDGEPORT,Fairfield,41.1706,-73.1843,"C,D",1067502.25,ARCLIGHT ENERGY PARTNERS FUND VII LP,1.0,1067502.25
1001343,Broad River Energy Center,SC,GAFFNEY,Cherokee,35.0786,-81.575,"C,D",161540.096,SOUTHWEST GENERATION OPERATING CO LLC,1.0,161540.096
1001458,Broadway,CA,PASADENA,Los Angeles,34.1263,-118.1494,"C,D",,Broadway (NO_PARENT_RECORD),1.0,
1000870,Brooklyn Navy Yard Cogeneration Project,NY,Brooklyn,KINGS COUNTY,40.6994,-73.9758,D,955560.872,BROOKLYN NAVY YARD COGENERATION PARTNERS LP,1.0,955560.872
1014902,Brotman Power Station,TX,Rosharon,,29.36763465418,-95.442131151964,D,133611.904,"WattBridge Texas, LLC",1.0,133611.904
1000739,Brownsville CT,TN,BROWNSVILLE,Haywood,35.5438,-89.198,"C,D",105739.583,US GOVERNMENT,1.0,105739.583
1006909,Bruce Mansfield,PA,SHIPPINGPORT,Beaver,40.6344,-80.42,"C,D",,Bruce Mansfield (NO_PARENT_RECORD),1.0,
1000886,"Brunner Island, LLC",PA,Mt Wolf,York,40.097,-76.6962,"C,D",1668140.098,TALEN ENERGY CORP,1.0,1668140.098
1007427,Brunot Island Power Station,PA,PITTSBURGH,Allegheny,40.4638,-80.044,"C,D",65475.854,"Reorganized Heritage TopCo, LLC",1.0,65475.854
1011850,Brunswick County Power Station,VA,Freeman,BRUNSWICK COUNTY,36.766854,-77.711098,"C,D",2405589.736,DOMINION ENERGY INC,1.0,2405589.736
1001224,Brush Power Projects,CO,BRUSH,Morgan,40.2415,-103.631,"C,D",78196.372,BRUSH POWER LLC,0.67,52391.569240000004
1001224,Brush Power Projects,CO,BRUSH,Morgan,40.2415,-103.631,"C,D",78196.372,CLARION ENERGY LLC,0.33,25804.802760000002
1000174,"Buchanan Units 1, 2",VA,KEEN MOUNTAIN,Buchanan,37.1753,-81.9617,D,97732.513,"LS Power Development, LLC",1.0,97732.513
1000831,Buck,NC,SALISBURY,Rowan,35.7133,-80.3767,"C,D",1570968.456,DUKE ENERGY CORP,1.0,1570968.456
1000917,Bull Run,TN,CLINTON,Anderson,36.0211,-84.1567,"C,D",830800.578,US GOVERNMENT,1.0,830800.578
1001553,Burlington (IA),IA,BURLINGTON,Des Moines,40.7412,-91.1168,"C,D",18574.58,ALLIANT ENERGY CORP,1.0,18574.58
1013524,Burlington Electric,VT,Burlington,CHITTENDEN COUNTY,44.4917,-73.2081,"C,D",,Burlington Electric (NO_PARENT_RECORD),1.0,
1000743,Burlington Generating Station,NJ,BURLINGTON,Burlington,40.0753,-74.8781,"C,D",14353.292,ARCLIGHT ENERGY PARTNERS FUND VII LP,1.0,14353.292
1000200,Butler-Warner Generation Plant,NC,FAYETTEVILLE,Cumberland,35.0986,-78.8294,D,,Butler-Warner Generation Plant (NO_PARENT_RECORD),1.0,
1001500,C D McIntosh Jr Power Plant,FL,LAKELAND,Polk,28.0809,-81.9256,"C,D",699120.96,CITY OF LAKELAND FLORIDA,1.0,699120.96
1000953,C E Newman,TX,GARLAND,Dallas,32.9125,-96.6231,D,,C E Newman (NO_PARENT_RECORD),1.0,
1001616,C P Crane LLC,MD,Baltimore,Baltimore,39.3269,-76.365,"C,D",,C P Crane LLC (NO_PARENT_RECORD),1.0,
1007596,C W Burdick,NE,Grand Island,Hall,40.9228,-98.3269,"C,D",,C W Burdick (NO_PARENT_RECORD),1.0,
1000419,C. R. Wing Cogeneration Plant,TX,BIG SPRING,Howard,32.2722,-101.4222,D,72289.932,BERKSHIRE HATHAWAY INC,0.9114,65885.0440248
1000419,C. R. Wing Cogeneration Plant,TX,BIG SPRING,Howard,32.2722,-101.4222,D,72289.932,GREG ABEL SERVICES LLC,0.0097,701.2123404
1000419,C. R. Wing Cogeneration Plant,TX,BIG SPRING,Howard,32.2722,-101.4222,D,72289.932,WALTER SCOTT JR,0.0789,5703.6756348
1005420,COVE POINT LNG FACILITY,MD,Lusby,CALVERT COUNTY,38.38407,-76.41233,"C,D,W-LNGIE",1152356.454,DOMINION ENERGY INC,1.0,1152356.454
1013577,CPV Fairview LLC,PA,Johnstown,CAMBRIA COUNTY,40.4152,-78.86079,"C,D",2468430.076,CPV POWER HOLDINGS LP,0.25,617107.519
1013577,CPV Fairview LLC,PA,Johnstown,CAMBRIA COUNTY,40.4152,-78.86079,"C,D",2468430.076,CPV FAIRVIEW LLC CPV FAIRVIEW,0.25,617107.519
1013577,CPV Fairview LLC,PA,Johnstown,CAMBRIA COUNTY,40.4152,-78.86079,"C,D",2468430.076,OSAKA GAS USA CORP,0.5,1234215.038
1013223,CPV Towantic Energy Center,CT,Oxford,NEW HAVEN COUNTY,41.479021,-73.12118,"C,D",1938201.386,ULLICO INFRASTRUCTURE MASTER FUND LP,0.13699999999999998,265533.58988199994
1013223,CPV Towantic Energy Center,CT,Oxford,NEW HAVEN COUNTY,41.479021,-73.12118,"C,D",1938201.386,OSAKA GAS USA CORP,0.495,959409.6860699999
1013223,CPV Towantic Energy Center,CT,Oxford,NEW HAVEN COUNTY,41.479021,-73.12118,"C,D",1938201.386,VICTOR RHINO HOLDINGS II LLC,0.1079,209131.9295494
1013223,CPV Towantic Energy Center,CT,Oxford,NEW HAVEN COUNTY,41.479021,-73.12118,"C,D",1938201.386,CPV POWER HOLDINGS LP,0.2601,504126.1804986
1013330,CPV Valley Energy Center,NY,Middletown,ORANGE COUNTY,41.4278,-74.4186,D,1589336.04,CPV VALLEY LLC,1.0,1589336.04
1000450,Caithness Long Island Energy Center,NY,Yaphank,Suffolk,40.8142,-72.9403,"C,D",898317.24,CAITHNESS LONG ISLAND LLC,1.0,898317.24
1000065,CalPeak Power - Border LLC,CA,SAN DIEGO,San Diego,32.5622,-116.9433,D,,CalPeak Power - Border LLC (NO_PARENT_RECORD),1.0,
1007316,CalPeak Power - Enterprise LLC,CA,ESCONDIDO,San Diego,33.1221,-117.117,D,,CalPeak Power - Enterprise LLC (NO_PARENT_RECORD),1.0,
1006745,CalPeak Power - Panoche LLC,CA,FIREBAUGH,Fresno,36.6531,-120.5797,D,,CalPeak Power - Panoche LLC (NO_PARENT_RECORD),1.0,
1000058,CalPeak Power - Vaca Dixon LLC,CA,VACAVILLE,Solano,38.3989,-121.9239,D,,CalPeak Power - Vaca Dixon LLC (NO_PARENT_RECORD),1.0,
1001342,Calcasieu Plant,LA,SULPHUR,Calcasieu,30.1603,-93.3458,"C,D",64205.212,ENTERGY CORP,1.0,64205.212
1001357,Caledonia,MS,STEENS,Lowndes,33.6464,-88.2717,"C,D",1499073.671,US GOVERNMENT,1.0,1499073.671
1000812,Calhoun Generating Facility,AL,EASTABOGA,Calhoun,33.5883,-85.9731,"C,D",26958.396,THE SOUTHERN CO,1.0,26958.396
1005164,"California Resources Elk Hills, LLC - Gas Processing and Power Generation",CA,TUPMAN,KERN COUNTY,35.24084,-119.36056,"C,D,NN-FRAC,W-PROC",1329606.782,CALIFORNIA RESOURCES CORP,1.0,1329606.782
1000453,"Calpine Gilroy Cogen, LP",CA,GILROY,Santa Clara,37.0001,-121.5367,"C,D",29374.14,CPN MANAGEMENT LP,1.0,29374.14
1007233,Calpine Hidalgo Energy Center,TX,EDINBURG,Hidalgo,26.3389,-98.1708,D,1062228.164,CPN MANAGEMENT LP,0.785,833849.1087400002
1007233,Calpine Hidalgo Energy Center,TX,EDINBURG,Hidalgo,26.3389,-98.1708,D,1062228.164,PUBLIC UTILITIES BOARD OF THE CITY OF BROWNSVILLE TEXAS,0.215,228379.05526000002
1001320,Calpine Sutter Energy Center,CA,YUBA CITY,Sutter,39.0531,-121.6939,D,841347.632,CPN MANAGEMENT LP,1.0,841347.632
1005756,"Calumet Energy Team, LLC",IL,CHICAGO,Cook,41.6835,-87.5563,D,,"Calumet Energy Team, LLC (NO_PARENT_RECORD)",1.0,
1001220,Cambria Cogen,PA,EBENSBURG,Cambria,40.4748,-78.7021,D,,Cambria Cogen (NO_PARENT_RECORD),1.0,
1000468,Cambridge Station,MN,CAMBRIDGE,Isanti,45.601,-93.2081,"C,D",31418.33,GREAT RIVER ENERGY,1.0,31418.33
1001226,"Camden Plant Holding, LLC",NJ,CAMDEN,Camden,39.9175,-75.1192,"C,D",42113.044,TALEN ENERGY CORP,1.0,42113.044
1001130,Campbell Power Plant,CA,SACRAMENTO,Sacramento,38.511,-121.4735,"C,D",275039.78,SACRAMENTO MUNICIPAL UTILITY DISTRICT FINANCING AUTHORITY,1.0,275039.78
1006660,Canaday,NE,LEXINGTON,Gosper,40.6941,-99.7005,"C,D",17018.036,NEBRASKA PUBLIC POWER DISTRICT,1.0,17018.036
1000972,Canadys Steam,SC,WALTERBORO,Colleton,33.0647,-80.6228,"C,D",,Canadys Steam (NO_PARENT_RECORD),1.0,
1000658,Canal Station,MA,SANDWICH,Barnstable,41.7694,-70.5097,"C,D",59860.608,JERA AMERICAS HOLDINGS INC,1.0,59860.608
1001098,Cane Island,FL,INTERCESSION CITY,Osceola,28.2764,-81.533,"C,D",1625344.576,FLORIDA MUNICIPAL POWER AGENCY,1.0,1625344.576
1006509,Cane Run,KY,Louisville,JEFFERSON COUNTY,38.1828,-85.8894,"C,D",1806075.408,PPL CORP,1.0,1806075.408
1000488,Cannon Falls Energy Center,MN,CANNON FALLS,Goodhue,44.5364,-92.9147,"C,D",429490.696,INVENERGY LLC,0.51,219040.25496
1000488,Cannon Falls Energy Center,MN,CANNON FALLS,Goodhue,44.5364,-92.9147,"C,D",429490.696,MARUBENI AMERICA CORP,0.49,210450.44104
1000566,Canyon Power Plant,CA,"Anaheim, CA",Orange,33.8581,-117.8616,D,58326.932,SOUTHERN CALIFORNIA PUBLIC POWER AUTHORITY,1.0,58326.932
1007650,Cape Canaveral,FL,COCOA,Brevard,28.4694,-80.7642,D,2522128.184,NEXTERA ENERGY INC,1.0,2522128.184
1000960,Carbon,UT,Helper,Carbon,39.7272,-110.8644,D,,Carbon (NO_PARENT_RECORD),1.0,
1000839,Cardinal,OH,BRILLIANT,Jefferson,40.2522,-80.6486,"C,D",9267970.754,BUCKEYE POWER INC,1.0,9267970.754
1001434,Carl Bailey,AR,AUGUSTA,Woodruff,35.2597,-91.3631,"C,D",,Carl Bailey (NO_PARENT_RECORD),1.0,
1000733,Carlls Corner Energy Center,NJ,UPPER DEERFIELD TWP,Cumberland,39.4547,-75.2011,"C,D",4121.184,CPN MANAGEMENT LP,1.0,4121.184
1013360,Carlsbad Energy Center Project,CA,Carlsbad,SAN DIEGO COUNTY,33.14011,-117.33366,D,162274.396,CLEARWAY ENERGY GROUP LLC,1.0,162274.396
1005877,Carneys Point,NJ,CARNEYS POINT,Salem,39.6928,-75.4867,"C,D",,Carneys Point (NO_PARENT_RECORD),1.0,
1001257,Carr Street Generating Station,NY,EAST SYRACUSE,Onondaga,43.0611,-76.0819,"C,D",89736.668,BROOKFIELD RENEWABLE ENERGY PARTNERS LP,1.0,89736.668
1013063,"Carroll County Energy, LLC",OH,Washington Township,CARROLL COUNTY,40.60652,-81.06862,"C,D",2192382.476,CARROLL COUNTY ENERGY LLC,1.0,2192382.476
1001127,Carson Power Plant,CA,ELK GROVE,Sacramento,38.4461,-121.4614,"C,D",77318.452,SACRAMENTO MUNICIPAL UTILITY DISTRICT FINANCING AUTHORITY,1.0,77318.452
1001218,Carthage Energy,NY,Carthage,Jefferson,43.9842,-75.6225,"C,D",1449.244,ALLIANCE ENERGY GROUP LLC,1.0,1449.244
1012606,Carty Generating Station,OR,Boardman,MORROW COUNTY,45.6933,-119.8075,"C,D",1255635.996,PORTLAND GENERAL ELECTRIC CO,1.0,1255635.996
1005110,Carville Energy Center,LA,Saint Gabriel,IBERVILLE PARISH,30.2292,-91.065,D,1422172.78,ARGO INFRASTRUCTURE PARTNERS LP,1.0,1422172.78
1001017,Cascade Creek,MN,ROCHESTER,Olmsted,44.0322,-92.4908,"C,D",,Cascade Creek (NO_PARENT_RECORD),1.0,
1008168,Cass County Station,NE,PLATTSMOUTH,Cass,40.9472,-95.9667,"C,D",134595.1,OMAHA PUBLIC POWER DISTRICT,1.0,134595.1
1001206,"Castleton Power, LLC",NY,CASTLETON ON HUDSON,Rensselaer,42.5375,-73.7433,"C,D",45911.676,CASTLETON ENERGY CENTER LLC,1.0,45911.676
1001540,Cayuga,IN,CAYUGA,Vermillion,39.9239,-87.4272,"C,D",4188339.98,DUKE ENERGY CORP,1.0,4188339.98
1006950,"Cayuga Operating Company, LLC",NY,LANSING,Tompkins,42.6028,-76.6336,"C,D",0.0,HEOROT POWER HOLDINGS LLC,1.0,0.0
1001429,Cecil Lynch,AR,NORTH LITTLE ROCK,Pulaski,34.7535,-92.1987,"C,D",,Cecil Lynch (NO_PARENT_RECORD),1.0,
1000929,Cedar Bayou,TX,BAYTOWN,Chambers,29.7483,-94.9272,"C,D",1705418.08,NRG ENERGY INC,1.0,1705418.08
1000547,Cedar Bayou 4,TX,ELDON,Chambers,29.752,-94.923,D,678857.584,NRG ENERGY INC,0.5,339428.792
1000547,Cedar Bayou 4,TX,ELDON,Chambers,29.752,-94.923,D,678857.584,OPTIM ENERGY LLC,0.5,339428.792
1000734,Cedar Energy Station,NJ,CEDAR RUN,Ocean,39.6893,-74.2618,"C,D",,Cedar Energy Station (NO_PARENT_RECORD),1.0,
1000518,Center Generating Station,CA,NORWALK,Los Angeles,33.9297,-118.1047,D,,Center Generating Station (NO_PARENT_RECORD),1.0,
1000819,Central Alabama Generating Station,AL,BILLINGSLEY,Autauga,32.6503,-86.7386,D,1918312.84,THE SOUTHERN CO,1.0,1918312.84
1007310,Centralia,WA,CENTRALIA,Lewis,46.7559,-122.8578,"C,D",4536949.43,TRANSALTA USA INC,1.0,4536949.43
1001396,Ceredo Generating Station,WV,HUNTINGTON,Wayne,38.3681,-82.5339,"C,D",310397.892,AMERICAN ELECTRIC POWER CO INC,1.0,310397.892
1000649,Chalk Point,MD,AQUASCO,Prince George'S,38.5444,-76.6861,"C,D",471263.122,GENON ENERGY INC,1.0,471263.122
1000148,"Chambersburg Units 12,13",PA,CHAMBERSBURG,Franklin,39.8668,-77.6859,D,135275.65,"LS Power Development, LLC",1.0,135275.65
1000717,Chamois Power Plant,MO,CHAMOIS,Osage,38.6853,-91.7556,"C,D",,Chamois Power Plant (NO_PARENT_RECORD),1.0,
1012910,Chamon Power LLC,TX,Houston,HARRIS COUNTY,29.87449,-95.106947,D,65003.06,PEAKER POWER LLC,1.0,65003.06
1001408,Channel Energy Center,TX,PASADENA,Harris,29.7189,-95.2319,"C,D",2160895.596,CPN MANAGEMENT LP,1.0,2160895.596
1007323,Channelview Cogeneration Facility,TX,Houston,Harris,29.8356,-95.1242,D,2890021.192,EIF CHANNELVIEW COGENERATION LLC,1.0,2890021.192
1005778,Chanute 2,KS,CHANUTE,Neosho,37.6953,-95.4586,"C,D",56053.292,CITY OF CHANUTE KANSAS,1.0,56053.292
1011999,Charles D. Lamb Energy Center,OK,Ponca City,KAY COUNTY,36.81107,-97.12581,D,142360.072,OKLAHOMA MUNICIPAL POWER AUTHORITY,1.0,142360.072
1001499,Charles Larsen Memorial Power Plant,FL,LAKELAND,Polk,28.0491,-81.9238,"C,D",122459.694,CITY OF LAKELAND FLORIDA,1.0,122459.694
1001418,Charles R Lowman,AL,LEROY,Washington,31.4858,-87.9106,"C,D",609419.14,POWERSOUTH ENERGY COOPERATIVE,1.0,609419.14
1001178,Chattahoochee Energy Facility,GA,FRANKLIN,Heard,33.407,-85.0387,D,1310709.292,OGLETHORPE POWER CORP,1.0,1310709.292
1000144,Chehalis Generation Facility,WA,CHEHALIS,Lewis,46.6226,-122.9145,"C,D",914725.608,BERKSHIRE HATHAWAY INC,1.0,914725.608
1007207,Cherokee,CO,DENVER,Adams,39.8078,-104.9648,"C,D",1514356.584,XCEL ENERGY INC,1.0,1514356.584
1007184,Cherokee County Cogen,SC,GAFFNEY,Cherokee,35.0727,-81.613,D,50857.462,SOUTH CAROLINA PUBLIC SERVICE AUTHORITY,1.0,50857.462
1000964,Chesterfield Power Station,VA,CHESTER,Chesterfield,37.3822,-77.3833,"C,D",1292660.518,DOMINION ENERGY INC,1.0,1292660.518
1001198,Cheswick,PA,Springdale,Allegheny,40.5383,-79.7906,"C,D",,Cheswick (NO_PARENT_RECORD),1.0,
1000696,Chevron Cogenerating Station,MS,PASCAGOULA,Jackson,30.34,-88.492,"C,D",792226.382,THE SOUTHERN CO,1.0,792226.382
1012045,Cheyenne Prairie Generating Station,WY,Cheyenne,LARAMIE COUNTY,41.12703,-104.72413,"C,D",182458.424,BLACK HILLS CORP,1.0,182458.424
1000171,Choctaw County Gen,MS,FRENCH CAMP,Choctaw,33.2881,-89.4201,"C,D",1950979.172,ENTERGY CORP,1.0,1950979.172
1001421,Cholla,AZ,JOSEPH CITY,Navajo,34.9394,-110.3033,D,2078035.03,PINNACLE WEST CAPITAL CORP,1.0,2078035.03
1001142,Chouteau Power Plant,OK,PRYOR,Mayes,36.2206,-95.2756,"C,D",2606111.048,ASSOCIATED ELECTRIC COOPERATIVE INC,1.0,2606111.048
1001475,Christiana energy Center,DE,WILMINGTON,New Castle,39.7302,-75.5371,"C,D",,Christiana energy Center (NO_PARENT_RECORD),1.0,
1000150,Chuck Lenzie Generating Station,NV,APEX,Clark,36.3853,-114.9228,"C,D",2778085.456,BERKSHIRE HATHAWAY INC,1.0,2778085.456
1000075,Chula Vista Energy Center,CA,CHULA VISTA,San Diego,32.5914,-117.0586,D,,Chula Vista Energy Center (NO_PARENT_RECORD),1.0,
1001572,Cimarron River,KS,LIBERAL,Seward,37.1611,-100.7619,"C,D",31024.484,SUNFLOWER ELECTRIC POWER CORP,1.0,31024.484
1000493,City Water & Light - City of Jonesboro,AR,JONESBORO,Craighead,35.8481,-90.7257,"C,D",51100.46,CITY WATER & LIGHT PLANT OF THE CITY OF JONESBORO ARKANSAS,1.0,51100.46
1001580,City of Coffeyville Light & Power,KS,COFFEYVILLE,Montgomery,37.0456,-95.6076,"C,D",7493.772,CITY OF COFFEYVILLE KANSAS,1.0,7493.772
1000726,Clark,NV,LAS VEGAS,Clark,36.0875,-115.0507,"C,D",309090.692,BERKSHIRE HATHAWAY INC,1.0,309090.692
1012074,Clayville,NJ,Vineland,CUMBERLAND COUNTY,39.42737,-75.01947,D,45952.28,CITY OF VINELAND NEW JERSEY,1.0,45952.28
1000503,Clear Lake Cogeneration,TX,PASADENA,Harris,29.6255,-95.067,D,,Clear Lake Cogeneration (NO_PARENT_RECORD),1.0,
1000667,Cleary Flood,MA,TAUNTON,Bristol,41.8653,-71.1061,"C,D",31764.358,TAUNTON MUNICIPAL LIGHTING PLANT,1.0,31764.358
1000565,Cleveland County Generating Facility,NC,Grover,Cleveland,35.1706,-81.4161,"C,D",356228.974,THE SOUTHERN CO,1.0,356228.974
1000832,Cliffside,NC,CLIFFSIDE,Cleveland,35.22,-81.7594,"C,D",3711093.676,DUKE ENERGY CORP,1.0,3711093.676
1001531,Clifty Creek,IN,MADISON,Jefferson,38.7383,-85.4192,"C,D",5302010.932,AMERICAN ELECTRIC POWER CO INC,1.0,5302010.932
1007359,Clinch River,VA,CLEVELAND,Russell,36.9333,-82.1997,"C,D",61857.172,AMERICAN ELECTRIC POWER CO INC,1.0,61857.172
1001093,Clover Power Station,VA,CLOVER,Halifax,36.8692,-78.7046,D,280700.638,OLD DOMINION ELECTRIC COOPERATIVE,0.5,140350.319
1001093,Clover Power Station,VA,CLOVER,Halifax,36.8692,-78.7046,D,280700.638,DOMINION ENERGY INC,0.5,140350.319
1007429,Coal Creek,ND,UNDERWOOD,Mclean,47.3761,-101.1567,"C,D",7716347.05,REMC ASSETS LP,1.0,7716347.05
1007204,Coalinga Cogeneration Facility,CA,COALINGA,Fresno,36.1807,-120.3885,"D,DD",,Coalinga Cogeneration Facility (NO_PARENT_RECORD),1.0,
1006889,Coffeen,IL,COFFEEN,Montgomery,39.0586,-89.4031,"C,D",,Coffeen (NO_PARENT_RECORD),1.0,
1007829,Colbert,AL,TUSCUMBIA,Colbert,34.7439,-87.8486,"C,D",34111.868,US GOVERNMENT,1.0,34111.868
1001038,Coleto Creek,TX,FANNIN,Goliad,28.7128,-97.2142,D,2755586.288,Vistra Corp,1.0,2755586.288
1000483,Colorado Bend I,TX,WHARTON,Wharton,29.2878,-96.0683,D,1112844.024,COLORADO BEND 1 POWER LLC,1.0,1112844.024
1013024,Colorado Bend II,TX,Wharton,WHARTON COUNTY,29.2878,-96.0683,"C,D",2831827.956,CONSTELLATION ENERGY CORP,1.0,2831827.956
1001020,Colstrip,MT,COLSTRIP,Rosebud,45.8831,-106.614,D,10967111.138,NORTHWESTERN CORP,0.106,1162513.780628
1001020,Colstrip,MT,COLSTRIP,Rosebud,45.8831,-106.614,D,10967111.138,BERKSHIRE HATHAWAY INC,0.071,778664.8907979999
1001020,Colstrip,MT,COLSTRIP,Rosebud,45.8831,-106.614,D,10967111.138,AVISTA CORP,0.106,1162513.780628
1001020,Colstrip,MT,COLSTRIP,Rosebud,45.8831,-106.614,D,10967111.138,PORTLAND GENERAL ELECTRIC CO,0.142,1557329.7815959998
1001020,Colstrip,MT,COLSTRIP,Rosebud,45.8831,-106.614,D,10967111.138,PUGET HOLDINGS LLC,0.32299999999999995,3542376.8975739996
1001020,Colstrip,MT,COLSTRIP,Rosebud,45.8831,-106.614,D,10967111.138,TALEN ENERGY CORP,0.252,2763712.006776
1000709,Columbia,MO,COLUMBIA,Boone,38.9658,-92.3175,"C,D",3822.736,COLUMBIA CITY OF (INC),1.0,3822.736
1001186,Columbia,WI,PARDEEVILLE,Columbia,43.4864,-89.4203,"C,D",4621127.284,ALLIANT ENERGY CORP,0.535,2472303.09694
1001186,Columbia,WI,PARDEEVILLE,Columbia,43.4864,-89.4203,"C,D",4621127.284,MGE ENERGY INC,0.19,878014.18396
1001186,Columbia,WI,PARDEEVILLE,Columbia,43.4864,-89.4203,"C,D",4621127.284,INTEGRYS ENERGY GROUP INC,0.275,1270810.0031
1000820,Columbia Energy Center (MO),MO,COLUMBIA,Boone,39.0183,-92.2633,"C,D",,Columbia Energy Center (MO) (NO_PARENT_RECORD),1.0,
1006999,Columbia Energy Center (SC),SC,GASTON,Calhoun,33.8692,-81.0183,"C,D",1118568.518,DOMINION ENERGY INC,1.0,1118568.518
1001204,Colver Green Energy,PA,COLVER,Cambria,40.55,-78.8,D,897019.754,GENERATION HOLDINGS LP,1.0,897019.754
1001462,Comanche (470),CO,PUEBLO,Pueblo,38.2081,-104.5747,"C,D",6991405.874,HOLY CROSS ELECTRIC ASSOC INC,0.04190000000000001,292939.90612060006
1001462,Comanche (470),CO,PUEBLO,Pueblo,38.2081,-104.5747,"C,D",6991405.874,INTERMOUNTAIN RURAL ELECTRIC ASSOC,0.13269999999999998,927759.5594797998
1001462,Comanche (470),CO,PUEBLO,Pueblo,38.2081,-104.5747,"C,D",6991405.874,XCEL ENERGY INC,0.8254,5770706.4083996
1001191,Comanche (8059),OK,LAWTON,Comanche,34.5431,-98.3244,D,269001.904,AMERICAN ELECTRIC POWER CO INC,1.0,269001.904
1000078,"Combined Locks Energy Center, LLC",WI,COMBINED LOCKS,Outagamie,44.2717,-88.3011,D,,"Combined Locks Energy Center, LLC (NO_PARENT_RECORD)",1.0,
1007538,Commonwealth Chesapeake,VA,NEW CHURCH,Accomack,37.9892,-75.54,D,18058.158,TYR ENERGY INC,1.0,18058.158
1001086,Concord,WI,WATERTOWN,Jefferson,43.1669,-88.69,"C,D",88704.67,WEC Energy Group Inc,1.0,88704.67
1000877,Conemaugh,PA,NEW FLORENCE,Indiana,40.3842,-79.0611,"C,D",2804426.1,TALEN ENERGY CORP,0.22219999999999998,623143.47942
1000877,Conemaugh,PA,NEW FLORENCE,Indiana,40.3842,-79.0611,"C,D",2804426.1,BOWFIN KEYCON POWER LLC,0.037200000000000004,104324.65092000001
1000877,Conemaugh,PA,NEW FLORENCE,Indiana,40.3842,-79.0611,"C,D",2804426.1,KEYCON OPERATING LLC,0.16449999999999998,461328.09345
1000877,Conemaugh,PA,NEW FLORENCE,Indiana,40.3842,-79.0611,"C,D",2804426.1,ARCLIGHT CAPITAL HOLDINGS LLC,0.5761,1615629.87621
1000845,Conesville,OH,CONESVILLE,Coshocton,40.1842,-81.8811,"C,D",,Conesville (NO_PARENT_RECORD),1.0,
1000673,Conners Creek,MI,DETROIT,Wayne,42.3597,-82.9611,"C,D",,Conners Creek (NO_PARENT_RECORD),1.0,
1007313,Contra Costa Generating Station,CA,ANTIOCH,Contra Costa,38.0184,-121.761,D,,Contra Costa Generating Station (NO_PARENT_RECORD),1.0,
1007962,Coolidge Generating Station,AZ,Randolph,Pinal,32.9175,-111.5041,D,241402.604,SALT RIVER PROJECT AGRICULTURAL IMPROVEMENT & POWER DISTRICT,1.0,241402.604
1001445,Coolwater Generating Station,CA,DAGGETT,San Bernardino,34.8622,-116.854,D,,Coolwater Generating Station (NO_PARENT_RECORD),1.0,
1001092,Cope Station,SC,COPE,Orangeburg,33.3642,-81.03,"C,D",968629.962,DOMINION ENERGY INC,1.0,968629.962
1001354,Cordova Energy Company,IL,CORDOVA,Rock Island,41.7146,-90.2802,"C,D",293296.464,GREGORY E ABEL REVOCABLE TRUST,0.01,2932.9646399999997
1001354,Cordova Energy Company,IL,CORDOVA,Rock Island,41.7146,-90.2802,"C,D",293296.464,FAMILY & ESTATE OF WALTER SCOTT JR,0.079,23170.420656
1001354,Cordova Energy Company,IL,CORDOVA,Rock Island,41.7146,-90.2802,"C,D",293296.464,BERKSHIRE HATHAWAY INC,0.9109999999999999,267193.078704
1007103,Coronado Generating Station,AZ,ST JOHNS,Apache,34.5778,-109.2717,"C,D,HH",3663722.948,SALT RIVER PROJECT AGRICULTURAL IMPROVEMENT & POWER DISTRICT,1.0,3663722.948
1001363,Corpus Christi Energy Center,TX,CORPUS CHRISTI,Nueces,27.8139,-97.4283,"C,D",1366344.332,CPN MANAGEMENT LP,1.0,1366344.332
1000323,Cosumnes Power Plant,CA,HERALD,Sacramento,38.3383,-121.1239,D,1117202.15,SACRAMENTO MUNICIPAL UTILITY DISTRICT FINANCING AUTHORITY,1.0,1117202.15
1001291,Cottage Grove Cogeneration,MN,COTTAGE GROVE,Washington,44.7956,-92.9119,"C,D",473641.842,PANCENTAL CGC HOLDINGS LLC,0.99,468905.42358
1001291,Cottage Grove Cogeneration,MN,COTTAGE GROVE,Washington,44.7956,-92.9119,"C,D",473641.842,LSP-COTTAGE GROVE LLC,0.01,4736.41842
1007303,Cottonwood Energy Project,TX,DEWEYVILLE,Newton,30.2588,-93.7353,"C,D",2384097.516,CLECO CORPORATE HOLDINGS LLC,1.0,2384097.516
1001603,Coughlin Power Station,LA,ST. LANDRY,Evangeline,30.8442,-92.2606,D,1625690.576,CLECO CORPORATE HOLDINGS LLC,1.0,1625690.576
1001406,Covert Generating Station,MI,COVERT,Van Buren,42.3231,-86.2925,"C,D",2950608.916,CMS ENERGY CORP,1.0,2950608.916
1007420,Coyote,ND,BEULAH,Mercer,47.2217,-101.8139,"C,D",2935490.148,MDU RESOURCES GROUP INC,0.25,733872.537
1007420,Coyote,ND,BEULAH,Mercer,47.2217,-101.8139,"C,D",2935490.148,NORTHWESTERN CORP,0.1,293549.0148
1007420,Coyote,ND,BEULAH,Mercer,47.2217,-101.8139,"C,D",2935490.148,OTTER TAIL CORP,0.35,1027421.5517999999
1007420,Coyote,ND,BEULAH,Mercer,47.2217,-101.8139,"C,D",2935490.148,NORTHERN MUNICIPAL POWER AGENCY,0.3,880647.0444
1001119,Coyote Springs,OR,BOARDMAN,Morrow,45.8486,-119.6744,"C,D",1576674.128,PORTLAND GENERAL ELECTRIC CO,0.5,788337.064
1001119,Coyote Springs,OR,BOARDMAN,Morrow,45.8486,-119.6744,"C,D",1576674.128,AVISTA CORP,0.5,788337.064
1001008,Craig,CO,CRAIG,Moffat,40.4627,-107.5912,"C,D",5306620.824,SALT RIVER PROJECT AGRICULTURAL IMPROVEMENT & POWER DISTRICT,0.1934,1026300.4673615999
1001008,Craig,CO,CRAIG,Moffat,40.4627,-107.5912,"C,D",5306620.824,PLATTE RIVER POWER AUTHORITY,0.12,636794.49888
1001008,Craig,CO,CRAIG,Moffat,40.4627,-107.5912,"C,D",5306620.824,BERKSHIRE HATHAWAY INC,0.1286,682431.4379664
1001008,Craig,CO,CRAIG,Moffat,40.4627,-107.5912,"C,D",5306620.824,XCEL ENERGY INC,0.0647,343338.36731279996
1001008,Craig,CO,CRAIG,Moffat,40.4627,-107.5912,"C,D",5306620.824,TRI-STATE GENERATION & TRANSMISSION ASSOC INC,0.49329999999999996,2617756.0524791996
1007732,Craven County Wood Energy,NC,New Bern,CRAVEN COUNTY,35.1285,-77.17,D,7362.986,CMS ENERGY CORP,0.5,3681.493
1007732,Craven County Wood Energy,NC,New Bern,CRAVEN COUNTY,35.1285,-77.17,D,7362.986,ATLANTIC POWER CORP,0.5,3681.493
1001518,Crawford,IL,CHICAGO,Cook,41.8278,-87.7236,D,,Crawford (NO_PARENT_RECORD),1.0,
1000080,Creed Energy Center,CA,SUISUN CITY,Solano,38.2419,-121.8551,D,,Creed Energy Center (NO_PARENT_RECORD),1.0,
1001384,Crete Energy Park,IL,CRETE,Will,41.4297,-87.6187,"C,D",40226.5,EARTHRISE LEGATO LLC,1.0,40226.5
1013598,Cricket Valley Energy Center,NY,DOVER PLAINS,DUTCHESS COUNTY,41.67616,-73.576914,"C,D",1968351.6,CRICKET VALLEY ENERGY CENTER LLC,1.0,1968351.6
1000896,Cromby,PA,PHOENIXVILLE,Chester,40.1514,-75.5306,"C,D",,Cromby (NO_PARENT_RECORD),1.0,
1001427,Cross,SC,PINEVILLE,Berkeley,33.3692,-80.1119,D,8508885.608,SOUTH CAROLINA PUBLIC SERVICE AUTHORITY,1.0,8508885.608
1000152,Crossroads Energy Center (CPU),MS,CLARKSDALE,Coahoma,34.183,-90.5621,D,138305.536,CLARKSDALE PUBLIC UTILITIES COMMISSION,1.0,138305.536
1001487,Crystal River Power Plant,FL,CRYSTAL RIVER,Citrus,28.9594,-82.7003,"C,D,TT",8392686.334,DUKE ENERGY CORP,1.0,8392686.334
1000563,Culbertson Station,MT,Culbertson,Roosevelt,48.2104,-104.3919,D,137956.588,BASIN ELECTRIC POWER COOPERATIVE,1.0,137956.588
1007639,Cumberland,TN,CUMBERLAND CITY,Stewart,36.3903,-87.6539,"C,D",9455486.083,US GOVERNMENT,1.0,9455486.083
1006939,Cumberland Energy Center,NJ,MILLVILLE,Cumberland,39.3757,-74.9654,"C,D",36948.01,CPN MANAGEMENT LP,1.0,36948.01
1000755,Cunningham,NM,HOBBS,Lea,32.7131,-103.3533,"C,D",866328.288,XCEL ENERGY INC,1.0,866328.288
1000436,Currant Creek Power Project,UT,MONA,Juab,39.8223,-111.894,"C,D",1147966.596,BERKSHIRE HATHAWAY INC,1.0,1147966.596
1001472,Curtis H. Stanton Energy Center,FL,ORLANDO,Orange,28.4836,-81.1686,D,3921348.42,ORLANDO UTILITIES COMMISSION (INC),1.0,3921348.42
1001482,Cutler,FL,MIAMI,Miami-Dade,25.6321,-80.2989,D,,Cutler (NO_PARENT_RECORD),1.0,
1000067,Cuyamaca Energy Facility,CA,EL CAJON,San Diego,32.7971,-116.972,D,,Cuyamaca Energy Facility (NO_PARENT_RECORD),1.0,
1001066,D B Wilson,KY,Island,Ohio,37.4497,-87.0803,"C,D",3222613.2,BIG RIVERS ELECTRIC CORP,1.0,3222613.2
1005510,DETROIT PUBLIC LIGHTING,MI,DETROIT,Wayne,42.3038,-83.0904,D,,DETROIT PUBLIC LIGHTING (NO_PARENT_RECORD),1.0,
1000173,DTE East China,MI,EAST CHINA,Saint Clair,42.774,-82.4818,D,383362.88,DTE ENERGY CO,1.0,383362.88
1000572,DTE Stockton,CA,Stockton,San Joaquin,37.9416,-121.3273,"C,D",,DTE Stockton (NO_PARENT_RECORD),1.0,
1000989,"DTE Stoneman, LLC",WI,CASSVILLE,Grant,42.7083,-90.9853,"C,D",,"DTE Stoneman, LLC (NO_PARENT_RECORD)",1.0,
1001147,Dahlberg (Jackson County),GA,NICHOLSON,Jackson,34.0386,-83.3972,"C,D",170710.344,THE SOUTHERN CO,1.0,170710.344
1001529,Dallman,IL,SPRINGFIELD,Sangamon,39.7539,-89.6011,"C,D",751623.888,CITY OF SPRINGFIELD ILLINOIS,1.0,751623.888
1007374,Dan E Karn,MI,ESSEXVILLE,Bay,43.6425,-83.8431,"C,D",719951.046,CMS ENERGY CORP,1.0,719951.046
1000833,Dan River,NC,EDEN,Rockingham,36.4862,-79.7208,"C,D",1470088.604,DUKE ENERGY CORP,1.0,1470088.604
1007370,Daniel Electric Generating Plant,MS,ESCATAWPA,Jackson,30.5335,-88.5574,"C,D",5076457.858,THE SOUTHERN CO,0.75,3807343.3935000002
1007370,Daniel Electric Generating Plant,MS,ESCATAWPA,Jackson,30.5335,-88.5574,"C,D",5076457.858,NEXTERA ENERGY INC,0.25,1269114.4645
1000758,Danskammer Generating Station,NY,NEWBURGH,Orange,41.573,-73.9646,D,11678.456,DANSKAMMER ENERGY LLC,1.0,11678.456
1001382,Darby Electric Generating Station,OH,MOUNT STERLING,Pickaway,39.7139,-83.1778,"C,D",200709.486,LIGHTSTONE GENERATION LLC,1.0,200709.486
1000303,Darbytown Combustion Turbine,VA,RICHMOND,Henrico,37.4978,-77.368,"C,D",85316.934,DOMINION ENERGY INC,1.0,85316.934
1009167,Dartmouth Power,MA,DARTMOUTH,Bristol,41.6728,-70.9989,"C,D",17607.882,SAPPHIRE POWER HOLDINGS LLC,1.0,17607.882
1007439,Dave Gates Generating Station,MT,Anaconda,Deer Lodge,46.1066,-112.8755,"C,D",330090.328,NORTHWESTERN CORP,1.0,330090.328
1000990,Dave Johnston,WY,GLENROCK,Converse,42.8378,-105.7769,"C,D",4166695.434,BERKSHIRE HATHAWAY INC,1.0,4166695.434
1010949,David M Ratcliffe,MS,De Kalb,KEMPER COUNTY,32.7976,-88.6057,"C,D",1401440.056,THE SOUTHERN CO,1.0,1401440.056
1000448,Dayton Avenue Substation,IA,AMES,Story,42.0269,-93.5828,"C,D",1855.67,CITY OF AMES IOWA,1.0,1855.67
1007187,De Moss Petrie Generating Station,AZ,TUCSON,Pima,32.2511,-110.9889,D,998.496,UNS ENERGY CORP,1.0,998.496
1001295,De Pere Energy Center,WI,DE PERE,Brown,44.4489,-88.0731,"C,D",88468.27,WEC Energy Group Inc,1.0,88468.27
1001014,DeBary Power Plant,FL,DEBARY,Volusia,28.9047,-81.3319,"C,D",83352.654,DUKE ENERGY CORP,1.0,83352.654
1006695,Dearborn Industrial Generation,MI,DEARBORN,Wayne,42.3026,-83.154,"C,D",3294867.668,CMS ENERGY CORP,1.0,3294867.668
1006705,Decatur Energy Center,AL,DECATUR,Morgan,34.6292,-87.0214,D,840519.336,CAPITAL POWER INVESTMENTS LLC,1.0,840519.336
1000737,Deepwater,NJ,PENNSVILLE,Salem,39.6747,-75.5015,D,,Deepwater (NO_PARENT_RECORD),1.0,
1005589,Deer Creek Station,SD,Elkton,Brookings,44.3961,-96.5333,D,461036.792,BASIN ELECTRIC POWER COOPERATIVE,1.0,461036.792
1001231,Deer Island Treatment,MA,WINTHROP,Suffolk,42.3497,-70.9601,"C,D",,Deer Island Treatment (NO_PARENT_RECORD),1.0,
1000825,Deer Park Energy Center,TX,DEER PARK,Harris,29.7153,-95.1361,D,3664604.12,CPN MANAGEMENT LP,1.0,3664604.12
1001495,Deerhaven,FL,GAINESVILLE,Alachua,29.7586,-82.3883,"C,D",562600.746,CITY OF GAINESVILLE FLORIDA,1.0,562600.746
1011204,Deerhaven Renewable,FL,Gainesville,ALACHUA COUNTY,29.7586,-82.3883,D,6332.486,CITY OF GAINESVILLE FLORIDA,1.0,6332.486
1011190,"Delano Energy Center, LLC",CA,Delano,TULARE COUNTY,35.790939,-119.294464,D,,"Delano Energy Center, LLC (NO_PARENT_RECORD)",1.0,
1007322,Delaware City Refinery,DE,DELAWARE CITY,New Castle,39.5936,-75.6337,"C,D,MM-REF,PP,Y",3416063.078,PBF ENERGY INC,1.0,3416063.078
1007322,Delaware City Refinery,DE,DELAWARE CITY,New Castle,39.5936,-75.6337,"C,D,MM-REF,PP,Y",3416063.078,DELAWARE CITY REFINING CO LLC,0.0,0.0
1000794,Dell Power Plant,AR,DELL,Mississippi,35.8619,-90.0253,"C,D",1694714.516,ASSOCIATED ELECTRIC COOPERATIVE INC,1.0,1694714.516
1000674,Delray,MI,DETROIT,Wayne,42.2947,-83.1019,D,14141.196,DTE ENERGY CO,1.0,14141.196
1000700,Delta,MS,CLEVELAND,Bolivar,33.7947,-90.7139,D,,Delta (NO_PARENT_RECORD),1.0,
1001263,"Delta Energy Center, LLC",CA,PITTSBURG,Contra Costa,38.0167,-121.8439,D,1630420.508,CPN MANAGEMENT LP,1.0,1630420.508
1001329,Desert Basin Generating Station,AZ,CASA GRANDE,Pinal,32.9042,-111.7889,D,1240576.252,SALT RIVER PROJECT AGRICULTURAL IMPROVEMENT & POWER DISTRICT,1.0,1240576.252
1001306,Desert Star Energy Center,NV,Boulder City,Clark,35.7867,-114.9928,D,679414.132,SEMPRA ENERGY,1.0,679414.132
1006035,Desoto County Energy Park,FL,ARCADIA,DeSoto,27.2272,-81.8092,"C,D",,Desoto County Energy Park (NO_PARENT_RECORD),1.0,
1002492,Devon,CT,MILFORD,New Haven,41.2083,-73.1092,"C,D",,Devon (NO_PARENT_RECORD),1.0,
1000650,Dickerson,MD,DICKERSON,Montgomery,39.2086,-77.4644,"C,D",198237.71,GENON ENERGY INC,1.0,198237.71
1001294,Dighton,MA,DIGHTON,Bristol,41.8312,-71.1239,D,151448.888,Lotus Infrastructure Partners,0.5,75724.444
1001294,Dighton,MA,DIGHTON,Bristol,41.8312,-71.1239,D,151448.888,JERA ENERGY AMERICA LLC,0.5,75724.444
1006298,Doc Bonin,LA,LAFAYETTE,Lafayette,30.2368,-92.0476,D,,Doc Bonin (NO_PARENT_RECORD),1.0,
1001351,Dogwood Energy Facility,MO,PLEASANT HILL,Cass,38.7931,-94.3006,D,1048315.716,DOGWOOD POWER MANAGEMENT LLC,1.0,1048315.716
1001416,Dolet Hills Power Station,LA,MANSFIELD,De Soto,32.0306,-93.5692,D,,Dolet Hills Power Station (NO_PARENT_RECORD),1.0,
1000913,Dolphus M Grainger,SC,CONWAY,Horry,33.8253,-79.0528,D,,Dolphus M Grainger (NO_PARENT_RECORD),1.0,
1000310,Donald Von Raesfeld,CA,SANTA CLARA,Santa Clara,37.3767,-121.9508,D,379655.592,CITY OF SANTA CLARA CALIFORNIA,1.0,379655.592
1001259,Doswell Limited Partnership,VA,ASHLAND,Hanover,37.8181,-77.4478,"C,D",2581375.57,LS POWER EQUITY PARTNERS LP,1.0,2581375.57
1005702,Doyle Energy Facility,GA,MONROE,Walton,33.8376,-83.6996,"C,D",36314.816,OGLETHORPE POWER CORP,1.0,36314.816
1010575,Dresden Energy Facility,OH,Dresden,MUSKINGUM COUNTY,40.09399,-82.02394,"C,D",1526709.34,AMERICAN ELECTRIC POWER CO INC,1.0,1526709.34
1000562,Dry Fork Station,WY,Gillette,Campbell,44.3901,-105.4591,D,2840045.252,BASIN ELECTRIC POWER COOPERATIVE,1.0,2840045.252
1001546,Dubuque,IA,DUBUQUE,Dubuque,42.506,-90.6527,"C,D",,Dubuque (NO_PARENT_RECORD),1.0,
1001004,Duck Creek,IL,CANTON,Fulton,40.4663,-89.9841,"C,D",,Duck Creek (NO_PARENT_RECORD),1.0,
1001319,"Duke Energy Vermillion, II LLC",IN,CAYUGA,Vermillion,39.9208,-87.445,D,395166.476,WABASH VALLEY POWER ASSOC,0.375,148187.4285
1001319,"Duke Energy Vermillion, II LLC",IN,CAYUGA,Vermillion,39.9208,-87.445,D,395166.476,DUKE ENERGY CORP,0.625,246979.04750000002
1001175,E B Harris Generating Plant,AL,AUTAUGAVILLE,Autauga,32.3814,-86.5736,"C,D",2420044.832,THE SOUTHERN CO,1.0,2420044.832
1001414,E C Gaston,AL,WILSONVILLE,Shelby,33.2442,-86.4567,"C,D",2996029.536,THE SOUTHERN CO,1.0,2996029.536
1001514,E D Edwards,IL,BARTONVILLE,Peoria,40.5958,-89.6631,D,,E D Edwards (NO_PARENT_RECORD),1.0,
1000768,E F Barrett,NY,ISLAND PARK,Nassau,40.6169,-73.6486,"C,D",857905.812,NATIONAL GRID USA,1.0,857905.812
1001579,E.W. Brown,KY,Harrodsburg,MERCER COUNTY,37.7889,-84.7139,"C,D",1062998.858,PPL CORP,1.0,1062998.858
1005565,EF Oxnard LLC,CA,Oxnard,VENTURA COUNTY,34.19677,-119.168423,D,3043.088,MPH Oxnard LLC,1.0,3043.088
1001253,"EFS Parlin Holdings, LLC",NJ,PARLIN,Middlesex,40.4586,-74.3327,"C,D",4638.632,GENERAL ELECTRIC CO,1.0,4638.632
1001248,Eagle Point Power Generation,NJ,WESTVILLE,Gloucester,39.8746,-75.1592,D,110343.238,ROCKLAND CAPITAL LLC,1.0,110343.238
1001570,Earl F Wisdom,IA,SPENCER,Clay,43.1606,-95.2569,"C,D",6000.928,CORN BELT POWER COOPERATIVE,0.67,4020.62176
1001570,Earl F Wisdom,IA,SPENCER,Clay,43.1606,-95.2569,"C,D",6000.928,BASIN ELECTRIC POWER COOPERATIVE,0.33,1980.3062400000001
1001006,East Bend,KY,UNION,Boone,38.9031,-84.8511,D,2494124.24,DUKE ENERGY CORP,1.0,2494124.24
1000761,East River,NY,NEW YORK,New York,40.7281,-73.9742,"C,D",1995500.784,CONSOLIDATED EDISON INC,1.0,1995500.784
1007438,Eastman Chemical - Texas Operations,TX,LONGVIEW,Harrison,32.4472,-94.6917,"C,D,TT,X",2220077.858,Eastman Chemical Co,1.0,2220077.858
1008013,Ebensburg Power Company,PA,Ebensburg,Cambria,40.455,-78.7472,"C,D",397401.8,EBENSBURG POWER CO,0.995,395414.79099999997
1008013,Ebensburg Power Company,PA,Ebensburg,Cambria,40.455,-78.7472,"C,D",397401.8,REVLOC RECLAIMATION SERVICE INC,0.005,1987.009
1000682,Eckert Station,MI,LANSING,Ingham,42.7183,-84.5586,"C,D",254165.808,LANSING BOARD OF WATER & LIGHT,1.0,254165.808
1011896,Ector County Energy Center,TX,Goldsmith,,32.070729,-102.587361,"C,D",268129.456,"JACKRABBIT POWER HOLDINGS, LLC",1.0,268129.456
1000898,Eddystone Generating Station,PA,EDDYSTONE,Delaware,39.858,-75.323,"C,D",30810.836,CONSTELLATION ENERGY CORP,1.0,30810.836
1001477,Edge Moor,DE,WILMINGTON,New Castle,39.7372,-75.5033,"C,D",166549.178,CPN MANAGEMENT LP,1.0,166549.178
1000231,"Edgecombe Genco, LLC",NC,BATTLEBORO,Edgecombe,36.0378,-77.7542,D,,"Edgecombe Genco, LLC (NO_PARENT_RECORD)",1.0,
1000983,Edgewater (4050),WI,SHEBOYGAN,Sheboygan,43.715,-87.7094,D,2086755.928,ALLIANT ENERGY CORP,1.0,2086755.928
1000267,Edgewood Energy,NY,BRENTWOOD,Suffolk,40.7861,-73.2931,D,54867.396,J POWER USA DEVELOPMENT CO LTD,1.0,54867.396
1001392,Edward L Addison Generating Plant,GA,THOMASTON,Upson,32.911,-84.3059,D,122187.54,THE SOUTHERN CO,1.0,122187.54
1001541,Edwardsport,IN,EDWARDSPORT,Knox,38.8067,-87.2472,"C,D",2815763.776,DUKE ENERGY CORP,1.0,2815763.776
1000560,El Cajon Energy Center,CA,El Cajon,San Diego,32.7971,-116.972,D,,El Cajon Energy Center (NO_PARENT_RECORD),1.0,
1001454,El Centro,CA,EL CENTRO,Imperial,32.8022,-115.54,D,510178.66,IMPERIAL IRRIGATION DISTRICT,1.0,510178.66
1000431,El Segundo,CA,EL SEGUNDO,Los Angeles,33.9106,-118.425,D,71520.636,CLEARWAY ENERGY INC,1.0,71520.636
1000817,"Elgin Energy Center, LLC",IL,ELGIN,Cook,41.9997,-88.2445,"C,D",134561.052,MRP Elgin LLC,1.0,134561.052
1000312,Elizabeth River Combustion Turbine Sta,VA,CHESAPEAKE,Chesapeake (City),36.7743,-76.3119,D,70923.65,DOMINION ENERGY INC,1.0,70923.65
1001211,Elizabethtown Power,NC,ELIZABETHTOWN,Bladen,34.6474,-78.6407,D,,Elizabethtown Power (NO_PARENT_RECORD),1.0,
1001169,Elk Mound Generating Station,WI,Elk Mound,Chippewa,44.9019,-91.5678,"C,D",24124.06,DAIRYLAND POWER COOPERATIVE,1.0,24124.06
1000211,Elk River,MN,ELK RIVER,Sherburne,45.2958,-93.5542,"C,D",36848.612,GREAT RIVER ENERGY,1.0,36848.612
1012043,Elk Station,TX,Abernathy,HALE COUNTY,33.861807,-101.843823,"C,D",492750.776,GOLDEN SPREAD ELECTRIC COOPERATIVE INC,1.0,492750.776
1000491,Elm Road Generating Station,WI,OAK CREEK,Milwaukee,42.8445,-87.829,"C,D",5879314.828,WEC Energy Group Inc,0.84,4938624.455519999
1000491,Elm Road Generating Station,WI,OAK CREEK,Milwaukee,42.8445,-87.829,"C,D",5879314.828,MGE ENERGY INC,0.08,470345.18624
1000491,Elm Road Generating Station,WI,OAK CREEK,Milwaukee,42.8445,-87.829,"C,D",5879314.828,WPPI Energy,0.08,470345.18624
1001597,Elmer Smith,KY,OWENSBORO,Daviess,37.7958,-87.0597,"C,D",,Elmer Smith (NO_PARENT_RECORD),1.0,
1007297,Elmwood Power - LLC,NJ,ELMWOOD PARK,Bergen,40.9056,-74.1308,"C,D",,Elmwood Power - LLC (NO_PARENT_RECORD),1.0,
1000867,Elrama,PA,ELRAMA,Washington,40.2525,-79.9183,D,,Elrama (NO_PARENT_RECORD),1.0,
1001359,Elwood Energy Facility,IL,ELWOOD,Will,41.4388,-88.1236,"C,D",564115.408,J POWER USA DEVELOPMENT CO LTD,1.0,564115.408
1014861,Emerald People's Utility District,OR,Eugene,LANE COUNTY,43.959893,-122.998005,"C,D",1730.892,Emerald People's Utility District,1.0,1730.892
1000317,Emery Station,IA,CLEAR LAKE,Cerro Gordo,43.094,-93.2922,"C,D",1201117.198,ALLIANT ENERGY CORP,1.0,1201117.198
1001046,Empire District Elec Co Energy Ctr,MO,SARCOXIE,Jasper,37.1385,-94.1041,"C,D",173513.962,LIBERTY UTILITIES CO,1.0,173513.962
1007388,"Empire Generating Co, LLC",NY,Rensselaer,Rensselaer,42.6296,-73.749,D,1219364.358,EMPIRE ACQUISITION LLC,1.0,1219364.358
1000583,Emporia Energy Center,KS,EMPORIA,LYON COUNTY,38.4464,-96.0651,D,794868.796,EVERGY INC,1.0,794868.796
1006502,Encogen Generating Station,WA,Bellingham,WHATCOM COUNTY,48.746,-122.486,D,427032.468,PUGET HOLDINGS LLC,1.0,427032.468
1000087,Energy Center Dover,DE,DOVER,Kent,39.1467,-75.5461,"C,D",55477.492,DCO ENERGY LLC,1.0,55477.492
1001370,"Ennis Power Company, LLC",TX,ENNIS,Ellis,32.3194,-96.6739,D,592621.804,Vistra Corp,1.0,592621.804
1000420,Equus Power I,NY,FREEPORT,Nassau,40.6447,-73.5683,D,30655.836,J POWER USA DEVELOPMENT CO LTD,1.0,30655.836
1000683,Erickson,MI,LANSING,Eaton,42.6919,-84.6572,"C,D",396357.776,LANSING BOARD OF WATER & LIGHT,1.0,396357.776
1000074,"Escondido Energy Center, LLC",CA,ESCONDIDO,San Diego,33.1261,-117.1172,D,12642.62,WELLHEAD ELECTRIC CO,1.0,12642.62
1000745,Essex,NJ,NEWARK,Essex,40.7375,-74.1211,D,,Essex (NO_PARENT_RECORD),1.0,
1006098,Essex Power Plant,MO,ESSEX,Stoddard,36.8678,-89.8397,D,49052.868,ASSOCIATED ELECTRIC COOPERATIVE INC,1.0,49052.868
1001446,Etiwanda Generating Station,CA,RANCHO CUCAMONGA,San Bernardino,34.0911,-117.5256,"C,D",,Etiwanda Generating Station (NO_PARENT_RECORD),1.0,
1000120,Evander Andrews Power Complex,ID,Mountain Home,Elmore,43.1794,-115.7328,"C,D",331721.02,IDACORP INC,1.0,331721.02
1000414,Exira Station,IA,BRAYTON,Audubon,41.5131,-94.9189,"C,D",131627.846,WESTERN MINNESOTA MUNICIPAL POWER AGENCY,1.0,131627.846
1007959,Exxonmobil Beaumont Refinery,TX,BEAUMONT,Jefferson,30.0639,-94.0703,"C,D,MM-REF,X,Y",5979836.674,EXXON MOBIL CORP,1.0,5979836.674
1001544,F B Culley Generating Station,IN,NEWBURGH,Warrick,37.91,-87.3267,D,1759377.076,CENTERPOINT ENERGY INC,1.0,1759377.076
1006085,FORNEY POWER PLANT,TX,FORNEY,KAUFMAN COUNTY,32.7563,-96.4916,D,4107995.776,Vistra Corp,1.0,4107995.776
1001571,Fair Station,IA,MUSCATINE,Muscatine,41.4569,-90.8233,"C,D",,Fair Station (NO_PARENT_RECORD),1.0,
1001407,"Fairless Energy, LLC",PA,FAIRLESS HILLS,Bucks,40.1464,-74.7406,"C,D",2995199.4,EDGEWATER GENERATION HOLDINGS LLC,1.0,2995199.4
1000770,Far Rockaway,NY,FAR ROCKAWAY,Queens,40.6111,-73.7611,"C,D",,Far Rockaway (NO_PARENT_RECORD),1.0,
1007314,Faribault Energy Park,MN,FARIBAULT,Rice,44.3353,-93.2894,"C,D",392042.696,MINNESOTA MUNICIPAL POWER AGENCY,1.0,392042.696
1000265,Fayette Energy Facility,PA,MASONTOWN,Fayette,39.8592,-79.9182,"C,D",2111450.276,Vistra Corp,1.0,2111450.276
1000279,Feather River Energy Center,CA,YUBA CITY,Sutter,39.1088,-121.6133,D,29211.492,CPN MANAGEMENT LP,1.0,29211.492
1007203,Flint Creek Power Plant,AR,GENTRY,Benton,36.2561,-94.5241,D,2278544.868,AMERICAN ELECTRIC POWER CO INC,0.5,1139272.434
1007203,Flint Creek Power Plant,AR,GENTRY,Benton,36.2561,-94.5241,D,2278544.868,ARKANSAS ELECTRIC COOPERATIVE CORP,0.5,1139272.434
1001410,Fore River Energy Center,MA,WEYMOUTH,Norfolk,42.2417,-70.9653,"C,D",886336.582,CPN MANAGEMENT LP,1.0,886336.582
1001076,Forked River,NJ,FORKED RIVER,Ocean,39.8154,-74.2098,"C,D",,Forked River (NO_PARENT_RECORD),1.0,
1007576,Fort Churchill,NV,YERINGTON,Lyon,39.1281,-119.1319,"C,D",267522.908,BERKSHIRE HATHAWAY INC,1.0,267522.908
1001573,Fort Dodge aka Judson Large,KS,DODGE CITY,Ford,37.7328,-99.9497,"C,D",69380.444,SUNFLOWER ELECTRIC POWER CORP,1.0,69380.444
1000971,Fort Martin Power Station,WV,MAIDSVILLE,Monongalia,39.7107,-79.9275,"C,D",4078177.506,FIRSTENERGY CORP,1.0,4078177.506
1001483,Fort Myers,FL,FORT MYERS,Lee,26.6967,-81.7831,"C,D",4127200.89,NEXTERA ENERGY INC,1.0,4127200.89
1001029,Fort St. Vrain,CO,PLATTEVILLE,Weld,40.2461,-104.8742,"C,D",1673244.0,XCEL ENERGY INC,1.0,1673244.0
1001269,Fortistar North Tonawanda Inc,NY,NORTH TONAWANDA,Niagara,43.0483,-78.8539,"C,D",34310.372,FORTISTAR LLC,1.0,34310.372
1007383,Fountain Valley Power Plant,CO,Fountain,El Paso,38.5569,-104.6875,"C,D",48697.116,SOUTHWEST GENERATION OPERATING CO LLC,1.0,48697.116
1007245,Four Corners Steam Elec Station,NM,FRUITLAND,San Juan,36.69,-108.4814,"C,D",7185333.966,SALT RIVER PROJECT AGRICULTURAL IMPROVEMENT & POWER DISTRICT,0.1,718533.3966000001
1007245,Four Corners Steam Elec Station,NM,FRUITLAND,San Juan,36.69,-108.4814,"C,D",7185333.966,UNS ENERGY CORP,0.07,502973.37762000004
1007245,Four Corners Steam Elec Station,NM,FRUITLAND,San Juan,36.69,-108.4814,"C,D",7185333.966,THE NAVAJO NATION TRIBAL GOVERNMENT,0.07,502973.37762000004
1007245,Four Corners Steam Elec Station,NM,FRUITLAND,San Juan,36.69,-108.4814,"C,D",7185333.966,PINNACLE WEST CAPITAL CORP,0.63,4526760.39858
1007245,Four Corners Steam Elec Station,NM,FRUITLAND,San Juan,36.69,-108.4814,"C,D",7185333.966,PNM RESOURCES INC,0.13,934093.41558
1000421,Fox Energy Center,WI,Kaukauna,Outagamie,44.3204,-88.2089,"C,D",1625577.232,WEC Energy Group Inc,1.0,1625577.232
1000685,Fox Lake,MN,SHERBURN,Martin,43.6728,-94.7074,"C,D",,Fox Lake (NO_PARENT_RECORD),1.0,
1001545,Frank E Ratts,IN,PETERSBURG,Pike,38.5201,-87.2662,"C,D",,Frank E Ratts (NO_PARENT_RECORD),1.0,
1000061,Frank Knutson Station,CO,COMMERCE CITY,Adams,39.9414,-104.6817,"C,D",174273.05,TRI-STATE GENERATION & TRANSMISSION ASSOC INC,1.0,174273.05
1000246,Frank M Tait Station,OH,MORAINE,Montgomery,39.7281,-84.2103,"C,D",263255.416,ROCKLAND POWER PARTNERS II LP,1.0,263255.416
1000301,Frederickson Power LP,WA,Tacoma,Pierce,47.0864,-122.3644,D,708700.824,PUGET SOUND ENERGY INC,0.4985,353287.360764
1000301,Frederickson Power LP,WA,Tacoma,Pierce,47.0864,-122.3644,D,708700.824,Captial Power (US Holdings) Inc,0.5015,355413.463236
1004066,Fredonia Generating Station,WA,Mount Vernon,SKAGIT COUNTY,48.4553,-122.435,"C,D",641257.23,PUGET HOLDINGS LLC,1.0,641257.23
1001164,Freedom Power Project,IL,Saint Elmo,Fayette,39.1025,-88.8589,D,,Freedom Power Project (NO_PARENT_RECORD),1.0,
1000288,Freeport Power Plant No. 2,NY,FREEPORT,Nassau,40.6447,-73.5683,"C,D",13412.85,FREEPORT ELECTRIC,1.0,13412.85
1001372,Freestone Power Generation,TX,FAIRFIELD,Freestone,31.8907,-96.1128,"C,D",2859464.8,RAYBURN COUNTY ELECTRIC COOP,0.25,714866.2
1001372,Freestone Power Generation,TX,FAIRFIELD,Freestone,31.8907,-96.1128,"C,D",2859464.8,CPN MANAGEMENT LP,0.75,2144598.5999999996
1006113,"Fresno Cogeneration Partners, LP",CA,SAN JOAQUIN,Fresno,36.6183,-120.1,D,,"Fresno Cogeneration Partners, LP (NO_PARENT_RECORD)",1.0,
1001400,Front Range Power Plant,CO,FOUNTAIN,El Paso,38.6281,-104.7069,"C,D",870888.972,COLORADO SPRINGS UTILITIES,1.0,870888.972
1001311,Frontera Generation Facility,TX,MISSION,Hidalgo,26.208,-98.3992,D,535941.864,FRONTERA HOLDINGS LLC,1.0,535941.864
1006791,Frontier Generating Station,OK,OKLAHOMA CITY,OKLAHOMA COUNTY,35.43522,-97.642633,D,283668.348,OGE ENERGY CORP,1.0,283668.348
1001152,Fulton,AR,FULTON,Hempstead,33.6094,-93.7924,"C,D",85705.484,ARKANSAS ELECTRIC COOPERATIVE CORP,1.0,85705.484
1000830,G G Allen,NC,BELMONT,Gaston,35.1897,-81.0122,"C,D",141042.74,DUKE ENERGY CORP,1.0,141042.74
1000773,GMMM Westover (Goudey),NY,JOHNSON CITY,Broome,42.1117,-75.9747,"C,D",,GMMM Westover (Goudey) (NO_PARENT_RECORD),1.0,
1001436,GOLDENDALE GENERATING STATION,WA,GOLDENDALE,KLICKITAT COUNTY,45.8114,-120.833,D,826171.788,PUGET HOLDINGS LLC,1.0,826171.788
1006811,Gadsby,UT,SALT LAKE CITY,Salt Lake,40.7686,-111.9289,"C,D",206573.636,BERKSHIRE HATHAWAY INC,1.0,206573.636
1007423,Gadsden,AL,GADSDEN,Etowah,34.0128,-85.9708,"C,D",,Gadsden (NO_PARENT_RECORD),1.0,
1007790,Gallatin,TN,GALLATIN,Sumner,36.3156,-86.4006,"C,D",4208773.873,US GOVERNMENT,1.0,4208773.873
1005585,Galveston Bay Refinery,TX,TEXAS CITY,GALVESTON COUNTY,29.3775,-94.9328,"C,D,DD,MM-REF,Y",6633324.474,MARATHON PETROLEUM CORP,1.0,6633324.474
1007454,Gans Generating Facility,PA,Lake Lynn,Fayette,39.7475,-79.8388,D,71022.036,"LS Power Development, LLC",1.0,71022.036
1001586,Garden City,KS,GARDEN CITY,Finney,37.9703,-100.8956,"C,D",57453.384,SUNFLOWER ELECTRIC POWER CORP,1.0,57453.384
1012065,Garrison Energy Center,DE,Dover,KENT COUNTY,39.182358,-75.503347,D,322456.738,EDGEWATER GENERATION HOLDINGS LLC,1.0,322456.738
1001194,Gen J M Gavin,OH,CHESHIRE,Gallia,38.9347,-82.1158,"C,D",13451174.216,LIGHTSTONE GENERATION LLC,1.0,13451174.216
1005775,Genoa,WI,Genoa,Vernon,43.5592,-91.2333,"C,D",,Genoa (NO_PARENT_RECORD),1.0,
1001612,George Neal North,IA,SERGEANT BLUFF,Woodbury,42.3251,-96.3797,"C,D",1322337.484,ALLIANT ENERGY CORP,0.1518,200730.83007119998
1001612,George Neal North,IA,SERGEANT BLUFF,Woodbury,42.3251,-96.3797,"C,D",1322337.484,BERKSHIRE HATHAWAY INC,0.8482,1121606.6539287998
1001117,George Neal South,IA,SALIX,Woodbury,42.3022,-96.3622,"C,D",963694.71,CORN BELT POWER COOPERATIVE,0.09029999999999999,87021.632313
1001117,George Neal South,IA,SALIX,Woodbury,42.3022,-96.3622,"C,D",963694.71,NORTHWESTERN CORP,0.0868,83648.700828
1001117,George Neal South,IA,SALIX,Woodbury,42.3022,-96.3622,"C,D",963694.71,CITY OF BANCROFT IOWA,0.0034999999999999996,3372.9314849999996
1001117,George Neal South,IA,SALIX,Woodbury,42.3022,-96.3622,"C,D",963694.71,CITY OF MILFORD IOWA,0.0034999999999999996,3372.9314849999996
1001117,George Neal South,IA,SALIX,Woodbury,42.3022,-96.3622,"C,D",963694.71,LAURENS MUNICIPAL LIGHT & POWER,0.0052,5011.212492
1001117,George Neal South,IA,SALIX,Woodbury,42.3022,-96.3622,"C,D",963694.71,ALGONA MUNICIPAL UTILITIES,0.0294,28332.624473999997
1001117,George Neal South,IA,SALIX,Woodbury,42.3022,-96.3622,"C,D",963694.71,GRAETTINGER MUNICIPAL LIGHTING PLANT,0.0017000000000000001,1638.281007
1001117,George Neal South,IA,SALIX,Woodbury,42.3022,-96.3622,"C,D",963694.71,MUNICIPAL ELECTRIC UTILITY OF THE CITY OF CEDAR FALLS IOWA,0.025,24092.36775
1001117,George Neal South,IA,SALIX,Woodbury,42.3022,-96.3622,"C,D",963694.71,BERKSHIRE HATHAWAY INC,0.4057,390970.943847
1001117,George Neal South,IA,SALIX,Woodbury,42.3022,-96.3622,"C,D",963694.71,NORTHWEST IOWA POWER COOPERATIVE,0.048600000000000004,46835.562906
1001117,George Neal South,IA,SALIX,Woodbury,42.3022,-96.3622,"C,D",963694.71,SPENCER MUNICIPAL UTILITIES,0.012199999999999999,11757.075461999999
1001117,George Neal South,IA,SALIX,Woodbury,42.3022,-96.3622,"C,D",963694.71,CITY OF WEBSTER CITY IOWA,0.026000000000000002,25056.06246
1001117,George Neal South,IA,SALIX,Woodbury,42.3022,-96.3622,"C,D",963694.71,ALLIANT ENERGY CORP,0.257,247669.54047
1001117,George Neal South,IA,SALIX,Woodbury,42.3022,-96.3622,"C,D",963694.71,IOWA CITY OF COON RAPIDS IOWA,0.0052,5011.212492
1001144,Georgetown Substation,IN,INDIANAPOLIS,Marion,39.9022,-86.2439,"C,D",226227.912,AES CORP,0.5,113113.956
1001144,Georgetown Substation,IN,INDIANAPOLIS,Marion,39.9022,-86.2439,"C,D",226227.912,INDIANA MUNICIPAL POWER AGENCY,0.5,113113.956
1001189,Gerald Andrus,MS,GREENVILLE,Washington,33.3503,-91.1181,"C,D",143152.018,ENTERGY CORP,1.0,143152.018
1006589,Gerald Gentleman Station,NE,SUTHERLAND,Lincoln,41.0808,-101.1408,"C,D",7190319.97,NEBRASKA PUBLIC POWER DISTRICT,1.0,7190319.97
1006654,Gerald Whelan Energy Center,NE,HASTINGS,Adams,40.5806,-98.3106,D,1097680.574,CITY OF HASTINGS NEBRASKA,0.25,274420.1435
1006654,Gerald Whelan Energy Center,NE,HASTINGS,Adams,40.5806,-98.3106,D,1097680.574,PUBLIC POWER GENERATION AGENCY (PPGA-WEC2),0.75,823260.4305
1006633,Germantown Power Plant,WI,GERMANTOWN,Washington,43.1952,-88.1496,"C,D",13651.002,WEC Energy Group Inc,1.0,13651.002
1006512,Ghent,KY,Ghent,CARROLL COUNTY,38.7497,-85.035,D,9677872.494,PPL CORP,1.0,9677872.494
1001030,Gibson,IN,OWENSVILLE,Gibson,38.3722,-87.7661,D,8268672.152,WABASH VALLEY POWER ASSOC,0.0495,409299.271524
1001030,Gibson,IN,OWENSVILLE,Gibson,38.3722,-87.7661,D,8268672.152,DUKE ENERGY CORP,0.9011,7450900.4761672
1001030,Gibson,IN,OWENSVILLE,Gibson,38.3722,-87.7661,D,8268672.152,INDIANA MUNICIPAL POWER AGENCY,0.049400000000000006,408472.40430880006
1001361,"Gibson City Energy Center, LLC",IL,GIBSON CITY,Ford,40.4705,-88.3987,"C,D",48382.32,"Tremolo Energy, LLC",1.0,48382.32
1000097,Gila River Power Station,AZ,Gila Bend,Maricopa,32.9761,-112.694,D,4049874.344,SALT RIVER PROJECT AGRICULTURAL IMPROVEMENT & POWER DISTRICT,0.5,2024937.172
1000097,Gila River Power Station,AZ,Gila Bend,Maricopa,32.9761,-112.694,D,4049874.344,UNS ENERGY CORP,0.5,2024937.172
1000741,Gilbert Generating Station,NJ,MILFORD,Hunterdon,40.5661,-75.165,"C,D",21318.02,"Reorganized Heritage TopCo, LLC",1.0,21318.02
1000300,"Gilroy Energy Center, LLC",CA,GILROY,Santa Clara,36.999,-121.5363,D,15113.044,CPN MANAGEMENT LP,1.0,15113.044
1000122,"Gilroy Energy Center, LLC for King City",CA,KING CITY,Monterey,36.225,-121.1278,D,7294.672,CPN MANAGEMENT LP,1.0,7294.672
1007660,Gleason Generating Facility,TN,GLEASON,Weakley,36.2454,-88.612,"C,D",191242.892,US GOVERNMENT,1.0,191242.892
1000962,Glen Lyn,VA,GLEN LYN,Giles,37.3704,-80.8639,"C,D",,Glen Lyn (NO_PARENT_RECORD),1.0,
1001459,Glenarm,CA,PASADENA,Los Angeles,34.1256,-118.1474,"C,D",23888.612,CITY OF PASADENA CALIFORNIA,1.0,23888.612
1000718,Glendive Generating Station,MT,GLENDIVE,Dawson,47.0539,-104.74,"C,D",,Glendive Generating Station (NO_PARENT_RECORD),1.0,
1005774,Glenwood,NY,GLENWOOD LANDING,Nassau,40.8269,-73.6479,D,,Glenwood (NO_PARENT_RECORD),1.0,
1001170,Glenwood Landing Energy Center,NY,GLENWOOD LANDING,Nassau,40.8275,-73.6478,D,86060.678,NATIONAL GRID USA,1.0,86060.678
1005843,Goal Line LP,CA,Escondido,SAN DIEGO COUNTY,33.11862,-117.09927,"C,D",,Goal Line LP (NO_PARENT_RECORD),1.0,
1000264,Goose Creek Power Plant,IL,MONTICELLO,Piatt,40.1083,-88.5986,"C,D",4614.332,AMEREN CORP,1.0,4614.332
1000082,Goose Haven Energy Center,CA,SUISUN CITY,Solano,38.2271,-121.844,D,,Goose Haven Energy Center (NO_PARENT_RECORD),1.0,
1006735,Gordon Evans Energy Center,KS,Colwich,SEDGWICK COUNTY,37.7903,-97.5217,D,279595.48,EVERGY INC,1.0,279595.48
1000263,Gordonsville Power Station,VA,GORDONSVILLE,Louisa,38.1245,-78.2031,D,417745.738,DOMINION ENERGY INC,1.0,417745.738
1001413,Gorgas,AL,PARRISH,Walker,33.6446,-87.2003,"C,D",,Gorgas (NO_PARENT_RECORD),1.0,
1001617,Gould Street,MD,BALTIMORE,Baltimore,39.2661,-76.6042,D,,Gould Street (NO_PARENT_RECORD),1.0,
1007017,Gowanus Generating Station,NY,BROOKLYN,Kings,40.6635,-74.0051,"C,D",9141.016,ARCLIGHT ENERGY PARTNERS FUND VI LP,1.0,9141.016
1000941,Graham,TX,Graham,Young,33.135,-98.6117,D,631442.454,Vistra Corp,1.0,631442.454
1011672,Grand Haven BLP Diesel Plant,MI,Grand Haven,OTTAWA COUNTY,43.0612,-86.23667,D,,Grand Haven BLP Diesel Plant (NO_PARENT_RECORD),1.0,
1001428,Grand River Dam Authority,OK,CHOUTEAU,Mayes,36.1906,-95.2889,"C,D",1969970.582,GRAND RIVER DAM AUTHORITY,1.0,1969970.582
1001515,"Grand Tower Energy Center, LLC",IL,GRAND TOWER,Jackson,37.6578,-89.5119,"C,D",0.0,ROCKLAND CAPITAL LLC,1.0,0.0
1001345,Granite Ridge Energy,NH,LONDONDERRY,Rockingham,42.9043,-71.4251,D,1299587.984,CPN MANAGEMENT LP,1.0,1299587.984
1000515,Grapeland Generating Station,CA,Rancho Cucamonga,San Bernardino,34.09,-117.534,D,,Grapeland Generating Station (NO_PARENT_RECORD),1.0,
1000302,Gravel Neck Combustion Turbine,VA,SURRY,Surry,37.1575,-76.6911,"C,D",64542.016,DOMINION ENERGY INC,1.0,64542.016
1001285,Grays Ferry Cogen Partnership,PA,PHILADELPHIA,Philadelphia,39.9417,-75.1883,"C,D",698236.244,VICINITY ENERGY INC,1.0,698236.244
1000207,Grays Harbor Energy Center,WA,Elma,GRAYS HARBOR COUNTY,46.9688,-123.48,"C,D",1397812.072,INVENERGY LLC,0.5,698906.036
1000207,Grays Harbor Energy Center,WA,Elma,GRAYS HARBOR COUNTY,46.9688,-123.48,"C,D",1397812.072,GRAYS HARBOR ENERGY LLC,0.5,698906.036
1006628,Grayson Power Plant,CA,GLENDALE,Los Angeles,34.1556,-118.2782,"C,D",28343.496,CITY OF GLENDALE CALIFORNIA,1.0,28343.496
1001574,Great Bend Station aka Arthur Mullergren,KS,GREAT BEND,Barton,38.41,-98.8689,"C,D",,Great Bend Station aka Arthur Mullergren (NO_PARENT_RECORD),1.0,
1000223,Greater Des Moines Energy Center,IA,PLEASANT HILL,Polk,41.5563,-93.5283,"C,D",839556.088,BERKSHIRE HATHAWAY INC,1.0,839556.088
1006981,"Green Country Energy, LLC",OK,Jenks,Tulsa,35.9833,-95.9346,"C,D",1510024.804,J-POWER USA DEVELOPMENT CO LTD,1.0,1510024.804
1013530,Green Mountain Power Berlin,VT,Berlin,WASHINGTON COUNTY,44.2498,-72.6035,D,,Green Mountain Power Berlin (NO_PARENT_RECORD),1.0,
1007190,Green River,KY,Central City,MUHLENBERG COUNTY,37.3636,-87.1214,D,,Green River (NO_PARENT_RECORD),1.0,
1000364,Greene County,AL,Forkland,Greene,32.6017,-87.7811,"C,D",801002.394,THE SOUTHERN CO,1.0,801002.394
1000774,Greenidge Generation LLC,NY,DRESDEN,Yates,42.6789,-76.9483,"C,D",352625.092,GREENIDGE GENERATION HOLDINGS LLC,1.0,352625.092
1000544,Greenland Energy Center,FL,Jacksonville,Duval,30.1603,-81.5164,"C,D",321117.558,JACKSONVILLE ELECTRIC AUTHORITY,1.0,321117.558
1000594,Greenleaf Energy Unit 1 LLC,CA,Yuba City,SUTTER COUNTY,43.0722,-86.2342,D,,Greenleaf Energy Unit 1 LLC (NO_PARENT_RECORD),1.0,
1013219,Greensville County Power Station,VA,Emporia,GREENSVILLE COUNTY,36.719298,-77.649107,"C,D",3605192.888,DOMINION ENERGY INC,1.0,3605192.888
1001373,Greenville Electric Gen Station,OH,GREENVILLE,Darke,40.0747,-84.6147,D,41602.344,BUCKEYE POWER INC,1.0,41602.344
1001012,Greenwood,MI,AVOCA,Saint Clair,43.1056,-82.6964,"C,D",619200.548,DTE ENERGY CO,1.0,619200.548
1006927,Gregory Power Facility,TX,GREGORY,San Patricio,27.8881,-97.2572,"C,D",246014.74,NRG ENERGY INC,1.0,246014.74
1001326,Griffith Energy Project,AZ,GOLDEN VALLEY,Mohave,35.0517,-114.1334,"C,D",1435175.232,ARCLIGHT CAPITAL HOLDINGS LLC,1.0,1435175.232
1000451,Groton Generating Station,SD,GROTON,Brown,45.3718,-98.1032,D,89416.32,BASIN ELECTRIC POWER COOPERATIVE,1.0,89416.32
1006040,Guadalupe Generating Station,TX,MARION,Guadalupe,29.6237,-98.1395,"C,D",2863650.988,CPN MANAGEMENT LP,1.0,2863650.988
1014824,Guernsey Power Station,OH,Byesville,GUERNSEY COUNTY,39.94023,-81.535161,"C,D",2936098.016,Guernsey Power Station LLC,1.0,2936098.016
1006702,Gulf Clean Energy Center,FL,PENSACOLA,Escambia,30.5661,-87.2289,D,1507349.868,NEXTERA ENERGY INC,1.0,1507349.868
1005995,H A Wagner LLC,MD,Baltimore,Anne Arundel,39.1781,-76.5268,"C,D",80047.338,TALEN ENERGY CORP,1.0,80047.338
1000906,H B Robinson / Darlington Electric Power Plant,SC,HARTSVILLE,Darlington,34.4017,-80.1589,"C,D",16494.894,DUKE ENERGY CORP,1.0,16494.894
1000786,H F Lee Steam Electric Plant,NC,GOLDSBORO,Wayne,35.3775,-78.0875,"C,D",2637535.22,DUKE ENERGY CORP,1.0,2637535.22
1007640,H L Spurlock,KY,MAYSVILLE,Mason,38.7,-83.8175,"C,D",7372549.142,EAST KENTUCKY POWER COOPERATIVE INC,1.0,7372549.142
1001176,H W Pirkey Power Plant,TX,HALLSVILLE,Harrison,32.4607,-94.4852,"C,D",931067.494,AMERICAN ELECTRIC POWER CO INC,0.8593999999999999,800159.4043435999
1001176,H W Pirkey Power Plant,TX,HALLSVILLE,Harrison,32.4607,-94.4852,"C,D",931067.494,OKLAHOMA MUNICIPAL POWER AUTHORITY,0.023399999999999997,21786.979359599994
1001176,H W Pirkey Power Plant,TX,HALLSVILLE,Harrison,32.4607,-94.4852,"C,D",931067.494,NORTHEAST TEXAS ELECTRIC COOPERATIVE INC,0.11720000000000001,109121.1102968
1003652,"HERMISTON GENERATING COMPANY, L.P.",OR,HERMISTON,UMATILLA COUNTY,45.8042,-119.37,D,1199068.508,PERENNIAL POWER HOLDINGS INC,0.5,599534.254
1003652,"HERMISTON GENERATING COMPANY, L.P.",OR,HERMISTON,UMATILLA COUNTY,45.8042,-119.37,D,1199068.508,PACIFICORP,0.5,599534.254
1005620,HMP&L Station 2,KY,Sebree,Henderson,37.6472,-87.5028,D,,HMP&L Station 2 (NO_PARENT_RECORD),1.0,
1014433,"HO Clarke Generating, LLC",TX,Houston,HARRIS COUNTY,29.646306,-95.451602,D,231200.444,"WattBridge Texas, LLC",1.0,231200.444
1000973,Hagood,SC,CHARLESTON HEIGHTS,Charleston,32.8265,-79.9634,"C,D",,Hagood (NO_PARENT_RECORD),1.0,
1012196,Hamilton Liberty LLC,PA,Towanda,BRADFORD COUNTY,41.769083,-76.389278,"C,D",2267853.344,HAMILTON LIBERTY LLC,1.0,2267853.344
1001430,Hamilton Moses,AR,FORREST CITY,Saint Francis,34.9806,-90.8722,D,,Hamilton Moses (NO_PARENT_RECORD),1.0,
1000856,Hamilton Municipal Power Plant,OH,HAMILTON,Butler,39.4099,-84.5544,"C,D",,Hamilton Municipal Power Plant (NO_PARENT_RECORD),1.0,
1012122,Hamilton Patriot,PA,Montgomery,,41.1889715,-76.8951551,"C,D",2273529.124,CARLYLE GROUP MANAGEMENT LLC,1.0,2273529.124
1001506,Hammond,GA,ROME,Floyd,34.2533,-85.3456,D,,Hammond (NO_PARENT_RECORD),1.0,
1000333,Hancock Peakers,MI,COMMERCE TOWNSHIP,Oakland,42.5497,-83.4425,"C,D",,Hancock Peakers (NO_PARENT_RECORD),1.0,
1000942,Handley Generating Station,TX,FORT WORTH,Tarrant,32.7278,-97.2186,D,1011202.404,CONSTELLATION ENERGY CORP,1.0,1011202.404
1001378,Handsome Lake Energy,PA,KENNERDELL,Venango,41.2908,-79.8061,D,70785.584,CONSTELLATION ENERGY CORP,1.0,70785.584
1000130,Hanford Energy Park Peaker,CA,HANFORD,Kings,36.2689,-119.6469,D,2302.892,MIDDLE RIVER POWER LLC,1.0,2302.892
1000153,"Hanging Rock Power Company, LLC",OH,IRONTON,Lawrence,38.5731,-82.7833,"C,D",4157061.744,Vistra Corp,1.0,4157061.744
1007428,Harbor Beach,MI,HARBOR BEACH,Huron,43.8519,-82.6436,"C,D",,Harbor Beach (NO_PARENT_RECORD),1.0,
1001455,Harbor Generating Station,CA,WILMINGTON,Los Angeles,33.7691,-118.2662,D,87246.272,CITY OF LOS ANGELES CALIFORNIA,1.0,87246.272
1001254,Hardee Power Station,FL,BOWLING GREEN,Hardee,27.6364,-81.9636,"C,D",383163.06,HARDEE POWER PARTNERS LTD,0.51,195413.1606
1001254,Hardee Power Station,FL,BOWLING GREEN,Hardee,27.6364,-81.9636,"C,D",383163.06,BLACKROCK INC,0.49,187749.8994
1000530,Hardin County Peaking Facility,TX,KOUNTZE,Hardin,30.3039,-94.2527,"C,D",85702.232,ENTERGY TEXAS INC,1.0,85702.232
1000157,Hardin Generating Station,MT,HARDIN,Big Horn,45.7578,-107.6,"C,D",663071.666,HEOROT POWER HOLDINGS LLC,1.0,663071.666
1001533,Harding Street Station (EW Stout),IN,INDIANAPOLIS,Marion,39.7119,-86.1975,"C,D",1700381.286,AES CORP,1.0,1700381.286
1007327,Hargis-Hebert Electric Generating Statio,LA,LAFAYETTE,Lafayette,30.1694,-91.9923,"C,D",27925.796,LAFAYETTE CITY PARISH CONSOLIDATED GOVERNMENT,1.0,27925.796
1000116,Harlem River Yard,NY,BRONX,Bronx,40.7989,-73.9147,"C,D",53856.152,NEW YORK POWER AUTHORITY,1.0,53856.152
1001507,Harllee Branch,GA,MILLEDGEVILLE,Putnam,33.1942,-83.2994,D,,Harllee Branch (NO_PARENT_RECORD),1.0,
1000100,Harquahala Generating Company,AZ,TONOPAH,Maricopa,33.4759,-113.1133,D,879564.34,NEW HARQUAHALA GENERATING CO LLC,1.0,879564.34
1001042,Harrington Station,TX,AMARILLO,Potter,35.2972,-101.7475,D,3465956.924,XCEL ENERGY INC,1.0,3465956.924
1000145,Harrison County Power Project,TX,MARSHALL,Harrison,32.3958,-94.4361,D,1259194.584,NORTHEAST TEXAS ELECTRIC COOPERATIVE INC,0.55,692557.0212000001
1000145,Harrison County Power Project,TX,MARSHALL,Harrison,32.3958,-94.4361,D,1259194.584,EAST TEXAS ELECTRIC COOPERATIVE INC,0.45,566637.5628000001
1007793,Harrison Power Station,WV,HAYWOOD,Harrison,39.3844,-80.3325,"C,D",11179958.466,FIRSTENERGY CORP,1.0,11179958.466
1006804,Harry Allen,NV,LAS VEGAS,Clark,36.425,-114.9,D,866974.088,BERKSHIRE HATHAWAY INC,1.0,866974.088
1000487,Harry D. Mattison Power Plant,AR,TONTITOWN,Washington,36.1855,-94.2841,D,120647.548,AMERICAN ELECTRIC POWER CO INC,1.0,120647.548
1000085,Hartwell Energy Facility,GA,HARTWELL,Hart,34.3387,-82.8207,D,136583.844,OGLETHORPE POWER CORP,1.0,136583.844
1001431,Harvey Couch,AR,STAMPS,Lafayette,33.3592,-93.4649,D,,Harvey Couch (NO_PARENT_RECORD),1.0,
1000902,Hatfield's Ferry Power Station,PA,MASONTOWN,Greene,39.8562,-79.9274,"C,D",,Hatfield's Ferry Power Station (NO_PARENT_RECORD),1.0,
1001524,Havana,IL,HAVANA,Mason,40.2797,-90.0775,"C,D",,Havana (NO_PARENT_RECORD),1.0,
1005921,Hawk Road Energy Facility,GA,FRANKLIN,Heard,33.3577,-84.9912,D,347648.26,OGLETHORPE POWER CORP,1.0,347648.26
1000322,"Hawkeye Energy Greenport, LLC",NY,GREENPORT,Suffolk,41.1056,-72.3767,D,12872.59,HAWKEYE ENERGY GREENPORT LLC,1.0,12872.59
1000705,Hawthorn Generating Station,MO,KANSAS CITY,Jackson,39.1306,-94.4778,"C,D",2437549.376,EVERGY INC,1.0,2437549.376
1001082,Hay Road,DE,WILMINGTON,New Castle,39.7436,-75.5072,D,913892.16,CPN MANAGEMENT LP,1.0,913892.16
1001466,Hayden,CO,HAYDEN,Routt,40.4856,-107.185,"C,D",2668816.256,SALT RIVER PROJECT AGRICULTURAL IMPROVEMENT & POWER DISTRICT,0.2959,789702.7301504
1001466,Hayden,CO,HAYDEN,Routt,40.4856,-107.185,"C,D",2668816.256,XCEL ENERGY INC,0.5295000000000001,1413138.2075520002
1001466,Hayden,CO,HAYDEN,Routt,40.4856,-107.185,"C,D",2668816.256,BERKSHIRE HATHAWAY INC,0.1746,465975.3182976
1006097,Haynes Generating Station,CA,LONG BEACH,Los Angeles,33.7639,-118.0942,"C,D",1075069.896,CITY OF LOS ANGELES CALIFORNIA,1.0,1075069.896
1001335,Hays Energy Facility,TX,SAN MARCOS,Hays,29.7806,-97.9894,"C,D",1911278.316,Vistra Corp,1.0,1911278.316
1007864,Hazleton Generation,PA,Hazle Township,Luzerne,40.9282,-76.0416,"C,D",8166.07,LOTUS INFRASTRUTURE PARTNERS,1.0,8166.07
1007058,"Helix Ironwood, LLC",PA,LEBANON,Lebanon,40.3509,-76.3658,"C,D",1677037.136,LS POWER EQUITY PARTNERS LP,1.0,1677037.136
1005913,Hell Gate,NY,BRONX,Bronx,40.7988,-73.9093,"C,D",60746.436,NEW YORK POWER AUTHORITY,1.0,60746.436
1001525,Hennepin Power Station,IL,HENNEPIN,Putnam,41.3017,-89.3136,"C,D",,Hennepin Power Station (NO_PARENT_RECORD),1.0,
1000283,Henrietta Peaker Plant,CA,LEMOORE,Kings,36.2397,-119.9044,D,2047.892,MIDDLE RIVER POWER LLC,1.0,2047.892
1001145,Henry County Generating Station,IN,NEW CASTLE,Henry,39.9528,-85.5039,D,141591.276,DUKE ENERGY CORP,1.0,141591.276
1000788,"Hermiston Power, LLC",OR,HERMISTON,Umatilla,45.7934,-119.313,D,1563687.804,CPN MANAGEMENT LP,1.0,1563687.804
1000688,Hibbard Energy Center,MN,DULUTH,St. Louis,46.7356,-92.1531,D,13101.564,ALLETE INC,1.0,13101.564
1013542,Hickory Run Energy Station,PA,New Castle,LAWRENCE COUNTY,40.99311,-80.4371,"C,D",2419495.284,HICKORY RUN ENERGY LLC,1.0,2419495.284
1000690,High Bridge,MN,SAINT PAUL,Ramsey,44.9331,-93.1075,"C,D",990252.88,XCEL ENERGY INC,1.0,990252.88
1000070,High Desert Power Project,CA,VICTORVILLE,San Bernardino,34.5953,-117.3647,"C,D",1585414.324,MIDDLE RIVER POWER LLC,1.0,1585414.324
1001696,Highwood Generating Station,MT,Great Falls,CASCADE COUNTY,47.55,-111.03,"C,D",,Highwood Generating Station (NO_PARENT_RECORD),1.0,
1014275,Hill Top Energy Center LLC,PA,Carmichaels,GREENE COUNTY,39.893509,-79.938648,"C,D",1441167.708,ABATIS HILL TOP HOLDING LLC,0.0,0.0
1014275,Hill Top Energy Center LLC,PA,Carmichaels,GREENE COUNTY,39.893509,-79.938648,"C,D",1441167.708,AEIF HILL TOP LLC,0.41869999999999996,603416.9193396
1014275,Hill Top Energy Center LLC,PA,Carmichaels,GREENE COUNTY,39.893509,-79.938648,"C,D",1441167.708,HT POWER ASSOCIATES I LLC,0.41869999999999996,603416.9193396
1014275,Hill Top Energy Center LLC,PA,Carmichaels,GREENE COUNTY,39.893509,-79.938648,"C,D",1441167.708,HILL TOP MM RH LP,0.16260000000000002,234333.86932080006
1000813,Hillabee Energy Center,AL,ALEXANDER CITY,Tallapoosa,33.0,-85.9031,"C,D",1621452.34,CONSTELLATION ENERGY CORP,1.0,1621452.34
1007157,Hillburn Gas Turbine,NY,Hillburn,ROCKLAND COUNTY,41.1269,-74.1653,D,969.596,ALLIANCE ENERGY GROUP LLC,1.0,969.596
1001367,Hinds Energy Facility,MS,JACKSON,Hinds,32.3781,-90.2169,"C,D",1265838.108,ENTERGY CORP,1.0,1265838.108
1001112,Hines Energy Complex,FL,BARTOW,Polk,27.7886,-81.8694,D,4241786.628,DUKE ENERGY CORP,1.0,4241786.628
1007328,Hobbs Generating Station,NM,HOBBS,Lea,32.7282,-103.3095,"C,D",1600256.52,LEA POWER PARTNERS LLC,1.0,1600256.52
1000398,Hog Bayou Energy Center,AL,MOBILE,Mobile,30.7478,-88.0575,D,615891.968,ARGO INFRASTRUCTURE PARTNERS LP,1.0,615891.968
1001420,Holcomb,KS,HOLCOMB,Finney,37.9306,-100.9725,"C,D",1622103.898,SUNFLOWER ELECTRIC POWER CORP,1.0,1622103.898
1007746,Holden Power Plant,MO,HOLDEN,Johnson,38.7538,-93.9983,"C,D",135919.74,ASSOCIATED ELECTRIC COOPERATIVE INC,1.0,135919.74
1000792,Holland Energy Facility,IL,BEECHER CITY,Shelby,39.2242,-88.7594,"C,D",999225.396,HOOSIER ENERGY REC INC,0.5,499612.698
1000792,Holland Energy Facility,IL,BEECHER CITY,Shelby,39.2242,-88.7594,"C,D",999225.396,WABASH VALLEY POWER ASSOC,0.5,499612.698
1013054,Holland Energy Park,MI,Holland,OTTAWA COUNTY,42.793444,-86.089528,"C,D",377220.252,CITY OF HOLLAND MICHIGAN,1.0,377220.252
1001183,Holtsville Facility,NY,HOLTSVILLE,Suffolk,40.8153,-73.0664,"C,D",19891.17,NATIONAL GRID USA,1.0,19891.17
1006728,Homer City,PA,HOMER CITY,Indiana,40.511,-79.1968,"C,D",1154482.31,HOMER CITY GENERATION LP,1.0,1154482.31
1000119,Hoosier Energy Lawrence Co Station,IN,MITCHELL,Lawrence,38.8003,-86.4511,D,25831.756,HOOSIER ENERGY REC INC,1.0,25831.756
1000694,Hoot Lake,MN,FERGUS FALLS,Otter Tail,46.29,-96.0428,"C,D",,Hoot Lake (NO_PARENT_RECORD),1.0,
1000318,Hopewell Energy Facility,VA,HOPEWELL,Hopewell,37.2914,-77.2821,"C,D",494745.762,Vistra Corp,1.0,494745.762
1001228,Hopewell Power Station,VA,HOPEWELL,Hopewell,37.2969,-77.2833,"C,D",,Hopewell Power Station (NO_PARENT_RECORD),1.0,
1000859,Horseshoe Lake,OK,HARRAH,Oklahoma,35.5089,-97.1789,"C,D",520622.324,OGE ENERGY CORP,1.0,520622.324
1000815,Hot Spring Energy Facility,AR,MALVERN,Hot Spring,34.2963,-92.8683,"C,D",863248.9,ENTERGY CORP,1.0,863248.9
1000529,Houma,LA,HOUMA,Terrebonne,29.5808,-90.7222,"C,D",17218.736,TERREBONNE PARISH CONSOLIDATED GOVERNMENT,1.0,17218.736
1000751,Howard M Down,NJ,VINELAND,Cumberland,39.4889,-75.0347,D,37792.058,CITY OF VINELAND NEW JERSEY,1.0,37792.058
1000746,Hudson Generating Station,NJ,JERSEY CITY,Hudson,40.7478,-74.0719,"C,D",,Hudson Generating Station (NO_PARENT_RECORD),1.0,
1001064,Hugo,OK,FORT TOWSON,Choctaw,34.0158,-95.3206,D,763189.636,WESTERN FARMERS ELECTRIC COOPERATIVE,1.0,763189.636
1013286,Hummel Station LLC,PA,Selinsgrove,SNYDER COUNTY,40.8361,-76.825,"C,D,DD",2909103.32,HUMMEL STATION LLC,1.0,2909103.32
1000901,Hunlock Creek Energy Center,PA,HUNLOCK CREEK,Luzerne,41.2033,-76.0683,"C,D",262323.728,UGI CORP,1.0,262323.728
1000484,Hunlock Unit 4,PA,HUNLOCK CREEK,Luzerne,41.2033,-76.0683,D,26303.052,UGI CORP,1.0,26303.052
1001036,Hunter,UT,CASTLE DALE,Emery,39.1747,-111.0289,D,4495600.71,DESERET GENERATION & TRANSMISSION COOPERATIVE,0.0837,376281.779427
1001036,Hunter,UT,CASTLE DALE,Emery,39.1747,-111.0289,D,4495600.71,UTAH MUNICIPAL POWER AGENCY (INC),0.0208,93508.49476799999
1001036,Hunter,UT,CASTLE DALE,Emery,39.1747,-111.0289,D,4495600.71,UTAH ASSOCIATED MUNICIPAL POWER SYSTEMS,0.048600000000000004,218486.19450600003
1001036,Hunter,UT,CASTLE DALE,Emery,39.1747,-111.0289,D,4495600.71,BERKSHIRE HATHAWAY INC,0.8469,3807324.241299
1000475,Hunterstown Combined Cycle,PA,GETTYSBURG,Adams,39.8725,-77.1672,"C,D",1953010.864,PLATINUM EQUITY LLC,1.0,1953010.864
1001193,Huntington,UT,HUNTINGTON,Emery,39.3792,-111.0781,D,3711390.428,BERKSHIRE HATHAWAY INC,1.0,3711390.428
1000778,Huntley Power,NY,TONAWANDA,Erie,42.97,-78.93,"C,D",,Huntley Power (NO_PARENT_RECORD),1.0,
1007306,Huron,SD,HURON,Beadle,44.3696,-98.17,"C,D",44091.732,NORTHWESTERN CORP,1.0,44091.732
1001053,Hutchinson - Plant 2,MN,HUTCHINSON,McLeod,44.8889,-94.35,"C,D",,Hutchinson - Plant 2 (NO_PARENT_RECORD),1.0,
1001516,Hutsonville,IL,HUTSONVILLE,Crawford,39.1333,-87.6597,D,,Hutsonville (NO_PARENT_RECORD),1.0,
1000422,ICEGEN,CA,CARSON,Los Angeles,33.8759,-118.2491,D,16271.436,Enery Holdings LLC,1.0,16271.436
1001534,IPL Eagle Valley Generating Station,IN,MARTINSVILLE,Morgan,39.4851,-86.4176,"C,D",1855769.624,AES CORP,1.0,1855769.624
1001018,Iatan Generating Station,MO,WESTON,Platte,39.4472,-94.98,D,4663770.87,MISSOURI JOINT MUNICIPAL ELECTRIC UTILITY COMMISSION,0.066,307808.87742000003
1001018,Iatan Generating Station,MO,WESTON,Platte,39.4472,-94.98,D,4663770.87,LIBERTY UTILITIES CO,0.12,559652.5044
1001018,Iatan Generating Station,MO,WESTON,Platte,39.4472,-94.98,D,4663770.87,EVERGY INC,0.794,3703034.07078
1001018,Iatan Generating Station,MO,WESTON,Platte,39.4472,-94.98,D,4663770.87,KANSAS ELECTRIC POWER COOPERATIVE INC,0.02,93275.4174
1001243,Indeck-Corinth Energy Center,NY,CORINTH,Saratoga,43.25,-73.8125,"C,D",226907.66,INDECK ENERGY SERVICES INC,1.0,226907.66
1014572,Indeck-Niles Energy Center,MI,Niles,BERRIEN COUNTY,41.85833,-86.22412,"C,D",2628296.86,INDECK NILES LLC,1.0,2628296.86
1006205,Indeck-Olean Energy Center,NY,OLEAN,Cattaraugus,42.0875,-78.4578,"C,D",17795.684,INDECK ENERGY SERVICES INC,1.0,17795.684
1001241,Indeck-Oswego Energy Center,NY,OSWEGO,Oswego,43.4682,-76.4965,D,17012.136,INDECK ENERGY SERVICES INC,1.0,17012.136
1001240,Indeck-Silver Springs Energy Center,NY,SILVER SPRINGS,Wyoming,42.6544,-78.0772,"C,D",21317.418,INDECK ENERGY SERVICES INC,1.0,21317.418
1001242,Indeck-Yerkes Energy Center,NY,TONAWANDA,Erie,42.9671,-78.9182,"C,D",32861.328,INDECK ENERGY SERVICES INC,1.0,32861.328
1000432,Independence,NY,OSWEGO,Oswego,43.495,-76.4508,"C,D",1580357.492,Vistra Corp,1.0,1580357.492
1001059,Independence,AR,NEWARK,Independence,35.6733,-91.4083,"C,D",5566308.892,CITY WATER & LIGHT PLANT OF THE CITY OF JONESBORO ARKANSAS,0.1,556630.8892
1001059,Independence,AR,NEWARK,Independence,35.6733,-91.4083,"C,D",5566308.892,EAST TEXAS ELECTRIC COOPERATIVE INC,0.035699999999999996,198717.22744439996
1001059,Independence,AR,NEWARK,Independence,35.6733,-91.4083,"C,D",5566308.892,CONWAY CORP,0.02,111326.17784
1001059,Independence,AR,NEWARK,Independence,35.6733,-91.4083,"C,D",5566308.892,CITY OF OSCEOLA ARKANSAS,0.005,27831.54446
1001059,Independence,AR,NEWARK,Independence,35.6733,-91.4083,"C,D",5566308.892,ENTERGY CORP,0.4793,2667931.8519356
1001059,Independence,AR,NEWARK,Independence,35.6733,-91.4083,"C,D",5566308.892,ARKANSAS ELECTRIC COOPERATIVE CORP,0.35,1948208.1121999999
1001059,Independence,AR,NEWARK,Independence,35.6733,-91.4083,"C,D",5566308.892,CITY OF WEST MEMPHIS ARKANSAS,0.01,55663.08892
1001478,Indian River,DE,DAGSBORO,Sussex,38.5857,-75.2341,"C,D",29807.098,NRG ENERGY INC,1.0,29807.098
1001411,Indian River (55318),FL,TITUSVILLE,Brevard,28.4933,-80.7825,D,,Indian River (55318) (NO_PARENT_RECORD),1.0,
1006591,Indian River (683),FL,TITUSVILLE,Brevard,28.4933,-80.7825,"C,D",62927.366,ORLANDO UTILITIES COMMISSION (INC),1.0,62927.366
1000505,"Indiantown Cogeneration, LP",FL,INDIANTOWN,Martin,27.0393,-80.5144,"C,D",,"Indiantown Cogeneration, LP (NO_PARENT_RECORD)",1.0,
1000128,Indigo Generation Facility,CA,NORTH PALM SPRINGS,Riverside,33.9114,-116.5533,D,15513.192,MITSUBISHI CORP (AMERICAS),1.0,15513.192
1000469,Inland Empire Energy Center,CA,ROMOLAND,Riverside,33.7393,-117.1701,"C,D",,Inland Empire Energy Center (NO_PARENT_RECORD),1.0,
1001188,Intercession City Power Plant,FL,INTERCESSION CITY,Osceola,28.2628,-81.5486,"C,D",211060.202,DUKE ENERGY CORP,1.0,211060.202
1005628,Intermountain Generating Station,UT,DELTA,Millard,39.5035,-112.5811,"C,D",4427131.038,Intermountain Power Agency,1.0,4427131.038
1001122,Interstate,IL,SPRINGFIELD,Sangamon,39.8233,-89.5888,D,27823.626,CITY OF SPRINGFIELD ILLINOIS,1.0,27823.626
1014834,Invenergy Nelson Expansion LLC,IL,Rock Falls,LEE COUNTY,41.7749,-89.6067,D,152471.926,Invenergy Nelson Expansion LLC,1.0,152471.926
1001425,Irvington Generating Station,AZ,TUCSON,Pima,32.16,-110.9047,"C,D",751195.952,UNS ENERGY CORP,1.0,751195.952
1000433,Island Street Peaking Plant,WI,KAUKAUNA,Outagamie,44.2761,-88.2656,D,,Island Street Peaking Plant (NO_PARENT_RECORD),1.0,
1011082,Ivanpah Solar Electric Generating Facility,CA,Nipton,SAN BERNARDINO COUNTY,35.56454,-115.60214,"C,D",56418.04,ALPHABET INC,0.281,15853.469240000002
1011082,Ivanpah Solar Electric Generating Facility,CA,Nipton,SAN BERNARDINO COUNTY,35.56454,-115.60214,"C,D",56418.04,BRIGHTSOURCE ENERGY INC,0.218,12299.13272
1011082,Ivanpah Solar Electric Generating Facility,CA,Nipton,SAN BERNARDINO COUNTY,35.56454,-115.60214,"C,D",56418.04,NRG ENERGY INC,0.501,28265.43804
1001474,J C McNeil,VT,BURLINGTON,Chittenden,44.4917,-73.2081,"C,D",,J C McNeil (NO_PARENT_RECORD),1.0,
1001497,J D Kennedy,FL,JACKSONVILLE,Duval,30.3644,-81.6236,"C,D",103128.712,JACKSONVILLE ELECTRIC AUTHORITY,1.0,103128.712
1000720,J E Corette,MT,BILLINGS,Yellowstone,45.7747,-108.4803,D,,J E Corette (NO_PARENT_RECORD),1.0,
1000670,J H Campbell,MI,WEST OLIVE,Ottawa,42.9103,-86.2036,"C,D",6673593.492,WOLVERINE POWER SUPPLY COOPERATIVE INC,0.0108,72074.8097136
1000670,J H Campbell,MI,WEST OLIVE,Ottawa,42.9103,-86.2036,"C,D",6673593.492,CMS ENERGY CORP,0.9617,6417994.861256399
1000670,J H Campbell,MI,WEST OLIVE,Ottawa,42.9103,-86.2036,"C,D",6673593.492,MICHIGAN PUBLIC POWER AGENCY,0.0275,183523.82103
1007376,J K Spruce,TX,SAN ANTONIO,Bexar,29.3091,-98.3205,"C,D",5604407.604303374,CPS ENERGY,1.0,5604407.604303374
1000849,J M Stuart,OH,Manchester,Adams,38.6361,-83.6939,"C,D",,J M Stuart (NO_PARENT_RECORD),1.0,
1000995,J P Madgett,WI,Alma,Buffalo,44.3026,-91.9126,"C,D",1546537.778,DAIRYLAND POWER COOPERATIVE,1.0,1546537.778
1001496,J R Kelly,FL,GAINESVILLE,Alachua,29.6467,-82.3219,D,328371.984,CITY OF GAINESVILLE FLORIDA,1.0,328371.984
1000672,J R Whiting,MI,ERIE,Monroe,41.7917,-83.4486,"C,D",,J R Whiting (NO_PARENT_RECORD),1.0,
1000395,J Robert Massengale Generating Station,TX,LUBBOCK,Lubbock,33.6039,-101.8408,D,17086.036,CITY OF LUBBOCK TEXAS TEXAS,1.0,17086.036
1001039,J T Deely,TX,SAN ANTONIO,Bexar,29.3072,-98.3228,D,,J T Deely (NO_PARENT_RECORD),1.0,
1002371,J.B. Sims Generation Station,MI,Grand Haven,OTTAWA COUNTY,43.071111,-86.233889,D,,J.B. Sims Generation Station (NO_PARENT_RECORD),1.0,
1000559,J.M. Shafer Generating Station,CO,FORT LUPTON,Weld,40.0979,-104.7745,"C,D",482180.164,TRI-STATE GENERATION & TRANSMISSION ASSOC INC,1.0,482180.164
1001296,JGT2 Cogen,ME,JAY,Franklin,44.506,-70.242,"C,D",56678.95,PIXELLE SPECIALTY SOLUTIONS LLC,1.0,56678.95
1001375,Jack County Generation Facility,TX,JACKSBORO,Jack,33.101,-97.9574,"C,D",2439505.308,"LS Power Development, LLC",1.0,2439505.308
1001508,Jack McDonough,GA,SMYRNA,Cobb,33.8244,-84.475,"C,D",6468268.932,THE SOUTHERN CO,1.0,6468268.932
1001393,Jackson Generating Station,MI,JACKSON,Jackson,42.2488,-84.3767,"C,D",892165.444,CMS ENERGY CORP,1.0,892165.444
1014443,Jackson Generation,IL,Elwood,WILL COUNTY,41.439233,-88.110974,"C,D",2548465.204,"J-Power USA Investment Co, Ltd",0.51,1299717.25404
1014443,Jackson Generation,IL,Elwood,WILL COUNTY,41.439233,-88.110974,"C,D",2548465.204,"Gulf Energy USA, LLC",0.49,1248747.9499599999
1000681,James De Young,MI,HOLLAND,Ottawa,42.7956,-86.1133,"C,D",,James De Young (NO_PARENT_RECORD),1.0,
1007227,James H Miller Jr,AL,Quinton,Jefferson,33.6319,-87.0597,"C,D",16558380.818,POWERSOUTH ENERGY COOPERATIVE,0.0408,675581.9373744001
1007227,James H Miller Jr,AL,Quinton,Jefferson,33.6319,-87.0597,"C,D",16558380.818,THE SOUTHERN CO,0.9592,15882798.8806256
1000713,James River,MO,SPRINGFIELD,Greene,37.1086,-93.2592,"C,D",99439.42,CITY UTILITIES OF SPRINGFIELD MISSOURI,1.0,99439.42
1000277,Jasper County Generating Facility,SC,HARDEEVILLE,Jasper,32.3592,-81.1236,D,2054257.01,DOMINION ENERGY INC,1.0,2054257.01
1000914,Jefferies,SC,MONCKS CORNER,Berkeley,33.2422,-79.9875,D,,Jefferies (NO_PARENT_RECORD),1.0,
1000581,Jeffrey Energy Center,KS,ST. MARYS,POTTAWATOMIE COUNTY,39.2825,-96.1153,"C,D",6117108.56,EVERGY INC,1.0,6117108.56
1001192,Jim Bridger,WY,POINT OF ROCKS,Sweetwater,41.7378,-108.7875,"C,D",8973790.926,BERKSHIRE HATHAWAY INC,0.6667000000000001,5982826.410364201
1001192,Jim Bridger,WY,POINT OF ROCKS,Sweetwater,41.7378,-108.7875,"C,D",8973790.926,IDACORP INC,0.3333,2990964.5156358
1001203,"John B. Rich Memorial Power Station, Gilberton Power Company",PA,FRACKVILLE,Schuylkill,40.79,-76.1984,"C,D",875724.292,RI-CORP DEVELOPMENT INC DBA GILBERTON POWER CO,1.0,875724.292
1000967,John E Amos,WV,Winfield,Putnam,38.4731,-81.8233,"C,D",8750973.986,AMERICAN ELECTRIC POWER CO INC,1.0,8750973.986
1007788,John S. Cooper,KY,SOMERSET,Pulaski,37.0,-84.5917,"C,D",484225.248,EAST KENTUCKY POWER COOPERATIVE INC,1.0,484225.248
1001158,John S. Rainey Generating Station,SC,IVA,Anderson,34.3477,-82.776,D,2632605.22,SOUTH CAROLINA PUBLIC SERVICE AUTHORITY,1.0,2632605.22
1000918,John Sevier,TN,ROGERSVILLE,Hawkins,36.3767,-82.9639,"C,D",1714111.071,US GOVERNMENT,1.0,1714111.071
1001044,John Twitty,MO,SPRINGFIELD,Greene,37.1519,-93.3892,"C,D",1915921.772,CITY UTILITIES OF SPRINGFIELD MISSOURI,1.0,1915921.772
1010604,John W. Turk Power Plant,AR,Fulton,HEMPSTEAD COUNTY,33.647444,-93.809083,"C,D",2902384.85,EAST TEXAS ELECTRIC COOPERATIVE INC,0.0833,241768.658005
1010604,John W. Turk Power Plant,AR,Fulton,HEMPSTEAD COUNTY,33.647444,-93.809083,"C,D",2902384.85,AMERICAN ELECTRIC POWER CO INC,0.7333,2128318.810505
1010604,John W. Turk Power Plant,AR,Fulton,HEMPSTEAD COUNTY,33.647444,-93.809083,"C,D",2902384.85,OKLAHOMA MUNICIPAL POWER AUTHORITY,0.0667,193589.069495
1010604,John W. Turk Power Plant,AR,Fulton,HEMPSTEAD COUNTY,33.647444,-93.809083,"C,D",2902384.85,ARKANSAS ELECTRIC COOPERATIVE CORP,0.1167,338708.311995
1001287,Johnson County Generation Facility,TX,CLEBURNE,Johnson,32.3994,-97.4078,D,481331.466,"LS Power Development, LLC",1.0,481331.466
1000919,Johnsonville,TN,NEW JOHNSONVILLE,Humphreys,36.0278,-87.9861,"C,D",476861.136,US GOVERNMENT,1.0,476861.136
1001453,Joliet 29,IL,JOLIET,Will,41.4947,-88.125,"C,D",417353.4,NRG ENERGY INC,1.0,417353.4
1001519,Joliet 9,IL,JOLIET,Will,41.4947,-88.125,"C,D",546.648,NRG ENERGY INC,1.0,546.648
1000937,Jones Station,TX,LUBBOCK,Lubbock,33.5239,-101.7392,"C,D",1075623.106,XCEL ENERGY INC,1.0,1075623.106
1000340,Joppa Steam,IL,JOPPA,Massac,37.2103,-88.8606,"C,D",,Joppa Steam (NO_PARENT_RECORD),1.0,
1001268,KIAC Cogeneration,NY,JAMAICA,Queens,40.6417,-73.7778,"C,D",223890.168,CPN MANAGEMENT LP,1.0,223890.168
1002802,KLEEN ENERGY SYSTEMS POWER PLANT,CT,MIDDLETOWN,MIDDLESEX COUNTY,41.5526,-72.597,"C,D",1014344.376,KLEEN ENERGY SYSTEMS LLC,1.0,1014344.376
1001313,Kalamazoo River Generating Station,MI,COMSTOCK,Kalamazoo,42.2797,-85.4922,D,124921.488,CMS ENERGY CORP,1.0,124921.488
1000182,Kalkaska Ct Project #1,MI,KALKASKA,Kalkaska,44.6889,-85.2019,"C,D",32326.936,MICHIGAN PUBLIC POWER AGENCY,1.0,32326.936
1000975,Kammer,WV,CAPTINA,Marshall,39.8464,-80.8189,"C,D",,Kammer (NO_PARENT_RECORD),1.0,
1000968,Kanawha River,WV,GLASGOW,Kanawha,38.2056,-81.4211,"C,D",,Kanawha River (NO_PARENT_RECORD),1.0,
1000747,Kearny Generating Station,NJ,KEARNY,Hudson,40.7375,-74.1,"C,D",85243.936,ARCLIGHT ENERGY PARTNERS FUND VII LP,1.0,85243.936
1001179,Kemper County,MS,DE KALB,Kemper,32.7976,-88.6057,"C,D",42108.907,US GOVERNMENT,1.0,42108.907
1001330,Kendall Energy Facility,IL,MINOOKA,Kendall,41.4797,-88.2581,"C,D",2395261.224,Vistra Corp,1.0,2395261.224
1000657,Kendall Green Energy,MA,CAMBRIDGE,Middlesex,42.3633,-71.0792,"C,D",788059.912,VICINITY ENERGY INC,1.0,788059.912
1013136,Keys Energy Center,MD,Brandywine,PRINCE GEORGE'S COUNTY,38.695485,-76.828091,"C,D",1655377.116,ARCLIGHT ENERGY PARTNERS FUND VII LP,1.0,1655377.116
1000883,Keystone,PA,SHELOCTA,Armstrong,40.6604,-79.3411,"C,D",2778442.698,ARCLIGHT CAPITAL HOLDINGS LLC,0.6729,1869614.0914842
1000883,Keystone,PA,SHELOCTA,Armstrong,40.6604,-79.3411,"C,D",2778442.698,TALEN ENERGY CORP,0.1234,342859.8289332
1000883,Keystone,PA,SHELOCTA,Armstrong,40.6604,-79.3411,"C,D",2778442.698,KEYCON OPERATING LLC,0.16670000000000001,463166.3977566
1000883,Keystone,PA,SHELOCTA,Armstrong,40.6604,-79.3411,"C,D",2778442.698,BOWFIN KEYCON POWER LLC,0.037000000000000005,102802.379826
1001010,Killen Station,OH,MANCHESTER,Adams,38.6903,-83.4803,"C,D",,Killen Station (NO_PARENT_RECORD),1.0,
1001520,"Kincaid Generation, LLC",IL,KINCAID,Christian,39.5906,-89.4964,"C,D",2381916.638,Vistra Corp,1.0,2381916.638
1013259,Kings Mountain Energy Center,NC,Kings Mountain,CLEVELAND COUNTY,35.201313,-81.365446,"C,D",1237626.064,CASTILLO INVESTMENT HOLDINGS LLC,0.08,99010.08512
1013259,Kings Mountain Energy Center,NC,Kings Mountain,CLEVELAND COUNTY,35.201313,-81.365446,"C,D",1237626.064,WATTAGE FINANCE - NC LLC,0.46,569307.98944
1013259,Kings Mountain Energy Center,NC,Kings Mountain,CLEVELAND COUNTY,35.201313,-81.365446,"C,D",1237626.064,CEI KINGS MOUNTAIN HOLDINGS LLC,0.23,284653.99472
1013259,Kings Mountain Energy Center,NC,Kings Mountain,CLEVELAND COUNTY,35.201313,-81.365446,"C,D",1237626.064,AXIUM KINGS MOUNTAIN LLC,0.23,284653.99472
1003016,Kingsburg Cogeneration Facility,CA,Kingsburg,FRESNO COUNTY,36.546786,-119.579404,D,,Kingsburg Cogeneration Facility (NO_PARENT_RECORD),1.0,
1005871,Kingston,TN,KINGSTON,Roane,35.8992,-84.5194,D,2925736.939,US GOVERNMENT,1.0,2925736.939
1007209,Kinmundy Power Plant,IL,PATOKA,Marion,38.7619,-89.0128,"C,D",3618.636,AMEREN CORP,1.0,3618.636
1001314,Klamath Cogeneration Project,OR,Klamath Falls,Klamath,42.174,-121.8112,"C,D",1145631.892,AVANGRID INC,1.0,1145631.892
1000076,Klamath Energy LLC,OR,Klamath Falls,Klamath,42.1727,-121.8144,D,100828.276,AVANGRID INC,1.0,100828.276
1000934,Knox Lee Power Plant,TX,LONGVIEW,Gregg,32.3766,-94.6415,D,273689.736,AMERICAN ELECTRIC POWER CO INC,1.0,273689.736
1006574,Kraft,GA,PORT WENTWORTH,Chatham,32.1486,-81.1458,"C,D",,Kraft (NO_PARENT_RECORD),1.0,
1000853,Kyger Creek,OH,CHESHIRE,Gallia,38.9161,-82.1281,D,4880396.406,AMERICAN ELECTRIC POWER CO INC,1.0,4880396.406
1000241,Kyrene Generating Station,AZ,TEMPE,Maricopa,33.3544,-111.9364,"C,D",485282.65,SALT RIVER PROJECT AGRICULTURAL IMPROVEMENT & POWER DISTRICT,1.0,485282.65
1000828,L V Sutton Steam Electric Plant,NC,WILMINGTON,New Hanover,34.2824,-77.9864,"C,D",1495648.708,DUKE ENERGY CORP,1.0,1495648.708
1000595,LAS VEGAS GENERATING STATION,NV,N LAS VEGAS,CLARK COUNTY,36.23228,-115.12474,D,160582.704,BERKSHIRE HATHAWAY INC,1.0,160582.704
1013523,LEPA Unit No. 1,LA,Morgan City,ST. MARY PARISH,29.68917,-91.19007,D,82360.044,LOUISIANA ENERGY & POWER AUTHORITY,1.0,82360.044
1006860,LIVE OAK LIMITED,CA,BAKERSFIELD,KERN COUNTY,35.61139,-118.93682,D,15152.292,LIVE OAK LTD,1.0,15152.292
1010767,LODI ENERGY CENTER,CA,LODI,SAN JOAQUIN COUNTY,38.094095,-121.380788,D,427520.82,NORTHERN CALIFORNIA POWER AGENCY,1.0,427520.82
1000135,"LSP University Park, LLC",IL,UNIVERSITY PARK,Will,41.4426,-87.7515,D,105330.058,"LS Power Development, LLC",1.0,105330.058
1006539,La Cygne Generating Station,KS,LA CYGNE,Linn,38.3472,-94.6389,"C,D",6695258.77,EVERGY INC,1.0,6695258.77
1011838,La Luz Energy Center,NM,Belen,VALENCIA COUNTY,34.6063,-106.732,D,36263.316,PNM RESOURCES INC,1.0,36263.316
1001339,La Paloma Generating Plant,CA,MCKITTRICK,Kern,35.2956,-119.5919,"C,D",943038.304,CXA LA PALOMA LLC,1.0,943038.304
1014274,LaPorte Generating Station,TX,La Porte,HARRIS COUNTY,29.702041,-95.071033,D,135155.644,TEXGEN POWER LLC,1.0,135155.644
1000192,Labadie,MO,LABADIE,Franklin,38.5583,-90.8361,D,15388715.198,AMEREN CORP,1.0,15388715.198
1013233,Lackawanna Energy Center,PA,Jessup,LACKAWANNA COUNTY,41.471389,-75.544167,"C,D",3712067.144,INVENERGY LLC,1.0,3712067.144
1001161,Ladysmith Combustion Turbine Sta,VA,WOODFORD,Caroline,38.064527,-77.508465,"C,D",471193.78,DOMINION ENERGY INC,1.0,471193.78
1007457,Lagoon Creek,TN,BROWNSVILLE,Haywood,35.6578,-89.3964,"C,D",1215209.038,US GOVERNMENT,1.0,1215209.038
1000224,Lake,CA,BURBANK,Los Angeles,34.1775,-118.3147,"C,D",,Lake (NO_PARENT_RECORD),1.0,
1001432,Lake Catherine,AR,JONES MILL,Hot Spring,34.4341,-92.9046,"C,D",100423.028,ENTERGY CORP,1.0,100423.028
1013878,Lake Charles Power Station,LA,Westlake,CALCASIEU PARISH,30.258715,-93.281847,D,2100696.716,ENTERGY CORP,1.0,2100696.716
1007503,Lake Hubbard,TX,SUNNYVALE,Dallas,32.8364,-96.5464,D,564284.31,Vistra Corp,1.0,564284.31
1001338,Lake Road Generating Company,CT,DAYVILLE,Windham,41.8736,-71.8947,D,2159025.448,Vistra Corp,1.0,2159025.448
1006852,Lake Road Generating Station,MO,ST JOSEPH,Buchanan,39.7246,-94.8773,"C,D",289431.89,EVERGY INC,1.0,289431.89
1000844,Lake Shore,OH,CLEVELAND,Cuyahoga,41.5356,-81.6419,"C,D",,Lake Shore (NO_PARENT_RECORD),1.0,
1000454,Lake Side Power Plant,UT,VINEYARD,Utah,40.3311,-111.7547,"C,D",2497765.944,BERKSHIRE HATHAWAY INC,1.0,2497765.944
1000203,Lakefield Junction Generating,MN,TRIMONT,Martin,43.7984,-94.8415,"C,D",62195.772,GREAT RIVER ENERGY,1.0,62195.772
1001283,Lakewood Cogeneration,NJ,LAKEWOOD,Ocean,40.0613,-74.1686,"C,D",109076.226,OSAKA GAS ENERGY AMERICA CORP,0.2,21815.2452
1001283,Lakewood Cogeneration,NJ,LAKEWOOD,Ocean,40.0613,-74.1686,"C,D",109076.226,NAUTILUS POWER LLC,0.8,87260.9808
1000188,Lamar,CO,LAMAR,Prowers,38.0921,-102.6148,"C,D",,Lamar (NO_PARENT_RECORD),1.0,
1001310,Lamar Power (Paris),TX,PARIS,Lamar,33.6314,-95.589,D,2177009.532,Vistra Corp,1.0,2177009.532
1000081,Lambie Energy Center,CA,SUISUN CITY,Solano,38.2216,-121.8683,D,,Lambie Energy Center (NO_PARENT_RECORD),1.0,
1000049,Lange,SD,RAPID CITY,Pennington,44.1212,-103.2608,"C,D",23769.212,BLACK HILLS CORP,1.0,23769.212
1007379,Langley Gulch Power Plant,ID,New Plymouth,Payette,43.9046,-116.8181,D,607456.448,IDACORP INC,1.0,607456.448
1007419,Lansing,IA,LANSING,Allamakee,43.3359,-91.1672,"C,D",1091.082,ALLIANT ENERGY CORP,1.0,1091.082
1001491,Lansing Smith Generating Plant,FL,SOUTHPORT,Bay,30.2689,-85.7003,"C,D",1602400.96,NEXTERA ENERGY INC,1.0,1602400.96
1001045,Laramie River,WY,WHEATLAND,Platte,42.1103,-104.8828,D,10979531.782,TRI-STATE GENERATION & TRANSMISSION ASSOC INC,0.2713,2978746.9724565996
1001045,Laramie River,WY,WHEATLAND,Platte,42.1103,-104.8828,D,10979531.782,WESTERN MINNESOTA MUNICIPAL POWER AGENCY,0.16469999999999999,1808328.8844954
1001045,Laramie River,WY,WHEATLAND,Platte,42.1103,-104.8828,D,10979531.782,BASIN ELECTRIC POWER COOPERATIVE,0.4227,4641048.0842514
1001045,Laramie River,WY,WHEATLAND,Platte,42.1103,-104.8828,D,10979531.782,LINCOLN ELECTRIC SYSTEM,0.1276,1400988.2553831998
1001045,Laramie River,WY,WHEATLAND,Platte,42.1103,-104.8828,D,10979531.782,WYOMING MUNICIPAL POWER AGENCY INC,0.0137,150419.5854134
1006725,Laredo,TX,Laredo,Webb,27.5667,-99.5083,D,21868.72,TALEN ENERGY CORP,1.0,21868.72
1000147,Larkspur Energy Faciity,CA,SAN DIEGO,San Diego,32.5672,-116.9444,D,22144.168,MITSUBISHI CORP (AMERICAS),1.0,22144.168
1001227,Las Vegas Cogeneration,NV,NORTH LAS VEGAS,Clark,36.2317,-115.1235,"C,D",,Las Vegas Cogeneration (NO_PARENT_RECORD),1.0,
1000686,Laskin Energy Center,MN,Hoyt Lakes,St. Louis,47.5306,-92.1619,"C,D",76456.916,ALLETE INC,1.0,76456.916
1007471,Lauderdale,FL,FORT LAUDERDALE,Broward,26.0681,-80.1983,"C,D",2315109.988,NEXTERA ENERGY INC,1.0,2315109.988
1000582,Lawrence Energy Center,KS,Lawrence,DOUGLAS COUNTY,39.0072,-95.2692,"C,D",1824439.596,EVERGY INC,1.0,1824439.596
1000138,Lawrenceburg Energy Facility,IN,LAWRENCEBURG,Dearborn,39.0913,-84.8667,"C,D",3420807.62,LIGHTSTONE GENERATION LLC,1.0,3420807.62
1001380,"Lee County Generating Station, LLC",IL,DIXON,Lee,41.8287,-89.4054,D,51309.064,BRUCE POWER LLC,1.0,51309.064
1000836,Leland Olds,ND,STANTON,Mercer,47.2819,-101.3194,D,3785799.85,BASIN ELECTRIC POWER COOPERATIVE,1.0,3785799.85
1000956,Leon Creek,TX,SAN ANTONIO,Bexar,29.3511,-98.5753,D,123256.7011488,CPS ENERGY,1.0,123256.7011488
1000928,Lewis Creek,TX,WILLIS,Montgomery,30.4364,-95.5215,"C,D",1004779.724,ENTERGY CORP,1.0,1004779.724
1001376,Liberty Electric Power Plant,PA,Edddystone,Delaware,39.8622,-75.3361,D,1591349.952,Vistra Corp,1.0,1591349.952
1001610,Lieberman Power Plant,LA,MOORINGSPORT,Caddo,32.7047,-93.9597,D,89758.268,AMERICAN ELECTRIC POWER CO INC,1.0,89758.268
1001083,Lime Creek,IA,MASON CITY,Cerro Gordo,43.2481,-93.2046,"C,D",,Lime Creek (NO_PARENT_RECORD),1.0,
1005713,Limestone,TX,JEWETT,Limestone,31.4219,-96.2525,D,6616810.576,NRG ENERGY INC,1.0,6616810.576
1000060,Limon Generating Station,CO,LIMON,Lincoln,39.2038,-103.7005,"C,D",95918.972,TRI-STATE GENERATION & TRANSMISSION ASSOC INC,1.0,95918.972
1001109,Lincoln,NC,STANLEY,Lincoln,35.4317,-81.0347,D,19532.298,DUKE ENERGY CORP,1.0,19532.298
1001369,Lincoln Generating Facility,IL,MANHATTAN,Will,41.3937,-87.9437,"C,D",9739.116,EARTHRISE LEGATO LLC,1.0,9739.116
1001232,Linden Cogeneration Facility,NJ,LINDEN,Union,40.6322,-74.2156,D,2812086.604,JERA POWER LINDEN LLC,0.4192,1178826.7043968
1001232,Linden Cogeneration Facility,NJ,LINDEN,Union,40.6322,-74.2156,D,2812086.604,ROSE CAPITAL INVESTMENT INC,0.12,337450.39248
1001232,Linden Cogeneration Facility,NJ,LINDEN,Union,40.6322,-74.2156,D,2812086.604,JERA POWER LINDEN LLC,0.0808,227216.59760319997
1001232,Linden Cogeneration Facility,NJ,LINDEN,Union,40.6322,-74.2156,D,2812086.604,EGCO LINDEN II LLC,0.28,787384.24912
1001232,Linden Cogeneration Facility,NJ,LINDEN,Union,40.6322,-74.2156,D,2812086.604,HPJV1LLC,0.1,281208.6604
1007330,Linden Generating Station,NJ,LINDEN,Union,40.6225,-74.2097,"C,D",1861722.014,ARCLIGHT ENERGY PARTNERS FUND VII LP,1.0,1861722.014
1001605,Little Gypsy,LA,LAPLACE,Saint Charles,30.0033,-90.4611,"C,D",351176.1,ENTERGY CORP,1.0,351176.1
1007295,Livingston Generating Station,MI,GAYLORD,Otsego,45.0291,-84.7332,"C,D",8472.02,CMS ENERGY CORP,1.0,8472.02
1001265,Lockport,NY,LOCKPORT,Niagara,43.1622,-78.7453,"C,D",48022.47,FORTISTAR LLC,1.0,48022.47
1001201,Logan Generating Plant,NJ,SWEDESBORO,Gloucester,39.7914,-75.4081,D,,Logan Generating Plant (NO_PARENT_RECORD),1.0,
1000722,Lon D Wright Power Plant,NE,FREMONT,Dodge,41.4275,-96.4619,"C,D",603710.716,CITY OF FREMONT NEBRASKA,1.0,603710.716
1000935,Lone Star Power Plant,TX,LONE STAR,Morris,32.9217,-94.7158,D,,Lone Star Power Plant (NO_PARENT_RECORD),1.0,
1011323,Lonesome Creek Station,ND,Alexander,MCKENZIE COUNTY,47.797764,-103.572694,D,594890.196,BASIN ELECTRIC POWER COOPERATIVE,1.0,594890.196
1000490,Long Beach Generating Station,CA,LONG BEACH,Los Angeles,33.7641,-118.2248,D,9316.589,ARCLIGHT ENERGY PARTNERS FUND VII LP,1.0,9316.589
1014297,Long Ridge Energy Generation,OH,Hannibal,,39.7043837749574,-80.849170170975,"C,D",1342071.324,LABOR IMPACT FUND LP,0.499,669693.590676
1014297,Long Ridge Energy Generation,OH,Hannibal,,39.7043837749574,-80.849170170975,"C,D",1342071.324,FTAI INFRASTRUCTURE INC,0.501,672377.733324
1000782,Longview Power,WV,Maidsville,MONONGALIA COUNTY,39.7078,-79.9588,"C,D",3499944.848,LONGVIEW INTERMEDIATE HOLDINGS C LLC,1.0,3499944.848
1000162,Lordsburg Generating Station,NM,LORDSBURG,Hidalgo,32.3494,-108.6975,D,63690.364,PNM RESOURCES INC,1.0,63690.364
1013257,Lordstown Energy Center,OH,Warren,TRUMBULL COUNTY,41.150018,-80.851857,"C,D",2268186.544,CLEAN ENERGY FUTURES - LORDSTOWN LLC,1.0,2268186.544
1000175,Los Esteros Critical Energy Fac,CA,SAN JOSE,Santa Clara,37.425,-121.9319,D,88232.124,CPN MANAGEMENT LP,1.0,88232.124
1001366,"Los Medanos Energy Center, LLC",CA,PITTSBURG,Contra Costa,38.03,-121.8708,"C,D",1288810.124,CPN MANAGEMENT LP,1.0,1288810.124
1001340,Lost Pines 1,TX,BASTROP,Bastrop,30.1478,-97.27,D,1247748.276,LOWER COLORADO RIVER AUTHORITY,0.5,623874.138
1001340,Lost Pines 1,TX,BASTROP,Bastrop,30.1478,-97.27,D,1247748.276,GENTEX POWER CORP,0.5,623874.138
1001060,Louisa,IA,MUSCATINE,Louisa,41.3153,-91.0936,"C,D",3691041.218,CITY OF GENESEO ILLINOIS,0.005,18455.20609
1001060,Louisa,IA,MUSCATINE,Louisa,41.3153,-91.0936,"C,D",3691041.218,ALLIANT ENERGY CORP,0.04,147641.64872
1001060,Louisa,IA,MUSCATINE,Louisa,41.3153,-91.0936,"C,D",3691041.218,CITY OF HARLAN IOWA,0.008,29528.329744
1001060,Louisa,IA,MUSCATINE,Louisa,41.3153,-91.0936,"C,D",3691041.218,BERKSHIRE HATHAWAY INC,0.88,3248116.27184
1001060,Louisa,IA,MUSCATINE,Louisa,41.3153,-91.0936,"C,D",3691041.218,CITY OF WAVERLY IOWA,0.011000000000000001,40601.453398000005
1001060,Louisa,IA,MUSCATINE,Louisa,41.3153,-91.0936,"C,D",3691041.218,CITY OF TIPTON IOWA,0.005,18455.20609
1001060,Louisa,IA,MUSCATINE,Louisa,41.3153,-91.0936,"C,D",3691041.218,CITY OF ELDRIDGE IOWA,0.005,18455.20609
1001060,Louisa,IA,MUSCATINE,Louisa,41.3153,-91.0936,"C,D",3691041.218,CENTRAL IOWA POWER COOPERATIVE,0.046,169787.896028
1007183,Louisa Generation Facility,VA,Gordonsville,Louisa,38.1181,-78.2139,"C,D",158000.908,OLD DOMINION ELECTRIC COOPERATIVE,1.0,158000.908
1001209,Louisiana 1,LA,BATON ROUGE,East Baton Rouge,30.4903,-91.1875,"C,D",2080245.092,ENTERGY CORP,1.0,2080245.092
1001601,Louisiana 2,LA,BATON ROUGE,East Baton Rouge,30.4903,-91.1875,D,,Louisiana 2 (NO_PARENT_RECORD),1.0,
1001230,Lowell Cogeneration Company,MA,LOWELL,Middlesex,42.64,-71.323,"C,D",,Lowell Cogeneration Company (NO_PARENT_RECORD),1.0,
1000146,Lower Mount Bethel Energy,PA,BANGOR,Northampton,40.8011,-75.105,D,1658679.904,TALEN ENERGY CORP,1.0,1658679.904
1001212,Lumberton Power,NC,LUMBERTON,Robeson,34.59,-78.9968,D,,Lumberton Power (NO_PARENT_RECORD),1.0,
1000795,Luna Energy Facility,NM,DEMING,Luna,32.2983,-107.78,"C,D",1350498.144,SAMCHULLY POWER & UTILITIES LLC,0.3333,450121.0313952
1000795,Luna Energy Facility,NM,DEMING,Luna,32.2983,-107.78,"C,D",1350498.144,PNM RESOURCES INC,0.33332999999999996,450161.54633951996
1000795,Luna Energy Facility,NM,DEMING,Luna,32.2983,-107.78,"C,D",1350498.144,UNS ENERGY CORP,0.33332999999999996,450161.54633951996
1007435,MASSPOWER,MA,INDIAN ORCHARD,Hampden,42.156,-72.5292,"C,D",283431.9,Vistra Corp,1.0,283431.9
1002541,MCKITTRICK LIMITED,CA,BAKERSFIELD,KERN COUNTY,35.44735,-119.08652,D,19967.976,MCKITTRICK LLC,1.0,19967.976
1001168,MEPI Gt Facility,IL,JOPPA,Massac,37.2175,-88.8658,"C,D",,MEPI Gt Facility (NO_PARENT_RECORD),1.0,
1001146,"MPC Generating, LLC",GA,MONROE,Walton,33.8122,-83.6954,D,29377.488,MPC GENERATING LLC,1.0,29377.488
1000753,Maddox,NM,HOBBS,Lea,32.7142,-103.3015,"C,D",448162.58,XCEL ENERGY INC,1.0,448162.58
1001318,Madison Generating Station,OH,TRENTON,Butler,39.4522,-84.465,D,634516.596,DUKE ENERGY CORP,1.0,634516.596
1001325,Magic Valley Generating Station,TX,EDINBURG,Hidalgo,26.3403,-98.19,D,1136191.64,CPN MANAGEMENT LP,1.0,1136191.64
1000185,Magnet Cove Generating Station,AR,MALVERN,Hot Spring,34.4304,-92.8333,"C,D",1264268.416,ARKANSAS ELECTRIC COOPERATIVE CORP,1.0,1264268.416
1000457,Magnolia,CA,BURBANK,Los Angeles,34.1788,-118.3153,"C,D",611157.036,SOUTHERN CALIFORNIA PUBLIC POWER AUTHORITY,1.0,611157.036
1000821,Magnolia Facility,MS,ASHLAND,Benton,34.8358,-89.2017,"C,D",2321855.171,US GOVERNMENT,1.0,2321855.171
1007422,Maine Independence Station,ME,VEAZIE,Penobscot,44.8236,-68.7106,"C,D",380420.64,Vistra Corp,1.0,380420.64
1000458,"Malaga Power, LLC",CA,FRESNO,Fresno,36.6894,-119.7399,D,6029.576,MIDDLE RIVER POWER LLC,1.0,6029.576
1007318,Malburg Generating Station,CA,VERNON,Los Angeles,33.9983,-118.2219,D,147402.804,CITY OF VERNON CALIFORNIA,1.0,147402.804
1007255,Manatee,FL,PARRISH,Manatee,27.6058,-82.3456,D,2422837.152,NEXTERA ENERGY INC,1.0,2422837.152
1000905,Manchester Street,RI,PROVIDENCE,Providence,41.8167,-71.4042,"C,D",815757.847,EDGEWATER GENERATION HOLDINGS LLC,1.0,815757.847
1001327,Manchief Generating Station,CO,BRUSH,Morgan,40.2201,-103.679,"C,D",206070.536,XCEL ENERGY INC,1.0,206070.536
1001448,Mandalay Generating Station,CA,OXNARD,Ventura,34.2072,-119.2511,"C,D",,Mandalay Generating Station (NO_PARENT_RECORD),1.0,
1000987,Manitowoc,WI,MANITOWOC,Manitowoc,44.082,-87.6558,"C,D",76259.946,MANITOWOC PUBLIC UTILITIES (INC),1.0,76259.946
1000437,Mankato Energy Center,MN,MANKATO,Blue Earth,44.1965,-94.0099,"C,D",1075184.914,SOUTHWEST GENERATION OPERATING CO LLC,1.0,1075184.914
1000269,Marcus Hook Energy Center - MH750,PA,Marcus Hook,Delaware,39.8083,-75.4225,D,2235379.164,JERA ENERGY AMERICA LLC,0.5,1117689.582
1000269,Marcus Hook Energy Center - MH750,PA,Marcus Hook,Delaware,39.8083,-75.4225,D,2235379.164,Lotus Infrastructure Partners,0.5,1117689.582
1001530,Marion,IL,MARION,Williamson,37.6206,-88.955,D,1047163.912,SOUTHERN ILLINOIS POWER COOPERATIVE,1.0,1047163.912
1000051,"Mariposa Energy, LLC",CA,Byron,ALAMEDA COUNTY,37.7965,-121.6049,D,47679.024,MITSUBISHI CORP (AMERICAS),1.0,47679.024
1014659,"Mark One Generating, LLC",TX,Angleton,,29.2299144939641,-95.4310134145036,D,60442.776,"WattBridge Texas, LLC",1.0,60442.776
1011303,Marsh Landing Generating Station,CA,Antioch,CONTRA COSTA COUNTY,38.01231,-121.76463,"C,D",118920.66,CLEARWAY ENERGY INC,1.0,118920.66
1001160,Marsh Run Generation Facility,VA,Remington,Fauquier,38.5283,-77.7681,"C,D",130864.606,OLD DOMINION ELECTRIC COOPERATIVE,1.0,130864.606
1001377,Marshall,KY,CALVERT CITY,Marshall,37.0286,-88.3958,D,92773.544,US GOVERNMENT,1.0,92773.544
1000834,Marshall,NC,TERRELL,Catawba,35.5975,-80.9658,"C,D",5154520.468,DUKE ENERGY CORP,1.0,5154520.468
1006563,Marshfield Utilities,WI,Marshfield,Wood,44.635,-90.135,D,,Marshfield Utilities (NO_PARENT_RECORD),1.0,
1001013,Martin,FL,INDIANTOWN,Martin,27.0536,-80.5628,"C,D",3286219.308,NEXTERA ENERGY INC,1.0,3286219.308
1001465,Martin Drake,CO,COLORADO SPRINGS,El Paso,38.8244,-104.8331,"C,D",82062.448,COLORADO SPRINGS UTILITIES,1.0,82062.448
1007504,Martin Lake,TX,Tatum,Rusk,32.2597,-94.5703,"C,D",12787948.834,Vistra Corp,1.0,12787948.834
1000892,Martins Creek,PA,BANGOR,Northampton,40.796,-75.107,"C,D",384285.84,TALEN ENERGY CORP,1.0,384285.84
1001280,Massena Energy Facility,NY,MASSENA,St. Lawrence,44.9503,-74.8928,"C,D",10467.212,ALLIANCE ENERGY GROUP LLC,1.0,10467.212
1001049,Mayo Electric Generating Plant,NC,ROXBORO,Person,36.5278,-78.8917,D,1369520.38,DUKE ENERGY CORP,1.0,1369520.38
1001177,McCartney Generating Station,MO,STRAFFORD,Greene,37.2479,-93.1709,D,57799.788,CITY UTILITIES OF SPRINGFIELD MISSOURI,1.0,57799.788
1007445,McClain Energy Facility,OK,NEWCASTLE,Mcclain,35.2979,-97.5896,"C,D",962285.784,OKLAHOMA MUNICIPAL POWER AUTHORITY,0.23,221325.73032
1007445,McClain Energy Facility,OK,NEWCASTLE,Mcclain,35.2979,-97.5896,"C,D",962285.784,OGE ENERGY CORP,0.77,740960.05368
1006593,McClellan,AR,CAMDEN,Ouachita,33.5648,-92.7917,"C,D",27346.586,ARKANSAS ELECTRIC COOPERATIVE CORP,1.0,27346.586
1000519,McGrath Generating Station,CA,Oxnard,Ventura,34.2054,-119.2478,D,,McGrath Generating Station (NO_PARENT_RECORD),1.0,
1001031,McIntosh (6124),GA,RINCON,Effingham,32.3558,-81.1683,"C,D",19304.452,THE SOUTHERN CO,1.0,19304.452
1006426,McIntosh (7063),AL,MCINTOSH,Washington,31.2546,-88.0299,"C,D",463329.03,POWERSOUTH ENERGY COOPERATIVE,1.0,463329.03
1000460,McIntosh Combined Cycle Facility,GA,RINCON,Effingham,32.3478,-81.1828,"C,D",3478991.696,THE SOUTHERN CO,1.0,3478991.696
1001480,McKee Run,DE,DOVER,Kent,39.1748,-75.5455,"C,D",,McKee Run (NO_PARENT_RECORD),1.0,
1001762,McKinley Paper WI Company,WI,COMBINED LOCKS,OUTAGAMIE COUNTY,44.27033,-88.30358,"C,D,TT",287870.944,APPLETON PROPERTY VENTURES LLC,1.0,287870.944
1001509,McManus,GA,BRUNSWICK,Glynn,31.2125,-81.5458,"C,D",,McManus (NO_PARENT_RECORD),1.0,
1000909,McMeekin,SC,COLUMBIA,Lexington,34.0533,-81.2178,"C,D",365876.44,DOMINION ENERGY INC,1.0,365876.44
1001126,McPherson Municipal Power Plant #3,KS,MCPHERSON,Mcpherson,38.3864,-97.61,"C,D",11169.254,MCPHERSON BOARD OF PUBLIC UTILITIES,1.0,11169.254
1006443,McWilliams,AL,GANTT,Covington,31.4001,-86.4767,"C,D",1478561.064,POWERSOUTH ENERGY COOPERATIVE,1.0,1478561.064
1000257,Mecklenburg Power Station,VA,CLARKSVILLE,Mecklenburg,36.6009,-78.53,D,,Mecklenburg Power Station (NO_PARENT_RECORD),1.0,
1000655,Medway Station,MA,MEDWAY,Norfolk,42.1364,-71.4478,"C,D",96770.414,CONSTELLATION ENERGY CORP,1.0,96770.414
1000707,Meramec,MO,ST LOUIS,Saint Louis,38.4017,-90.3358,"C,D",0.0,AMEREN CORP,1.0,0.0
1000748,Mercer Generating Station,NJ,HAMILTON,Mercer,40.1797,-74.7325,"C,D",,Mercer Generating Station (NO_PARENT_RECORD),1.0,
1001517,Meredosia,IL,MEREDOSIA,Morgan,39.8194,-90.5647,"C,D",,Meredosia (NO_PARENT_RECORD),1.0,
1006549,Merom,IN,SULLIVAN,Sullivan,39.0694,-87.5108,"C,D",4641575.754,HALLADOR ENERGY CO,1.0,4641575.754
1000729,Merrimack,NH,BOW,Merrimack,43.1411,-71.4692,"C,D",171786.46,GRANITE SHORE POWER LLC,1.0,171786.46
1000052,Mesquite Generating Station,AZ,ARLINGTON,Maricopa,33.3451,-112.8638,D,3009090.348,SALT RIVER PROJECT AGRICULTURAL IMPROVEMENT & POWER DISTRICT,0.5,1504545.174
1000052,Mesquite Generating Station,AZ,ARLINGTON,Maricopa,33.3451,-112.8638,D,3009090.348,ONWARD ENERGY LLC,0.5,1504545.174
1000806,Metcalf Energy Center,CA,Coyote,Santa Clara,37.2169,-121.7439,D,930078.052,CPN MANAGEMENT LP,1.0,930078.052
1000841,Miami Fort Generating Station,OH,NORTH BEND,Hamilton,39.1131,-84.8031,"C,D",2862551.808,Vistra Corp,1.0,2862551.808
1001539,Michigan City Generating Station,IN,MICHIGAN CITY,LaPorte,41.7203,-86.9097,"C,D",1477536.1,NISOURCE INC,1.0,1477536.1
1000993,Michigan Hub Generating Station,MI,LITCHFIELD,Hillsdale,42.0317,-84.755,"C,D",,Michigan Hub Generating Station (NO_PARENT_RECORD),1.0,
1007825,Michigan Power Limited Partnership,MI,LUDINGTON,Mason,43.94,-86.4247,"C,D",535226.644,OSAKA GAS ENERGY AMERICA CORP,1.0,535226.644
1001608,Michoud,LA,NEW ORLEANS,Orleans,30.0081,-89.9372,"C,D",,Michoud (NO_PARENT_RECORD),1.0,
1001184,Mickleton Energy Center,NJ,MICKLETON,Gloucester,39.8139,-75.2508,"C,D",,Mickleton Energy Center (NO_PARENT_RECORD),1.0,
1005799,Mid-Georgia Cogeneration,GA,KATHLEEN,Houston,32.4853,-83.6036,"C,D",84063.184,SEPG MGA LLC,1.0,84063.184
1000735,Middle Energy Center,NJ,RIO GRANDE,Cape May,39.0267,-74.8769,"C,D",,Middle Energy Center (NO_PARENT_RECORD),1.0,
1006408,Middletown,CT,MIDDLETOWN,Middlesex,41.5544,-72.5793,"C,D",132892.286,ARCLIGHT ENERGY PARTNERS FUND VII LP,1.0,132892.286
1013248,Middletown Energy Center,OH,Middletown,BUTLER COUNTY,39.464805,-84.347833,"C,D",1231069.488,OHIO POWER PARTNERS LLC,1.0,1231069.488
1001309,Midlothian Energy,TX,MIDLOTHIAN,Ellis,32.4302,-97.0537,D,2196477.86,Vistra Corp,1.0,2196477.86
1000110,Midulla Generating Station,FL,BOWLING GREEN,Hardee,27.6417,-81.9625,"C,D",1069611.784,SEMINOLE ELECTRIC COOPERATIVE INC,1.0,1069611.784
1000545,"Midway Peaking, LLC",CA,FIREBAUGH,Fresno,36.654,-120.5797,D,12278.504,MIDDLE RIVER POWER LLC,1.0,12278.504
1007307,Milford Power Company LLC,CT,MILFORD,New Haven,41.2239,-73.1,"C,D",1425972.916,Vistra Corp,1.0,1425972.916
1006775,"Milford Power, LLC",MA,MILFORD,Worcester,42.1292,-71.5122,"C,D",97706.688,JERA ENERGY AMERICA LLC,0.5,48853.344
1006775,"Milford Power, LLC",MA,MILFORD,Worcester,42.1292,-71.5122,"C,D",97706.688,Lotus Infrastructure Partners,0.5,48853.344
1006510,Mill Creek,KY,Louisville,JEFFERSON COUNTY,38.0531,-85.91,"C,D",7214107.236,PPL CORP,1.0,7214107.236
1000163,Mill Creek Combustion Turbine Sta,SC,BLACKSBURG,Cherokee,35.1597,-81.4306,D,29422.172,DUKE ENERGY CORP,1.0,29422.172
1001307,Millennium Power,MA,CHARLTON,Worcester,42.1127,-72.0152,"C,D",243807.696,MILLENNIUM POWER CO LLC,1.0,243807.696
1007301,Milton L Kapp,IA,CLINTON,Clinton,41.8081,-90.2345,"C,D",,Milton L Kapp (NO_PARENT_RECORD),1.0,
1000837,Milton R Young,ND,CENTER,Oliver,47.0664,-101.2139,"C,D",4993025.17,MINNKOTA POWER COOPERATIVE INC,1.0,4993025.17
1001166,Minnesota River Station,MN,CHASKA,Carver,44.795,-93.5808,D,,Minnesota River Station (NO_PARENT_RECORD),1.0,
1001435,Mint Farm Generation Station,WA,Longview,COWLITZ COUNTY,46.1403,-122.9842,D,798750.44,PUGET HOLDINGS LLC,1.0,798750.44
1000516,Mira Loma Generating Station,CA,Ontario,San Bernardino,34.0054,-117.5604,D,,Mira Loma Generating Station (NO_PARENT_RECORD),1.0,
1000447,Miramar Energy Facility,CA,SAN DIEGO,San Diego,32.8769,-117.1664,D,12790.852,SEMPRA ENERGY INC,1.0,12790.852
1001510,Mitchell (GA),GA,ALBANY,Dougherty,31.4444,-84.1322,"C,D",,Mitchell (GA) (NO_PARENT_RECORD),1.0,
1000976,Mitchell (WV),WV,CAPTINA,Marshall,39.8297,-80.8153,"C,D",3581212.336,AMERICAN ELECTRIC POWER CO INC,1.0,3581212.336
1007842,Mitchell Power Station,PA,COURTNEY,Washington,40.2207,-79.9682,"C,D",,Mitchell Power Station (NO_PARENT_RECORD),1.0,
1000676,Monroe,MI,MONROE,Monroe,41.8917,-83.3461,"C,D",11413347.438,DTE ENERGY CO,1.0,11413347.438
1001613,Monroe,LA,MONROE,Ouachita,32.5278,-92.1278,"C,D",,Monroe (NO_PARENT_RECORD),1.0,
1012008,Montana Power Station,TX,El Paso,EL PASO COUNTY,31.823889,-106.211944,D,609574.84,EL PASO ELECTRIC CO,1.0,609574.84
1013863,Montgomery County Power Station,TX,Willis,MONTGOMERY COUNTY,30.4364,-95.5215,D,2333472.152,ENTERGY CORP,1.0,2333472.152
1001034,Monticello,TX,MOUNT PLEASANT,Titus,33.0917,-95.0417,"C,D",,Monticello (NO_PARENT_RECORD),1.0,
1000893,"Montour, LLC",PA,Danville,Montour,41.0714,-76.6672,"C,D",492022.362,TALEN ENERGY CORP,1.0,492022.362
1001374,Montpelier Electric Gen Station,IN,PONETO,Wells,40.6206,-85.3057,D,91670.26,ROCKLAND POWER PARTNERS II LP,1.0,91670.26
1006897,Montrose Generating Station,MO,CLINTON,Henry,38.3108,-93.9331,"C,D",,Montrose Generating Station (NO_PARENT_RECORD),1.0,
1001469,Montville,CT,UNCASVILLE,New London,41.4281,-72.1019,"C,D",38782.476,ARCLIGHT ENERGY PARTNERS FUND VII LP,1.0,38782.476
1000938,Moore County Station,TX,SUNRAY,Moore,35.9667,-101.865,D,,Moore County Station (NO_PARENT_RECORD),1.0,
1000866,Mooreland,OK,MOORELAND,Woodward,36.4375,-99.2208,"C,D",60798.276,WESTERN FARMERS ELECTRIC COOPERATIVE,1.0,60798.276
1005917,Morgan City Electrical Gen Facility,LA,MORGAN CITY,St. Mary,29.6916,-91.1887,"C,D",,Morgan City Electrical Gen Facility (NO_PARENT_RECORD),1.0,
1006706,Morgan Energy Center,AL,DECATUR,Morgan,34.6397,-87.0639,D,2220488.172,CPN MANAGEMENT LP,1.0,2220488.172
1000651,Morgantown,MD,NEWBURG,Charles,38.3592,-76.9767,"C,D",470.792,GENON ENERGY INC,1.0,470.792
1001439,"Morro Bay Power Plant, LLC",CA,MORRO BAY,San Luis Obispo,35.3747,-120.8578,"C,D",,"Morro Bay Power Plant, LLC (NO_PARENT_RECORD)",1.0,
1000703,Moselle Generating Plant,MS,MOSELLE,Jones,31.5289,-89.2992,D,1027892.588,COOPERATIVE ENERGY A MISSISSIPPI ELECTRIC COOPERATIVE,1.0,1027892.588
1001440,Moss Landing,CA,MOSS LANDING,Monterey,36.8042,-121.7775,"C,D",2027036.376,Vistra Corp,1.0,2027036.376
1000977,Mount Storm Power Station,WV,MOUNT STORM,Grant,39.2014,-79.2667,"C,D",3562292.238,DOMINION ENERGY INC,1.0,3562292.238
1000659,Mount Tom,MA,HOLYOKE,Hampden,42.2814,-72.6053,"C,D",,Mount Tom (NO_PARENT_RECORD),1.0,
1000926,Mountain Creek Generating Station,TX,DALLAS,Dallas,32.7253,-96.9361,"C,D",403036.304,TEXGEN POWER LLC,1.0,403036.304
1001052,Mountaineer (1301),WV,NEW HAVEN,Mason,38.9794,-81.9344,"C,D",4870114.652,AMERICAN ELECTRIC POWER CO INC,1.0,4870114.652
1001451,Mountainview Generating Station,CA,REDLANDS,San Bernardino,34.0836,-117.2408,"C,D",1056295.236,EDISON INTERNATIONAL,1.0,1056295.236
1013374,Moxie Freedom,PA,Berwick,LUZERNE COUNTY,41.111627,-76.158964,"C,D",2530181.272,MOXIE FREEDOM LLC,1.0,2530181.272
1001210,Mt. Carmel Cogeneration,PA,MARION HEIGHTS,Northumberland,40.8092,-76.4539,"C,D",250388.4,MT CARMEL COGEN INC,1.0,250388.4
1001275,Mulberry Cogeneration Facility,FL,BARTOW,Polk,27.8489,-81.8775,"C,D",188772.9,NORTHERN STAR GENERATION LLC,1.0,188772.9
1000585,Murray Gill Energy Center,KS,Wichita,SEDGWICK COUNTY,37.5956,-97.4131,"C,D",,Murray Gill Energy Center (NO_PARENT_RECORD),1.0,
1001564,Muscatine,IA,MUSCATINE,Muscatine,41.3917,-91.0569,"C,D,DD",679622.066,MUSCATINE POWER & WATER (INC),1.0,679622.066
1000852,Muskingum River,OH,Waterford,Morgan,39.5908,-81.6797,"C,D",,Muskingum River (NO_PARENT_RECORD),1.0,
1000860,Muskogee,OK,FORT GIBSON,Muskogee,35.7617,-95.2847,"C,D",1526874.668,OGE ENERGY CORP,1.0,1526874.668
1006566,Mustang,OK,OKLAHOMA CITY,Canadian,35.4711,-97.6733,"C,D",302756.628,OGE ENERGY CORP,1.0,302756.628
1001305,Mustang Station,TX,DENVER CITY,Yoakum,32.9728,-102.7417,"C,D",891156.92,GOLDEN SPREAD ELECTRIC COOPERATIVE INC,1.0,891156.92
1000470,"Mustang Station Units 4, 5 & 6",TX,DENVER CITY,Yoakum,32.9748,-102.7432,"C,D",510801.46,GOLDEN SPREAD ELECTRIC COOPERATIVE INC,1.0,510801.46
1000653,Mystic,MA,CHARLESTOWN,Middlesex,42.3917,-71.0667,"C,D",528357.044,CONSTELLATION ENERGY CORP,1.0,528357.044
1000459,NCEMC Anson Plant,NC,LILESVILLE,Anson,34.9708,-79.9208,"C,D",52913.716,NORTH CAROLINA ELECTRIC MEMBERSHIP CORP,1.0,52913.716
1000462,NCEMC Hamlet Plant,NC,HAMLET,Richmond,34.8422,-79.7367,"C,D",43516.374,NORTH CAROLINA ELECTRIC MEMBERSHIP CORP,1.0,43516.374
1013171,NET Power La Porte Station,TX,La Porte,HARRIS COUNTY,29.65145,-95.05874,D,0.0,NET POWER LLC,1.0,0.0
1007749,NPCA COMBUSTION TURBINE PROJECT #2,CA,LODI,SAN JOAQUIN COUNTY,38.088,-121.3871,D,3103.988,NORTHERN CALIFORNIA POWER AGENCY,1.0,3103.988
1000779,NRG Dunkirk Power,NY,DUNKIRK,Chautauqua,42.49,-79.35,"C,D",,NRG Dunkirk Power (NO_PARENT_RECORD),1.0,
1000172,Nacogdoches Power LLC,TX,Cushing,Nacogdoches,31.8326,-94.9006,D,,Nacogdoches Power LLC (NO_PARENT_RECORD),1.0,
1000763,Narrows Generating Station,NY,BROOKLYN,Kings,40.6486,-74.0209,"C,D",25617.156,ARCLIGHT ENERGY PARTNERS FUND VI LP,1.0,25617.156
1001260,Nassau Energy LLC,NY,GARDEN CITY,Nassau,40.7259,-73.5885,"C,D",,Nassau Energy LLC (NO_PARENT_RECORD),1.0,
1000701,Natchez,MS,NATCHEZ,Adams,31.5987,-91.3464,D,,Natchez (NO_PARENT_RECORD),1.0,
1000991,Naughton,WY,KEMMERER,Lincoln,41.7572,-110.5986,D,2649771.21,BERKSHIRE HATHAWAY INC,1.0,2649771.21
1000999,Navajo Generating Station,AZ,PAGE,Coconino,36.9047,-111.3886,"C,D",,Navajo Generating Station (NO_PARENT_RECORD),1.0,
1007019,Nearman Creek,KS,KANSAS CITY,Wyandotte,39.1714,-94.6958,"C,D",901802.094,UNIFIED GOVERNMENT OF WYANDOTTE COUNTY KANSAS,1.0,901802.094
1000444,Nebo Power Station,UT,PAYSON,Utah,40.0614,-111.7294,D,344441.724,UAMPS,1.0,344441.724
1001026,Nebraska City Station,NE,NEBRASKA CITY,Otoe,40.6215,-95.7765,"C,D",5925042.602,OMAHA PUBLIC POWER DISTRICT,1.0,5925042.602
1001332,Neenah Energy Facility,WI,NEENAH,Winnebago,44.1934,-88.5055,"C,D",368504.724,ALLIANT ENERGY CORP,1.0,368504.724
1001125,Neil Simpson II,WY,GILLETTE,Campbell,44.2853,-105.3841,"C,D",835893.12,BLACK HILLS CORP,1.0,835893.12
1000827,Neil Simpson II (CT2),WY,GILLETTE,Campbell,44.2853,-105.3841,"C,D",11753.956,BLACK HILLS CORP,1.0,11753.956
1000984,Nelson Dewey,WI,CASSVILLE,Grant,42.7225,-91.0085,D,,Nelson Dewey (NO_PARENT_RECORD),1.0,
1001353,Nelson Energy Center,IL,Rock Falls,Lee,41.7749,-89.6067,"C,D",1116337.664,INVENERGY LLC,1.0,1116337.664
1000884,New Castle,PA,WEST PITTSBURG,Lawrence,40.9378,-80.3681,"C,D",546395.224,"Reorganized Heritage TopCo, LLC",1.0,546395.224
1001234,New Gulf Power Facility,TX,BOLING,Wharton,29.2639,-95.8997,D,24906.308,ROCKLAND POWER PARTNERS III LP,1.0,24906.308
1005996,New Haven Harbor Station,CT,NEW HAVEN,New Haven,41.2836,-72.9042,"C,D",28840.559,ARCLIGHT ENERGY PARTNERS FUND VII LP,1.0,28840.559
1000715,New Madrid Power Plant,MO,NEW MADRID,New Madrid,36.5147,-89.5617,"C,D",4327992.374,ASSOCIATED ELECTRIC COOPERATIVE INC,1.0,4327992.374
1001239,Newark Bay Cogen,NJ,NEWARK,Essex,40.7197,-74.13,"C,D",,Newark Bay Cogen (NO_PARENT_RECORD),1.0,
1010973,"Newark Energy Center, LLC",NJ,Newark,ESSEX COUNTY,40.708795,-74.128275,D,1306853.088,NEWARK ENERGY CENTER LLC,1.0,1306853.088
1001181,Newington,NH,NEWINGTON,Rockingham,43.0974,-70.7834,"C,D",48367.93,GRANITE SHORE POWER LLC,1.0,48367.93
1000170,Newington Energy,NH,NEWINGTON,Rockingham,43.1047,-70.8044,"C,D",342951.424,ESSENTIAL POWER LLC,1.0,342951.424
1006966,Newman,TX,EL PASO,El Paso,31.9858,-106.4322,"C,D",1655901.112,EL PASO ELECTRIC CO,1.0,1655901.112
1001005,Newton,IL,NEWTON,Jasper,38.9361,-88.2778,D,3469289.726,Vistra Corp,1.0,3469289.726
1001235,"Niagara Generation, LLC",NY,NIAGARA FALLS,Niagara,43.0804,-79.0082,"C,D",,"Niagara Generation, LLC (NO_PARENT_RECORD)",1.0,
1000939,Nichols Station,TX,AMARILLO,Potter,35.2825,-101.7458,"C,D",740727.456,XCEL ENERGY INC,1.0,740727.456
1000541,Niland Gas Turbine Plant,CA,NILAND,Imperial,33.2432,-115.498,D,46279.328,IMPERIAL IRRIGATION DISTRICT,1.0,46279.328
1001606,Ninemile Point,LA,WESTWEGO,Jefferson,29.9472,-90.1458,"C,D",3712170.544,ENTERGY CORP,1.0,3712170.544
1001270,Nissequogue Cogen,NY,STONY BROOK,Suffolk,40.9168,-73.1292,D,169743.418,CPN MANAGEMENT LP,1.0,169743.418
1001542,Noblesville,IN,NOBLESVILLE,Hamilton,40.0969,-85.9714,"C,D",513412.848,DUKE ENERGY CORP,1.0,513412.848
1001141,Nodaway Power Plant,MO,CONCEPTION JUNCTION,Nodaway,40.2877,-94.7913,D,,Nodaway Power Plant (NO_PARENT_RECORD),1.0,
1000108,North 1st,NY,BROOKLYN,Kings,40.7168,-73.9665,"C,D",18741.4,NEW YORK POWER AUTHORITY,1.0,18741.4
1006069,North Omaha Station,NE,OMAHA,Douglas,41.3297,-95.9458,D,1588042.778,OMAHA PUBLIC POWER DISTRICT,1.0,1588042.778
1005625,North Texas,TX,WEATHERFORD,Parker,32.7783,-97.6956,D,,North Texas (NO_PARENT_RECORD),1.0,
1001197,North Valmy,NV,VALMY,Humboldt,40.8831,-117.1542,"C,D",1234359.962,IDACORP INC,0.5,617179.981
1001197,North Valmy,NV,VALMY,Humboldt,40.8831,-117.1542,"C,D",1234359.962,BERKSHIRE HATHAWAY INC,0.5,617179.981
1006645,Northampton Generating Plant,PA,NORTHAMPTON,Northampton,40.6917,-75.4792,"C,D",606370.52,OLYMPUS HOLDINGS LLC,1.0,606370.52
1000862,Northeastern,OK,Oologah,Rogers,36.4317,-95.7008,"C,D",3140720.386,AMERICAN ELECTRIC POWER CO INC,1.0,3140720.386
1001233,Northeastern Power Company,PA,MCADOO,Schuylkill,40.8737,-75.9936,"C,D",,Northeastern Power Company (NO_PARENT_RECORD),1.0,
1000771,Northport,NY,NORTHPORT,Suffolk,40.9231,-73.3417,"C,D",1434384.246,NATIONAL GRID USA,1.0,1434384.246
1001498,Northside,FL,JACKSONVILLE,Duval,30.4172,-81.5525,"C,D",2848147.212,JACKSONVILLE ELECTRIC AUTHORITY,1.0,2848147.212
1001470,Norwalk Harbor Station,CT,SOUTH NORWALK,Fairfield,41.0732,-73.4098,"C,D",,Norwalk Harbor Station (NO_PARENT_RECORD),1.0,
1007676,Nucla,CO,NUCLA,Montrose,38.2387,-108.5083,"C,D",,Nucla (NO_PARENT_RECORD),1.0,
1000922,Nueces Bay,TX,CORPUS CHRISTI,Nueces,27.8182,-97.4189,"C,D",447760.64,TALEN ENERGY CORP,1.0,447760.64
1000848,O H Hutchings,OH,MIAMISBURG,Montgomery,39.6094,-84.2931,"C,D",,O H Hutchings (NO_PARENT_RECORD),1.0,
1000570,O W Sommers,TX,SAN ANTONIO,Bexar,29.3078,-98.3244,"C,D",1128186.6066325775,CPS ENERGY,1.0,1128186.6066325775
1001709,OCCIDENTAL CHEMICAL CORPORATION - Taft Facility,LA,HAHNVILLE,ST. CHARLES PARISH,29.9861,-90.4575,"C,D",2557973.872,OCCIDENTAL PETROLEUM CORP,1.0,2557973.872
1000209,OMEGA JV2 Bowling Green,OH,Bowling Green,Wood,41.3883,-83.6406,D,,OMEGA JV2 Bowling Green (NO_PARENT_RECORD),1.0,
1006507,OMEGA JV2 Hamilton,OH,Hamilton,Butler,39.3528,-84.5183,D,,OMEGA JV2 Hamilton (NO_PARENT_RECORD),1.0,
1007505,Oak Grove,TX,FRANKLIN,Robertson,31.185,-96.4853,"C,D",12278593.594,Vistra Corp,1.0,12278593.594
1000373,"Ocean Peaking Power, LP",NJ,LAKEWOOD,Ocean,40.0606,-74.1672,"C,D",132308.36,NAUTILUS POWER LLC,1.0,132308.36
1001258,Ocean State Power,RI,HARRISVILLE,Providence,42.0099,-71.6701,D,583169.013,"LS Power Development, LLC",1.0,583169.013
1001271,Ocean State Power II,RI,HARRISVILLE,Providence,42.0099,-71.6701,D,489533.55,"LS Power Development, LLC",1.0,489533.55
1007299,Ocotillo Power Plant,AZ,TEMPE,Maricopa,33.4225,-111.9122,"C,D",327235.332,PINNACLE WEST CAPITAL CORP,1.0,327235.332
1001365,Odessa-Ector Generating Station,TX,ODESSA,Ector,31.8378,-102.3278,D,2587706.36,Vistra Corp,1.0,2587706.36
1000255,"Odyssey Energy Altura Cogen, LLC",TX,CHANNELVIEW,Harris,29.8169,-95.1086,D,2163677.836,ODYSSEY ENERGY ALTURA COGEN LLC,1.0,2163677.836
1013640,Okeechobee Clean Energy Center,FL,Okeechobee,OKEECHOBEE COUNTY,27.595884,-80.78722,D,3813083.944,NEXTERA ENERGY INC,1.0,3813083.944
1001426,Oklaunion Power Station,TX,OKLAUNION,Wilbarger,34.0825,-99.1753,D,,Oklaunion Power Station (NO_PARENT_RECORD),1.0,
1006808,Oleander Power Project,FL,COCOA,Brevard,28.3661,-80.7947,"C,D",217058.986,NEXTERA ENERGY INC,1.0,217058.986
1001003,Olive,CA,BURBANK,Los Angeles,34.1775,-118.3147,D,,Olive (NO_PARENT_RECORD),1.0,
1007570,Oneta Energy Center,OK,BROKEN ARROW,Wagoner,36.0119,-95.6967,"C,D",2279969.532,ARGO INFRASTRUCTURE PARTNERS LP,1.0,2279969.532
1001356,Ontelaunee Energy Center,PA,READING,Berks,40.4219,-75.9353,"C,D",1578806.3,Vistra Corp,1.0,1578806.3
1001272,Orange Cogeneration Facility,FL,BARTOW,Polk,27.8708,-81.8253,"C,D",186036.86,NORTHERN STAR GENERATION LLC,1.0,186036.86
1000548,Orange Grove Project,CA,Pala,San Diego,33.359,-117.111,D,10446.412,J POWER USA DEVELOPMENT CO LTD,1.0,10446.412
1012932,Oregon Clean Energy Center,OH,Oregon,LUCAS COUNTY,41.6669,-83.44879,"C,D",2368018.976,OREGON CLEAN ENERGY CENTER,0.5,1184009.488
1012932,Oregon Clean Energy Center,OH,Oregon,LUCAS COUNTY,41.6669,-83.44879,"C,D",2368018.976,OREGON CLEAN ENERGY CENTER,0.5,1184009.488
1001276,Orlando CoGen,FL,ORLANDO,Orange,28.4422,-81.4119,D,436566.732,NORTHERN STAR GENERATION LLC,0.5,218283.366
1001276,Orlando CoGen,FL,ORLANDO,Orange,28.4422,-81.4119,D,436566.732,ATLANTIC POWER CORP,0.5,218283.366
1001449,"Ormond Beach Power, LLC",CA,OXNARD,Ventura,34.1292,-119.1689,"C,D",169889.62,GENON HOLDINGS LLC,1.0,169889.62
1007436,Osawatomie Generating Station,KS,OSAWATOMIE,Miami,38.5325,-94.9042,D,26323.752,GREAT PLAINS ENERGY SERVICES INC,1.0,26323.752
1000115,Osceola,FL,SAINT CLOUD,Osceola,28.1289,-81.0978,"C,D",,Osceola (NO_PARENT_RECORD),1.0,
1000107,Osprey Energy Center,FL,AUBURNDALE,Polk,28.0525,-81.8083,D,847667.108,DUKE ENERGY CORP,1.0,847667.108
1001368,Oswald Generating Station,AR,Little Rock,Pulaski,34.5923,-92.2166,"C,D",390109.406,ARKANSAS ELECTRIC COOPERATIVE CORP,1.0,390109.406
1006915,Oswego Harbor Power,NY,OSWEGO,Oswego,43.46,-76.53,"C,D",64704.593,ARCLIGHT ENERGY PARTNERS FUND VII LP,1.0,64704.593
1000796,"Otay Mesa Energy Center, LLC",CA,SAN DIEGO,San Diego,32.5733,-116.9153,D,839096.04,CPN MANAGEMENT LP,1.0,839096.04
1001050,Ottumwa,IA,OTTUMWA,Wapello,41.0961,-92.5556,"C,D",3426759.316,ALLIANT ENERGY CORP,0.48,1644844.47168
1001050,Ottumwa,IA,OTTUMWA,Wapello,41.0961,-92.5556,"C,D",3426759.316,BERKSHIRE HATHAWAY INC,0.52,1781914.8443200001
1000826,Ouachita Plant,LA,STERLINGTON,Ouachita,32.7056,-92.0697,"C,D",1521068.412,ENTERGY CORP,1.0,1521068.412
1001489,P L Bartow Power Plant,FL,SAINT PETERSBURG,Pinellas,27.8613,-82.6012,"C,D",2699795.332,DUKE ENERGY CORP,1.0,2699795.332
1001236,PEI Power Corporation,PA,ARCHBALD,Lackawanna,41.4844,-75.5403,"C,D",65143.72,BP AMERICA INC,1.0,65143.72
1007173,PG&E COLUSA GENERATING STATION,CA,Maxwell,Colusa,39.3648,-122.268,"C,D",1165329.08,PACIFIC GAS & ELECTRIC CO,1.0,1165329.08
1007469,PG&E GATEWAY GENERATING STATION,CA,ANTIOCH,Contra Costa,38.0167,-121.7592,"C,D",1219864.08,PACIFIC GAS & ELECTRIC CO,1.0,1219864.08
1001887,PRAIRIE STATE GENERATING STATION,IL,MARISSA,WASHINGTON COUNTY,38.2792,-89.667,"C,D,FF",11456294.642,PRAIRIE STATE ENERGY CAMPUS MANAGEMENT CO,1.0,11456294.642
1000001,PSE Ferndale Generating Station,WA,FERNDALE,WHATCOM COUNTY,48.828707,-122.685533,D,715257.16,PUGET HOLDINGS LLC,1.0,715257.16
1004367,PUGET SOUND ENERGY - SUMAS,WA,SUMAS,WHATCOM COUNTY,48.9905,-122.2733,D,389614.156,PUGET HOLDINGS LLC,1.0,389614.156
1001585,Paddys Run,KY,Louisville,JEFFERSON COUNTY,38.2147,-85.8453,"C,D",15912.892,PPL CORP,1.0,15912.892
1000502,Paducah Power Systems Plant 1,KY,PADUCAH,Mccracken,37.0339,-88.6161,D,,Paducah Power Systems Plant 1 (NO_PARENT_RECORD),1.0,
1000410,Palomar Energy Center,CA,ESCONDIDO,San Diego,33.1192,-117.118,D,488005.692,SEMPRA ENERGY INC,1.0,488005.692
1000546,Panoche Energy Center,CA,FIREBAUGH,Fresno,36.6513,-120.5833,D,325467.476,EIF PANOCHE LLC,1.0,325467.476
1005830,Paradise,KY,DRAKESBORO,Muhlenberg,37.2608,-86.9783,"C,D",2534933.527,US GOVERNMENT,1.0,2534933.527
1001108,Paris,WI,UNION GROVE,Kenosha,42.6658,-88.0131,"C,D",118092.314,WEC Energy Group Inc,1.0,118092.314
1000472,Paris Energy Center,TX,PARIS,Lamar,33.6968,-95.5577,D,388315.912,PARIS GENERATION LP,1.0,388315.912
1001300,Pasadena Power Plant,TX,PASADENA,Harris,29.7233,-95.1769,"C,D",1900338.804,CPN MANAGEMENT LP,1.0,1900338.804
1000133,Pastoria Energy Facility,CA,LEBEC,Kern,34.9556,-118.844,D,1800309.128,CPN MANAGEMENT LP,1.0,1800309.128
1001048,Pawnee,CO,Brush,Morgan,40.2217,-103.6803,"C,D",3099895.384,XCEL ENERGY INC,1.0,3099895.384
1001266,"Pawtucket Power Associates, LP",RI,PAWTUCKET,Providence,41.861,-71.407,"C,D",,"Pawtucket Power Associates, LP (NO_PARENT_RECORD)",1.0,
1001202,Pedricktown Cogeneration Plant,NJ,PEDRICKTOWN,Salem,39.7661,-75.4242,"C,D",,Pedricktown Cogeneration Plant (NO_PARENT_RECORD),1.0,
1001567,Pella,IA,PELLA,Marion,41.3981,-92.9144,"C,D",,Pella (NO_PARENT_RECORD),1.0,
1000151,Peno Creek Energy Center,MO,BOWLING GREEN,Pike,39.3531,-91.2295,D,85126.824,AMEREN CORP,1.0,85126.824
1000644,Perryman,MD,PERRYMAN,Harford,39.4422,-76.2208,D,152742.892,CONSTELLATION ENERGY CORP,1.0,152742.892
1007305,Perryville Power Station,LA,STERLINGTON,Ouachita,32.6914,-92.0192,"C,D",1572284.272,ENTERGY CORP,1.0,1572284.272
1001536,Petersburg,IN,PETERSBURG,Pike,38.5267,-87.2525,D,4879128.602,AES CORP,1.0,4879128.602
1000969,Phil Sporn,WV,New Haven,Mason,38.9669,-81.9231,"C,D",,Phil Sporn (NO_PARENT_RECORD),1.0,
1000846,Picway,OH,LOCKBOURNE,Pickaway,39.7933,-83.0097,D,,Picway (NO_PARENT_RECORD),1.0,
1001362,Pinckneyville Power Plant,IL,PINCKNEYVILLE,Perry,38.1114,-89.3467,"C,D",25883.256,AMEREN CORP,1.0,25883.256
1007025,Pine Bluff Energy Center,AR,PINE BLUFF,Jefferson,34.2181,-91.9025,"C,D",676304.692,CPN MANAGEMENT LP,1.0,676304.692
1000456,Pinelawn Power,NY,WEST BABYLON,Suffolk,40.7358,-73.3881,D,35876.668,J POWER USA DEVELOPMENT CO LTD,1.0,35876.668
1007908,Piney Creek Power Plant,PA,CLARION,Clarion,41.1776,-79.4418,D,,Piney Creek Power Plant (NO_PARENT_RECORD),1.0,
1012414,Pio Pico Energy Center,CA,San Diego,SAN DIEGO COUNTY,32.574756,-116.917302,D,52925.804,IIF US HOLDING LP,1.0,52925.804
1011315,Pioneer Generating Station,ND,Williston,WILLIAMS COUNTY,48.233527,-103.950951,"C,D",260040.084,BASIN ELECTRIC POWER COOPERATIVE,1.0,260040.084
1001441,Pittsburg Generating Station (CA),CA,PITTSBURG,Contra Costa,38.0392,-121.894,"C,D",,Pittsburg Generating Station (CA) (NO_PARENT_RECORD),1.0,
1005731,Pittsfield Generating,MA,PITTSFIELD,Berkshire,42.4564,-73.2181,"C,D",10630.904,PITTSFIELD GENERATING CO LP,1.0,10630.904
1001163,Plant H. Allen Franklin,AL,SMITHS,Lee,32.6094,-85.0961,"C,D",5078422.232,THE SOUTHERN CO,1.0,5078422.232
1001153,Plant Rowan County,NC,SALISBURY,Rowan,35.7325,-80.6019,"C,D",1676212.584,THE SOUTHERN CO,1.0,1676212.584
1006577,Plant X,TX,EARTH,Lamb,34.1661,-102.4114,"C,D",387462.212,XCEL ENERGY INC,1.0,387462.212
1000816,Plaquemine Cogen Facility,LA,PLAQUEMINE,Iberville,30.3215,-91.2392,D,2717564.99,DOW INC,1.0,2717564.99
1007597,Platte,NE,Grand Island,Hall,40.8538,-98.3481,"C,D",444107.698,GRAND ISLAND UTILITIES DEPARTMENT,1.0,444107.698
1001079,Pleasant Hill Energy Center,IA,PLEASANT HILL,Polk,41.5572,-93.5242,"C,D",13373.748,BERKSHIRE HATHAWAY INC,1.0,13373.748
1006632,Pleasant Prairie,WI,PLEASANT PRAIRIE,Kenosha,42.5381,-87.9033,"C,D",,Pleasant Prairie (NO_PARENT_RECORD),1.0,
1001165,Pleasant Valley Station,MN,DEXTER,Mower,43.7997,-92.6819,"C,D",68984.144,GREAT RIVER ENERGY,1.0,68984.144
1006933,"Pleasants Energy, LLC",WV,SAINT MARYS,Pleasants,39.3328,-81.3639,"C,D",1241583.138,Vistra Corp,1.0,1241583.138
1001001,Pleasants Power Station,WV,WILLOW ISLAND,Pleasants,39.3668,-81.2944,"C,D",4583459.554,"Omnis Pleasants, LLC",1.0,4583459.554
1000539,Plum Point Energy Station,AR,OSCEOLA,Mississippi,35.6626,-89.9469,"C,D",3376312.124,MISSOURI JOINT MUNICIPAL ELECTRIC UTILITY COMMISSION,0.2211,746502.6106163999
1000539,Plum Point Energy Station,AR,OSCEOLA,Mississippi,35.6626,-89.9469,"C,D",3376312.124,MUNICIPAL ENERGY AGENCY OF MISSISSIPPI,0.06,202578.72744
1000539,Plum Point Energy Station,AR,OSCEOLA,Mississippi,35.6626,-89.9469,"C,D",3376312.124,LIBERTY UTILITIES CO,0.07519999999999999,253898.67172479996
1000539,Plum Point Energy Station,AR,OSCEOLA,Mississippi,35.6626,-89.9469,"C,D",3376312.124,PLUM POINT ENERGY ASSOCIATES LLC,0.5685,1919433.4424939998
1000539,Plum Point Energy Station,AR,OSCEOLA,Mississippi,35.6626,-89.9469,"C,D",3376312.124,EAST TEXAS ELECTRIC COOPERATIVE INC,0.07519999999999999,253898.67172479996
1000467,Poletti 500 MW CC,NY,ASTORIA,Queens,40.7881,-73.9056,D,1283579.12,NEW YORK POWER AUTHORITY,1.0,1283579.12
1001100,Polk,FL,MULBERRY,Polk,27.7286,-81.9897,D,2148858.324,TECO ENERGY INC,1.0,2148858.324
1001513,Ponca,OK,PONCA CITY,Kay,36.7205,-97.0868,"C,D",15761.792,OKLAHOMA MUNICIPAL POWER AUTHORITY,1.0,15761.792
1012911,"Port Comfort Power, LLC",TX,Point Comfort,CALHOUN COUNTY,28.646881,-96.545839,D,40896.848,PEAKER POWER LLC,1.0,40896.848
1001484,Port Everglades,FL,FORT LAUDERDALE,Broward,26.0856,-80.1253,D,2027489.322,NEXTERA ENERGY INC,1.0,2027489.322
1005784,Port Jefferson Energy Center,NY,PORT JEFFERSON,Suffolk,40.9503,-73.0786,"C,D",236516.784,NATIONAL GRID USA,1.0,236516.784
1006630,Port Washington Generating Station,WI,PORT WASHINGTON,Ozaukee,43.3842,-87.8689,"C,D",3154314.36,WEC Energy Group Inc,1.0,3154314.36
1000455,Port Westward,OR,CLATSKANIE,Columbia,46.1792,-123.1717,"C,D",1733773.092,PORTLAND GENERAL ELECTRIC CO,1.0,1733773.092
1000873,Portland,PA,PORTLAND,Northampton,40.91,-75.0789,"C,D",,Portland (NO_PARENT_RECORD),1.0,
1000966,Possum Point Power Station,VA,DUMFRIES,Prince William,38.5367,-77.2806,"C,D",742576.288,DOMINION ENERGY INC,1.0,742576.288
1012160,Potomac Energy Center,VA,Leesburg,LOUDOUN COUNTY,39.056099,-77.541791,"C,D",1655659.924,ARES CAPITAL CORP,1.0,1655659.924
1006920,Potomac River,VA,ALEXANDRIA,Alexandria (City),38.8203,-77.0411,D,,Potomac River (NO_PARENT_RECORD),1.0,
1007609,Potrero Generating Station,CA,SAN FRANCISCO,San Francisco,37.7558,-122.3869,"C,D",,Potrero Generating Station (NO_PARENT_RECORD),1.0,
1000665,Potter,MA,BRAINTREE,Norfolk,42.235,-70.9672,"C,D",18346.996,BRAINTREE ELECTRIC LIGHT DEPARTMENT,1.0,18346.996
1000113,Pouch Terminal,NY,STATEN ISLAND,Richmond,40.6188,-74.069,"C,D",24767.708,NEW YORK POWER AUTHORITY,1.0,24767.708
1000992,Power Lane Steam Plant,TX,GREENVILLE,Hunt,33.1707,-96.1264,"C,D",49395.18,GREENVILLE ELECTRIC UTILITY SYSTEM,1.0,49395.18
1001521,Powerton,IL,PEKIN,Tazewell,40.5408,-89.6786,"C,D",1701459.082,NRG ENERGY INC,1.0,1701459.082
1001548,Prairie Creek,IA,CEDAR RAPIDS,Linn,41.9439,-91.6386,"C,D",594742.156,ALLIANT ENERGY CORP,1.0,594742.156
1001281,"Pratt & Whitney, East Hartford",CT,EAST HARTFORD,Hartford,41.75,-72.6347,"C,D",93595.396,RTX CORP,1.0,93595.396
1000680,Presque Isle,MI,MARQUETTE,Marquette,46.5789,-87.395,"C,D",,Presque Isle (NO_PARENT_RECORD),1.0,
1001129,Procter & Gamble Power Plant,CA,SACRAMENTO,Sacramento,38.5306,-121.399,"C,D",316934.776,SACRAMENTO MUNICIPAL UTILITY DISTRICT FINANCING AUTHORITY,1.0,316934.776
1000558,Pueblo Airport Generating Station,CO,Pueblo,Pueblo,38.322,-104.533,D,727076.104,BLACK HILLS CORP,1.0,727076.104
1000790,Pulliam,WI,Green Bay,Brown,44.5397,-88.0083,"C,D",70913.188,WEC Energy Group Inc,1.0,70913.188
1007982,Putnam,FL,EAST PALATKA,Putnam,29.6283,-81.5856,"C,D",,Putnam (NO_PARENT_RECORD),1.0,
1000181,Pyramid Generating Station,NM,LORDSBURG,Hidalgo,32.2363,-108.5494,"C,D",157982.912,TRI-STATE GENERATION & TRANSMISSION ASSOC INC,1.0,157982.912
1000481,Quail Run Energy Center,TX,ODESSA,Ector,31.8414,-102.315,"C,D",1098872.376,STARWOOD CAPITAL GROUP LLC,1.0,1098872.376
1007248,Quantum Auburndale Power L.P.,FL,AUBURNDALE,Polk,28.0542,-81.8058,D,,Quantum Auburndale Power L.P. (NO_PARENT_RECORD),1.0,
1001274,Quantum Pasco Power,FL,DADE CITY,Pasco,28.3744,-82.1892,D,,Quantum Pasco Power (NO_PARENT_RECORD),1.0,
1007455,Quindaro,KS,KANSAS CITY,Wyandotte,39.1486,-94.6405,"C,D",8585.71,UNIFIED GOVERNMENT OF WYANDOTTE COUNTY KANSAS,1.0,8585.71
1007309,R D Green,KY,Sebree,Webster,37.6467,-87.5006,"C,D",107752.3,BIG RIVERS ELECTRIC CORP,1.0,107752.3
1000535,R D Morrow Senior Generating Plant,MS,PURVIS,Lamar,31.2194,-89.3933,D,1010250.356,COOPERATIVE ENERGY A MISSISSIPPI ELECTRIC COOPERATIVE,1.0,1010250.356
1001543,R Gallagher,IN,NEW ALBANY,Floyd,38.2636,-85.8381,D,,R Gallagher (NO_PARENT_RECORD),1.0,
1007772,R M Heskett,ND,MANDAN,Morton,46.8669,-100.8839,"C,D",21517.22,MDU RESOURCES GROUP INC,1.0,21517.22
1001023,R M Schahfer Generating Station,IN,WHEATFIELD,Jasper,41.2175,-87.0239,"C,D",1800166.386,NISOURCE INC,1.0,1800166.386
1001602,R S Nelson,LA,WESTLAKE,Calcasieu,30.2861,-93.2917,"C,D",1753603.738,EAST TEXAS ELECTRIC COOPERATIVE INC,0.040999999999999995,71897.75325799998
1001602,R S Nelson,LA,WESTLAKE,Calcasieu,30.2861,-93.2917,"C,D",1753603.738,SAM RAYBURN G&T ELECTRIC COOPERATIVE INC,0.045,78912.16820999999
1001602,R S Nelson,LA,WESTLAKE,Calcasieu,30.2861,-93.2917,"C,D",1753603.738,ENTERGY CORP,0.914,1602793.816532
1000959,R W Miller,TX,PALO PINTO,Palo Pinto,32.6581,-98.3103,D,315294.855,"LS Power Development, LLC",1.0,315294.855
1000648,R. Paul Smith Power Station,MD,WILLIAMSPORT,Washington,39.595,-77.8269,D,,R. Paul Smith Power Station (NO_PARENT_RECORD),1.0,
1000169,Raccoon Creek Power Plant,IL,FLORA,Clay,38.6996,-88.5392,"C,D",898.748,AMEREN CORP,1.0,898.748
1001124,Rathdrum Combustion Turbine Project,ID,RATHDRUM,Kootenai,47.8034,-116.869,"C,D",436176.584,AVISTA CORP,1.0,436176.584
1001352,"Rathdrum Power, LLC",ID,RATHDRUM,Kootenai,47.7861,-116.9214,"C,D",695632.172,POLARIS RATHDRUM LLC,1.0,695632.172
1001249,Rausch Creek Generation LLC,PA,TREMONT,Schuylkill,40.6191,-76.45,"C,D",352869.382,RAUSCH CREEK ELECTRIC POWER HOLDINGS LLC,1.0,352869.382
1000764,Ravenswood Generating Station,NY,LONG ISLAND CITY,Queens,40.7585,-73.9451,"C,D",1286200.612,LS POWER EQUITY PARTNERS LP,1.0,1286200.612
1001062,Rawhide Energy Station,CO,Wellington,Larimer,40.8611,-105.0206,"C,D",1451281.398,PLATTE RIVER POWER AUTHORITY,1.0,1451281.398
1001195,Ray D Nixon,CO,FOUNTAIN,El Paso,38.6306,-104.7056,"C,D",1069477.774,COLORADO SPRINGS UTILITIES,1.0,1069477.774
1007434,Ray Olinger,TX,NEVADA,Collin,33.0667,-96.4519,"C,D",75575.22,CITY OF GARLAND TEXAS,1.0,75575.22
1011453,Rayburn Energy Station,TX,Sherman,GRAYSON COUNTY,33.580992,-96.615264,"C,D",1242048.148,Rayburn Energy Station LLC,1.0,1242048.148
1000482,ReEnergy Black River LLC,NY,FORT DRUM,JEFFERSON COUNTY,44.0361,-75.7712,"C,D",13625.248,REENERGY BLACK RIVER LLC,1.0,13625.248
1006935,Red Hills Generation Facility,MS,Ackerman,Choctaw,33.3761,-89.2183,"C,D",3159040.484,THE SOUTHERN CO,1.0,3159040.484
1000095,Red Oak Power LLC,NJ,SAYREVILLE,Middlesex,40.4481,-74.3497,"C,D",1228375.468,RED OAK POWER LLC,1.0,1228375.468
1000824,Redbud Power Plant,OK,LUTHER,Oklahoma,35.6853,-97.2242,"C,D",2087378.012,OGE ENERGY CORP,0.51,1064562.78612
1000824,Redbud Power Plant,OK,LUTHER,Oklahoma,35.6853,-97.2242,"C,D",2087378.012,GRAND RIVER DAM AUTHORITY,0.36,751456.08432
1000824,Redbud Power Plant,OK,LUTHER,Oklahoma,35.6853,-97.2242,"C,D",2087378.012,OKLAHOMA MUNICIPAL POWER AUTHORITY,0.13,271359.14156
1000161,Redding Power Plant,CA,REDDING,Shasta,40.5083,-122.4253,"C,D",169403.772,CITY OF REDDING CALIFORNIA,1.0,169403.772
1000822,Redhawk Generating Facility,AZ,ARLINGTON,Maricopa,33.33,-112.84,D,1670568.808,PINNACLE WEST CAPITAL CORP,1.0,1670568.808
1007870,Reedy Creek Improvement District/Walt Disney World Resort,FL,LAKE BUENA VISTA,Orange,28.4272,-81.5803,"C,D,NN-LDC",109363.526,THE WALT DISNEY CO,0.99,108269.89074
1007870,Reedy Creek Improvement District/Walt Disney World Resort,FL,LAKE BUENA VISTA,Orange,28.4272,-81.5803,"C,D,NN-LDC",109363.526,REEDY CREEK IMPROVEMENT DISTRICT,0.01,1093.63526
1000754,Reeves Generating Station,NM,ALBUQUERQUE,Bernalillo,35.1716,-106.6019,D,289423.528,PNM RESOURCES INC,1.0,289423.528
1006882,Reid Gardner,NV,MOAPA,Clark,36.6531,-114.6364,D,,Reid Gardner (NO_PARENT_RECORD),1.0,
1001162,Remington Combustion Turbine Station,VA,REMINGTON,Fauquier,38.54591,-77.77227,"C,D",165780.572,DOMINION ENERGY INC,1.0,165780.572
1000809,Renaissance Power,MI,CARSON CITY,Montcalm,43.1864,-84.8429,"C,D",901578.56,DTE ENERGY CO,1.0,901578.56
1001264,Rensselaer Cogen,NY,RENSSELAER,Rensselaer,42.63,-73.75,"C,D",11902.256,RIVERVIEW INVESTMENT HOLDING LLC,1.0,11902.256
1001245,"Reworld Niagara I, LLC",NY,NIAGARA FALLS,Niagara,43.0839,-79.0056,"C,D",306203.532,COVANTA HOLDING CORP,1.0,306203.532
1000702,Rex Brown,MS,JACKSON,Hinds,32.3564,-90.2125,"C,D",,Rex Brown (NO_PARENT_RECORD),1.0,
1001315,Rhode Island State Energy Center,RI,JOHNSTON,Providence,41.8017,-71.5186,D,1361847.604,RHODE ISLAND STATE ENERGY CENTER LP,1.0,1361847.604
1001113,Richard M Flynn (Holtsville),NY,HOLTSVILLE,Suffolk,40.8153,-73.0644,D,188446.808,NEW YORK POWER AUTHORITY,1.0,188446.808
1007887,Richland Peaking Station,OH,DEFIANCE,Defiance,41.3033,-84.3386,"C,D",170328.368,Vistra Corp,1.0,170328.368
1001115,Richmond (IN),IN,CENTERVILLE,Wayne,39.8383,-84.9665,"C,D",,Richmond (IN) (NO_PARENT_RECORD),1.0,
1001150,Richmond County Combustion Turbine Plant,NC,HAMLET,Richmond,34.8422,-79.7444,"C,D",3485840.006,DUKE ENERGY CORP,1.0,3485840.006
1007161,Rio Bravo Generating Station,NM,Albuquerque,BERNALILLO COUNTY,35.0442,-106.67,D,345917.414,PNM RESOURCES INC,1.0,345917.414
1000752,Rio Grande,NM,SUNLAND PARK,Dona Ana,31.8047,-106.5472,"C,D",532931.224,EL PASO ELECTRIC CO,1.0,532931.224
1001333,"Rio Nogales Power Project, LP",TX,SEGUIN,Guadalupe,29.5932,-97.9724,D,1676705.094348,CPS ENERGY,1.0,1676705.094348
1000438,Ripon Generation Station,CA,RIPON,Stanislaus,37.7315,-121.116,D,7246.872,MODESTO IRRIGATION DISTRICT INC,1.0,7246.872
1001133,River Road,WA,VANCOUVER,Clark,45.65,-122.7231,D,700249.804,CLARK PUBLIC UTILITIES,1.0,700249.804
1007781,River Valley Generating Station,OK,PANAMA,LE FLORE COUNTY,35.192139,-94.647833,D,673360.982,OGE ENERGY CORP,1.0,673360.982
1000835,Riverbend,NC,MOUNT HOLLY,Gaston,35.36,-80.9742,"C,D",,Riverbend (NO_PARENT_RECORD),1.0,
1001550,Riverside (1081),IA,BETTENDORF,Scott,41.5404,-90.4483,"C,D",,Riverside (1081) (NO_PARENT_RECORD),1.0,
1000693,Riverside (1927),MN,MINNEAPOLIS,Hennepin,45.0203,-93.2753,"C,D",950776.376,XCEL ENERGY INC,1.0,950776.376
1000998,Riverside (4940),OK,JENKS,Tulsa,35.9978,-95.9567,"C,D",819038.312,AMERICAN ELECTRIC POWER CO INC,1.0,819038.312
1000136,Riverside Energy Center,WI,BELOIT,Rock,42.5835,-89.0351,"C,D",2867896.372,Adams-Columbia Electric Cooperative,0.045,129055.33674
1000136,Riverside Energy Center,WI,BELOIT,Rock,42.5835,-89.0351,"C,D",2867896.372,Rock Energy Cooperative,0.037000000000000005,106112.16576400002
1000136,Riverside Energy Center,WI,BELOIT,Rock,42.5835,-89.0351,"C,D",2867896.372,Central Wisconsin Electric Cooperative Inc,0.008,22943.170976
1000136,Riverside Energy Center,WI,BELOIT,Rock,42.5835,-89.0351,"C,D",2867896.372,Integrys Energy Group Inc,0.138,395769.699336
1000136,Riverside Energy Center,WI,BELOIT,Rock,42.5835,-89.0351,"C,D",2867896.372,ALLIANT ENERGY CORP,0.738,2116507.522536
1000136,Riverside Energy Center,WI,BELOIT,Rock,42.5835,-89.0351,"C,D",2867896.372,MGE Energy Inc,0.034,97508.47664800001
1000471,Riverside Energy Resource Center,CA,RIVERSIDE,Riverside,33.9636,-117.4528,D,30694.036,CITY OF RIVERSIDE PUBLIC UTILITY,1.0,30694.036
1001358,Riverside Generating Company,KY,CATLETTSBURG,Lawrence,38.1933,-82.6042,"C,D",284168.271,"LS Power Development, LLC",1.0,284168.271
1001575,Riverton,KS,RIVERTON,Cherokee,37.0719,-94.6986,"C,D",468066.316,LIBERTY UTILITIES CO,1.0,468066.316
1000321,Riverview Energy Center,CA,ANTIOCH,Contra Costa,38.0145,-121.7901,D,,Riverview Energy Center (NO_PARENT_RECORD),1.0,
1000974,Rivesville Power Station,WV,RIVESVILLE,Marion,39.5314,-80.113,"C,D",,Rivesville Power Station (NO_PARENT_RECORD),1.0,
1001485,Riviera,FL,RIVIERA BEACH,Palm Beach,26.7653,-80.0528,D,2510228.488,NEXTERA ENERGY INC,1.0,2510228.488
1007353,Robert E Ritchie,AR,HELENA,Phillips,34.4629,-90.5987,"C,D",,Robert E Ritchie (NO_PARENT_RECORD),1.0,
1001171,Robert P Mone,OH,CONVOY,Van Wert,40.9297,-84.7392,"C,D",112266.472,BUCKEYE POWER INC,1.0,112266.472
1001118,Robins,GA,ROBINS AFB,Houston,32.5806,-83.5831,D,,Robins (NO_PARENT_RECORD),1.0,
1001159,Rock Springs Generating Facility,MD,RISING SUN,Cecil,39.7183,-76.1606,"C,D",119725.456,NAUTILUS POWER LLC,1.0,119725.456
1006554,Rockford Energy Center,IL,ROCKFORD,Winnebago,42.2403,-89.1025,D,60031.603,"LS Power Development, LLC",1.0,60031.603
1000823,Rockford Energy Center II,IL,ROCKFORD,Winnebago,42.2383,-89.1014,D,24843.808,"LS Power Development, LLC",1.0,24843.808
1007308,Rockgen Energy Center,WI,CAMBRIDGE,Dane,42.9767,-89.0492,"C,D",349879.494,DAIRYLAND POWER COOPERATIVE,1.0,349879.494
1001322,Rockingham County Combustion Turbine,NC,REIDSVILLE,Rockingham,36.3297,-79.8297,D,456149.396,DUKE ENERGY CORP,1.0,456149.396
1001037,Rockport,IN,ROCKPORT,Spencer,37.9256,-87.0372,"C,D",3112526.184,AMERICAN ELECTRIC POWER CO INC,1.0,3112526.184
1000271,Rocky Mountain Energy Center,CO,KEENESBURG,Weld,40.0911,-104.5947,D,1074429.868,XCEL ENERGY INC,1.0,1074429.868
1001317,"Rocky Road Power, LLC",IL,EAST DUNDEE,Kane,42.0931,-88.2397,D,11936.756,MRP Rocky Road LLC,1.0,11936.756
1001054,Rokeby,NE,LINCOLN,Lancaster,40.7316,-96.7364,"C,D",62935.29,LINCOLN ELECTRIC SYSTEM,1.0,62935.29
1001047,Roland C. Dansby Power Plant,TX,BRYAN,Brazos,30.7217,-96.4599,D,100845.076,CITY OF BRYAN TEXAS,1.0,100845.076
1000808,Rolling Hills Generating LLC,OH,WILKESVILLE,Vinton,39.0839,-82.3328,"C,D",1340777.684,"LS Power Development, LLC",1.0,1340777.684
1000412,Rosemary Power Station,NC,ROANOKE RAPIDS,Halifax,36.4525,-77.6594,"C,D",,Rosemary Power Station (NO_PARENT_RECORD),1.0,
1001182,Roseton Generating Facility,NY,NEWBURGH,Orange,41.5711,-73.9747,"C,D",124823.84,RIVERVIEW INVESTMENT HOLDING LLC,1.0,124823.84
1000485,Roseville Energy Park,CA,ROSEVILLE,Placer,38.7926,-121.3823,D,153906.228,ROSEVILLE ELECTRIC,1.0,153906.228
1010794,Rothschild Biomass Cogeneration Plant,WI,Rothschild,MARATHON COUNTY,44.888355,-89.625821,"C,D",41884.894,WEC Energy Group Inc,1.0,41884.894
1000787,Roxboro Steam Electric Plant,NC,SEMORA,Person,36.4833,-79.0731,"D,TT",4122411.542,DUKE ENERGY CORP,1.0,4122411.542
1001312,Rumford Power LLC,ME,RUMFORD,Oxford,44.5303,-70.5219,"C,D",160818.104,CARLYLE GROUP MANAGEMENT LLC,1.0,160818.104
1001035,Rush Island,MO,FESTUS,Jefferson,38.1306,-90.2625,"C,D",790243.874,AMEREN CORP,1.0,790243.874
1000501,Russell City Energy Company LLC,CA,Hayward,Alameda,37.6341,-122.1326,D,717394.992,CPN MANAGEMENT LP,1.0,717394.992
1000784,S A Carlson,NY,JAMESTOWN,Chautauqua,42.0917,-79.2417,"C,D",27141.2,CITY OF JAMESTOWN NEW YORK,1.0,27141.2
1001501,S O Purdom,FL,ST MARKS,Wakulla,30.1619,-84.2014,"C,D",590504.412,CITY OF TALLAHASSEE FLORIDA,1.0,590504.412
1001136,SABIC Innovative Plastics - Burkville,AL,BURKVILLE,Lowndes,32.3102,-86.5242,"C,D",404081.1,SABIC US HOLDINGS LP,1.0,404081.1
1005210,SILAS RAY POWER PLANT,TX,BROWNSVILLE,CAMERON COUNTY,25.9131,-97.5214,D,83711.84,PUBLIC UTILITIES BOARD OF THE CITY OF BROWNSVILLE TEXAS,1.0,83711.84
1014345,SJRR Power LLC,TX,Houston,HARRIS COUNTY,29.87449,-95.106947,D,89240.52,ROCKLAND CAPITAL LLC,1.0,89240.52
1003190,SOUTH TEXAS ELECTRIC COOP,TX,NURSERY,VICTORIA COUNTY,28.8947,-97.1347,"C,D",144163.676,SOUTH TEXAS ELECTRIC COOPERATIVE INC,1.0,144163.676
1001324,SRW Cogen Limited Partnership,TX,ORANGE,Orange,30.0561,-93.7539,D,1230378.576,DOW INC,1.0,1230378.576
1005399,ST. GEORGE CITY POWER: MILLCREEK GENERATION STATION,UT,ST. GEORGE,WASHINGTON COUNTY,37.1124,-113.5155,D,65481.856,CITY OF ST GEORGE UTAH,1.0,65481.856
1001674,SUNBURY GENERATION LP,PA,Selinsgrove,Snyder,40.8361,-76.825,D,,SUNBURY GENERATION LP (NO_PARENT_RECORD),1.0,
1001148,SWEENY COGENERATION FACILITY,TX,OLD OCEAN,BRAZORIA COUNTY,29.0728,-95.745,"C,D",2914673.786,PHILLIPS 66,1.0,2914673.786
1006721,Sabine,TX,BRIDGE CITY,Orange,30.0242,-93.875,"C,D",2137865.376,ENTERGY CORP,1.0,2137865.376
1007365,Sabine Cogeneration Facility,TX,ORANGE,Orange,30.0444,-93.7716,D,,Sabine Cogeneration Facility (NO_PARENT_RECORD),1.0,
1000750,Salem,NJ,HANCOCKS BRIDGE,Salem,39.4625,-75.5333,"C,D",,Salem (NO_PARENT_RECORD),1.0,
1000661,Salem Harbor Station,MA,SALEM,Essex,42.5267,-70.8792,D,,Salem Harbor Station (NO_PARENT_RECORD),1.0,
1012869,Salem Harbor Station NGCC,MA,Salem,ESSEX COUNTY,42.5255,-70.877,"C,D",278894.216,Salem Harbor Power Development LP,1.0,278894.216
1000507,Salinas River Cogeneration Facility,CA,SAN ARDO,Monterey,35.9515,-120.8679,"D,DD",154020.98,CHEVRON CORP,1.0,154020.98
1000932,Sam Bertron,TX,DEER PARK,Harris,29.7268,-95.06,"C,D",,Sam Bertron (NO_PARENT_RECORD),1.0,
1007153,Sam Seymour,TX,LA GRANGE,Fayette,29.9172,-96.7506,"C,D",8456122.93,LOWER COLORADO RIVER AUTHORITY,0.634,5361181.93762
1007153,Sam Seymour,TX,LA GRANGE,Fayette,29.9172,-96.7506,"C,D",8456122.93,AUSTIN ENERGY CORP,0.366,3094940.9923799997
1000531,San Jacinto County Peaking Facility,TX,SHEPHERD,San Jacinto,30.42,-95.0114,"C,D",78765.96,EAST TEXAS ELECTRIC COOPERATIVE INC,1.0,78765.96
1005714,San Jacinto Steam Electric Station,TX,LA PORTE,Harris,29.6967,-95.0411,D,531651.08,NRG ENERGY INC,1.0,531651.08
1006727,San Juan,NM,WATERFLOW,San Juan,36.8006,-108.4386,D,,San Juan (NO_PARENT_RECORD),1.0,
1001040,San Miguel,TX,CHRISTINE,Atascosa,28.7044,-98.4781,"C,D",1802760.032,SAN MIGUEL ELECTRIC COOPERATIVE INC,1.0,1802760.032
1000669,Sand Hill Energy Center,TX,AUSTIN,Travis,30.2091,-97.6139,"C,D",838022.836,AUSTIN ENERGY CORP,1.0,838022.836
1000499,Sandow Station,TX,ROCKDALE,Milam,30.5681,-97.0614,"C,D",,Sandow Station (NO_PARENT_RECORD),1.0,
1007324,Sandy Creek Energy Station,TX,Riesel,McLennan,31.4753,-96.9564,"C,D",3459098.706,"Riesel Holdco, LLC",0.25,864774.6765
1007324,Sandy Creek Energy Station,TX,Riesel,McLennan,31.4753,-96.9564,"C,D",3459098.706,LOWER COLORADO RIVER AUTHORITY,0.11130000000000001,384997.6859778
1007324,Sandy Creek Energy Station,TX,Riesel,McLennan,31.4753,-96.9564,"C,D",3459098.706,"Sandy Creek Energy Associates, LP",0.6386999999999999,2209326.3435221994
1006802,Sanford,FL,DEBARY,Volusia,28.8419,-81.3256,D,3027145.88,NEXTERA ENERGY INC,1.0,3027145.88
1006707,Santa Rosa Energy Center,FL,PACE,Santa Rosa,30.5661,-87.115,D,462346.661,"LS Power Development, LLC",1.0,462346.661
1000250,Santan,AZ,GILBERT,Maricopa,33.3333,-111.751,"C,D",2329386.74,SALT RIVER PROJECT AGRICULTURAL IMPROVEMENT & POWER DISTRICT,1.0,2329386.74
1001278,"Saranac Power Partners, LP",NY,PLATTSBURGH,Clinton,44.7132,-73.4557,"C,D",164189.94,BERKSHIRE HATHAWAY INC,0.736,120843.79584
1001278,"Saranac Power Partners, LP",NY,PLATTSBURGH,Clinton,44.7132,-73.4557,"C,D",164189.94,WALTER SCOTT JR,0.064,10508.15616
1001278,"Saranac Power Partners, LP",NY,PLATTSBURGH,Clinton,44.7132,-73.4557,"C,D",164189.94,OSAKA GAS ENERGY AMERICA CORP,0.2,32837.988000000005
1000506,Sargent Canyon Cogeneration Facility,CA,San Ardo,Monterey,35.9359,-120.8405,"D,DD",,Sargent Canyon Cogeneration Facility (NO_PARENT_RECORD),1.0,
1000725,Sarpy County Station,NE,BELLEVUE,Sarpy,41.1706,-95.9692,"C,D",119769.22,OMAHA PUBLIC POWER DISTRICT,1.0,119769.22
1000740,Sayreville,NJ,SAYREVILLE,Middlesex,40.4753,-74.3552,"C,D",,Sayreville (NO_PARENT_RECORD),1.0,
1001208,Sayreville Power LP,NJ,SAYREVILLE,Middlesex,40.439,-74.3444,D,439363.072,Vistra Corp,1.0,439363.072
1001456,Scattergood Generating Station,CA,PLAYA DEL REY,Los Angeles,33.9175,-118.4258,D,569763.208,CITY OF LOS ANGELES CALIFORNIA,1.0,569763.208
1001051,Scherer,GA,JULIETTE,Monroe,33.0583,-83.8072,D,7612538.87,OGLETHORPE POWER CORP,0.4,3045015.5480000004
1001051,Scherer,GA,JULIETTE,Monroe,33.0583,-83.8072,D,7612538.87,MUNICIPAL ELECTRIC AUTHORITY OF GEORGIA,0.20129999999999998,1532404.0745309999
1001051,Scherer,GA,JULIETTE,Monroe,33.0583,-83.8072,D,7612538.87,NEXTERA ENERGY INC,0.0833,634124.487871
1001051,Scherer,GA,JULIETTE,Monroe,33.0583,-83.8072,D,7612538.87,JACKSONVILLE ELECTRIC AUTHORITY,0.0,0.0
1001051,Scherer,GA,JULIETTE,Monroe,33.0583,-83.8072,D,7612538.87,CITY OF DALTON GEORGIA,0.009300000000000001,70796.611491
1001051,Scherer,GA,JULIETTE,Monroe,33.0583,-83.8072,D,7612538.87,THE SOUTHERN CO,0.306,2329436.89422
1000730,Schiller,NH,PORTSMOUTH,Rockingham,43.0978,-70.7842,"C,D",687.738,GRANITE SHORE POWER LLC,1.0,687.738
1001256,Scrubgrass Generating Plant,PA,KENNERDELL,Venango,41.2678,-79.8114,"C,D",452134.08,Q POWER LLC,1.0,452134.08
1001225,Selkirk Cogen Partners,NY,SELKIRK,Albany,42.5744,-73.8592,D,70367.188,ALTERNA CAPITAL PARTNERS,1.0,70367.188
1000084,Seminole (136),FL,PALATKA,Putnam,29.7333,-81.6339,"C,D,TT",5902849.636,SEMINOLE ELECTRIC COOPERATIVE INC,1.0,5902849.636
1000861,Seminole (2956),OK,KONAWA,Seminole,34.9678,-96.7242,"C,D",1589819.756,OGE ENERGY CORP,1.0,1589819.756
1010962,Sentinel Energy Center,CA,N. Palm Springs,RIVERSIDE COUNTY,33.934167,-116.571388,D,286161.592,VOLTAGE FINANCE LLC,0.25,71540.398
1010962,Sentinel Energy Center,CA,N. Palm Springs,RIVERSIDE COUNTY,33.934167,-116.571388,D,286161.592,MITSUBISHI CORP (AMERICAS),0.5,143080.796
1010962,Sentinel Energy Center,CA,N. Palm Springs,RIVERSIDE COUNTY,33.934167,-116.571388,D,286161.592,PG COACHELLA POWER HOLDINGS INC,0.25,71540.398
1001174,Seward Generation LLC,PA,NEW FLORENCE,Indiana,40.4081,-79.0339,"C,D",2279070.452,GENERATION HOLDINGS LP,1.0,2279070.452
1005737,Sewaren Generating Station,NJ,SEWAREN,Middlesex,40.5564,-74.2461,"C,D",1207078.83,ARCLIGHT ENERGY PARTNERS FUND VII LP,1.0,1207078.83
1001151,Sewell Creek Energy,GA,Cedartown,Polk,33.9486,-85.2769,"C,D",263521.672,OGLETHORPE POWER CORP,1.0,263521.672
1006678,Shady Hills,FL,SHADY HILLS,Pasco,28.3665,-82.5591,"C,D",85609.732,GENERAL ELECTRIC CO,1.0,85609.732
1001598,Shawnee,KY,WEST PADUCAH,McCracken,37.1517,-88.775,D,5828807.123,US GOVERNMENT,1.0,5828807.123
1000879,Shawville Station,PA,SHAWVILLE,Clearfield,41.067,-78.3656,"C,D",956342.708,"Reorganized Heritage TopCo, LLC",1.0,956342.708
1000445,Sheboygan Falls Energy Facility,WI,PLYMOUTH,Sheboygan,43.7519,-87.8783,"C,D",334102.712,ALLIANT ENERGY CORP,1.0,334102.712
1001381,Shelby County Energy Center,IL,NEOGA,Shelby,39.2794,-88.4772,"C,D",93622.852,SHELBY COUNTY ENERGY CENTER LLC,1.0,93622.852
1007179,Sheldon,NE,HALLAM,Lancaster,40.5589,-96.7842,"C,D",826199.142,NEBRASKA PUBLIC POWER DISTRICT,1.0,826199.142
1013733,Shell Chemical Appalachia LLC,PA,monaca,BEAVER COUNTY,40.67159,-80.336312,"C,D,DD,X",1579719.28,SHELL PETROLEUM INC,1.0,1579719.28
1001024,Sherburne County,MN,BECKER,Sherburne,45.3792,-93.8958,"C,D",7177184.032,XCEL ENERGY INC,0.8441,6058261.0414112
1001024,Sherburne County,MN,BECKER,Sherburne,45.3792,-93.8958,"C,D",7177184.032,SOUTHERN MINNESOTA MUNICIPAL POWER AGENCY,0.1559,1118922.9905888
1001110,Sherman Avenue,NJ,VINELAND,Cumberland,39.451,-75.0578,"C,D",24349.44,CPN MANAGEMENT LP,1.0,24349.44
1000684,Shiras,MI,MARQUETTE,Marquette,46.5314,-87.3917,"C,D",,Shiras (NO_PARENT_RECORD),1.0,
1007156,Shoemaker Gas Turbine,NY,Middletown,ORANGE COUNTY,41.4278,-74.4186,D,914.796,ALLIANCE ENERGY GROUP LLC,1.0,914.796
1000268,Shoreham Energy,NY,SHOREHAM,Suffolk,40.9572,-72.8664,D,9688.592,J POWER USA DEVELOPMENT CO LTD,1.0,9688.592
1000706,Sibley Generating Station,MO,SIBLEY,Jackson,39.1778,-94.1861,"C,D",,Sibley Generating Station (NO_PARENT_RECORD),1.0,
1001063,Sikeston,MO,SIKESTON,Scott,36.8791,-89.6209,D,1466563.046,SIKESTON BOARD OF MUNICIPAL UTILITIES,1.0,1466563.046
1000190,Silver Creek Generating Plant,MS,PRENTISS,Jefferson Davis,31.6004,-89.9468,D,131853.36,COOPERATIVE ENERGY A MISSISSIPPI ELECTRIC COOPERATIVE,1.0,131853.36
1000404,Silverhawk,NV,LAS VEGAS,Clark,36.4078,-114.9603,D,1013339.044,BERKSHIRE HATHAWAY INC,1.0,1013339.044
1000954,Sim Gideon,TX,BASTROP,Bastrop,30.1456,-97.2708,D,703222.892,LOWER COLORADO RIVER AUTHORITY,1.0,703222.892
1007202,Sioux,MO,WEST ALTON,Saint Charles,38.9158,-90.2917,"C,D",3233284.61,AMEREN CORP,1.0,3233284.61
1001156,Smarr Energy Facility,GA,FORSYTH,Monroe,32.9856,-83.8464,"C,D",111372.688,OGLETHORPE POWER CORP,1.0,111372.688
1001417,Smith Generating Facility,KY,WINCHESTER,Clark,37.8824,-84.1025,"C,D",278761.314,EAST KENTUCKY POWER COOPERATIVE INC,1.0,278761.314
1000118,Solway Plant,MN,SOLWAY,Beltrami,47.5444,-95.1297,"C,D",88210.024,OTTER TAIL CORP,1.0,88210.024
1001022,"Somerset Operating Compnay, LLC",NY,BARKER,Niagara,43.3561,-78.6039,"C,D",0.0,HEOROT POWER HOLDINGS LLC,1.0,0.0
1001025,Sooner,OK,RED ROCK,Noble,36.4537,-97.0527,"C,D",1068660.406,OGE ENERGY CORP,1.0,1068660.406
1014284,South Field Energy,OH,Wellsville,COLUMBIANA COUNTY,40.641041,-80.682753,"C,D",2971407.288,SOUTH FIELD ENERGY LLC,1.0,2971407.288
1001091,South Fond Du Lac,WI,FOND DU LAC,Fond du Lac,43.7353,-88.4968,"C,D",20962.972,ALLIANT ENERGY CORP,1.0,20962.972
1000449,South Harper Generating Station,MO,Peculiar,Cass,38.6803,-94.4824,D,126758.932,EVERGY INC,1.0,126758.932
1007236,South Meadow Station,CT,HARTFORD,Hartford,41.7495,-72.6524,D,,South Meadow Station (NO_PARENT_RECORD),1.0,
1000982,South Oak Creek,WI,OAK CREEK,Milwaukee,42.8457,-87.8294,"C,D",3951884.978,WEC Energy Group Inc,1.0,3951884.978
1001350,"South Point Energy Center, LLC",AZ,MOHAVE VALLEY,Mohave,34.8678,-114.5317,"C,D",1108067.244,CPN MANAGEMENT LP,1.0,1108067.244
1007111,Southampton Power Station,VA,FRANKLIN,Southampton,36.6525,-76.9953,D,,Southampton Power Station (NO_PARENT_RECORD),1.0,
1005831,Southaven Combined Cycle,MS,SOUTHHAVEN,DeSoto,34.9939,-90.039,"C,D",1681841.868,US GOVERNMENT,1.0,1681841.868
1000096,Southeast Chicago Energy Project,IL,CHICAGO,Cook,41.7181,-87.5449,D,,Southeast Chicago Energy Project (NO_PARENT_RECORD),1.0,
1000863,Southwestern,OK,Anadarko,Caddo,35.1009,-98.3524,"C,D",711729.66,AMERICAN ELECTRIC POWER CO INC,1.0,711729.66
1007293,Sowega Power Project,GA,BACONTON,Mitchell,31.3869,-84.0814,"C,D",42098.544,GEORGIA ENERGY COOP,1.0,42098.544
1000994,Spencer,TX,DENTON,Denton,33.1978,-97.1067,D,,Spencer (NO_PARENT_RECORD),1.0,
1000486,Spindle Hill Energy Center,CO,Fort Lupton,Weld,40.0914,-104.8819,"C,D",148836.246,INVENERGY LLC,0.51,75906.48546000001
1000486,Spindle Hill Energy Center,CO,Fort Lupton,Weld,40.0914,-104.8819,"C,D",148836.246,GEPIF III LEXINGTON INVESTCO LP,0.49,72929.76054
1000561,Spiritwood Station,ND,Spiritwood,Stutsman,46.925,-98.5,"C,D",278522.342,GREAT RIVER ENERGY,1.0,278522.342
1000586,Spring Creek Energy Center,OK,Edmond,LOGAN COUNTY,35.7422,-97.655,"C,D",132886.608,EVERGY INC,1.0,132886.608
1007659,Springdale Generating Station (55196),PA,SPRINGDALE,Allegheny,40.5447,-79.7678,D,71493.861,"LS Power Development, LLC",1.0,71493.861
1007360,Springdale Generating Station (55710),PA,SPRINGDALE,Allegheny,40.5456,-79.7669,D,1524941.548,"LS Power Development, LLC",1.0,1524941.548
1001196,Springerville Generating Station,AZ,SPRINGERVILLE,Apache,34.3186,-109.1636,D,7022189.542,UNS ENERGY CORP,0.5,3511094.771
1001196,Springerville Generating Station,AZ,SPRINGERVILLE,Apache,34.3186,-109.1636,D,7022189.542,TRI-STATE GENERATION & TRANSMISSION ASSOC INC,0.25,1755547.3855
1001196,Springerville Generating Station,AZ,SPRINGERVILLE,Apache,34.3186,-109.1636,D,7022189.542,SALT RIVER PROJECT AGRICULTURAL IMPROVEMENT & POWER DISTRICT,0.25,1755547.3855
1000295,"Spruance Genco, LLC",VA,RICHMOND,Richmond (City),37.4556,-77.4308,D,,"Spruance Genco, LLC (NO_PARENT_RECORD)",1.0,
1013345,"Spruance Operating Services, LLC",VA,Richmond,RICHMOND CITY,37.45566,-77.4267,D,321364.808,VEOLIA ENVIRONMENTAL SERVICES NORTH AMERICA CORP,1.0,321364.808
1012885,St Charles Energy Center,MD,Waldorf,CHARLES COUNTY,38.573334,-76.890951,"C,D",1604880.104,CPV POWER HOLDINGS LP,0.25,401220.026
1012885,St Charles Energy Center,MD,Waldorf,CHARLES COUNTY,38.573334,-76.890951,"C,D",1604880.104,TOYOTA TSUSHO POWER USA INC,0.25,401220.026
1012885,St Charles Energy Center,MD,Waldorf,CHARLES COUNTY,38.573334,-76.890951,"C,D",1604880.104,MARUBENI AMERICA CORP,0.25,401220.026
1012885,St Charles Energy Center,MD,Waldorf,CHARLES COUNTY,38.573334,-76.890951,"C,D",1604880.104,OSAKA GAS ENERGY AMERICA CORP,0.25,401220.026
1000678,St. Clair,MI,SAINT CLAIR HAVEN,Saint Clair,42.7642,-82.4719,"C,D",448.548,DTE ENERGY CO,1.0,448.548
1006116,St. Francis Power Plant,MO,CAMPBELL,Dunklin,36.5852,-90.1779,"C,D",799735.536,ASSOCIATED ELECTRIC COOPERATIVE INC,1.0,799735.536
1006587,St. Johns River Power,FL,JACKSONVILLE,Duval,30.4311,-81.5508,"C,D",,St. Johns River Power (NO_PARENT_RECORD),1.0,
1012942,St. Joseph Energy Center LLC,IN,New Carlisle,ST. JOSEPH COUNTY,41.697037,-86.47686,"C,D",1817717.564,ARES MANAGEMENT CORP,0.8,1454174.0512
1012942,St. Joseph Energy Center LLC,IN,New Carlisle,ST. JOSEPH COUNTY,41.697037,-86.47686,"C,D",1817717.564,TOYOTA TSUSHO AMERICA INC,0.2,363543.5128
1001282,St. Nicholas Cogeneration Project,PA,SHENANDOAH,Schuylkill,40.8222,-76.1736,"C,D",1133244.744,SCHUYLKILL ENERGY RESOURCES INC,1.0,1133244.744
1013578,St.Charles,LA,Montz,ST. CHARLES PARISH,30.004648,-90.464826,D,1940982.556,ENTERGY CORP,1.0,1940982.556
1000838,Stanton,ND,STANTON,Mercer,47.2872,-101.3314,"C,D",,Stanton (NO_PARENT_RECORD),1.0,
1007317,Stanton A,FL,ORLANDO,Orange,28.4881,-81.1675,D,1331142.564,NEXTERA ENERGY INC,1.0,1331142.564
1013939,"Stanton Energy Reliability Center, LLC",CA,Stanton,ORANGE COUNTY,33.8073,-117.9833,D,1633.744,STANTON ENERGY RELIABILITY CENTER LLC,1.0,1633.744
1001111,State Line (MO),MO,JOPLIN,Jasper,37.0659,-94.614,D,888276.99,LIBERTY UTILITIES CO,0.6,532966.194
1001111,State Line (MO),MO,JOPLIN,Jasper,37.0659,-94.614,D,888276.99,EVERGY INC,0.4,355310.79600000003
1007105,State Line Generating Station (IN),IN,HAMMOND,Lake,41.7072,-87.5217,"C,D",,State Line Generating Station (IN) (NO_PARENT_RECORD),1.0,
1007919,Sterling Power Plant,NY,Sherrill,ONEIDA COUNTY,43.0803,-75.6003,D,984.396,ALLIANCE ENERGY GROUP LLC,1.0,984.396
1007152,Sterlington,LA,STERLINGTON,Ouachita,32.7047,-92.0792,D,,Sterlington (NO_PARENT_RECORD),1.0,
1001058,Stock Island,FL,STOCK ISLAND,Monroe,24.5636,-81.7342,"C,D",,Stock Island (NO_PARENT_RECORD),1.0,
1001021,Stony Brook,MA,LUDLOW,Hampden,42.1977,-72.5103,"C,D",17081.006,GREEN MOUNTAIN POWER CORP,0.08800000000000001,1503.1285280000002
1001021,Stony Brook,MA,LUDLOW,Hampden,42.1977,-72.5103,"C,D",17081.006,MASSACHUSETTS MUNICIPAL WHOLESALE ELECTRIC CO,0.9076000000000001,15502.721045600003
1001021,Stony Brook,MA,LUDLOW,Hampden,42.1977,-72.5103,"C,D",17081.006,VILLAGE OF LYNDONVILLE VERMONT,0.0044,75.15642640000002
1001556,Streeter Station,IA,CEDAR FALLS,Black Hawk,42.5267,-92.4394,"C,D",10496.956,CEDAR FALLS UTILITIES,1.0,10496.956
1007619,Stryker Creek,TX,JACKSONVILLE,Cherokee,31.9381,-94.9883,"C,D",640609.472,Vistra Corp,1.0,640609.472
1000799,Sugar Creek Generating Station,IN,WEST TERRE HAUTE,Vigo,39.3922,-87.5103,"C,D",1179051.78,NISOURCE INC,1.0,1179051.78
1000498,Summit Lake,IA,CRESTON,Union,41.1141,-94.3499,"C,D",36040.316,CENTRAL IOWA POWER COOPERATIVE,1.0,36040.316
1000222,Sumpter Plant,MI,BELLEVILLE,Wayne,42.167,-83.5318,"C,D",78183.112,WOLVERINE POWER SUPPLY COOPERATIVE INC,1.0,78183.112
1011465,Sun Peak Generating Station,NV,Las Vegas,CLARK COUNTY,36.137174,-115.034529,D,22953.864,BERKSHIRE HATHAWAY INC,1.0,22953.864
1000237,Sundance Power Plant,AZ,CASA GRANDE,Pinal,32.9285,-111.5899,D,287951.432,PINNACLE WEST CAPITAL CORP,1.0,287951.432
1000727,Sunrise,NV,LAS VEGAS,Clark,36.1384,-115.036,"C,D",,Sunrise (NO_PARENT_RECORD),1.0,
1000102,Sunrise Power Company,CA,FELLOWS,Kern,35.2097,-119.585,D,1082257.115,Hull Street Energy,1.0,1082257.115
1001549,Sutherland,IA,MARSHALLTOWN,Marshall,42.0472,-92.8627,"C,D",1522582.16,ALLIANT ENERGY CORP,1.0,1522582.16
1000298,Sylvarena Generating Plant,MS,RALEIGH,Smith,31.9842,-89.4131,D,151232.588,COOPERATIVE ENERGY A MISSISSIPPI ELECTRIC COOPERATIVE,1.0,151232.588
1005863,Syracuse Energy Corporation,NY,SYRACUSE,Onondaga,43.0653,-76.2086,"C,D",,Syracuse Energy Corporation (NO_PARENT_RECORD),1.0,
1001219,"Syracuse, LLC",NY,SOLVAY,Onondaga,43.0667,-76.2246,"C,D",,"Syracuse, LLC (NO_PARENT_RECORD)",1.0,
1000996,T C Ferguson Power Plant,TX,MARBLE FALLS,Llano,30.558,-98.3705,D,1356691.872,LOWER COLORADO RIVER AUTHORITY,0.965,1309207.65648
1000996,T C Ferguson Power Plant,TX,MARBLE FALLS,Llano,30.558,-98.3705,D,1356691.872,CITY OF SAN MARCOS TEXAS,0.035,47484.215520000005
1006210,T J Labbe Electric Generating Station,LA,LAFAYETTE,Lafayette,30.2554,-92.0433,D,27951.048,LAFAYETTE CITY PARISH CONSOLIDATED GOVERNMENT,1.0,27951.048
1002818,TREASURE COAST ENERGY CENTER,FL,FORT PIERCE,ST. LUCIE COUNTY,27.3839,-80.3775,D,716181.296,FLORIDA MUNICIPAL POWER AGENCY,1.0,716181.296
1000446,TS Power Plant,NV,BATTLE MOUNTAIN,Eureka,40.7458,-116.5297,D,1088648.234,NEWMONT CORP,0.385,419129.57009
1000446,TS Power Plant,NV,BATTLE MOUNTAIN,Eureka,40.7458,-116.5297,D,1088648.234,BARRICK GOLD OF NORTH AMERICA INC,0.615,669518.66391
1000149,Taconite Harbor Energy Center,MN,SCHROEDER,Cook,47.5314,-90.9111,"C,D",,Taconite Harbor Energy Center (NO_PARENT_RECORD),1.0,
1001383,Tait Electric Generating Station,OH,DAYTON,Montgomery,39.7286,-84.2106,D,614985.456,ROCKLAND POWER PARTNERS II LP,1.0,614985.456
1005807,Talbot Energy Facility,GA,BOX SPRINGS,Talbot,32.5892,-84.6917,"C,D",334055.998,OGLETHORPE POWER CORP,1.0,334055.998
1001279,Tanner Street Generation,MA,LOWELL,Middlesex,42.6308,-71.3133,"C,D",,Tanner Street Generation (NO_PARENT_RECORD),1.0,
1001532,Tanners Creek,IN,LAWRENCEBURG,Dearborn,39.0831,-84.8581,D,,Tanners Creek (NO_PARENT_RECORD),1.0,
1001604,Teche Power Station,LA,BALDWIN,Saint Mary,29.8223,-91.5427,"C,D",105731.908,CLECO CORPORATE HOLDINGS LLC,1.0,105731.908
1005842,Tecumseh Energy Center,KS,TECUMSEH,SHAWNEE COUNTY,39.0522,-95.5669,"C,D",,Tecumseh Energy Center (NO_PARENT_RECORD),1.0,
1013187,Tejas Power Generation,TX,Houston,HARRIS COUNTY,29.64596,-95.446535,D,61486.872,TEJAS POWER GENERATION LLC,1.0,61486.872
1011554,Temple Power Station,TX,Temple,BELL COUNTY,31.058472,-97.316618,"C,D",3064553.244,PANDA TEMPLE POWER II LLC,0.5,1532276.622
1011554,Temple Power Station,TX,Temple,BELL COUNTY,31.058472,-97.316618,"C,D",3064553.244,TEMPLE GENERATION I LLC,0.5,1532276.622
1001303,Tenaska Frontier Generation Station,TX,SHIRO,Grimes,30.5924,-95.9178,"C,D",1662556.44,TENASKA FRONTIER PARTNERS LTD,1.0,1662556.44
1001331,Tenaska Gateway Generating Station,TX,Long Branch,Rusk,32.0164,-94.6189,"C,D",1262932.12,TENASKA INC,1.0,1262932.12
1001302,Tenaska Georgia Generating Station,GA,FRANKLIN,Heard,33.3516,-84.9996,"C,D",132931.252,TENASKA GEORGIA PARTNERS LP,1.0,132931.252
1000059,Tenaska Kiamichi Generating Station,OK,KIOWA,Pittsburg,34.6831,-95.9349,D,2201472.592,KIOWA POWER PARTNERS LLC,1.0,2201472.592
1001394,Tenaska Lindsay Hill,AL,BILLINGSLEY,Autauga,32.6514,-86.7386,D,1069085.188,TENASKA ALABAMA PARTNERS LP,1.0,1069085.188
1000818,Tenaska Virginia Generating Station,VA,SCOTTSVILLE,Fluvanna,37.8667,-78.3813,D,1529450.89,TENASKA INC,1.0,1529450.89
1013277,Tenaska Westmoreland Generating Station,PA,Smithton,WESTMORELAND COUNTY,39.3302,-89.163,"C,D",2416499.092,TENASKA PENNSYLVANIA PARTNERS LLC,1.0,2416499.092
1007144,Terry Bundy Generating Station,NE,LINCOLN,Lancaster,40.9108,-96.6147,"C,D",37289.472,LINCOLN ELECTRIC SYSTEM,1.0,37289.472
1000504,Texas City Cogeneration,TX,TEXAS CITY,Galveston,29.3787,-94.944,"C,D",1228547.684,CPN MANAGEMENT LP,1.0,1228547.684
1001140,Theodore Cogeneration,AL,Theodore,Mobile,30.5248,-88.1289,"C,D",748923.624,THE SOUTHERN CO,1.0,748923.624
1000801,Thomas A. Smith Energy Facility,GA,DALTON,Murray,34.7094,-84.9182,"C,D",3432994.128,OGLETHORPE POWER CORP,1.0,3432994.128
1001433,Thomas Fitzhugh,AR,OZARK,Franklin,35.4617,-93.8053,"C,D",193004.334,ARKANSAS ELECTRIC COOPERATIVE CORP,1.0,193004.334
1000716,Thomas Hill Energy Center,MO,CLIFTON HILL,Randolph,39.5531,-92.6392,"C,D",5958155.97,ASSOCIATED ELECTRIC COOPERATIVE INC,1.0,5958155.97
1014605,Three Rivers Energy Center,IL,Morris,GRUNDY COUNTY,41.385134,-88.28366,"C,D",1347780.804,OPC POWER VENTURES LP,0.1,134778.0804
1014605,Three Rivers Energy Center,IL,Morris,GRUNDY COUNTY,41.385134,-88.28366,"C,D",1347780.804,AXINFRA US P-1 LP,0.0723,97444.5521292
1014605,Three Rivers Energy Center,IL,Morris,GRUNDY COUNTY,41.385134,-88.28366,"C,D",1347780.804,CONCORD INFRASTRUCTURE INVESTMENT LLC,0.25,336945.201
1014605,Three Rivers Energy Center,IL,Morris,GRUNDY COUNTY,41.385134,-88.28366,"C,D",1347780.804,OSAKA GAS USA CORP,0.15,202167.1206
1014605,Three Rivers Energy Center,IL,Morris,GRUNDY COUNTY,41.385134,-88.28366,"C,D",1347780.804,HARRISON STREET SOCIAL INFRASTRUCTURE FUND B LP,0.040999999999999995,55259.012963999994
1014605,Three Rivers Energy Center,IL,Morris,GRUNDY COUNTY,41.385134,-88.28366,"C,D",1347780.804,AXINFRA US LP,0.1777,239500.6488708
1014605,Three Rivers Energy Center,IL,Morris,GRUNDY COUNTY,41.385134,-88.28366,"C,D",1347780.804,HARRISON STREET SOCIAL INFRASTRUCTURE FUND LP,0.073,98387.998692
1014605,Three Rivers Energy Center,IL,Morris,GRUNDY COUNTY,41.385134,-88.28366,"C,D",1347780.804,HARRISON STREET SOCIAL INFRASTRUCTURE FUND A LP,0.136,183298.189344
1001137,Tiger Bay Cogeneration Facility,FL,FORT MEADE,Polk,27.7447,-81.85,D,442006.612,DUKE ENERGY CORP,1.0,442006.612
1006768,Tilton Power Station,IL,TILTON,Vermilion,40.1063,-87.6539,D,43121.492,"Tremolo Energy, LLC",1.0,43121.492
1000875,Titus,PA,BIRDSBORO,Berks,40.3061,-75.9081,"C,D",,Titus (NO_PARENT_RECORD),1.0,
1001301,Tiverton Power,RI,TIVERTON,Newport,41.6417,-71.17,D,630573.564,CARLYLE GROUP MANAGEMENT LLC,1.0,630573.564
1001043,Tolk Station,TX,MULESHOE,Lamb,34.1847,-102.5686,"C,D",2831311.858,XCEL ENERGY INC,1.0,2831311.858
1004420,Tom G.Smith Power Plant,FL,Lake Worth,PALM BEACH COUNTY,26.6125,-80.0678,"C,D",696.848,CITY OF LAKE WORTH FLORIDA,1.0,696.848
1014434,"Topaz Generating, LLC",TX,Texas City,GALVESTON COUNTY,29.42831,-94.983064,D,398301.524,"WattBridge Texas,LLC",1.0,398301.524
1007549,Tracy,NV,SPARKS,Storey,39.5625,-119.525,"C,D",1670406.812,BERKSHIRE HATHAWAY INC,1.0,1670406.812
1007312,Tracy Combined Cycle Power Plant,CA,TRACY,San Joaquin,37.7107,-121.4906,"C,D",384414.276,MIDDLE RIVER POWER LLC,1.0,384414.276
1007598,Tradinghouse,TX,WACO,Mclennan,31.5733,-96.9642,"C,D",,Tradinghouse (NO_PARENT_RECORD),1.0,
1000679,Trenton Channel,MI,TRENTON,Wayne,42.1236,-83.1811,"C,D",1079.526,DTE ENERGY CO,1.0,1079.526
1013540,Tres City Power LLC,TX,Victoria,VICTORIA COUNTY,28.7883,-97.01,D,21626.52,TRES POWER LLC,1.0,21626.52
1013541,Tres Port Power LLC,TX,Victoria,VICTORIA COUNTY,28.696406,-96.944835,D,27834.648,TRES POWER LLC,1.0,27834.648
1000057,Tri-Center Naniwa Energy,NV,MCCARRAN,Storey,39.5617,-119.5175,D,,Tri-Center Naniwa Energy (NO_PARENT_RECORD),1.0,
1006542,Trimble County,KY,BEDFORD,Trimble,38.5847,-85.4117,"C,D",6994442.332,PPL CORP,1.0,6994442.332
1000947,Trinidad,TX,TRINIDAD,Henderson,32.1264,-96.1014,"C,D",228294.204,Vistra Corp,1.0,228294.204
1006715,"Troy Energy, LLC",OH,LUCKEY,Wood,41.4774,-83.4616,D,476085.119,"LS Power Development, LLC",1.0,476085.119
1000864,Tulsa,OK,TULSA,Tulsa,36.1125,-95.9917,D,152795.484,AMERICAN ELECTRIC POWER CO INC,1.0,152795.484
1007159,Turkey Point,FL,HOMESTEAD,Miami-Dade,25.4356,-80.3308,D,2447576.064,NEXTERA ENERGY INC,1.0,2447576.064
1001070,Twin Oaks,TX,BREMOND,Robertson,31.0932,-96.6965,D,2678549.642,MAJOR OAK POWER LLC,1.0,2678549.642
1006511,Tyrone,KY,Versailles,Woodford,38.0478,-84.8483,"C,D",,Tyrone (NO_PARENT_RECORD),1.0,
1000800,Union Power Station,AR,EL DORADO,Union,33.2961,-92.5933,D,5260038.656,ENTERGY CORP,1.0,5260038.656
1006403,University Park Energy,IL,UNIVERSITY PARK,Will,41.4405,-87.7528,"C,D",46086.903,"LS Power Development, LLC",1.0,46086.903
1000402,University of Florida Cogeneration Plant,FL,GAINESVILLE,Alachua,29.6397,-82.3486,"C,D",203558.444,DUKE ENERGY CORP,1.0,203558.444
1000910,Urquhart,SC,BEECH ISLAND,Aiken,33.435,-81.9111,"C,D",871163.014,DOMINION ENERGY INC,1.0,871163.014
1001104,V H Braunig,TX,ELMENDORF,Bexar,29.2575,-98.3828,"C,D",2077177.4237328025,CPS ENERGY,1.0,2077177.4237328025
1000270,Valencia Power Plant,NM,BELEN,Valencia,34.6063,-106.732,"C,D",146573.356,SOUTHWEST GENERATION OPERATING CO LLC,1.0,146573.356
1000948,Valley (TXU),TX,SAVOY,Fannin,33.6281,-96.3678,D,,Valley (TXU) (NO_PARENT_RECORD),1.0,
1006631,Valley (WEPCO),WI,MILWAUKEE,Milwaukee,43.0303,-87.9233,D,416963.352,WEC Energy Group Inc,1.0,416963.352
1001457,Valley Generating Station,CA,SUN VALLEY,Los Angeles,34.2481,-118.3903,"C,D",571225.256,CITY OF LOS ANGELES CALIFORNIA,1.0,571225.256
1001463,Valmont,CO,BOULDER,Boulder,40.0195,-105.202,"C,D",21336.02,XCEL ENERGY INC,1.0,21336.02
1001364,Valmont Combustion Turbine Facility,CO,BOULDER,Boulder,40.0197,-105.202,"C,D",,Valmont Combustion Turbine Facility (NO_PARENT_RECORD),1.0,
1001114,Van Sant,DE,DOVER,Kent,39.15,-75.5466,"C,D",,Van Sant (NO_PARENT_RECORD),1.0,
1000814,Vandolah Power Project,FL,WAUCHULA,Hardee,27.5242,-81.9236,"C,D",409390.266,NORTHERN STAR GENERATION LLC,1.0,409390.266
1001528,Venice,IL,VENICE,Madison,38.6642,-90.1764,"C,D",9183.116,AMEREN CORP,1.0,9183.116
1001526,Vermilion Power Station,IL,OAKWOOD,Vermilion,40.1781,-87.7481,"C,D",,Vermilion Power Station (NO_PARENT_RECORD),1.0,
1000111,Vernon Boulevard,NY,LONG ISLAND CITY,Queens,40.7539,-73.9506,"C,D",71108.0,NEW YORK POWER AUTHORITY,1.0,71108.0
1001502,Vero Beach Municipal,FL,VERO BEACH,Indian River,27.6311,-80.3758,"C,D",,Vero Beach Municipal (NO_PARENT_RECORD),1.0,
1014329,Victoria Port II Power LLC,TX,Victoria,VICTORIA COUNTY,28.697105,-96.945091,D,70145.24,ROCKLAND CAPITAL LLC,1.0,70145.24
1000924,Victoria Power Station,TX,VICTORIA,Victoria,28.7883,-97.01,"C,D",413303.468,ROCKLAND CAPITAL LLC,1.0,413303.468
1000647,Vienna,MD,VIENNA,Dorchester,38.4878,-75.8208,"C,D",,Vienna (NO_PARENT_RECORD),1.0,
1000552,Virginia City Hybrid Energy Center,VA,St. Paul,Wise,36.9161,-82.3381,D,724234.444,DOMINION ENERGY INC,1.0,724234.444
1006868,W A Parish,TX,THOMPSONS,Fort Bend,29.4783,-95.6358,"C,D,PP",10110960.572,NRG ENERGY INC,1.0,10110960.572
1006794,W H Sammis,OH,STRATTON,Jefferson,40.5308,-80.6311,"C,D",1076241.044,ENERGY TRANSITION & ENVIRONMENTAL MANAGEMENT LLC,1.0,1076241.044
1001007,W H Zimmer Generating Station,OH,MOSCOW,Clermont,38.8689,-84.2286,"C,D",,W H Zimmer Generating Station (NO_PARENT_RECORD),1.0,
1000908,W S Lee,SC,WILLIAMSTON,Anderson,34.6022,-82.435,"C,D",2338386.872,DUKE ENERGY CORP,1.0,2338386.872
1006736,"WESTAR ENERGY, INC.",KS,PARSONS,Labette,37.3062,-95.1118,D,,"WESTAR ENERGY, INC. (NO_PARENT_RECORD)",1.0,
1008434,WYANDOTTE DEPT MUNI POWER,MI,WYANDOTTE,WAYNE COUNTY,42.2081,-83.1453,"C,D",8220.02,WYANDOTTE MUNICIPAL SERVICES,1.0,8220.02
1007378,Wabash River Gen Station,IN,TERRE HAUTE,Vigo,39.53,-87.4247,"C,D",,Wabash River Gen Station (NO_PARENT_RECORD),1.0,
1012853,Wabash River Highland Plant,IN,West Terre Haute,VIGO COUNTY,39.53,-87.4247,"C,D",244078.296,WABASH VALLEY POWER ASSOC,1.0,244078.296
1001080,Wading River Facility,NY,WADING RIVER,Suffolk,40.9569,-72.8774,D,15372.502,NATIONAL GRID USA,1.0,15372.502
1000069,"Wallingford Energy, LLC",CT,Wallingford,New Haven,41.4486,-72.8358,"C,D",91363.26,"LS Power Development, LLC",1.0,91363.26
1010417,"Walnut Creek Energy, LLC.",CA,City of Industry,LOS ANGELES COUNTY,34.008486,-117.944853,D,186403.56,CLEARWAY ENERGY INC,1.0,186403.56
1000464,Walnut Energy Center,CA,TURLOCK,Stanislaus,37.4878,-120.8956,D,707349.0,TURLOCK IRRIGATION DISTRICT EMPLOYEES ASSOC,1.0,707349.0
1000840,Walter C Beckjord Generating Station,OH,NEW RICHMOND,,38.9917,-84.2981,D,,Walter C Beckjord Generating Station (NO_PARENT_RECORD),1.0,
1000278,Walter M. Higgins III Generating Station,NV,PRIMM,Clark,35.6139,-115.3561,"C,D",871130.788,BERKSHIRE HATHAWAY INC,1.0,871130.788
1001551,Walter Scott Jr. Energy Center,IA,COUNCIL BLUFFS,Pottawattamie,41.18,-95.8408,"C,D",5752623.556,CORN BELT POWER COOPERATIVE,0.0441,253690.6988196
1001551,Walter Scott Jr. Energy Center,IA,COUNCIL BLUFFS,Pottawattamie,41.18,-95.8408,"C,D",5752623.556,CENTRAL IOWA POWER COOPERATIVE,0.0966,555703.4355096
1001551,Walter Scott Jr. Energy Center,IA,COUNCIL BLUFFS,Pottawattamie,41.18,-95.8408,"C,D",5752623.556,CITY OF NEW HAMPTON IOWA,0.0028000000000000004,16107.345956800002
1001551,Walter Scott Jr. Energy Center,IA,COUNCIL BLUFFS,Pottawattamie,41.18,-95.8408,"C,D",5752623.556,CITY OF ELDRIDGE IOWA,0.0026,14956.821245599998
1001551,Walter Scott Jr. Energy Center,IA,COUNCIL BLUFFS,Pottawattamie,41.18,-95.8408,"C,D",5752623.556,MUNICIPAL ENERGY AGENCY OF NEBRASKA INC,0.0344,197890.25032639998
1001551,Walter Scott Jr. Energy Center,IA,COUNCIL BLUFFS,Pottawattamie,41.18,-95.8408,"C,D",5752623.556,CITY OF MONTEZUMA IOWA,0.0021,12080.509467599999
1001551,Walter Scott Jr. Energy Center,IA,COUNCIL BLUFFS,Pottawattamie,41.18,-95.8408,"C,D",5752623.556,SPENCER MUNICIPAL UTILITIES,0.005699999999999999,32789.954269199996
1001551,Walter Scott Jr. Energy Center,IA,COUNCIL BLUFFS,Pottawattamie,41.18,-95.8408,"C,D",5752623.556,SUMNER MUNICIPAL LIGHT PLANT,0.0007000000000000001,4026.8364892000004
1001551,Walter Scott Jr. Energy Center,IA,COUNCIL BLUFFS,Pottawattamie,41.18,-95.8408,"C,D",5752623.556,TOWN OF ALTA IOWA,0.0007000000000000001,4026.8364892000004
1001551,Walter Scott Jr. Energy Center,IA,COUNCIL BLUFFS,Pottawattamie,41.18,-95.8408,"C,D",5752623.556,LINCOLN ELECTRIC SYSTEM,0.063,362415.28402799997
1001551,Walter Scott Jr. Energy Center,IA,COUNCIL BLUFFS,Pottawattamie,41.18,-95.8408,"C,D",5752623.556,BERKSHIRE HATHAWAY INC,0.71,4084362.7247599997
1001551,Walter Scott Jr. Energy Center,IA,COUNCIL BLUFFS,Pottawattamie,41.18,-95.8408,"C,D",5752623.556,CITY OF WEST BEND IOWA,0.0007000000000000001,4026.8364892000004
1001551,Walter Scott Jr. Energy Center,IA,COUNCIL BLUFFS,Pottawattamie,41.18,-95.8408,"C,D",5752623.556,CITY OF WAVERLY IOWA,0.002,11505.247112
1001551,Walter Scott Jr. Energy Center,IA,COUNCIL BLUFFS,Pottawattamie,41.18,-95.8408,"C,D",5752623.556,CITY OF ATLANTIC IOWA,0.010700000000000001,61553.072049200004
1001551,Walter Scott Jr. Energy Center,IA,COUNCIL BLUFFS,Pottawattamie,41.18,-95.8408,"C,D",5752623.556,MUNICIPAL ELECTRIC UTILITY OF THE CITY OF CEDAR FALLS IOWA,0.0239,137487.7029884
1001328,"Walton County Power, LLC",GA,MONROE,Walton,33.8147,-83.6969,"C,D",139396.836,WALTON COUNTY POWER LLC,1.0,139396.836
1001015,Wansley (6052),GA,FRANKLIN,Heard,33.4124,-85.0345,"C,D",,Wansley (6052) (NO_PARENT_RECORD),1.0,
1007100,Wansley (7946),GA,FRANKLIN,Heard,33.4082,-85.0399,D,1149468.292,MUNICIPAL ELECTRIC AUTHORITY OF GEORGIA,1.0,1149468.292
1010612,Wansley CC,GA,Franklin,HEARD COUNTY,33.4082,-85.0399,"C,D",3388643.992,THE SOUTHERN CO,1.0,3388643.992
1011685,Warren County Power Station,VA,Front Royal,WARREN COUNTY,38.96986,-78.179995,"C,D",3136840.928,DOMINION ENERGY INC,1.0,3136840.928
1000121,Warren F. Sam Beasley Pwr Station,DE,SMYRNA,Kent,39.2798,-75.6246,D,11046.996,DELAWARE MUNICIPAL ELECTRIC COORPORATION,1.0,11046.996
1001135,Washington County Cogen (Olin),AL,McIntosh,Washington,31.2642,-88.0027,"C,D",442377.612,THE SOUTHERN CO,1.0,442377.612
1000791,"Washington County Power, LLC",GA,SANDERSVILLE,Washington,33.0917,-82.9803,"C,D",82490.096,WASHINGTON COUNTY POWER LLC,1.0,82490.096
1013864,Washington Parish Energy Center,LA,Bogalusa,WASHINGTON PARISH,30.7914,-89.9092,D,169502.172,ENTERGY CORP,1.0,169502.172
1000168,Washington Power Generation LLC,OH,BEVERLY,Washington,39.5798,-81.6571,"C,D",2074696.212,Vistra Corp,1.0,2074696.212
1000538,Waterbury Generation,CT,WATERBURY,New Haven,41.5444,-73.0416,D,21363.17,MPH WATERBURY LLC,1.0,21363.17
1000911,Wateree,SC,EASTOVER,Richland,33.8264,-80.6218,"C,D",1642567.81,DOMINION ENERGY INC,1.0,1642567.81
1001190,Waterford 1 & 2,LA,KILLONA,St. Charles,29.9994,-90.4758,"C,D",144218.126,ENTERGY CORP,1.0,144218.126
1000106,Waterford Plant,OH,WATERFORD,Washington,39.5314,-81.7172,"C,D",2063490.052,LIGHTSTONE GENERATION LLC,1.0,2063490.052
1000666,Waters River,MA,PEABODY,Essex,42.5428,-70.9236,"C,D",,Waters River (NO_PARENT_RECORD),1.0,
1000698,Watson Electric Generating Plant,MS,GULFPORT,Harrison,30.4408,-89.0265,"C,D",1839378.232,THE SOUTHERN CO,1.0,1839378.232
1001522,Waukegan,IL,WAUKEGAN,Lake,42.3833,-87.8133,"C,D",1597.474,NRG ENERGY INC,1.0,1597.474
1000314,"Wellhead Power Gates, LLC",CA,HURON,Fresno,36.1522,-120.1481,D,,"Wellhead Power Gates, LLC (NO_PARENT_RECORD)",1.0,
1000375,Welsh Power Plant,TX,PITTSBURG,Titus,33.0583,-94.844,D,3997736.902,AMERICAN ELECTRIC POWER CO INC,1.0,3997736.902
1000738,Werner,NJ,SOUTH AMBOY,Middlesex,40.4906,-74.2814,"C,D",,Werner (NO_PARENT_RECORD),1.0,
1000772,West Babylon Facility,NY,WEST BABYLON,Suffolk,40.6953,-73.3497,D,,West Babylon Facility (NO_PARENT_RECORD),1.0,
1000249,West Campus Cogeneration Facility,WI,MADISON,Dane,43.0751,-89.4251,"C,D",211763.908,MGE ENERGY INC,1.0,211763.908
1007171,West County Energy Center,FL,LOXAHATCHEE,Palm Beach,26.6986,-80.3747,"C,D",7147923.976,NEXTERA ENERGY INC,1.0,7147923.976
1011543,West Deptford Energy Station,NJ,West Deptford,GLOUCESTER COUNTY,39.83731,-75.22458,"C,D",883639.976,"LS Power Development, LLC",1.0,883639.976
1001180,West Gardner Generating Station,KS,JOHNSON,Johnson,38.7878,-94.985,D,168206.876,EVERGY INC,1.0,168206.876
1000109,West Lorain,OH,LORAIN,Lorain,41.4297,-82.2633,"C,D",717758.224,EDGEWATER GENERATION HOLDINGS LLC,1.0,717758.224
1000985,West Marinette,WI,Marinette,Marinette,45.0869,-87.6881,"C,D",136222.244,WEC Energy Group Inc,1.0,136222.244
1000663,West Springfield,MA,WEST SPRINGFIELD,Hampden,42.0956,-72.5958,"C,D",,West Springfield (NO_PARENT_RECORD),1.0,
1001065,West Station,NJ,VINELAND,Cumberland,39.4903,-75.0486,"C,D",,West Station (NO_PARENT_RECORD),1.0,
1000117,"West Valley Power, LLC",UT,WEST VALLEY CITY,Salt Lake,40.6663,-112.031,D,464388.08,UTAH MUNICIPAL POWER AGENCY (INC),1.0,464388.08
1001404,Westbrook Energy Center,ME,WESTBROOK,Cumberland,43.6576,-70.3772,"C,D",871059.172,CPN MANAGEMENT LP,1.0,871059.172
1008459,Westlake US 2 LLC,LA,WESTLAKE,CALCASIEU PARISH,30.221,-93.2826,"C,D,X",2689617.184,WESTLAKE CORP,1.0,2689617.184
1000986,Weston,WI,Kronenwetter,Marathon,44.8606,-89.6553,"C,D",3030740.21,WEC Energy Group Inc,0.76,2303362.5596
1000986,Weston,WI,Kronenwetter,Marathon,44.8606,-89.6553,"C,D",3030740.21,Dairyland Power Cooperative,0.24,727377.6503999999
1000646,Westport,MD,BALTIMORE,Baltimore,39.2719,-76.6186,D,,Westport (NO_PARENT_RECORD),1.0,
1001371,Wheatland Generating Facility LLC,IN,WHEATLAND,Knox,38.6716,-87.2931,"C,D",64437.212,DUKE ENERGY CORP,1.0,64437.212
1006714,Wheelabrator - Frackville,PA,FRACKVILLE,Schuylkill,40.7817,-76.1781,D,,Wheelabrator - Frackville (NO_PARENT_RECORD),1.0,
1001002,White Bluff,AR,REDFIELD,Jefferson,34.4236,-92.1392,"C,D",3979106.036,CITY OF WEST MEMPHIS ARKANSAS,0.01,39791.060359999996
1001002,White Bluff,AR,REDFIELD,Jefferson,34.4236,-92.1392,"C,D",3979106.036,ARKANSAS ELECTRIC COOPERATIVE CORP,0.35,1392687.1125999999
1001002,White Bluff,AR,REDFIELD,Jefferson,34.4236,-92.1392,"C,D",3979106.036,ENTERGY CORP,0.57,2268090.4405199997
1001002,White Bluff,AR,REDFIELD,Jefferson,34.4236,-92.1392,"C,D",3979106.036,CITY WATER & LIGHT PLANT OF THE CITY OF JONESBORO ARKANSAS,0.05,198955.30180000002
1001002,White Bluff,AR,REDFIELD,Jefferson,34.4236,-92.1392,"C,D",3979106.036,CONWAY CORP,0.02,79582.12071999999
1001292,Whitewater Generating Station,WI,WHITEWATER,Jefferson,42.8543,-88.7297,"C,D",285126.636,WEC ENERGY GROUP INC,1.0,285126.636
1005667,Whitewater Valley,IN,RICHMOND,Wayne,39.8028,-84.8953,D,24858.318,INDIANA MUNICIPAL POWER AGENCY,1.0,24858.318
1001415,Widows Creek,AL,STEVENSON,Jackson,34.8825,-85.7547,"C,D",,Widows Creek (NO_PARENT_RECORD),1.0,
1013046,Wildcat Point Generation Facility,MD,Conowingo,CECIL COUNTY,39.718075,-76.165117,"C,D",1652500.028,OLD DOMINION ELECTRIC COOPERATIVE,1.0,1652500.028
1000936,Wilkes Power Plant,TX,AVINGER,Marion,32.8486,-94.5469,D,666061.932,AMERICAN ELECTRIC POWER CO INC,1.0,666061.932
1001523,Will County,IL,ROMEOVILLE,Will,41.6334,-88.0626,"C,D",,Will County (NO_PARENT_RECORD),1.0,
1005923,William C. Dale,KY,WINCHESTER,Clark,37.8807,-84.2634,D,,William C. Dale (NO_PARENT_RECORD),1.0,
1001615,William F Wyman,ME,YARMOUTH,Cumberland,43.75,-70.1569,"C,D",52726.078,NEXTERA ENERGY INC,1.0,52726.078
1000912,Williams,SC,GOOSE CREEK,Berkeley,33.0163,-79.9285,"C,D,W-LNGSTG",2024627.708,DOMINION ENERGY INC,1.0,2024627.708
1007294,Willow Glen,LA,ST. GABRIEL,Iberville,30.2743,-91.1164,"C,D",,Willow Glen (NO_PARENT_RECORD),1.0,
1007843,Willow Island Power Station,WV,WILLOW ISLAND,Pleasants,39.3672,-81.3006,"C,D",,Willow Island Power Station (NO_PARENT_RECORD),1.0,
1000542,Winchester Power Park,TX,WINCHESTER,Fayette,30.0253,-96.9945,D,45697.432,LOWER COLORADO RIVER AUTHORITY,1.0,45697.432
1008028,Winyah,SC,GEORGETOWN,Georgetown,33.3303,-79.3611,D,2904224.646,SOUTH CAROLINA PUBLIC SERVICE AUTHORITY,1.0,2904224.646
1000098,"Wise County Power Company, LLC",TX,POOLVILLE,Wise,33.0583,-97.9103,D,1279094.96,Vistra Corp,1.0,1279094.96
1001401,Wolf Hills Energy,VA,BRISTOL,Washington,36.6644,-82.1044,D,45720.376,MIDDLE RIVER POWER LLC,1.0,45720.376
1001334,"Wolf Hollow I, LP",TX,GRANBURY,Hood,32.3347,-97.7344,"C,D",1263546.968,TEXGEN POWER LLC,1.0,1263546.968
1013006,Wolf Hollow II,TX,Granbury,HOOD COUNTY,32.33793,-97.736735,"C,D",2585989.216,CONSTELLATION ENERGY CORP,1.0,2585989.216
1000280,Wolfskill Energy Center,CA,FAIRFIELD,Solano,38.2282,-122.076,D,,Wolfskill Energy Center (NO_PARENT_RECORD),1.0,
1001527,Wood River Power Station,IL,ALTON,Madison,38.8639,-90.1325,D,,Wood River Power Station (NO_PARENT_RECORD),1.0,
1012054,Woodbridge Energy Center,NJ,Keasbey,MIDDLESEX COUNTY,40.51039,-74.33105,"C,D",1441687.328,JOHN HANCOCK MANULIFE,0.11220000000000001,161757.31820160002
1012054,Woodbridge Energy Center,NJ,Keasbey,MIDDLESEX COUNTY,40.51039,-74.33105,"C,D",1441687.328,TOYOTA TSUSHO POWER USA INC,0.3125,450527.29
1012054,Woodbridge Energy Center,NJ,Keasbey,MIDDLESEX COUNTY,40.51039,-74.33105,"C,D",1441687.328,OSAKA GAS USA CORP,0.2,288337.4656
1012054,Woodbridge Energy Center,NJ,Keasbey,MIDDLESEX COUNTY,40.51039,-74.33105,"C,D",1441687.328,CPV POWER HOLDINGS LP,0.3753,541065.2541984001
1001107,Woodland Generation Station,CA,MODESTO,Stanislaus,37.6528,-121.0172,"C,D",148315.548,MODESTO IRRIGATION DISTRICT INC,1.0,148315.548
1001085,Woodsdale,OH,TRENTON,Butler,39.4492,-84.4611,D,182344.768,DUKE ENERGY CORP,1.0,182344.768
1001337,Worthington Generation,IN,WORTHINGTON,Greene,39.0717,-87.0128,"C,D",35760.968,HOOSIER ENERGY REC INC,1.0,35760.968
1000050,Wygen I,WY,GILLETTE,Campbell,44.2862,-105.3843,D,799204.982,BLACK HILLS CORP,0.765,611391.81123
1000050,Wygen I,WY,GILLETTE,Campbell,44.2862,-105.3843,D,799204.982,MUNICIPAL ENERGY AGENCY OF NEBRASKA INC,0.235,187813.17076999997
1000465,Wygen II,WY,GILLETTE,Campbell,44.2911,-105.3815,D,810956.74,BLACK HILLS CORP,1.0,810956.74
1000528,Wygen III,WY,GILLETTE,Campbell,44.2892,-105.3795,D,874717.462,MDU RESOURCES GROUP INC,0.25,218679.3655
1000528,Wygen III,WY,GILLETTE,Campbell,44.2892,-105.3795,D,874717.462,CONSOLIDATED WY MUNICIPALITIES ELECTRIC POWER SYSTEM,0.23,201185.01626000003
1000528,Wygen III,WY,GILLETTE,Campbell,44.2892,-105.3795,D,874717.462,BLACK HILLS CORP,0.52,454853.08024000004
1001028,Wyodak,WY,GILLETTE,Campbell,44.2886,-105.3847,"C,D",2233043.048,BLACK HILLS CORP,0.2,446608.6096
1001028,Wyodak,WY,GILLETTE,Campbell,44.2886,-105.3847,"C,D",2233043.048,BERKSHIRE HATHAWAY INC,0.8,1786434.4384
1009168,YUMA COGENERATION ASSOCIATES,AZ,YUMA,YUMA COUNTY,32.72791,-114.65371,"C,D",81102.8,BERKSHIRE HATHAWAY INC,0.92,74614.576
1009168,YUMA COGENERATION ASSOCIATES,AZ,YUMA,YUMA COUNTY,32.72791,-114.65371,"C,D",81102.8,FAMILY & ESTATE OF WALTER SCOTT JR,0.08,6488.224
1001511,Yates,GA,NEWNAN,Coweta,33.4622,-84.8986,"C,D",1306893.408,THE SOUTHERN CO,1.0,1306893.408
1000071,York Energy Center,PA,Delta,York,39.738,-76.3072,"C,D",3566412.528,CPN MANAGEMENT LP,1.0,3566412.528
1001205,Yorktown Power Station,VA,YORKTOWN,York,37.2144,-76.4611,"C,D",1732.99,DOMINION ENERGY INC,1.0,1732.99
1000123,Yuba City Energy Center,CA,YUBA CITY,Sutter,39.1365,-121.6397,D,28671.744,CPN MANAGEMENT LP,1.0,28671.744
1001424,Yucca Power Plant,AZ,YUMA,Yuma,32.7214,-114.7097,"C,D",149196.086,IMPERIAL IRRIGATION DISTRICT,0.29,43266.86494
1001424,Yucca Power Plant,AZ,YUMA,Yuma,32.7214,-114.7097,"C,D",149196.086,PINNACLE WEST CAPITAL CORP,0.71,105929.22106
1001308,Zeeland Generating Station,MI,ZEELAND,Ottawa,42.82,-85.9988,"C,D",2181723.516,CMS ENERGY CORP,1.0,2181723.516
1000805,Zion Energy Center,IL,ZION,Lake,42.4776,-87.895,"C,D",189104.536,CPN MANAGEMENT LP,1.0,189104.536
1001464,Zuni,CO,DENVER,Denver,39.7369,-105.0169,D,,Zuni (NO_PARENT_RECORD),1.0,
